brief_id,model,language,node1_pass,node1_score,node1_short_circuit,node2_pass,node2_score,node2_skipped,node3_pass,node3_score,node3_skipped,node4_pass,node4_score,node4_skipped,node4_skipped_reason,node4_clcg_interpretable,node5_pass,node5_score,compliance_score,failure_diagnosis
MB001,sd15,de,False,0.0,True,False,0.0,False,False,0.0,False,,0.0,True,sd15_architectural,False,True,0.5983,0.0598,[MB001] NON-COMPLIANT — Node1: required objects absent; (informational only — flat pipeline: Nodes 2-5 still executed); Node2: spatial constraints not satisfied; Node3: colour attributes not satisfied; Node4: SD v1.5 architectural limitation — text rendering unreliable (Phase 1C accuracy=0.1667); scored as 0.0
MB001,flux,de,True,1.0,False,False,0.0,False,True,1.0,False,False,0.0,False,,True,True,0.6181,0.5618,[MB001] NON-COMPLIANT — Node2: spatial constraints not satisfied; Node4: required text not legibly rendered
MB002,sd15,de,False,0.0,True,False,0.0,False,False,0.0,False,,0.0,True,sd15_architectural,False,True,0.5966,0.0597,[MB002] NON-COMPLIANT — Node1: required objects absent; (informational only — flat pipeline: Nodes 2-5 still executed); Node2: spatial constraints not satisfied; Node3: colour attributes not satisfied; Node4: SD v1.5 architectural limitation — text rendering unreliable (Phase 1C accuracy=0.1667); scored as 0.0
MB002,flux,de,True,1.0,False,True,1.0,False,False,0.5,False,False,0.0,False,,True,True,0.6136,0.6614,[MB002] NON-COMPLIANT — Node3: colour attributes not satisfied; Node4: required text not legibly rendered
MB003,sd15,de,False,0.0,True,False,0.0,False,False,0.0,False,,0.0,True,sd15_architectural,False,True,0.5801,0.058,[MB003] NON-COMPLIANT — Node1: required objects absent; (informational only — flat pipeline: Nodes 2-5 still executed); Node2: spatial constraints not satisfied; Node3: colour attributes not satisfied; Node4: SD v1.5 architectural limitation — text rendering unreliable (Phase 1C accuracy=0.1667); scored as 0.0
MB003,flux,de,True,1.0,False,False,0.0,False,True,1.0,False,True,1.0,False,,True,True,0.6169,0.7617,[MB003] NON-COMPLIANT — Node2: spatial constraints not satisfied
MB004,sd15,de,False,0.5,True,False,0.0,False,False,0.0,False,,0.0,True,sd15_architectural,False,True,0.5897,0.209,[MB004] NON-COMPLIANT — Node1: required objects absent; (informational only — flat pipeline: Nodes 2-5 still executed); Node2: spatial constraints not satisfied; Node3: colour attributes not satisfied; Node4: SD v1.5 architectural limitation — text rendering unreliable (Phase 1C accuracy=0.1667); scored as 0.0
MB004,flux,de,False,0.5,True,False,0.0,False,False,0.5,False,True,1.0,False,,True,True,0.615,0.5115,[MB004] NON-COMPLIANT — Node1: required objects absent; (informational only — flat pipeline: Nodes 2-5 still executed); Node2: spatial constraints not satisfied; Node3: colour attributes not satisfied
MB005,sd15,de,True,1.0,False,True,1.0,False,False,0.5,False,,0.0,True,sd15_architectural,False,True,0.604,0.6604,[MB005] NON-COMPLIANT — Node3: colour attributes not satisfied; Node4: SD v1.5 architectural limitation — text rendering unreliable (Phase 1C accuracy=0.1667); scored as 0.0
MB005,flux,de,True,1.0,False,False,0.0,False,True,1.0,False,False,0.1667,False,,True,True,0.6221,0.5956,[MB005] NON-COMPLIANT — Node2: spatial constraints not satisfied; Node4: required text not legibly rendered
MB006,sd15,de,False,0.5,True,False,0.0,False,False,0.5,False,,0.0,True,sd15_architectural,False,True,0.6034,0.3103,[MB006] NON-COMPLIANT — Node1: required objects absent; (informational only — flat pipeline: Nodes 2-5 still executed); Node2: spatial constraints not satisfied; Node3: colour attributes not satisfied; Node4: SD v1.5 architectural limitation — text rendering unreliable (Phase 1C accuracy=0.1667); scored as 0.0
MB006,flux,de,False,0.5,True,False,0.0,False,False,0.5,False,False,0.2222,False,,True,True,0.6149,0.3559,[MB006] NON-COMPLIANT — Node1: required objects absent; (informational only — flat pipeline: Nodes 2-5 still executed); Node2: spatial constraints not satisfied; Node3: colour attributes not satisfied; Node4: required text not legibly rendered
MB007,sd15,de,False,0.5,True,False,0.0,False,False,0.0,False,,0.0,True,sd15_architectural,False,True,0.5992,0.2099,[MB007] NON-COMPLIANT — Node1: required objects absent; (informational only — flat pipeline: Nodes 2-5 still executed); Node2: spatial constraints not satisfied; Node3: colour attributes not satisfied; Node4: SD v1.5 architectural limitation — text rendering unreliable (Phase 1C accuracy=0.1667); scored as 0.0
MB007,flux,de,True,1.0,False,True,1.0,False,True,1.0,False,True,0.5455,False,,True,True,0.6219,0.8713,[MB007] COMPLIANT — all constraints satisfied
MB008,sd15,de,False,0.5,True,False,0.0,False,False,0.0,False,,0.0,True,sd15_architectural,False,True,0.5869,0.2087,[MB008] NON-COMPLIANT — Node1: required objects absent; (informational only — flat pipeline: Nodes 2-5 still executed); Node2: spatial constraints not satisfied; Node3: colour attributes not satisfied; Node4: SD v1.5 architectural limitation — text rendering unreliable (Phase 1C accuracy=0.1667); scored as 0.0
MB008,flux,de,True,1.0,False,True,1.0,False,False,0.5,False,True,0.5,False,,True,True,0.5999,0.76,[MB008] NON-COMPLIANT — Node3: colour attributes not satisfied
MB009,sd15,de,False,0.5,True,True,1.0,False,False,0.5,False,,0.0,True,sd15_architectural,False,True,0.6013,0.5101,[MB009] NON-COMPLIANT — Node1: required objects absent; (informational only — flat pipeline: Nodes 2-5 still executed); Node3: colour attributes not satisfied; Node4: SD v1.5 architectural limitation — text rendering unreliable (Phase 1C accuracy=0.1667); scored as 0.0
MB009,flux,de,True,1.0,False,False,0.0,False,True,1.0,False,False,0.0,False,,True,True,0.6173,0.5617,[MB009] NON-COMPLIANT — Node2: spatial constraints not satisfied; Node4: required text not legibly rendered
MB010,sd15,de,False,0.5,True,False,0.0,False,False,0.5,False,,0.0,True,sd15_architectural,False,True,0.5951,0.3095,[MB010] NON-COMPLIANT — Node1: required objects absent; (informational only — flat pipeline: Nodes 2-5 still executed); Node2: spatial constraints not satisfied; Node3: colour attributes not satisfied; Node4: SD v1.5 architectural limitation — text rendering unreliable (Phase 1C accuracy=0.1667); scored as 0.0
MB010,flux,de,True,1.0,False,True,1.0,False,False,0.0,False,True,1.0,False,,True,True,0.61,0.761,[MB010] NON-COMPLIANT — Node3: colour attributes not satisfied
MB011,sd15,de,True,1.0,False,True,1.0,False,False,0.5,False,,0.0,True,sd15_architectural,False,True,0.6003,0.66,[MB011] NON-COMPLIANT — Node3: colour attributes not satisfied; Node4: SD v1.5 architectural limitation — text rendering unreliable (Phase 1C accuracy=0.1667); scored as 0.0
MB011,flux,de,True,1.0,False,True,1.0,False,False,0.5,False,True,1.0,False,,True,True,0.6242,0.8624,[MB011] NON-COMPLIANT — Node3: colour attributes not satisfied
MB012,sd15,de,True,1.0,False,False,0.0,False,True,1.0,False,,0.0,True,sd15_architectural,False,True,0.5963,0.5596,[MB012] NON-COMPLIANT — Node2: spatial constraints not satisfied; Node4: SD v1.5 architectural limitation — text rendering unreliable (Phase 1C accuracy=0.1667); scored as 0.0
MB012,flux,de,True,1.0,False,True,1.0,False,True,1.0,False,True,1.0,False,,True,True,0.6221,0.9622,[MB012] COMPLIANT — all constraints satisfied
MB013,sd15,de,False,0.5,True,False,0.0,False,False,0.5,False,,0.0,True,sd15_architectural,False,True,0.5901,0.309,[MB013] NON-COMPLIANT — Node1: required objects absent; (informational only — flat pipeline: Nodes 2-5 still executed); Node2: spatial constraints not satisfied; Node3: colour attributes not satisfied; Node4: SD v1.5 architectural limitation — text rendering unreliable (Phase 1C accuracy=0.1667); scored as 0.0
MB013,flux,de,True,1.0,False,False,0.0,False,True,1.0,False,True,1.0,False,,True,True,0.6246,0.7625,[MB013] NON-COMPLIANT — Node2: spatial constraints not satisfied
MB014,sd15,de,False,0.5,True,False,0.0,False,False,0.0,False,,0.0,True,sd15_architectural,False,True,0.6081,0.2108,[MB014] NON-COMPLIANT — Node1: required objects absent; (informational only — flat pipeline: Nodes 2-5 still executed); Node2: spatial constraints not satisfied; Node3: colour attributes not satisfied; Node4: SD v1.5 architectural limitation — text rendering unreliable (Phase 1C accuracy=0.1667); scored as 0.0
MB014,flux,de,True,1.0,False,False,0.0,False,False,0.5,False,True,1.0,False,,True,True,0.6293,0.6629,[MB014] NON-COMPLIANT — Node2: spatial constraints not satisfied; Node3: colour attributes not satisfied
MB015,sd15,de,False,0.5,True,False,0.0,False,True,1.0,False,,0.0,True,sd15_architectural,False,True,0.59,0.409,[MB015] NON-COMPLIANT — Node1: required objects absent; (informational only — flat pipeline: Nodes 2-5 still executed); Node2: spatial constraints not satisfied; Node4: SD v1.5 architectural limitation — text rendering unreliable (Phase 1C accuracy=0.1667); scored as 0.0
MB015,flux,de,True,1.0,False,True,1.0,False,True,1.0,False,True,0.9091,False,,True,True,0.6188,0.9437,[MB015] COMPLIANT — all constraints satisfied
MB016,sd15,de,True,1.0,False,False,0.0,False,False,0.5,False,,0.0,True,sd15_architectural,False,True,0.5992,0.4599,[MB016] NON-COMPLIANT — Node2: spatial constraints not satisfied; Node3: colour attributes not satisfied; Node4: SD v1.5 architectural limitation — text rendering unreliable (Phase 1C accuracy=0.1667); scored as 0.0
MB016,flux,de,True,1.0,False,True,1.0,False,True,1.0,False,True,1.0,False,,True,True,0.6158,0.9616,[MB016] COMPLIANT — all constraints satisfied
MB017,sd15,de,False,0.0,True,False,0.0,False,False,0.0,False,,0.0,True,sd15_architectural,False,True,0.5901,0.059,[MB017] NON-COMPLIANT — Node1: required objects absent; (informational only — flat pipeline: Nodes 2-5 still executed); Node2: spatial constraints not satisfied; Node3: colour attributes not satisfied; Node4: SD v1.5 architectural limitation — text rendering unreliable (Phase 1C accuracy=0.1667); scored as 0.0
MB017,flux,de,False,0.5,True,True,1.0,False,True,1.0,False,True,1.0,False,,True,True,0.6177,0.8118,[MB017] NON-COMPLIANT — Node1: required objects absent; (informational only — flat pipeline: Nodes 2-5 still executed)
MB018,sd15,de,False,0.5,True,True,1.0,False,False,0.0,False,,0.0,True,sd15_architectural,False,True,0.5944,0.4094,[MB018] NON-COMPLIANT — Node1: required objects absent; (informational only — flat pipeline: Nodes 2-5 still executed); Node3: colour attributes not satisfied; Node4: SD v1.5 architectural limitation — text rendering unreliable (Phase 1C accuracy=0.1667); scored as 0.0
MB018,flux,de,False,0.5,True,True,1.0,False,False,0.0,False,True,0.8,False,,True,True,0.606,0.5706,[MB018] NON-COMPLIANT — Node1: required objects absent; (informational only — flat pipeline: Nodes 2-5 still executed); Node3: colour attributes not satisfied
MB019,sd15,de,False,0.5,True,False,0.0,False,False,0.0,False,,0.0,True,sd15_architectural,False,True,0.5942,0.2094,[MB019] NON-COMPLIANT — Node1: required objects absent; (informational only — flat pipeline: Nodes 2-5 still executed); Node2: spatial constraints not satisfied; Node3: colour attributes not satisfied; Node4: SD v1.5 architectural limitation — text rendering unreliable (Phase 1C accuracy=0.1667); scored as 0.0
MB019,flux,de,True,1.0,False,False,0.0,False,True,1.0,False,True,1.0,False,,True,True,0.6144,0.7614,[MB019] NON-COMPLIANT — Node2: spatial constraints not satisfied
MB020,sd15,de,False,0.5,True,False,0.0,False,False,0.5,False,,0.0,True,sd15_architectural,False,True,0.6019,0.3102,[MB020] NON-COMPLIANT — Node1: required objects absent; (informational only — flat pipeline: Nodes 2-5 still executed); Node2: spatial constraints not satisfied; Node3: colour attributes not satisfied; Node4: SD v1.5 architectural limitation — text rendering unreliable (Phase 1C accuracy=0.1667); scored as 0.0
MB020,flux,de,False,0.5,True,False,0.0,False,True,1.0,False,True,1.0,False,,True,True,0.623,0.6123,[MB020] NON-COMPLIANT — Node1: required objects absent; (informational only — flat pipeline: Nodes 2-5 still executed); Node2: spatial constraints not satisfied
MB021,sd15,de,False,0.5,True,False,0.0,False,False,0.5,False,,0.0,True,sd15_architectural,False,True,0.5895,0.309,[MB021] NON-COMPLIANT — Node1: required objects absent; (informational only — flat pipeline: Nodes 2-5 still executed); Node2: spatial constraints not satisfied; Node3: colour attributes not satisfied; Node4: SD v1.5 architectural limitation — text rendering unreliable (Phase 1C accuracy=0.1667); scored as 0.0
MB021,flux,de,True,1.0,False,False,0.0,False,True,1.0,False,True,1.0,False,,True,True,0.6204,0.762,[MB021] NON-COMPLIANT — Node2: spatial constraints not satisfied
MB022,sd15,de,False,0.0,True,False,0.0,False,False,0.0,False,,0.0,True,sd15_architectural,False,True,0.5883,0.0588,[MB022] NON-COMPLIANT — Node1: required objects absent; (informational only — flat pipeline: Nodes 2-5 still executed); Node2: spatial constraints not satisfied; Node3: colour attributes not satisfied; Node4: SD v1.5 architectural limitation — text rendering unreliable (Phase 1C accuracy=0.1667); scored as 0.0
MB022,flux,de,True,1.0,False,True,1.0,False,True,1.0,False,True,0.8,False,,True,True,0.6184,0.9218,[MB022] COMPLIANT — all constraints satisfied
MB023,sd15,de,False,0.0,True,False,0.0,False,False,0.5,False,,0.0,True,sd15_architectural,False,True,0.5959,0.1596,[MB023] NON-COMPLIANT — Node1: required objects absent; (informational only — flat pipeline: Nodes 2-5 still executed); Node2: spatial constraints not satisfied; Node3: colour attributes not satisfied; Node4: SD v1.5 architectural limitation — text rendering unreliable (Phase 1C accuracy=0.1667); scored as 0.0
MB023,flux,de,True,1.0,False,True,1.0,False,True,1.0,False,True,1.0,False,,True,True,0.626,0.9626,[MB023] COMPLIANT — all constraints satisfied
MB024,sd15,de,False,0.5,True,False,0.0,False,False,0.0,False,,0.0,True,sd15_architectural,False,True,0.6008,0.2101,[MB024] NON-COMPLIANT — Node1: required objects absent; (informational only — flat pipeline: Nodes 2-5 still executed); Node2: spatial constraints not satisfied; Node3: colour attributes not satisfied; Node4: SD v1.5 architectural limitation — text rendering unreliable (Phase 1C accuracy=0.1667); scored as 0.0
MB024,flux,de,False,0.5,True,False,0.0,False,False,0.5,False,False,0.0,False,,True,True,0.6219,0.3122,[MB024] NON-COMPLIANT — Node1: required objects absent; (informational only — flat pipeline: Nodes 2-5 still executed); Node2: spatial constraints not satisfied; Node3: colour attributes not satisfied; Node4: required text not legibly rendered
MB025,sd15,de,False,0.0,True,False,0.0,False,False,0.0,False,,0.0,True,sd15_architectural,False,True,0.6002,0.06,[MB025] NON-COMPLIANT — Node1: required objects absent; (informational only — flat pipeline: Nodes 2-5 still executed); Node2: spatial constraints not satisfied; Node3: colour attributes not satisfied; Node4: SD v1.5 architectural limitation — text rendering unreliable (Phase 1C accuracy=0.1667); scored as 0.0
MB025,flux,de,False,0.5,True,False,0.0,False,False,0.5,False,False,0.3333,False,,True,True,0.6139,0.378,[MB025] NON-COMPLIANT — Node1: required objects absent; (informational only — flat pipeline: Nodes 2-5 still executed); Node2: spatial constraints not satisfied; Node3: colour attributes not satisfied; Node4: required text not legibly rendered
MB026,sd15,de,False,0.5,True,True,1.0,False,False,0.5,False,,0.0,True,sd15_architectural,False,True,0.5944,0.5094,[MB026] NON-COMPLIANT — Node1: required objects absent; (informational only — flat pipeline: Nodes 2-5 still executed); Node3: colour attributes not satisfied; Node4: SD v1.5 architectural limitation — text rendering unreliable (Phase 1C accuracy=0.1667); scored as 0.0
MB026,flux,de,True,1.0,False,True,1.0,False,False,0.5,False,True,0.9091,False,,True,True,0.6165,0.8435,[MB026] NON-COMPLIANT — Node3: colour attributes not satisfied
MB027,sd15,de,False,0.0,True,False,0.0,False,False,0.0,False,,0.0,True,sd15_architectural,False,True,0.5938,0.0594,[MB027] NON-COMPLIANT — Node1: required objects absent; (informational only — flat pipeline: Nodes 2-5 still executed); Node2: spatial constraints not satisfied; Node3: colour attributes not satisfied; Node4: SD v1.5 architectural limitation — text rendering unreliable (Phase 1C accuracy=0.1667); scored as 0.0
MB027,flux,de,True,1.0,False,False,0.0,False,True,1.0,False,True,1.0,False,,True,True,0.6203,0.762,[MB027] NON-COMPLIANT — Node2: spatial constraints not satisfied
MB028,sd15,de,False,0.0,True,True,1.0,False,False,0.5,False,,0.0,True,sd15_architectural,False,True,0.5985,0.3599,[MB028] NON-COMPLIANT — Node1: required objects absent; (informational only — flat pipeline: Nodes 2-5 still executed); Node3: colour attributes not satisfied; Node4: SD v1.5 architectural limitation — text rendering unreliable (Phase 1C accuracy=0.1667); scored as 0.0
MB028,flux,de,False,0.5,True,True,1.0,False,False,0.5,False,True,1.0,False,,True,True,0.622,0.7122,[MB028] NON-COMPLIANT — Node1: required objects absent; (informational only — flat pipeline: Nodes 2-5 still executed); Node3: colour attributes not satisfied
MB029,sd15,de,True,1.0,False,True,1.0,False,False,0.5,False,,0.0,True,sd15_architectural,False,True,0.6006,0.6601,[MB029] NON-COMPLIANT — Node3: colour attributes not satisfied; Node4: SD v1.5 architectural limitation — text rendering unreliable (Phase 1C accuracy=0.1667); scored as 0.0
MB029,flux,de,False,0.5,True,False,0.0,False,False,0.5,False,False,0.2857,False,,True,True,0.6111,0.3683,[MB029] NON-COMPLIANT — Node1: required objects absent; (informational only — flat pipeline: Nodes 2-5 still executed); Node2: spatial constraints not satisfied; Node3: colour attributes not satisfied; Node4: required text not legibly rendered
MB030,sd15,de,True,1.0,False,True,1.0,False,False,0.0,False,,0.0,True,sd15_architectural,False,True,0.5955,0.5595,[MB030] NON-COMPLIANT — Node3: colour attributes not satisfied; Node4: SD v1.5 architectural limitation — text rendering unreliable (Phase 1C accuracy=0.1667); scored as 0.0
MB030,flux,de,True,1.0,False,False,0.0,False,True,1.0,False,False,0.0,False,,True,True,0.6196,0.562,[MB030] NON-COMPLIANT — Node2: spatial constraints not satisfied; Node4: required text not legibly rendered
MB031,sd15,de,False,0.5,True,False,0.0,False,False,0.0,False,,0.0,True,sd15_architectural,False,True,0.6081,0.2108,[MB031] NON-COMPLIANT — Node1: required objects absent; (informational only — flat pipeline: Nodes 2-5 still executed); Node2: spatial constraints not satisfied; Node3: colour attributes not satisfied; Node4: SD v1.5 architectural limitation — text rendering unreliable (Phase 1C accuracy=0.1667); scored as 0.0
MB031,flux,de,False,0.5,True,False,0.0,False,False,0.5,False,False,0.0,False,,True,True,0.6047,0.3105,[MB031] NON-COMPLIANT — Node1: required objects absent; (informational only — flat pipeline: Nodes 2-5 still executed); Node2: spatial constraints not satisfied; Node3: colour attributes not satisfied; Node4: required text not legibly rendered
MB032,sd15,de,False,0.5,True,False,0.0,False,False,0.0,False,,0.0,True,sd15_architectural,False,True,0.5994,0.2099,[MB032] NON-COMPLIANT — Node1: required objects absent; (informational only — flat pipeline: Nodes 2-5 still executed); Node2: spatial constraints not satisfied; Node3: colour attributes not satisfied; Node4: SD v1.5 architectural limitation — text rendering unreliable (Phase 1C accuracy=0.1667); scored as 0.0
MB032,flux,de,True,1.0,False,True,1.0,False,True,1.0,False,True,1.0,False,,True,True,0.6091,0.9609,[MB032] COMPLIANT — all constraints satisfied
MB033,sd15,de,False,0.0,True,False,0.0,False,False,0.5,False,,0.0,True,sd15_architectural,False,True,0.5829,0.1583,[MB033] NON-COMPLIANT — Node1: required objects absent; (informational only — flat pipeline: Nodes 2-5 still executed); Node2: spatial constraints not satisfied; Node3: colour attributes not satisfied; Node4: SD v1.5 architectural limitation — text rendering unreliable (Phase 1C accuracy=0.1667); scored as 0.0
MB033,flux,de,False,0.5,True,False,0.0,False,False,0.0,False,True,0.6667,False,,True,True,0.6031,0.3437,[MB033] NON-COMPLIANT — Node1: required objects absent; (informational only — flat pipeline: Nodes 2-5 still executed); Node2: spatial constraints not satisfied; Node3: colour attributes not satisfied
MB034,sd15,de,False,0.0,True,False,0.0,False,False,0.0,False,,0.0,True,sd15_architectural,False,True,0.595,0.0595,[MB034] NON-COMPLIANT — Node1: required objects absent; (informational only — flat pipeline: Nodes 2-5 still executed); Node2: spatial constraints not satisfied; Node3: colour attributes not satisfied; Node4: SD v1.5 architectural limitation — text rendering unreliable (Phase 1C accuracy=0.1667); scored as 0.0
MB034,flux,de,False,0.5,True,True,1.0,False,False,0.5,False,True,1.0,False,,True,True,0.6085,0.7108,[MB034] NON-COMPLIANT — Node1: required objects absent; (informational only — flat pipeline: Nodes 2-5 still executed); Node3: colour attributes not satisfied
MB035,sd15,de,False,0.5,True,False,0.0,False,True,1.0,False,,0.0,True,sd15_architectural,False,True,0.5935,0.4093,[MB035] NON-COMPLIANT — Node1: required objects absent; (informational only — flat pipeline: Nodes 2-5 still executed); Node2: spatial constraints not satisfied; Node4: SD v1.5 architectural limitation — text rendering unreliable (Phase 1C accuracy=0.1667); scored as 0.0
MB035,flux,de,True,1.0,False,False,0.0,False,True,1.0,False,True,1.0,False,,True,True,0.6172,0.7617,[MB035] NON-COMPLIANT — Node2: spatial constraints not satisfied
MB036,sd15,de,False,0.5,True,False,0.0,False,False,0.5,False,,0.0,True,sd15_architectural,False,True,0.59,0.309,[MB036] NON-COMPLIANT — Node1: required objects absent; (informational only — flat pipeline: Nodes 2-5 still executed); Node2: spatial constraints not satisfied; Node3: colour attributes not satisfied; Node4: SD v1.5 architectural limitation — text rendering unreliable (Phase 1C accuracy=0.1667); scored as 0.0
MB036,flux,de,False,0.5,True,False,0.0,False,False,0.0,False,True,0.8,False,,True,True,0.6122,0.3712,[MB036] NON-COMPLIANT — Node1: required objects absent; (informational only — flat pipeline: Nodes 2-5 still executed); Node2: spatial constraints not satisfied; Node3: colour attributes not satisfied
MB037,sd15,de,False,0.0,True,False,0.0,False,False,0.5,False,,0.0,True,sd15_architectural,False,True,0.594,0.1594,[MB037] NON-COMPLIANT — Node1: required objects absent; (informational only — flat pipeline: Nodes 2-5 still executed); Node2: spatial constraints not satisfied; Node3: colour attributes not satisfied; Node4: SD v1.5 architectural limitation — text rendering unreliable (Phase 1C accuracy=0.1667); scored as 0.0
MB037,flux,de,False,0.0,True,False,0.0,False,False,0.5,False,False,0.0,False,,True,True,0.6037,0.1604,[MB037] NON-COMPLIANT — Node1: required objects absent; (informational only — flat pipeline: Nodes 2-5 still executed); Node2: spatial constraints not satisfied; Node3: colour attributes not satisfied; Node4: required text not legibly rendered
MB038,sd15,de,True,1.0,False,False,0.0,False,True,1.0,False,,0.0,True,sd15_architectural,False,True,0.602,0.5602,[MB038] NON-COMPLIANT — Node2: spatial constraints not satisfied; Node4: SD v1.5 architectural limitation — text rendering unreliable (Phase 1C accuracy=0.1667); scored as 0.0
MB038,flux,de,False,0.5,True,False,0.0,False,False,0.5,False,False,0.3333,False,,True,True,0.609,0.3776,[MB038] NON-COMPLIANT — Node1: required objects absent; (informational only — flat pipeline: Nodes 2-5 still executed); Node2: spatial constraints not satisfied; Node3: colour attributes not satisfied; Node4: required text not legibly rendered
MB039,sd15,de,True,1.0,False,True,1.0,False,False,0.5,False,,0.0,True,sd15_architectural,False,True,0.6011,0.6601,[MB039] NON-COMPLIANT — Node3: colour attributes not satisfied; Node4: SD v1.5 architectural limitation — text rendering unreliable (Phase 1C accuracy=0.1667); scored as 0.0
MB039,flux,de,False,0.5,True,False,0.0,False,False,0.5,False,True,1.0,False,,True,True,0.6094,0.5109,[MB039] NON-COMPLIANT — Node1: required objects absent; (informational only — flat pipeline: Nodes 2-5 still executed); Node2: spatial constraints not satisfied; Node3: colour attributes not satisfied
MB040,sd15,de,False,0.0,True,False,0.0,False,True,1.0,False,,0.0,True,sd15_architectural,False,True,0.5837,0.2584,[MB040] NON-COMPLIANT — Node1: required objects absent; (informational only — flat pipeline: Nodes 2-5 still executed); Node2: spatial constraints not satisfied; Node4: SD v1.5 architectural limitation — text rendering unreliable (Phase 1C accuracy=0.1667); scored as 0.0
MB040,flux,de,False,0.5,True,False,0.0,False,True,1.0,False,False,0.0,False,,True,True,0.6106,0.4111,[MB040] NON-COMPLIANT — Node1: required objects absent; (informational only — flat pipeline: Nodes 2-5 still executed); Node2: spatial constraints not satisfied; Node4: required text not legibly rendered
MB041,sd15,de,False,0.0,True,False,0.0,False,False,0.0,False,,0.0,True,sd15_architectural,False,True,0.5939,0.0594,[MB041] NON-COMPLIANT — Node1: required objects absent; (informational only — flat pipeline: Nodes 2-5 still executed); Node2: spatial constraints not satisfied; Node3: colour attributes not satisfied; Node4: SD v1.5 architectural limitation — text rendering unreliable (Phase 1C accuracy=0.1667); scored as 0.0
MB041,flux,de,False,0.0,True,False,0.0,False,False,0.0,False,True,1.0,False,,True,True,0.6056,0.2606,[MB041] NON-COMPLIANT — Node1: required objects absent; (informational only — flat pipeline: Nodes 2-5 still executed); Node2: spatial constraints not satisfied; Node3: colour attributes not satisfied
MB042,sd15,de,False,0.0,True,False,0.0,False,False,0.0,False,,0.0,True,sd15_architectural,False,True,0.5932,0.0593,[MB042] NON-COMPLIANT — Node1: required objects absent; (informational only — flat pipeline: Nodes 2-5 still executed); Node2: spatial constraints not satisfied; Node3: colour attributes not satisfied; Node4: SD v1.5 architectural limitation — text rendering unreliable (Phase 1C accuracy=0.1667); scored as 0.0
MB042,flux,de,True,1.0,False,True,1.0,False,True,1.0,False,False,0.0,False,,True,True,0.6193,0.7619,[MB042] NON-COMPLIANT — Node4: required text not legibly rendered
MB043,sd15,de,False,0.5,True,False,0.0,False,False,0.5,False,,0.0,True,sd15_architectural,False,True,0.5988,0.3099,[MB043] NON-COMPLIANT — Node1: required objects absent; (informational only — flat pipeline: Nodes 2-5 still executed); Node2: spatial constraints not satisfied; Node3: colour attributes not satisfied; Node4: SD v1.5 architectural limitation — text rendering unreliable (Phase 1C accuracy=0.1667); scored as 0.0
MB043,flux,de,False,0.5,True,False,0.0,False,False,0.5,False,False,0.2857,False,,True,True,0.6114,0.3683,[MB043] NON-COMPLIANT — Node1: required objects absent; (informational only — flat pipeline: Nodes 2-5 still executed); Node2: spatial constraints not satisfied; Node3: colour attributes not satisfied; Node4: required text not legibly rendered
MB044,sd15,de,False,0.0,True,False,0.0,False,False,0.5,False,,0.0,True,sd15_architectural,False,True,0.5885,0.1589,[MB044] NON-COMPLIANT — Node1: required objects absent; (informational only — flat pipeline: Nodes 2-5 still executed); Node2: spatial constraints not satisfied; Node3: colour attributes not satisfied; Node4: SD v1.5 architectural limitation — text rendering unreliable (Phase 1C accuracy=0.1667); scored as 0.0
MB044,flux,de,False,0.5,True,False,0.0,False,False,0.5,False,False,0.2,False,,True,True,0.604,0.3504,[MB044] NON-COMPLIANT — Node1: required objects absent; (informational only — flat pipeline: Nodes 2-5 still executed); Node2: spatial constraints not satisfied; Node3: colour attributes not satisfied; Node4: required text not legibly rendered
MB045,sd15,de,False,0.5,True,True,1.0,False,False,0.0,False,,0.0,True,sd15_architectural,False,True,0.5988,0.4099,[MB045] NON-COMPLIANT — Node1: required objects absent; (informational only — flat pipeline: Nodes 2-5 still executed); Node3: colour attributes not satisfied; Node4: SD v1.5 architectural limitation — text rendering unreliable (Phase 1C accuracy=0.1667); scored as 0.0
MB045,flux,de,False,0.0,True,False,0.0,False,False,0.0,False,False,0.0,False,,True,True,0.6039,0.0604,[MB045] NON-COMPLIANT — Node1: required objects absent; (informational only — flat pipeline: Nodes 2-5 still executed); Node2: spatial constraints not satisfied; Node3: colour attributes not satisfied; Node4: required text not legibly rendered
MB046,sd15,de,False,0.0,True,False,0.0,False,False,0.5,False,,0.0,True,sd15_architectural,False,True,0.5894,0.1589,[MB046] NON-COMPLIANT — Node1: required objects absent; (informational only — flat pipeline: Nodes 2-5 still executed); Node2: spatial constraints not satisfied; Node3: colour attributes not satisfied; Node4: SD v1.5 architectural limitation — text rendering unreliable (Phase 1C accuracy=0.1667); scored as 0.0
MB046,flux,de,False,0.5,True,False,0.0,False,False,0.5,False,True,0.9091,False,,True,True,0.6052,0.4923,[MB046] NON-COMPLIANT — Node1: required objects absent; (informational only — flat pipeline: Nodes 2-5 still executed); Node2: spatial constraints not satisfied; Node3: colour attributes not satisfied
MB047,sd15,de,False,0.0,True,False,0.0,False,False,0.0,False,,0.0,True,sd15_architectural,False,True,0.5995,0.06,[MB047] NON-COMPLIANT — Node1: required objects absent; (informational only — flat pipeline: Nodes 2-5 still executed); Node2: spatial constraints not satisfied; Node3: colour attributes not satisfied; Node4: SD v1.5 architectural limitation — text rendering unreliable (Phase 1C accuracy=0.1667); scored as 0.0
MB047,flux,de,False,0.5,True,False,0.0,False,False,0.5,False,False,0.0,False,,True,True,0.61,0.311,[MB047] NON-COMPLIANT — Node1: required objects absent; (informational only — flat pipeline: Nodes 2-5 still executed); Node2: spatial constraints not satisfied; Node3: colour attributes not satisfied; Node4: required text not legibly rendered
MB048,sd15,de,True,1.0,False,True,1.0,False,True,1.0,False,,0.0,True,sd15_architectural,False,True,0.6116,0.7612,[MB048] NON-COMPLIANT — Node4: SD v1.5 architectural limitation — text rendering unreliable (Phase 1C accuracy=0.1667); scored as 0.0
MB048,flux,de,True,1.0,False,True,1.0,False,True,1.0,False,True,0.75,False,,True,True,0.6177,0.9118,[MB048] COMPLIANT — all constraints satisfied
MB049,sd15,de,False,0.0,True,False,0.0,False,False,0.0,False,,0.0,True,sd15_architectural,False,True,0.5975,0.0598,[MB049] NON-COMPLIANT — Node1: required objects absent; (informational only — flat pipeline: Nodes 2-5 still executed); Node2: spatial constraints not satisfied; Node3: colour attributes not satisfied; Node4: SD v1.5 architectural limitation — text rendering unreliable (Phase 1C accuracy=0.1667); scored as 0.0
MB049,flux,de,False,0.0,True,False,0.0,False,False,0.0,False,False,0.0,False,,True,True,0.5933,0.0593,[MB049] NON-COMPLIANT — Node1: required objects absent; (informational only — flat pipeline: Nodes 2-5 still executed); Node2: spatial constraints not satisfied; Node3: colour attributes not satisfied; Node4: required text not legibly rendered
MB050,sd15,de,False,0.5,True,False,0.0,False,True,1.0,False,,0.0,True,sd15_architectural,False,True,0.5913,0.4091,[MB050] NON-COMPLIANT — Node1: required objects absent; (informational only — flat pipeline: Nodes 2-5 still executed); Node2: spatial constraints not satisfied; Node4: SD v1.5 architectural limitation — text rendering unreliable (Phase 1C accuracy=0.1667); scored as 0.0
MB050,flux,de,False,0.5,True,False,0.0,False,False,0.5,False,False,0.0,False,,True,True,0.6051,0.3105,[MB050] NON-COMPLIANT — Node1: required objects absent; (informational only — flat pipeline: Nodes 2-5 still executed); Node2: spatial constraints not satisfied; Node3: colour attributes not satisfied; Node4: required text not legibly rendered
MB051,sd15,de,False,0.5,True,False,0.0,False,False,0.5,False,,0.0,True,sd15_architectural,False,True,0.5873,0.3087,[MB051] NON-COMPLIANT — Node1: required objects absent; (informational only — flat pipeline: Nodes 2-5 still executed); Node2: spatial constraints not satisfied; Node3: colour attributes not satisfied; Node4: SD v1.5 architectural limitation — text rendering unreliable (Phase 1C accuracy=0.1667); scored as 0.0
MB051,flux,de,False,0.0,True,False,0.0,False,False,0.0,False,False,0.4,False,,True,True,0.6066,0.1407,[MB051] NON-COMPLIANT — Node1: required objects absent; (informational only — flat pipeline: Nodes 2-5 still executed); Node2: spatial constraints not satisfied; Node3: colour attributes not satisfied; Node4: required text not legibly rendered
MB052,sd15,de,False,0.5,True,False,0.0,False,False,0.0,False,,0.0,True,sd15_architectural,False,True,0.5888,0.2089,[MB052] NON-COMPLIANT — Node1: required objects absent; (informational only — flat pipeline: Nodes 2-5 still executed); Node2: spatial constraints not satisfied; Node3: colour attributes not satisfied; Node4: SD v1.5 architectural limitation — text rendering unreliable (Phase 1C accuracy=0.1667); scored as 0.0
MB052,flux,de,False,0.0,True,False,0.0,False,False,0.0,False,False,0.0,False,,True,True,0.594,0.0594,[MB052] NON-COMPLIANT — Node1: required objects absent; (informational only — flat pipeline: Nodes 2-5 still executed); Node2: spatial constraints not satisfied; Node3: colour attributes not satisfied; Node4: required text not legibly rendered
MB053,sd15,de,False,0.5,True,False,0.0,False,False,0.5,False,,0.0,True,sd15_architectural,False,True,0.5961,0.3096,[MB053] NON-COMPLIANT — Node1: required objects absent; (informational only — flat pipeline: Nodes 2-5 still executed); Node2: spatial constraints not satisfied; Node3: colour attributes not satisfied; Node4: SD v1.5 architectural limitation — text rendering unreliable (Phase 1C accuracy=0.1667); scored as 0.0
MB053,flux,de,False,0.5,True,False,0.0,False,False,0.0,False,False,0.0,False,,True,True,0.6013,0.2101,[MB053] NON-COMPLIANT — Node1: required objects absent; (informational only — flat pipeline: Nodes 2-5 still executed); Node2: spatial constraints not satisfied; Node3: colour attributes not satisfied; Node4: required text not legibly rendered
MB054,sd15,de,False,0.0,True,False,0.0,False,False,0.5,False,,0.0,True,sd15_architectural,False,True,0.5938,0.1594,[MB054] NON-COMPLIANT — Node1: required objects absent; (informational only — flat pipeline: Nodes 2-5 still executed); Node2: spatial constraints not satisfied; Node3: colour attributes not satisfied; Node4: SD v1.5 architectural limitation — text rendering unreliable (Phase 1C accuracy=0.1667); scored as 0.0
MB054,flux,de,True,1.0,False,False,0.0,False,True,1.0,False,True,0.8889,False,,True,True,0.6112,0.7389,[MB054] NON-COMPLIANT — Node2: spatial constraints not satisfied
MB055,sd15,de,False,0.5,True,False,0.0,False,False,0.5,False,,0.0,True,sd15_architectural,False,True,0.5986,0.3099,[MB055] NON-COMPLIANT — Node1: required objects absent; (informational only — flat pipeline: Nodes 2-5 still executed); Node2: spatial constraints not satisfied; Node3: colour attributes not satisfied; Node4: SD v1.5 architectural limitation — text rendering unreliable (Phase 1C accuracy=0.1667); scored as 0.0
MB055,flux,de,False,0.0,True,False,0.0,False,False,0.0,False,False,0.0,False,,True,True,0.5989,0.0599,[MB055] NON-COMPLIANT — Node1: required objects absent; (informational only — flat pipeline: Nodes 2-5 still executed); Node2: spatial constraints not satisfied; Node3: colour attributes not satisfied; Node4: required text not legibly rendered
MB056,sd15,de,False,0.0,True,False,0.0,False,False,0.0,False,,0.0,True,sd15_architectural,False,True,0.5973,0.0597,[MB056] NON-COMPLIANT — Node1: required objects absent; (informational only — flat pipeline: Nodes 2-5 still executed); Node2: spatial constraints not satisfied; Node3: colour attributes not satisfied; Node4: SD v1.5 architectural limitation — text rendering unreliable (Phase 1C accuracy=0.1667); scored as 0.0
MB056,flux,de,False,0.5,True,False,0.0,False,False,0.5,False,True,1.0,False,,True,True,0.6025,0.5102,[MB056] NON-COMPLIANT — Node1: required objects absent; (informational only — flat pipeline: Nodes 2-5 still executed); Node2: spatial constraints not satisfied; Node3: colour attributes not satisfied
MB057,sd15,de,False,0.0,True,False,0.0,False,False,0.5,False,,0.0,True,sd15_architectural,False,True,0.5919,0.1592,[MB057] NON-COMPLIANT — Node1: required objects absent; (informational only — flat pipeline: Nodes 2-5 still executed); Node2: spatial constraints not satisfied; Node3: colour attributes not satisfied; Node4: SD v1.5 architectural limitation — text rendering unreliable (Phase 1C accuracy=0.1667); scored as 0.0
MB057,flux,de,False,0.0,True,False,0.0,False,False,0.5,False,False,0.2222,False,,True,True,0.6046,0.2049,[MB057] NON-COMPLIANT — Node1: required objects absent; (informational only — flat pipeline: Nodes 2-5 still executed); Node2: spatial constraints not satisfied; Node3: colour attributes not satisfied; Node4: required text not legibly rendered
MB058,sd15,de,False,0.0,True,False,0.0,False,False,0.5,False,,0.0,True,sd15_architectural,False,True,0.5977,0.1598,[MB058] NON-COMPLIANT — Node1: required objects absent; (informational only — flat pipeline: Nodes 2-5 still executed); Node2: spatial constraints not satisfied; Node3: colour attributes not satisfied; Node4: SD v1.5 architectural limitation — text rendering unreliable (Phase 1C accuracy=0.1667); scored as 0.0
MB058,flux,de,False,0.5,True,False,0.0,False,False,0.5,False,False,0.0,False,,True,True,0.6054,0.3105,[MB058] NON-COMPLIANT — Node1: required objects absent; (informational only — flat pipeline: Nodes 2-5 still executed); Node2: spatial constraints not satisfied; Node3: colour attributes not satisfied; Node4: required text not legibly rendered
MB059,sd15,de,False,0.0,True,False,0.0,False,False,0.5,False,,0.0,True,sd15_architectural,False,True,0.5967,0.1597,[MB059] NON-COMPLIANT — Node1: required objects absent; (informational only — flat pipeline: Nodes 2-5 still executed); Node2: spatial constraints not satisfied; Node3: colour attributes not satisfied; Node4: SD v1.5 architectural limitation — text rendering unreliable (Phase 1C accuracy=0.1667); scored as 0.0
MB059,flux,de,False,0.0,True,False,0.0,False,False,0.5,False,True,1.0,False,,True,True,0.6143,0.3614,[MB059] NON-COMPLIANT — Node1: required objects absent; (informational only — flat pipeline: Nodes 2-5 still executed); Node2: spatial constraints not satisfied; Node3: colour attributes not satisfied
MB060,sd15,de,False,0.5,True,False,0.0,False,False,0.0,False,,0.0,True,sd15_architectural,False,True,0.5983,0.2098,[MB060] NON-COMPLIANT — Node1: required objects absent; (informational only — flat pipeline: Nodes 2-5 still executed); Node2: spatial constraints not satisfied; Node3: colour attributes not satisfied; Node4: SD v1.5 architectural limitation — text rendering unreliable (Phase 1C accuracy=0.1667); scored as 0.0
MB060,flux,de,False,0.5,True,False,0.0,False,False,0.5,False,False,0.0,False,,True,True,0.5998,0.31,[MB060] NON-COMPLIANT — Node1: required objects absent; (informational only — flat pipeline: Nodes 2-5 still executed); Node2: spatial constraints not satisfied; Node3: colour attributes not satisfied; Node4: required text not legibly rendered
MB061,sd15,de,False,0.5,True,False,0.0,False,False,0.5,False,,0.0,True,sd15_architectural,False,True,0.6099,0.311,[MB061] NON-COMPLIANT — Node1: required objects absent; (informational only — flat pipeline: Nodes 2-5 still executed); Node2: spatial constraints not satisfied; Node3: colour attributes not satisfied; Node4: SD v1.5 architectural limitation — text rendering unreliable (Phase 1C accuracy=0.1667); scored as 0.0
MB061,flux,de,True,1.0,False,True,1.0,False,True,1.0,False,False,0.0,False,,True,True,0.624,0.7624,[MB061] NON-COMPLIANT — Node4: required text not legibly rendered
MB062,sd15,de,False,0.5,True,True,1.0,False,False,0.5,False,,0.0,True,sd15_architectural,False,True,0.5935,0.5093,[MB062] NON-COMPLIANT — Node1: required objects absent; (informational only — flat pipeline: Nodes 2-5 still executed); Node3: colour attributes not satisfied; Node4: SD v1.5 architectural limitation — text rendering unreliable (Phase 1C accuracy=0.1667); scored as 0.0
MB062,flux,de,True,1.0,False,True,1.0,False,False,0.5,False,False,0.1667,False,,True,True,0.6183,0.6952,[MB062] NON-COMPLIANT — Node3: colour attributes not satisfied; Node4: required text not legibly rendered
MB063,sd15,de,False,0.5,True,False,0.0,False,False,0.0,False,,0.0,True,sd15_architectural,False,True,0.5988,0.2099,[MB063] NON-COMPLIANT — Node1: required objects absent; (informational only — flat pipeline: Nodes 2-5 still executed); Node2: spatial constraints not satisfied; Node3: colour attributes not satisfied; Node4: SD v1.5 architectural limitation — text rendering unreliable (Phase 1C accuracy=0.1667); scored as 0.0
MB063,flux,de,True,1.0,False,True,1.0,False,True,1.0,False,True,1.0,False,,True,True,0.6237,0.9624,[MB063] COMPLIANT — all constraints satisfied
MB064,sd15,de,False,0.5,True,False,0.0,False,False,0.5,False,,0.0,True,sd15_architectural,False,True,0.6043,0.3104,[MB064] NON-COMPLIANT — Node1: required objects absent; (informational only — flat pipeline: Nodes 2-5 still executed); Node2: spatial constraints not satisfied; Node3: colour attributes not satisfied; Node4: SD v1.5 architectural limitation — text rendering unreliable (Phase 1C accuracy=0.1667); scored as 0.0
MB064,flux,de,True,1.0,False,True,1.0,False,False,0.5,False,True,1.0,False,,True,True,0.6205,0.8621,[MB064] NON-COMPLIANT — Node3: colour attributes not satisfied
MB065,sd15,de,False,0.0,True,False,0.0,False,False,0.5,False,,0.0,True,sd15_architectural,False,True,0.5911,0.1591,[MB065] NON-COMPLIANT — Node1: required objects absent; (informational only — flat pipeline: Nodes 2-5 still executed); Node2: spatial constraints not satisfied; Node3: colour attributes not satisfied; Node4: SD v1.5 architectural limitation — text rendering unreliable (Phase 1C accuracy=0.1667); scored as 0.0
MB065,flux,de,True,1.0,False,True,1.0,False,True,1.0,False,False,0.2857,False,,True,True,0.6113,0.8183,[MB065] NON-COMPLIANT — Node4: required text not legibly rendered
MB066,sd15,de,True,1.0,False,True,1.0,False,False,0.5,False,,0.0,True,sd15_architectural,False,True,0.6035,0.6603,[MB066] NON-COMPLIANT — Node3: colour attributes not satisfied; Node4: SD v1.5 architectural limitation — text rendering unreliable (Phase 1C accuracy=0.1667); scored as 0.0
MB066,flux,de,True,1.0,False,True,1.0,False,True,1.0,False,True,1.0,False,,True,True,0.6152,0.9615,[MB066] COMPLIANT — all constraints satisfied
MB067,sd15,de,False,0.5,True,True,1.0,False,False,0.5,False,,0.0,True,sd15_architectural,False,True,0.5967,0.5097,[MB067] NON-COMPLIANT — Node1: required objects absent; (informational only — flat pipeline: Nodes 2-5 still executed); Node3: colour attributes not satisfied; Node4: SD v1.5 architectural limitation — text rendering unreliable (Phase 1C accuracy=0.1667); scored as 0.0
MB067,flux,de,True,1.0,False,True,1.0,False,True,1.0,False,True,1.0,False,,True,True,0.6207,0.9621,[MB067] COMPLIANT — all constraints satisfied
MB068,sd15,de,False,0.0,True,False,0.0,False,False,0.5,False,,0.0,True,sd15_architectural,False,True,0.5884,0.1588,[MB068] NON-COMPLIANT — Node1: required objects absent; (informational only — flat pipeline: Nodes 2-5 still executed); Node2: spatial constraints not satisfied; Node3: colour attributes not satisfied; Node4: SD v1.5 architectural limitation — text rendering unreliable (Phase 1C accuracy=0.1667); scored as 0.0
MB068,flux,de,False,0.0,True,False,0.0,False,False,0.5,False,False,0.0,False,,True,True,0.6035,0.1604,[MB068] NON-COMPLIANT — Node1: required objects absent; (informational only — flat pipeline: Nodes 2-5 still executed); Node2: spatial constraints not satisfied; Node3: colour attributes not satisfied; Node4: required text not legibly rendered
MB069,sd15,de,False,0.5,True,False,0.0,False,False,0.5,False,,0.0,True,sd15_architectural,False,True,0.6061,0.3106,[MB069] NON-COMPLIANT — Node1: required objects absent; (informational only — flat pipeline: Nodes 2-5 still executed); Node2: spatial constraints not satisfied; Node3: colour attributes not satisfied; Node4: SD v1.5 architectural limitation — text rendering unreliable (Phase 1C accuracy=0.1667); scored as 0.0
MB069,flux,de,True,1.0,False,True,1.0,False,True,1.0,False,False,0.0,False,,True,True,0.6172,0.7617,[MB069] NON-COMPLIANT — Node4: required text not legibly rendered
MB070,sd15,de,False,0.5,True,True,1.0,False,False,0.5,False,,0.0,True,sd15_architectural,False,True,0.6146,0.5115,[MB070] NON-COMPLIANT — Node1: required objects absent; (informational only — flat pipeline: Nodes 2-5 still executed); Node3: colour attributes not satisfied; Node4: SD v1.5 architectural limitation — text rendering unreliable (Phase 1C accuracy=0.1667); scored as 0.0
MB070,flux,de,False,0.5,True,False,0.0,False,False,0.5,False,True,1.0,False,,True,True,0.6079,0.5108,[MB070] NON-COMPLIANT — Node1: required objects absent; (informational only — flat pipeline: Nodes 2-5 still executed); Node2: spatial constraints not satisfied; Node3: colour attributes not satisfied
MB071,sd15,de,False,0.0,True,False,0.0,False,False,0.0,False,,0.0,True,sd15_architectural,False,True,0.5936,0.0594,[MB071] NON-COMPLIANT — Node1: required objects absent; (informational only — flat pipeline: Nodes 2-5 still executed); Node2: spatial constraints not satisfied; Node3: colour attributes not satisfied; Node4: SD v1.5 architectural limitation — text rendering unreliable (Phase 1C accuracy=0.1667); scored as 0.0
MB071,flux,de,True,1.0,False,True,1.0,False,True,1.0,False,True,1.0,False,,True,True,0.6156,0.9616,[MB071] COMPLIANT — all constraints satisfied
MB072,sd15,de,False,0.0,True,False,0.0,False,False,0.5,False,,0.0,True,sd15_architectural,False,True,0.5849,0.1585,[MB072] NON-COMPLIANT — Node1: required objects absent; (informational only — flat pipeline: Nodes 2-5 still executed); Node2: spatial constraints not satisfied; Node3: colour attributes not satisfied; Node4: SD v1.5 architectural limitation — text rendering unreliable (Phase 1C accuracy=0.1667); scored as 0.0
MB072,flux,de,False,0.5,True,False,0.0,False,False,0.5,False,False,0.0,False,,True,True,0.6065,0.3106,[MB072] NON-COMPLIANT — Node1: required objects absent; (informational only — flat pipeline: Nodes 2-5 still executed); Node2: spatial constraints not satisfied; Node3: colour attributes not satisfied; Node4: required text not legibly rendered
MB073,sd15,de,False,0.0,True,False,0.0,False,False,0.5,False,,0.0,True,sd15_architectural,False,True,0.5905,0.1591,[MB073] NON-COMPLIANT — Node1: required objects absent; (informational only — flat pipeline: Nodes 2-5 still executed); Node2: spatial constraints not satisfied; Node3: colour attributes not satisfied; Node4: SD v1.5 architectural limitation — text rendering unreliable (Phase 1C accuracy=0.1667); scored as 0.0
MB073,flux,de,False,0.5,True,False,0.0,False,False,0.5,False,True,1.0,False,,True,True,0.6038,0.5104,[MB073] NON-COMPLIANT — Node1: required objects absent; (informational only — flat pipeline: Nodes 2-5 still executed); Node2: spatial constraints not satisfied; Node3: colour attributes not satisfied
MB074,sd15,de,False,0.5,True,True,1.0,False,False,0.5,False,,0.0,True,sd15_architectural,False,True,0.6017,0.5102,[MB074] NON-COMPLIANT — Node1: required objects absent; (informational only — flat pipeline: Nodes 2-5 still executed); Node3: colour attributes not satisfied; Node4: SD v1.5 architectural limitation — text rendering unreliable (Phase 1C accuracy=0.1667); scored as 0.0
MB074,flux,de,False,0.0,True,False,0.0,False,False,0.5,False,False,0.0,False,,True,True,0.6096,0.161,[MB074] NON-COMPLIANT — Node1: required objects absent; (informational only — flat pipeline: Nodes 2-5 still executed); Node2: spatial constraints not satisfied; Node3: colour attributes not satisfied; Node4: required text not legibly rendered
MB075,sd15,de,False,0.5,True,False,0.0,False,False,0.5,False,,0.0,True,sd15_architectural,False,True,0.6016,0.3102,[MB075] NON-COMPLIANT — Node1: required objects absent; (informational only — flat pipeline: Nodes 2-5 still executed); Node2: spatial constraints not satisfied; Node3: colour attributes not satisfied; Node4: SD v1.5 architectural limitation — text rendering unreliable (Phase 1C accuracy=0.1667); scored as 0.0
MB075,flux,de,True,1.0,False,True,1.0,False,True,1.0,False,True,1.0,False,,True,True,0.611,0.9611,[MB075] COMPLIANT — all constraints satisfied
MB076,sd15,de,True,1.0,False,False,0.0,False,False,0.0,False,,0.0,True,sd15_architectural,False,True,0.5837,0.3584,[MB076] NON-COMPLIANT — Node2: spatial constraints not satisfied; Node3: colour attributes not satisfied; Node4: SD v1.5 architectural limitation — text rendering unreliable (Phase 1C accuracy=0.1667); scored as 0.0
MB076,flux,de,True,1.0,False,True,1.0,False,False,0.5,False,False,0.2222,False,,True,True,0.6115,0.7056,[MB076] NON-COMPLIANT — Node3: colour attributes not satisfied; Node4: required text not legibly rendered
MB077,sd15,de,True,1.0,False,False,0.0,False,True,1.0,False,,0.0,True,sd15_architectural,False,True,0.6041,0.5604,[MB077] NON-COMPLIANT — Node2: spatial constraints not satisfied; Node4: SD v1.5 architectural limitation — text rendering unreliable (Phase 1C accuracy=0.1667); scored as 0.0
MB077,flux,de,True,1.0,False,True,1.0,False,True,1.0,False,False,0.0,False,,True,True,0.6162,0.7616,[MB077] NON-COMPLIANT — Node4: required text not legibly rendered
MB078,sd15,de,False,0.0,True,False,0.0,False,True,1.0,False,,0.0,True,sd15_architectural,False,True,0.5954,0.2595,[MB078] NON-COMPLIANT — Node1: required objects absent; (informational only — flat pipeline: Nodes 2-5 still executed); Node2: spatial constraints not satisfied; Node4: SD v1.5 architectural limitation — text rendering unreliable (Phase 1C accuracy=0.1667); scored as 0.0
MB078,flux,de,False,0.5,True,False,0.0,False,False,0.5,False,False,0.2857,False,,True,True,0.6165,0.3688,[MB078] NON-COMPLIANT — Node1: required objects absent; (informational only — flat pipeline: Nodes 2-5 still executed); Node2: spatial constraints not satisfied; Node3: colour attributes not satisfied; Node4: required text not legibly rendered
MB079,sd15,de,True,1.0,False,True,1.0,False,False,0.0,False,,0.0,True,sd15_architectural,False,True,0.5965,0.5596,[MB079] NON-COMPLIANT — Node3: colour attributes not satisfied; Node4: SD v1.5 architectural limitation — text rendering unreliable (Phase 1C accuracy=0.1667); scored as 0.0
MB079,flux,de,True,1.0,False,False,0.0,False,True,1.0,False,False,0.0,False,,True,True,0.6144,0.5614,[MB079] NON-COMPLIANT — Node2: spatial constraints not satisfied; Node4: required text not legibly rendered
MB080,sd15,de,False,0.5,True,False,0.0,False,False,0.5,False,,0.0,True,sd15_architectural,False,True,0.6052,0.3105,[MB080] NON-COMPLIANT — Node1: required objects absent; (informational only — flat pipeline: Nodes 2-5 still executed); Node2: spatial constraints not satisfied; Node3: colour attributes not satisfied; Node4: SD v1.5 architectural limitation — text rendering unreliable (Phase 1C accuracy=0.1667); scored as 0.0
MB080,flux,de,True,1.0,False,True,1.0,False,True,1.0,False,True,1.0,False,,True,True,0.6239,0.9624,[MB080] COMPLIANT — all constraints satisfied
MB081,sd15,de,False,0.0,True,False,0.0,False,True,1.0,False,,0.0,True,sd15_architectural,False,True,0.5911,0.2591,[MB081] NON-COMPLIANT — Node1: required objects absent; (informational only — flat pipeline: Nodes 2-5 still executed); Node2: spatial constraints not satisfied; Node4: SD v1.5 architectural limitation — text rendering unreliable (Phase 1C accuracy=0.1667); scored as 0.0
MB081,flux,de,True,1.0,False,True,1.0,False,True,1.0,False,False,0.3636,False,,True,True,0.6009,0.8328,[MB081] NON-COMPLIANT — Node4: required text not legibly rendered
MB082,sd15,de,False,0.5,True,True,1.0,False,True,1.0,False,,0.0,True,sd15_architectural,False,True,0.5944,0.6094,[MB082] NON-COMPLIANT — Node1: required objects absent; (informational only — flat pipeline: Nodes 2-5 still executed); Node4: SD v1.5 architectural limitation — text rendering unreliable (Phase 1C accuracy=0.1667); scored as 0.0
MB082,flux,de,False,0.5,True,False,0.0,False,False,0.5,False,False,0.0,False,,True,True,0.6139,0.3114,[MB082] NON-COMPLIANT — Node1: required objects absent; (informational only — flat pipeline: Nodes 2-5 still executed); Node2: spatial constraints not satisfied; Node3: colour attributes not satisfied; Node4: required text not legibly rendered
MB083,sd15,de,False,0.0,True,False,0.0,False,False,0.0,False,,0.0,True,sd15_architectural,False,True,0.5868,0.0587,[MB083] NON-COMPLIANT — Node1: required objects absent; (informational only — flat pipeline: Nodes 2-5 still executed); Node2: spatial constraints not satisfied; Node3: colour attributes not satisfied; Node4: SD v1.5 architectural limitation — text rendering unreliable (Phase 1C accuracy=0.1667); scored as 0.0
MB083,flux,de,False,0.5,True,False,0.0,False,False,0.5,False,False,0.0,False,,True,True,0.5984,0.3098,[MB083] NON-COMPLIANT — Node1: required objects absent; (informational only — flat pipeline: Nodes 2-5 still executed); Node2: spatial constraints not satisfied; Node3: colour attributes not satisfied; Node4: required text not legibly rendered
MB084,sd15,de,False,0.5,True,False,0.0,False,False,0.5,False,,0.0,True,sd15_architectural,False,True,0.5948,0.3095,[MB084] NON-COMPLIANT — Node1: required objects absent; (informational only — flat pipeline: Nodes 2-5 still executed); Node2: spatial constraints not satisfied; Node3: colour attributes not satisfied; Node4: SD v1.5 architectural limitation — text rendering unreliable (Phase 1C accuracy=0.1667); scored as 0.0
MB084,flux,de,True,1.0,False,True,1.0,False,False,0.5,False,True,1.0,False,,True,True,0.6077,0.8608,[MB084] NON-COMPLIANT — Node3: colour attributes not satisfied
MB085,sd15,de,False,0.5,True,False,0.0,False,False,0.5,False,,0.0,True,sd15_architectural,False,True,0.6021,0.3102,[MB085] NON-COMPLIANT — Node1: required objects absent; (informational only — flat pipeline: Nodes 2-5 still executed); Node2: spatial constraints not satisfied; Node3: colour attributes not satisfied; Node4: SD v1.5 architectural limitation — text rendering unreliable (Phase 1C accuracy=0.1667); scored as 0.0
MB085,flux,de,False,0.5,True,False,0.0,False,False,0.5,False,False,0.3333,False,,True,True,0.6113,0.3778,[MB085] NON-COMPLIANT — Node1: required objects absent; (informational only — flat pipeline: Nodes 2-5 still executed); Node2: spatial constraints not satisfied; Node3: colour attributes not satisfied; Node4: required text not legibly rendered
MB086,sd15,de,False,0.0,True,False,0.0,False,False,0.0,False,,0.0,True,sd15_architectural,False,True,0.5963,0.0596,[MB086] NON-COMPLIANT — Node1: required objects absent; (informational only — flat pipeline: Nodes 2-5 still executed); Node2: spatial constraints not satisfied; Node3: colour attributes not satisfied; Node4: SD v1.5 architectural limitation — text rendering unreliable (Phase 1C accuracy=0.1667); scored as 0.0
MB086,flux,de,False,0.5,True,False,0.0,False,True,1.0,False,False,0.0,False,,True,True,0.6141,0.4114,[MB086] NON-COMPLIANT — Node1: required objects absent; (informational only — flat pipeline: Nodes 2-5 still executed); Node2: spatial constraints not satisfied; Node4: required text not legibly rendered
MB087,sd15,de,False,0.0,True,False,0.0,False,False,0.0,False,,0.0,True,sd15_architectural,False,True,0.5858,0.0586,[MB087] NON-COMPLIANT — Node1: required objects absent; (informational only — flat pipeline: Nodes 2-5 still executed); Node2: spatial constraints not satisfied; Node3: colour attributes not satisfied; Node4: SD v1.5 architectural limitation — text rendering unreliable (Phase 1C accuracy=0.1667); scored as 0.0
MB087,flux,de,True,1.0,False,True,1.0,False,True,1.0,False,False,0.0,False,,True,True,0.6161,0.7616,[MB087] NON-COMPLIANT — Node4: required text not legibly rendered
MB088,sd15,de,False,0.5,True,False,0.0,False,False,0.0,False,,0.0,True,sd15_architectural,False,True,0.5917,0.2092,[MB088] NON-COMPLIANT — Node1: required objects absent; (informational only — flat pipeline: Nodes 2-5 still executed); Node2: spatial constraints not satisfied; Node3: colour attributes not satisfied; Node4: SD v1.5 architectural limitation — text rendering unreliable (Phase 1C accuracy=0.1667); scored as 0.0
MB088,flux,de,False,0.0,True,False,0.0,False,False,0.0,False,True,1.0,False,,True,True,0.5937,0.2594,[MB088] NON-COMPLIANT — Node1: required objects absent; (informational only — flat pipeline: Nodes 2-5 still executed); Node2: spatial constraints not satisfied; Node3: colour attributes not satisfied
MB089,sd15,de,False,0.5,True,False,0.0,False,False,0.0,False,,0.0,True,sd15_architectural,False,True,0.5969,0.2097,[MB089] NON-COMPLIANT — Node1: required objects absent; (informational only — flat pipeline: Nodes 2-5 still executed); Node2: spatial constraints not satisfied; Node3: colour attributes not satisfied; Node4: SD v1.5 architectural limitation — text rendering unreliable (Phase 1C accuracy=0.1667); scored as 0.0
MB089,flux,de,True,1.0,False,False,0.0,False,True,1.0,False,True,1.0,False,,True,True,0.623,0.7623,[MB089] NON-COMPLIANT — Node2: spatial constraints not satisfied
MB090,sd15,de,False,0.5,True,False,0.0,False,False,0.5,False,,0.0,True,sd15_architectural,False,True,0.5972,0.3097,[MB090] NON-COMPLIANT — Node1: required objects absent; (informational only — flat pipeline: Nodes 2-5 still executed); Node2: spatial constraints not satisfied; Node3: colour attributes not satisfied; Node4: SD v1.5 architectural limitation — text rendering unreliable (Phase 1C accuracy=0.1667); scored as 0.0
MB090,flux,de,False,0.5,True,False,0.0,False,False,0.5,False,False,0.0,False,,True,True,0.6078,0.3108,[MB090] NON-COMPLIANT — Node1: required objects absent; (informational only — flat pipeline: Nodes 2-5 still executed); Node2: spatial constraints not satisfied; Node3: colour attributes not satisfied; Node4: required text not legibly rendered
MB091,sd15,de,False,0.5,True,False,0.0,False,False,0.0,False,,0.0,True,sd15_architectural,False,True,0.5992,0.2099,[MB091] NON-COMPLIANT — Node1: required objects absent; (informational only — flat pipeline: Nodes 2-5 still executed); Node2: spatial constraints not satisfied; Node3: colour attributes not satisfied; Node4: SD v1.5 architectural limitation — text rendering unreliable (Phase 1C accuracy=0.1667); scored as 0.0
MB091,flux,de,True,1.0,False,True,1.0,False,True,1.0,False,True,1.0,False,,True,True,0.6168,0.9617,[MB091] COMPLIANT — all constraints satisfied
MB092,sd15,de,False,0.0,True,False,0.0,False,False,0.5,False,,0.0,True,sd15_architectural,False,True,0.5962,0.1596,[MB092] NON-COMPLIANT — Node1: required objects absent; (informational only — flat pipeline: Nodes 2-5 still executed); Node2: spatial constraints not satisfied; Node3: colour attributes not satisfied; Node4: SD v1.5 architectural limitation — text rendering unreliable (Phase 1C accuracy=0.1667); scored as 0.0
MB092,flux,de,True,1.0,False,False,0.0,False,True,1.0,False,True,0.6667,False,,True,True,0.6197,0.6953,[MB092] NON-COMPLIANT — Node2: spatial constraints not satisfied
MB093,sd15,de,False,0.5,True,False,0.0,False,False,0.0,False,,0.0,True,sd15_architectural,False,True,0.6013,0.2101,[MB093] NON-COMPLIANT — Node1: required objects absent; (informational only — flat pipeline: Nodes 2-5 still executed); Node2: spatial constraints not satisfied; Node3: colour attributes not satisfied; Node4: SD v1.5 architectural limitation — text rendering unreliable (Phase 1C accuracy=0.1667); scored as 0.0
MB093,flux,de,False,0.5,True,False,0.0,False,False,0.5,False,True,1.0,False,,True,True,0.6136,0.5114,[MB093] NON-COMPLIANT — Node1: required objects absent; (informational only — flat pipeline: Nodes 2-5 still executed); Node2: spatial constraints not satisfied; Node3: colour attributes not satisfied
MB094,sd15,de,False,0.5,True,False,0.0,False,False,0.5,False,,0.0,True,sd15_architectural,False,True,0.6015,0.3102,[MB094] NON-COMPLIANT — Node1: required objects absent; (informational only — flat pipeline: Nodes 2-5 still executed); Node2: spatial constraints not satisfied; Node3: colour attributes not satisfied; Node4: SD v1.5 architectural limitation — text rendering unreliable (Phase 1C accuracy=0.1667); scored as 0.0
MB094,flux,de,True,1.0,False,True,1.0,False,True,1.0,False,True,0.7273,False,,True,True,0.6234,0.9078,[MB094] COMPLIANT — all constraints satisfied
MB095,sd15,de,False,0.5,True,True,1.0,False,False,0.5,False,,0.0,True,sd15_architectural,False,True,0.5965,0.5096,[MB095] NON-COMPLIANT — Node1: required objects absent; (informational only — flat pipeline: Nodes 2-5 still executed); Node3: colour attributes not satisfied; Node4: SD v1.5 architectural limitation — text rendering unreliable (Phase 1C accuracy=0.1667); scored as 0.0
MB095,flux,de,True,1.0,False,True,1.0,False,True,1.0,False,False,0.0,False,,True,True,0.6099,0.761,[MB095] NON-COMPLIANT — Node4: required text not legibly rendered
MB096,sd15,de,False,0.5,True,False,0.0,False,False,0.5,False,,0.0,True,sd15_architectural,False,True,0.596,0.3096,[MB096] NON-COMPLIANT — Node1: required objects absent; (informational only — flat pipeline: Nodes 2-5 still executed); Node2: spatial constraints not satisfied; Node3: colour attributes not satisfied; Node4: SD v1.5 architectural limitation — text rendering unreliable (Phase 1C accuracy=0.1667); scored as 0.0
MB096,flux,de,False,0.5,True,False,0.0,False,True,1.0,False,False,0.0,False,,True,True,0.6079,0.4108,[MB096] NON-COMPLIANT — Node1: required objects absent; (informational only — flat pipeline: Nodes 2-5 still executed); Node2: spatial constraints not satisfied; Node4: required text not legibly rendered
MB097,sd15,de,False,0.0,True,False,0.0,False,False,0.0,False,,0.0,True,sd15_architectural,False,True,0.585,0.0585,[MB097] NON-COMPLIANT — Node1: required objects absent; (informational only — flat pipeline: Nodes 2-5 still executed); Node2: spatial constraints not satisfied; Node3: colour attributes not satisfied; Node4: SD v1.5 architectural limitation — text rendering unreliable (Phase 1C accuracy=0.1667); scored as 0.0
MB097,flux,de,True,1.0,False,True,1.0,False,True,1.0,False,False,0.0,False,,True,True,0.6047,0.7605,[MB097] NON-COMPLIANT — Node4: required text not legibly rendered
MB098,sd15,de,False,0.0,True,False,0.0,False,False,0.0,False,,0.0,True,sd15_architectural,False,True,0.5949,0.0595,[MB098] NON-COMPLIANT — Node1: required objects absent; (informational only — flat pipeline: Nodes 2-5 still executed); Node2: spatial constraints not satisfied; Node3: colour attributes not satisfied; Node4: SD v1.5 architectural limitation — text rendering unreliable (Phase 1C accuracy=0.1667); scored as 0.0
MB098,flux,de,False,0.5,True,True,1.0,False,True,1.0,False,False,0.1429,False,,True,True,0.6158,0.6402,[MB098] NON-COMPLIANT — Node1: required objects absent; (informational only — flat pipeline: Nodes 2-5 still executed); Node4: required text not legibly rendered
MB099,sd15,de,False,0.5,True,False,0.0,False,False,0.0,False,,0.0,True,sd15_architectural,False,True,0.5999,0.21,[MB099] NON-COMPLIANT — Node1: required objects absent; (informational only — flat pipeline: Nodes 2-5 still executed); Node2: spatial constraints not satisfied; Node3: colour attributes not satisfied; Node4: SD v1.5 architectural limitation — text rendering unreliable (Phase 1C accuracy=0.1667); scored as 0.0
MB099,flux,de,False,0.5,True,False,0.0,False,False,0.0,False,True,1.0,False,,True,True,0.6082,0.4108,[MB099] NON-COMPLIANT — Node1: required objects absent; (informational only — flat pipeline: Nodes 2-5 still executed); Node2: spatial constraints not satisfied; Node3: colour attributes not satisfied
MB100,sd15,de,False,0.5,True,False,0.0,False,False,0.0,False,,0.0,True,sd15_architectural,False,True,0.5982,0.2098,[MB100] NON-COMPLIANT — Node1: required objects absent; (informational only — flat pipeline: Nodes 2-5 still executed); Node2: spatial constraints not satisfied; Node3: colour attributes not satisfied; Node4: SD v1.5 architectural limitation — text rendering unreliable (Phase 1C accuracy=0.1667); scored as 0.0
MB100,flux,de,False,0.5,True,False,0.0,False,False,0.5,False,False,0.0,False,,True,True,0.6143,0.3114,[MB100] NON-COMPLIANT — Node1: required objects absent; (informational only — flat pipeline: Nodes 2-5 still executed); Node2: spatial constraints not satisfied; Node3: colour attributes not satisfied; Node4: required text not legibly rendered
MB101,sd15,de,False,0.5,True,False,0.0,False,False,0.0,False,,0.0,True,sd15_architectural,False,True,0.597,0.2097,[MB101] NON-COMPLIANT — Node1: required objects absent; (informational only — flat pipeline: Nodes 2-5 still executed); Node2: spatial constraints not satisfied; Node3: colour attributes not satisfied; Node4: SD v1.5 architectural limitation — text rendering unreliable (Phase 1C accuracy=0.1667); scored as 0.0
MB101,flux,de,False,0.5,True,False,0.0,False,False,0.5,False,True,1.0,False,,True,True,0.6174,0.5117,[MB101] NON-COMPLIANT — Node1: required objects absent; (informational only — flat pipeline: Nodes 2-5 still executed); Node2: spatial constraints not satisfied; Node3: colour attributes not satisfied
MB102,sd15,de,False,0.0,True,False,0.0,False,False,0.0,False,,0.0,True,sd15_architectural,False,True,0.5912,0.0591,[MB102] NON-COMPLIANT — Node1: required objects absent; (informational only — flat pipeline: Nodes 2-5 still executed); Node2: spatial constraints not satisfied; Node3: colour attributes not satisfied; Node4: SD v1.5 architectural limitation — text rendering unreliable (Phase 1C accuracy=0.1667); scored as 0.0
MB102,flux,de,False,0.5,True,False,0.0,False,False,0.0,False,True,1.0,False,,True,True,0.6104,0.411,[MB102] NON-COMPLIANT — Node1: required objects absent; (informational only — flat pipeline: Nodes 2-5 still executed); Node2: spatial constraints not satisfied; Node3: colour attributes not satisfied
MB103,sd15,de,False,0.0,True,False,0.0,False,False,0.5,False,,0.0,True,sd15_architectural,False,True,0.592,0.1592,[MB103] NON-COMPLIANT — Node1: required objects absent; (informational only — flat pipeline: Nodes 2-5 still executed); Node2: spatial constraints not satisfied; Node3: colour attributes not satisfied; Node4: SD v1.5 architectural limitation — text rendering unreliable (Phase 1C accuracy=0.1667); scored as 0.0
MB103,flux,de,False,0.5,True,False,0.0,False,True,1.0,False,True,1.0,False,,True,True,0.6108,0.6111,[MB103] NON-COMPLIANT — Node1: required objects absent; (informational only — flat pipeline: Nodes 2-5 still executed); Node2: spatial constraints not satisfied
MB104,sd15,de,True,1.0,False,True,1.0,False,False,0.0,False,,0.0,True,sd15_architectural,False,True,0.5989,0.5599,[MB104] NON-COMPLIANT — Node3: colour attributes not satisfied; Node4: SD v1.5 architectural limitation — text rendering unreliable (Phase 1C accuracy=0.1667); scored as 0.0
MB104,flux,de,False,0.5,True,True,1.0,False,True,1.0,False,True,1.0,False,,True,True,0.6134,0.8113,[MB104] NON-COMPLIANT — Node1: required objects absent; (informational only — flat pipeline: Nodes 2-5 still executed)
MB105,sd15,de,False,0.0,True,False,0.0,False,False,0.5,False,,0.0,True,sd15_architectural,False,True,0.6049,0.1605,[MB105] NON-COMPLIANT — Node1: required objects absent; (informational only — flat pipeline: Nodes 2-5 still executed); Node2: spatial constraints not satisfied; Node3: colour attributes not satisfied; Node4: SD v1.5 architectural limitation — text rendering unreliable (Phase 1C accuracy=0.1667); scored as 0.0
MB105,flux,de,False,0.5,True,False,0.0,False,False,0.5,False,False,0.4615,False,,True,True,0.6137,0.4037,[MB105] NON-COMPLIANT — Node1: required objects absent; (informational only — flat pipeline: Nodes 2-5 still executed); Node2: spatial constraints not satisfied; Node3: colour attributes not satisfied; Node4: required text not legibly rendered
MB106,sd15,de,False,0.5,True,True,1.0,False,False,0.5,False,,0.0,True,sd15_architectural,False,True,0.605,0.5105,[MB106] NON-COMPLIANT — Node1: required objects absent; (informational only — flat pipeline: Nodes 2-5 still executed); Node3: colour attributes not satisfied; Node4: SD v1.5 architectural limitation — text rendering unreliable (Phase 1C accuracy=0.1667); scored as 0.0
MB106,flux,de,False,0.5,True,False,0.0,False,False,0.5,False,False,0.0,False,,True,True,0.6303,0.313,[MB106] NON-COMPLIANT — Node1: required objects absent; (informational only — flat pipeline: Nodes 2-5 still executed); Node2: spatial constraints not satisfied; Node3: colour attributes not satisfied; Node4: required text not legibly rendered
MB107,sd15,de,False,0.5,True,False,0.0,False,False,0.5,False,,0.0,True,sd15_architectural,False,True,0.5923,0.3092,[MB107] NON-COMPLIANT — Node1: required objects absent; (informational only — flat pipeline: Nodes 2-5 still executed); Node2: spatial constraints not satisfied; Node3: colour attributes not satisfied; Node4: SD v1.5 architectural limitation — text rendering unreliable (Phase 1C accuracy=0.1667); scored as 0.0
MB107,flux,de,True,1.0,False,True,1.0,False,True,1.0,False,False,0.0,False,,True,True,0.623,0.7623,[MB107] NON-COMPLIANT — Node4: required text not legibly rendered
MB108,sd15,de,False,0.0,True,False,0.0,False,False,0.0,False,,0.0,True,sd15_architectural,False,True,0.5928,0.0593,[MB108] NON-COMPLIANT — Node1: required objects absent; (informational only — flat pipeline: Nodes 2-5 still executed); Node2: spatial constraints not satisfied; Node3: colour attributes not satisfied; Node4: SD v1.5 architectural limitation — text rendering unreliable (Phase 1C accuracy=0.1667); scored as 0.0
MB108,flux,de,True,1.0,False,True,1.0,False,True,1.0,False,False,0.0,False,,True,True,0.614,0.7614,[MB108] NON-COMPLIANT — Node4: required text not legibly rendered
MB109,sd15,de,False,0.5,True,False,0.0,False,False,0.5,False,,0.0,True,sd15_architectural,False,True,0.6058,0.3106,[MB109] NON-COMPLIANT — Node1: required objects absent; (informational only — flat pipeline: Nodes 2-5 still executed); Node2: spatial constraints not satisfied; Node3: colour attributes not satisfied; Node4: SD v1.5 architectural limitation — text rendering unreliable (Phase 1C accuracy=0.1667); scored as 0.0
MB109,flux,de,True,1.0,False,True,1.0,False,False,0.5,False,False,0.3077,False,,True,True,0.6137,0.7229,[MB109] NON-COMPLIANT — Node3: colour attributes not satisfied; Node4: required text not legibly rendered
MB110,sd15,de,False,0.5,True,True,1.0,False,False,0.5,False,,0.0,True,sd15_architectural,False,True,0.5958,0.5096,[MB110] NON-COMPLIANT — Node1: required objects absent; (informational only — flat pipeline: Nodes 2-5 still executed); Node3: colour attributes not satisfied; Node4: SD v1.5 architectural limitation — text rendering unreliable (Phase 1C accuracy=0.1667); scored as 0.0
MB110,flux,de,False,0.5,True,False,0.0,False,False,0.5,False,False,0.2,False,,True,True,0.6097,0.351,[MB110] NON-COMPLIANT — Node1: required objects absent; (informational only — flat pipeline: Nodes 2-5 still executed); Node2: spatial constraints not satisfied; Node3: colour attributes not satisfied; Node4: required text not legibly rendered
MB111,sd15,de,False,0.0,True,False,0.0,False,False,0.5,False,,0.0,True,sd15_architectural,False,True,0.5923,0.1592,[MB111] NON-COMPLIANT — Node1: required objects absent; (informational only — flat pipeline: Nodes 2-5 still executed); Node2: spatial constraints not satisfied; Node3: colour attributes not satisfied; Node4: SD v1.5 architectural limitation — text rendering unreliable (Phase 1C accuracy=0.1667); scored as 0.0
MB111,flux,de,False,0.5,True,False,0.0,False,False,0.0,False,True,1.0,False,,True,True,0.6054,0.4105,[MB111] NON-COMPLIANT — Node1: required objects absent; (informational only — flat pipeline: Nodes 2-5 still executed); Node2: spatial constraints not satisfied; Node3: colour attributes not satisfied
MB112,sd15,de,True,1.0,False,True,1.0,False,True,1.0,False,,0.0,True,sd15_architectural,False,True,0.5943,0.7594,[MB112] NON-COMPLIANT — Node4: SD v1.5 architectural limitation — text rendering unreliable (Phase 1C accuracy=0.1667); scored as 0.0
MB112,flux,de,True,1.0,False,True,1.0,False,True,1.0,False,True,0.5,False,,True,True,0.6126,0.8613,[MB112] COMPLIANT — all constraints satisfied
MB113,sd15,de,False,0.0,True,False,0.0,False,False,0.0,False,,0.0,True,sd15_architectural,False,True,0.5921,0.0592,[MB113] NON-COMPLIANT — Node1: required objects absent; (informational only — flat pipeline: Nodes 2-5 still executed); Node2: spatial constraints not satisfied; Node3: colour attributes not satisfied; Node4: SD v1.5 architectural limitation — text rendering unreliable (Phase 1C accuracy=0.1667); scored as 0.0
MB113,flux,de,False,0.5,True,False,0.0,False,True,1.0,False,True,0.5,False,,True,True,0.6087,0.5109,[MB113] NON-COMPLIANT — Node1: required objects absent; (informational only — flat pipeline: Nodes 2-5 still executed); Node2: spatial constraints not satisfied
MB114,sd15,de,False,0.0,True,False,0.0,False,False,0.0,False,,0.0,True,sd15_architectural,False,True,0.5888,0.0589,[MB114] NON-COMPLIANT — Node1: required objects absent; (informational only — flat pipeline: Nodes 2-5 still executed); Node2: spatial constraints not satisfied; Node3: colour attributes not satisfied; Node4: SD v1.5 architectural limitation — text rendering unreliable (Phase 1C accuracy=0.1667); scored as 0.0
MB114,flux,de,False,0.0,True,False,0.0,False,False,0.5,False,True,0.7273,False,,True,True,0.6086,0.3063,[MB114] NON-COMPLIANT — Node1: required objects absent; (informational only — flat pipeline: Nodes 2-5 still executed); Node2: spatial constraints not satisfied; Node3: colour attributes not satisfied
MB115,sd15,de,True,1.0,False,True,1.0,False,True,1.0,False,,0.0,True,sd15_architectural,False,True,0.6051,0.7605,[MB115] NON-COMPLIANT — Node4: SD v1.5 architectural limitation — text rendering unreliable (Phase 1C accuracy=0.1667); scored as 0.0
MB115,flux,de,True,1.0,False,True,1.0,False,True,1.0,False,True,1.0,False,,True,True,0.6121,0.9612,[MB115] COMPLIANT — all constraints satisfied
MB116,sd15,de,False,0.5,True,False,0.0,False,False,0.0,False,,0.0,True,sd15_architectural,False,True,0.5909,0.2091,[MB116] NON-COMPLIANT — Node1: required objects absent; (informational only — flat pipeline: Nodes 2-5 still executed); Node2: spatial constraints not satisfied; Node3: colour attributes not satisfied; Node4: SD v1.5 architectural limitation — text rendering unreliable (Phase 1C accuracy=0.1667); scored as 0.0
MB116,flux,de,False,0.5,True,True,1.0,False,False,0.5,False,True,0.8,False,,True,True,0.6109,0.6711,[MB116] NON-COMPLIANT — Node1: required objects absent; (informational only — flat pipeline: Nodes 2-5 still executed); Node3: colour attributes not satisfied
MB117,sd15,de,False,0.5,True,False,0.0,False,False,0.5,False,,0.0,True,sd15_architectural,False,True,0.5994,0.3099,[MB117] NON-COMPLIANT — Node1: required objects absent; (informational only — flat pipeline: Nodes 2-5 still executed); Node2: spatial constraints not satisfied; Node3: colour attributes not satisfied; Node4: SD v1.5 architectural limitation — text rendering unreliable (Phase 1C accuracy=0.1667); scored as 0.0
MB117,flux,de,False,0.5,True,False,0.0,False,False,0.5,False,True,0.6,False,,True,True,0.6196,0.432,[MB117] NON-COMPLIANT — Node1: required objects absent; (informational only — flat pipeline: Nodes 2-5 still executed); Node2: spatial constraints not satisfied; Node3: colour attributes not satisfied
MB118,sd15,de,True,1.0,False,True,1.0,False,False,0.5,False,,0.0,True,sd15_architectural,False,True,0.5967,0.6597,[MB118] NON-COMPLIANT — Node3: colour attributes not satisfied; Node4: SD v1.5 architectural limitation — text rendering unreliable (Phase 1C accuracy=0.1667); scored as 0.0
MB118,flux,de,False,0.0,True,False,0.0,False,True,1.0,False,False,0.0,False,,True,True,0.6047,0.2605,[MB118] NON-COMPLIANT — Node1: required objects absent; (informational only — flat pipeline: Nodes 2-5 still executed); Node2: spatial constraints not satisfied; Node4: required text not legibly rendered
MB119,sd15,de,False,0.0,True,False,0.0,False,False,0.5,False,,0.0,True,sd15_architectural,False,True,0.5914,0.1591,[MB119] NON-COMPLIANT — Node1: required objects absent; (informational only — flat pipeline: Nodes 2-5 still executed); Node2: spatial constraints not satisfied; Node3: colour attributes not satisfied; Node4: SD v1.5 architectural limitation — text rendering unreliable (Phase 1C accuracy=0.1667); scored as 0.0
MB119,flux,de,True,1.0,False,True,1.0,False,True,1.0,False,True,1.0,False,,True,True,0.6129,0.9613,[MB119] COMPLIANT — all constraints satisfied
MB120,sd15,de,False,0.5,True,False,0.0,False,False,0.5,False,,0.0,True,sd15_architectural,False,True,0.6084,0.3108,[MB120] NON-COMPLIANT — Node1: required objects absent; (informational only — flat pipeline: Nodes 2-5 still executed); Node2: spatial constraints not satisfied; Node3: colour attributes not satisfied; Node4: SD v1.5 architectural limitation — text rendering unreliable (Phase 1C accuracy=0.1667); scored as 0.0
MB120,flux,de,False,0.5,True,True,1.0,False,False,0.5,False,True,0.8333,False,,True,True,0.6249,0.6792,[MB120] NON-COMPLIANT — Node1: required objects absent; (informational only — flat pipeline: Nodes 2-5 still executed); Node3: colour attributes not satisfied
MB121,sd15,de,False,0.0,True,False,0.0,False,False,0.5,False,,0.0,True,sd15_architectural,False,True,0.597,0.1597,[MB121] NON-COMPLIANT — Node1: required objects absent; (informational only — flat pipeline: Nodes 2-5 still executed); Node2: spatial constraints not satisfied; Node3: colour attributes not satisfied; Node4: SD v1.5 architectural limitation — text rendering unreliable (Phase 1C accuracy=0.1667); scored as 0.0
MB121,flux,de,False,0.5,True,False,0.0,False,False,0.5,False,True,0.7273,False,,True,True,0.6225,0.4577,[MB121] NON-COMPLIANT — Node1: required objects absent; (informational only — flat pipeline: Nodes 2-5 still executed); Node2: spatial constraints not satisfied; Node3: colour attributes not satisfied
MB122,sd15,de,False,0.5,True,False,0.0,False,False,0.5,False,,0.0,True,sd15_architectural,False,True,0.6004,0.31,[MB122] NON-COMPLIANT — Node1: required objects absent; (informational only — flat pipeline: Nodes 2-5 still executed); Node2: spatial constraints not satisfied; Node3: colour attributes not satisfied; Node4: SD v1.5 architectural limitation — text rendering unreliable (Phase 1C accuracy=0.1667); scored as 0.0
MB122,flux,de,True,1.0,False,True,1.0,False,True,1.0,False,True,1.0,False,,True,True,0.6206,0.9621,[MB122] COMPLIANT — all constraints satisfied
MB123,sd15,de,False,0.5,True,False,0.0,False,False,0.5,False,,0.0,True,sd15_architectural,False,True,0.5936,0.3094,[MB123] NON-COMPLIANT — Node1: required objects absent; (informational only — flat pipeline: Nodes 2-5 still executed); Node2: spatial constraints not satisfied; Node3: colour attributes not satisfied; Node4: SD v1.5 architectural limitation — text rendering unreliable (Phase 1C accuracy=0.1667); scored as 0.0
MB123,flux,de,True,1.0,False,True,1.0,False,True,1.0,False,True,0.6,False,,True,True,0.6241,0.8824,[MB123] COMPLIANT — all constraints satisfied
MB124,sd15,de,False,0.5,True,False,0.0,False,False,0.5,False,,0.0,True,sd15_architectural,False,True,0.5874,0.3087,[MB124] NON-COMPLIANT — Node1: required objects absent; (informational only — flat pipeline: Nodes 2-5 still executed); Node2: spatial constraints not satisfied; Node3: colour attributes not satisfied; Node4: SD v1.5 architectural limitation — text rendering unreliable (Phase 1C accuracy=0.1667); scored as 0.0
MB124,flux,de,True,1.0,False,False,0.0,False,True,1.0,False,True,1.0,False,,True,True,0.6178,0.7618,[MB124] NON-COMPLIANT — Node2: spatial constraints not satisfied
MB125,sd15,de,False,0.5,True,False,0.0,False,False,0.0,False,,0.0,True,sd15_architectural,False,True,0.5977,0.2098,[MB125] NON-COMPLIANT — Node1: required objects absent; (informational only — flat pipeline: Nodes 2-5 still executed); Node2: spatial constraints not satisfied; Node3: colour attributes not satisfied; Node4: SD v1.5 architectural limitation — text rendering unreliable (Phase 1C accuracy=0.1667); scored as 0.0
MB125,flux,de,False,0.5,True,False,0.0,False,False,0.5,False,False,0.0,False,,True,True,0.6136,0.3114,[MB125] NON-COMPLIANT — Node1: required objects absent; (informational only — flat pipeline: Nodes 2-5 still executed); Node2: spatial constraints not satisfied; Node3: colour attributes not satisfied; Node4: required text not legibly rendered
MB126,sd15,de,False,0.5,True,False,0.0,False,False,0.5,False,,0.0,True,sd15_architectural,False,True,0.5904,0.309,[MB126] NON-COMPLIANT — Node1: required objects absent; (informational only — flat pipeline: Nodes 2-5 still executed); Node2: spatial constraints not satisfied; Node3: colour attributes not satisfied; Node4: SD v1.5 architectural limitation — text rendering unreliable (Phase 1C accuracy=0.1667); scored as 0.0
MB126,flux,de,False,0.5,True,False,0.0,False,True,1.0,False,True,1.0,False,,True,True,0.6112,0.6111,[MB126] NON-COMPLIANT — Node1: required objects absent; (informational only — flat pipeline: Nodes 2-5 still executed); Node2: spatial constraints not satisfied
MB127,sd15,de,False,0.0,True,False,0.0,False,False,0.5,False,,0.0,True,sd15_architectural,False,True,0.5958,0.1596,[MB127] NON-COMPLIANT — Node1: required objects absent; (informational only — flat pipeline: Nodes 2-5 still executed); Node2: spatial constraints not satisfied; Node3: colour attributes not satisfied; Node4: SD v1.5 architectural limitation — text rendering unreliable (Phase 1C accuracy=0.1667); scored as 0.0
MB127,flux,de,False,0.5,True,False,0.0,False,False,0.5,False,False,0.2222,False,,True,True,0.6211,0.3566,[MB127] NON-COMPLIANT — Node1: required objects absent; (informational only — flat pipeline: Nodes 2-5 still executed); Node2: spatial constraints not satisfied; Node3: colour attributes not satisfied; Node4: required text not legibly rendered
MB128,sd15,de,False,0.5,True,False,0.0,False,True,1.0,False,,0.0,True,sd15_architectural,False,True,0.5956,0.4096,[MB128] NON-COMPLIANT — Node1: required objects absent; (informational only — flat pipeline: Nodes 2-5 still executed); Node2: spatial constraints not satisfied; Node4: SD v1.5 architectural limitation — text rendering unreliable (Phase 1C accuracy=0.1667); scored as 0.0
MB128,flux,de,False,0.5,True,False,0.0,False,True,1.0,False,True,1.0,False,,True,True,0.6137,0.6114,[MB128] NON-COMPLIANT — Node1: required objects absent; (informational only — flat pipeline: Nodes 2-5 still executed); Node2: spatial constraints not satisfied
MB129,sd15,de,False,0.5,True,True,1.0,False,False,0.0,False,,0.0,True,sd15_architectural,False,True,0.5967,0.4097,[MB129] NON-COMPLIANT — Node1: required objects absent; (informational only — flat pipeline: Nodes 2-5 still executed); Node3: colour attributes not satisfied; Node4: SD v1.5 architectural limitation — text rendering unreliable (Phase 1C accuracy=0.1667); scored as 0.0
MB129,flux,de,False,0.5,True,False,0.0,False,True,1.0,False,True,0.7273,False,,True,True,0.6107,0.5565,[MB129] NON-COMPLIANT — Node1: required objects absent; (informational only — flat pipeline: Nodes 2-5 still executed); Node2: spatial constraints not satisfied
MB130,sd15,de,True,1.0,False,False,0.0,False,False,0.5,False,,0.0,True,sd15_architectural,False,True,0.6004,0.46,[MB130] NON-COMPLIANT — Node2: spatial constraints not satisfied; Node3: colour attributes not satisfied; Node4: SD v1.5 architectural limitation — text rendering unreliable (Phase 1C accuracy=0.1667); scored as 0.0
MB130,flux,de,True,1.0,False,True,1.0,False,True,1.0,False,True,1.0,False,,True,True,0.6138,0.9614,[MB130] COMPLIANT — all constraints satisfied
MB131,sd15,de,True,1.0,False,True,1.0,False,True,1.0,False,,0.0,True,sd15_architectural,False,True,0.5906,0.7591,[MB131] NON-COMPLIANT — Node4: SD v1.5 architectural limitation — text rendering unreliable (Phase 1C accuracy=0.1667); scored as 0.0
MB131,flux,de,True,1.0,False,True,1.0,False,True,1.0,False,False,0.4615,False,,True,True,0.6112,0.8534,[MB131] NON-COMPLIANT — Node4: required text not legibly rendered
MB132,sd15,de,False,0.5,True,False,0.0,False,False,0.5,False,,0.0,True,sd15_architectural,False,True,0.59,0.309,[MB132] NON-COMPLIANT — Node1: required objects absent; (informational only — flat pipeline: Nodes 2-5 still executed); Node2: spatial constraints not satisfied; Node3: colour attributes not satisfied; Node4: SD v1.5 architectural limitation — text rendering unreliable (Phase 1C accuracy=0.1667); scored as 0.0
MB132,flux,de,True,1.0,False,True,1.0,False,True,1.0,False,False,0.0,False,,True,True,0.6066,0.7607,[MB132] NON-COMPLIANT — Node4: required text not legibly rendered
MB133,sd15,de,False,0.5,True,False,0.0,False,False,0.0,False,,0.0,True,sd15_architectural,False,True,0.5954,0.2095,[MB133] NON-COMPLIANT — Node1: required objects absent; (informational only — flat pipeline: Nodes 2-5 still executed); Node2: spatial constraints not satisfied; Node3: colour attributes not satisfied; Node4: SD v1.5 architectural limitation — text rendering unreliable (Phase 1C accuracy=0.1667); scored as 0.0
MB133,flux,de,True,1.0,False,False,0.0,False,False,0.5,False,True,1.0,False,,True,True,0.6149,0.6615,[MB133] NON-COMPLIANT — Node2: spatial constraints not satisfied; Node3: colour attributes not satisfied
MB134,sd15,de,False,0.0,True,False,0.0,False,True,1.0,False,,0.0,True,sd15_architectural,False,True,0.5945,0.2595,[MB134] NON-COMPLIANT — Node1: required objects absent; (informational only — flat pipeline: Nodes 2-5 still executed); Node2: spatial constraints not satisfied; Node4: SD v1.5 architectural limitation — text rendering unreliable (Phase 1C accuracy=0.1667); scored as 0.0
MB134,flux,de,False,0.5,True,False,0.0,False,False,0.5,False,True,1.0,False,,True,True,0.6145,0.5114,[MB134] NON-COMPLIANT — Node1: required objects absent; (informational only — flat pipeline: Nodes 2-5 still executed); Node2: spatial constraints not satisfied; Node3: colour attributes not satisfied
MB135,sd15,de,False,0.5,True,False,0.0,False,False,0.0,False,,0.0,True,sd15_architectural,False,True,0.5826,0.2083,[MB135] NON-COMPLIANT — Node1: required objects absent; (informational only — flat pipeline: Nodes 2-5 still executed); Node2: spatial constraints not satisfied; Node3: colour attributes not satisfied; Node4: SD v1.5 architectural limitation — text rendering unreliable (Phase 1C accuracy=0.1667); scored as 0.0
MB135,flux,de,False,0.0,True,False,0.0,False,False,0.5,False,True,0.8889,False,,True,True,0.6009,0.3379,[MB135] NON-COMPLIANT — Node1: required objects absent; (informational only — flat pipeline: Nodes 2-5 still executed); Node2: spatial constraints not satisfied; Node3: colour attributes not satisfied
MB136,sd15,de,False,0.0,True,False,0.0,False,False,0.0,False,,0.0,True,sd15_architectural,False,True,0.5908,0.0591,[MB136] NON-COMPLIANT — Node1: required objects absent; (informational only — flat pipeline: Nodes 2-5 still executed); Node2: spatial constraints not satisfied; Node3: colour attributes not satisfied; Node4: SD v1.5 architectural limitation — text rendering unreliable (Phase 1C accuracy=0.1667); scored as 0.0
MB136,flux,de,False,0.0,True,False,0.0,False,False,0.5,False,False,0.2222,False,,True,True,0.6011,0.2046,[MB136] NON-COMPLIANT — Node1: required objects absent; (informational only — flat pipeline: Nodes 2-5 still executed); Node2: spatial constraints not satisfied; Node3: colour attributes not satisfied; Node4: required text not legibly rendered
MB137,sd15,de,False,0.0,True,False,0.0,False,False,0.5,False,,0.0,True,sd15_architectural,False,True,0.6025,0.1603,[MB137] NON-COMPLIANT — Node1: required objects absent; (informational only — flat pipeline: Nodes 2-5 still executed); Node2: spatial constraints not satisfied; Node3: colour attributes not satisfied; Node4: SD v1.5 architectural limitation — text rendering unreliable (Phase 1C accuracy=0.1667); scored as 0.0
MB137,flux,de,True,1.0,False,False,0.0,False,True,1.0,False,False,0.0,False,,True,True,0.6106,0.5611,[MB137] NON-COMPLIANT — Node2: spatial constraints not satisfied; Node4: required text not legibly rendered
MB138,sd15,de,False,0.0,True,False,0.0,False,False,0.5,False,,0.0,True,sd15_architectural,False,True,0.5848,0.1585,[MB138] NON-COMPLIANT — Node1: required objects absent; (informational only — flat pipeline: Nodes 2-5 still executed); Node2: spatial constraints not satisfied; Node3: colour attributes not satisfied; Node4: SD v1.5 architectural limitation — text rendering unreliable (Phase 1C accuracy=0.1667); scored as 0.0
MB138,flux,de,True,1.0,False,True,1.0,False,True,1.0,False,False,0.0,False,,True,True,0.6062,0.7606,[MB138] NON-COMPLIANT — Node4: required text not legibly rendered
MB139,sd15,de,False,0.0,True,False,0.0,False,False,0.0,False,,0.0,True,sd15_architectural,False,True,0.5987,0.0599,[MB139] NON-COMPLIANT — Node1: required objects absent; (informational only — flat pipeline: Nodes 2-5 still executed); Node2: spatial constraints not satisfied; Node3: colour attributes not satisfied; Node4: SD v1.5 architectural limitation — text rendering unreliable (Phase 1C accuracy=0.1667); scored as 0.0
MB139,flux,de,True,1.0,False,True,1.0,False,True,1.0,False,True,0.75,False,,True,True,0.6185,0.9118,[MB139] COMPLIANT — all constraints satisfied
MB140,sd15,de,False,0.5,True,True,1.0,False,True,1.0,False,,0.0,True,sd15_architectural,False,True,0.595,0.6095,[MB140] NON-COMPLIANT — Node1: required objects absent; (informational only — flat pipeline: Nodes 2-5 still executed); Node4: SD v1.5 architectural limitation — text rendering unreliable (Phase 1C accuracy=0.1667); scored as 0.0
MB140,flux,de,False,0.0,True,False,0.0,False,False,0.5,False,False,0.0,False,,True,True,0.611,0.1611,[MB140] NON-COMPLIANT — Node1: required objects absent; (informational only — flat pipeline: Nodes 2-5 still executed); Node2: spatial constraints not satisfied; Node3: colour attributes not satisfied; Node4: required text not legibly rendered
MB141,sd15,de,False,0.5,True,False,0.0,False,True,1.0,False,,0.0,True,sd15_architectural,False,True,0.5986,0.4099,[MB141] NON-COMPLIANT — Node1: required objects absent; (informational only — flat pipeline: Nodes 2-5 still executed); Node2: spatial constraints not satisfied; Node4: SD v1.5 architectural limitation — text rendering unreliable (Phase 1C accuracy=0.1667); scored as 0.0
MB141,flux,de,False,0.5,True,False,0.0,False,False,0.5,False,True,1.0,False,,True,True,0.6036,0.5104,[MB141] NON-COMPLIANT — Node1: required objects absent; (informational only — flat pipeline: Nodes 2-5 still executed); Node2: spatial constraints not satisfied; Node3: colour attributes not satisfied
MB142,sd15,de,False,0.5,True,False,0.0,False,False,0.5,False,,0.0,True,sd15_architectural,False,True,0.5969,0.3097,[MB142] NON-COMPLIANT — Node1: required objects absent; (informational only — flat pipeline: Nodes 2-5 still executed); Node2: spatial constraints not satisfied; Node3: colour attributes not satisfied; Node4: SD v1.5 architectural limitation — text rendering unreliable (Phase 1C accuracy=0.1667); scored as 0.0
MB142,flux,de,True,1.0,False,False,0.0,False,True,1.0,False,False,0.2857,False,,True,True,0.6099,0.6181,[MB142] NON-COMPLIANT — Node2: spatial constraints not satisfied; Node4: required text not legibly rendered
MB143,sd15,de,False,0.0,True,False,0.0,False,False,0.0,False,,0.0,True,sd15_architectural,False,True,0.588,0.0588,[MB143] NON-COMPLIANT — Node1: required objects absent; (informational only — flat pipeline: Nodes 2-5 still executed); Node2: spatial constraints not satisfied; Node3: colour attributes not satisfied; Node4: SD v1.5 architectural limitation — text rendering unreliable (Phase 1C accuracy=0.1667); scored as 0.0
MB143,flux,de,False,0.5,True,False,0.0,False,False,0.5,False,False,0.1818,False,,True,True,0.5884,0.3452,[MB143] NON-COMPLIANT — Node1: required objects absent; (informational only — flat pipeline: Nodes 2-5 still executed); Node2: spatial constraints not satisfied; Node3: colour attributes not satisfied; Node4: required text not legibly rendered
MB144,sd15,de,False,0.0,True,False,0.0,False,True,1.0,False,,0.0,True,sd15_architectural,False,True,0.5889,0.2589,[MB144] NON-COMPLIANT — Node1: required objects absent; (informational only — flat pipeline: Nodes 2-5 still executed); Node2: spatial constraints not satisfied; Node4: SD v1.5 architectural limitation — text rendering unreliable (Phase 1C accuracy=0.1667); scored as 0.0
MB144,flux,de,True,1.0,False,False,0.0,False,True,1.0,False,False,0.0,False,,True,True,0.6213,0.5621,[MB144] NON-COMPLIANT — Node2: spatial constraints not satisfied; Node4: required text not legibly rendered
MB145,sd15,de,False,0.5,True,False,0.0,False,False,0.5,False,,0.0,True,sd15_architectural,False,True,0.5892,0.3089,[MB145] NON-COMPLIANT — Node1: required objects absent; (informational only — flat pipeline: Nodes 2-5 still executed); Node2: spatial constraints not satisfied; Node3: colour attributes not satisfied; Node4: SD v1.5 architectural limitation — text rendering unreliable (Phase 1C accuracy=0.1667); scored as 0.0
MB145,flux,de,False,0.5,True,False,0.0,False,True,1.0,False,True,1.0,False,,True,True,0.6175,0.6118,[MB145] NON-COMPLIANT — Node1: required objects absent; (informational only — flat pipeline: Nodes 2-5 still executed); Node2: spatial constraints not satisfied
MB146,sd15,de,False,0.5,True,False,0.0,False,False,0.5,False,,0.0,True,sd15_architectural,False,True,0.5987,0.3099,[MB146] NON-COMPLIANT — Node1: required objects absent; (informational only — flat pipeline: Nodes 2-5 still executed); Node2: spatial constraints not satisfied; Node3: colour attributes not satisfied; Node4: SD v1.5 architectural limitation — text rendering unreliable (Phase 1C accuracy=0.1667); scored as 0.0
MB146,flux,de,False,0.5,True,False,0.0,False,True,1.0,False,False,0.4444,False,,True,True,0.6195,0.5008,[MB146] NON-COMPLIANT — Node1: required objects absent; (informational only — flat pipeline: Nodes 2-5 still executed); Node2: spatial constraints not satisfied; Node4: required text not legibly rendered
MB147,sd15,de,False,0.0,True,False,0.0,False,False,0.5,False,,0.0,True,sd15_architectural,False,True,0.5903,0.159,[MB147] NON-COMPLIANT — Node1: required objects absent; (informational only — flat pipeline: Nodes 2-5 still executed); Node2: spatial constraints not satisfied; Node3: colour attributes not satisfied; Node4: SD v1.5 architectural limitation — text rendering unreliable (Phase 1C accuracy=0.1667); scored as 0.0
MB147,flux,de,True,1.0,False,True,1.0,False,False,0.5,False,True,1.0,False,,True,True,0.6099,0.861,[MB147] NON-COMPLIANT — Node3: colour attributes not satisfied
MB148,sd15,de,False,0.0,True,False,0.0,False,False,0.0,False,,0.0,True,sd15_architectural,False,True,0.5923,0.0592,[MB148] NON-COMPLIANT — Node1: required objects absent; (informational only — flat pipeline: Nodes 2-5 still executed); Node2: spatial constraints not satisfied; Node3: colour attributes not satisfied; Node4: SD v1.5 architectural limitation — text rendering unreliable (Phase 1C accuracy=0.1667); scored as 0.0
MB148,flux,de,False,0.5,True,False,0.0,False,False,0.5,False,True,0.8889,False,,True,True,0.6064,0.4884,[MB148] NON-COMPLIANT — Node1: required objects absent; (informational only — flat pipeline: Nodes 2-5 still executed); Node2: spatial constraints not satisfied; Node3: colour attributes not satisfied
MB149,sd15,de,False,0.0,True,False,0.0,False,False,0.0,False,,0.0,True,sd15_architectural,False,True,0.5858,0.0586,[MB149] NON-COMPLIANT — Node1: required objects absent; (informational only — flat pipeline: Nodes 2-5 still executed); Node2: spatial constraints not satisfied; Node3: colour attributes not satisfied; Node4: SD v1.5 architectural limitation — text rendering unreliable (Phase 1C accuracy=0.1667); scored as 0.0
MB149,flux,de,False,0.5,True,True,1.0,False,True,1.0,False,False,0.0,False,,True,True,0.6149,0.6115,[MB149] NON-COMPLIANT — Node1: required objects absent; (informational only — flat pipeline: Nodes 2-5 still executed); Node4: required text not legibly rendered
MB150,sd15,de,False,0.5,True,False,0.0,False,False,0.5,False,,0.0,True,sd15_architectural,False,True,0.5918,0.3092,[MB150] NON-COMPLIANT — Node1: required objects absent; (informational only — flat pipeline: Nodes 2-5 still executed); Node2: spatial constraints not satisfied; Node3: colour attributes not satisfied; Node4: SD v1.5 architectural limitation — text rendering unreliable (Phase 1C accuracy=0.1667); scored as 0.0
MB150,flux,de,False,0.5,True,False,0.0,False,True,1.0,False,True,0.8,False,,True,True,0.6061,0.5706,[MB150] NON-COMPLIANT — Node1: required objects absent; (informational only — flat pipeline: Nodes 2-5 still executed); Node2: spatial constraints not satisfied
MB001,sd15,fr,False,0.0,True,False,0.0,False,False,0.0,False,,0.0,True,sd15_architectural,False,True,0.6019,0.0602,[MB001] NON-COMPLIANT — Node1: required objects absent; (informational only — flat pipeline: Nodes 2-5 still executed); Node2: spatial constraints not satisfied; Node3: colour attributes not satisfied; Node4: SD v1.5 architectural limitation — text rendering unreliable (Phase 1C accuracy=0.1667); scored as 0.0
MB001,flux,fr,False,0.5,True,False,0.0,False,False,0.5,False,False,0.0,False,,True,True,0.6143,0.3114,[MB001] NON-COMPLIANT — Node1: required objects absent; (informational only — flat pipeline: Nodes 2-5 still executed); Node2: spatial constraints not satisfied; Node3: colour attributes not satisfied; Node4: required text not legibly rendered
MB002,sd15,fr,False,0.5,True,False,0.0,False,False,0.0,False,,0.0,True,sd15_architectural,False,True,0.6071,0.2107,[MB002] NON-COMPLIANT — Node1: required objects absent; (informational only — flat pipeline: Nodes 2-5 still executed); Node2: spatial constraints not satisfied; Node3: colour attributes not satisfied; Node4: SD v1.5 architectural limitation — text rendering unreliable (Phase 1C accuracy=0.1667); scored as 0.0
MB002,flux,fr,False,0.5,True,False,0.0,False,False,0.5,False,False,0.0,False,,True,True,0.6075,0.3108,[MB002] NON-COMPLIANT — Node1: required objects absent; (informational only — flat pipeline: Nodes 2-5 still executed); Node2: spatial constraints not satisfied; Node3: colour attributes not satisfied; Node4: required text not legibly rendered
MB003,sd15,fr,False,0.5,True,False,0.0,False,False,0.0,False,,0.0,True,sd15_architectural,False,True,0.5959,0.2096,[MB003] NON-COMPLIANT — Node1: required objects absent; (informational only — flat pipeline: Nodes 2-5 still executed); Node2: spatial constraints not satisfied; Node3: colour attributes not satisfied; Node4: SD v1.5 architectural limitation — text rendering unreliable (Phase 1C accuracy=0.1667); scored as 0.0
MB003,flux,fr,True,1.0,False,True,1.0,False,True,1.0,False,True,1.0,False,,True,True,0.6175,0.9617,[MB003] COMPLIANT — all constraints satisfied
MB004,sd15,fr,False,0.5,True,False,0.0,False,False,0.0,False,,0.0,True,sd15_architectural,False,True,0.5932,0.2093,[MB004] NON-COMPLIANT — Node1: required objects absent; (informational only — flat pipeline: Nodes 2-5 still executed); Node2: spatial constraints not satisfied; Node3: colour attributes not satisfied; Node4: SD v1.5 architectural limitation — text rendering unreliable (Phase 1C accuracy=0.1667); scored as 0.0
MB004,flux,fr,True,1.0,False,True,1.0,False,True,1.0,False,True,1.0,False,,True,True,0.6174,0.9617,[MB004] COMPLIANT — all constraints satisfied
MB005,sd15,fr,True,1.0,False,True,1.0,False,False,0.0,False,,0.0,True,sd15_architectural,False,True,0.6048,0.5605,[MB005] NON-COMPLIANT — Node3: colour attributes not satisfied; Node4: SD v1.5 architectural limitation — text rendering unreliable (Phase 1C accuracy=0.1667); scored as 0.0
MB005,flux,fr,True,1.0,False,True,1.0,False,True,1.0,False,False,0.0,False,,True,True,0.6205,0.7621,[MB005] NON-COMPLIANT — Node4: required text not legibly rendered
MB006,sd15,fr,False,0.5,True,False,0.0,False,False,0.0,False,,0.0,True,sd15_architectural,False,True,0.5987,0.2099,[MB006] NON-COMPLIANT — Node1: required objects absent; (informational only — flat pipeline: Nodes 2-5 still executed); Node2: spatial constraints not satisfied; Node3: colour attributes not satisfied; Node4: SD v1.5 architectural limitation — text rendering unreliable (Phase 1C accuracy=0.1667); scored as 0.0
MB006,flux,fr,True,1.0,False,True,1.0,False,False,0.5,False,False,0.0,False,,True,True,0.6163,0.6616,[MB006] NON-COMPLIANT — Node3: colour attributes not satisfied; Node4: required text not legibly rendered
MB007,sd15,fr,False,0.5,True,False,0.0,False,False,0.0,False,,0.0,True,sd15_architectural,False,True,0.6045,0.2104,[MB007] NON-COMPLIANT — Node1: required objects absent; (informational only — flat pipeline: Nodes 2-5 still executed); Node2: spatial constraints not satisfied; Node3: colour attributes not satisfied; Node4: SD v1.5 architectural limitation — text rendering unreliable (Phase 1C accuracy=0.1667); scored as 0.0
MB007,flux,fr,True,1.0,False,True,1.0,False,True,1.0,False,True,1.0,False,,True,True,0.6251,0.9625,[MB007] COMPLIANT — all constraints satisfied
MB008,sd15,fr,False,0.5,True,False,0.0,False,False,0.5,False,,0.0,True,sd15_architectural,False,True,0.5861,0.3086,[MB008] NON-COMPLIANT — Node1: required objects absent; (informational only — flat pipeline: Nodes 2-5 still executed); Node2: spatial constraints not satisfied; Node3: colour attributes not satisfied; Node4: SD v1.5 architectural limitation — text rendering unreliable (Phase 1C accuracy=0.1667); scored as 0.0
MB008,flux,fr,True,1.0,False,True,1.0,False,True,1.0,False,True,1.0,False,,True,True,0.6025,0.9602,[MB008] COMPLIANT — all constraints satisfied
MB009,sd15,fr,False,0.5,True,False,0.0,False,False,0.5,False,,0.0,True,sd15_architectural,False,True,0.6038,0.3104,[MB009] NON-COMPLIANT — Node1: required objects absent; (informational only — flat pipeline: Nodes 2-5 still executed); Node2: spatial constraints not satisfied; Node3: colour attributes not satisfied; Node4: SD v1.5 architectural limitation — text rendering unreliable (Phase 1C accuracy=0.1667); scored as 0.0
MB009,flux,fr,False,0.5,True,False,0.0,False,False,0.5,False,True,0.8,False,,True,True,0.6063,0.4706,[MB009] NON-COMPLIANT — Node1: required objects absent; (informational only — flat pipeline: Nodes 2-5 still executed); Node2: spatial constraints not satisfied; Node3: colour attributes not satisfied
MB010,sd15,fr,False,0.5,True,False,0.0,False,False,0.0,False,,0.0,True,sd15_architectural,False,True,0.5949,0.2095,[MB010] NON-COMPLIANT — Node1: required objects absent; (informational only — flat pipeline: Nodes 2-5 still executed); Node2: spatial constraints not satisfied; Node3: colour attributes not satisfied; Node4: SD v1.5 architectural limitation — text rendering unreliable (Phase 1C accuracy=0.1667); scored as 0.0
MB010,flux,fr,True,1.0,False,True,1.0,False,True,1.0,False,True,1.0,False,,True,True,0.6102,0.961,[MB010] COMPLIANT — all constraints satisfied
MB011,sd15,fr,False,0.5,True,True,1.0,False,False,0.5,False,,0.0,True,sd15_architectural,False,True,0.6144,0.5114,[MB011] NON-COMPLIANT — Node1: required objects absent; (informational only — flat pipeline: Nodes 2-5 still executed); Node3: colour attributes not satisfied; Node4: SD v1.5 architectural limitation — text rendering unreliable (Phase 1C accuracy=0.1667); scored as 0.0
MB011,flux,fr,True,1.0,False,True,1.0,False,True,1.0,False,True,1.0,False,,True,True,0.6294,0.9629,[MB011] COMPLIANT — all constraints satisfied
MB012,sd15,fr,False,0.5,True,False,0.0,False,False,0.5,False,,0.0,True,sd15_architectural,False,True,0.5971,0.3097,[MB012] NON-COMPLIANT — Node1: required objects absent; (informational only — flat pipeline: Nodes 2-5 still executed); Node2: spatial constraints not satisfied; Node3: colour attributes not satisfied; Node4: SD v1.5 architectural limitation — text rendering unreliable (Phase 1C accuracy=0.1667); scored as 0.0
MB012,flux,fr,True,1.0,False,True,1.0,False,True,1.0,False,True,1.0,False,,True,True,0.6203,0.962,[MB012] COMPLIANT — all constraints satisfied
MB013,sd15,fr,False,0.0,True,False,0.0,False,False,0.5,False,,0.0,True,sd15_architectural,False,True,0.5866,0.1587,[MB013] NON-COMPLIANT — Node1: required objects absent; (informational only — flat pipeline: Nodes 2-5 still executed); Node2: spatial constraints not satisfied; Node3: colour attributes not satisfied; Node4: SD v1.5 architectural limitation — text rendering unreliable (Phase 1C accuracy=0.1667); scored as 0.0
MB013,flux,fr,True,1.0,False,False,0.0,False,True,1.0,False,True,1.0,False,,True,True,0.6256,0.7626,[MB013] NON-COMPLIANT — Node2: spatial constraints not satisfied
MB014,sd15,fr,False,0.5,True,False,0.0,False,False,0.5,False,,0.0,True,sd15_architectural,False,True,0.6077,0.3108,[MB014] NON-COMPLIANT — Node1: required objects absent; (informational only — flat pipeline: Nodes 2-5 still executed); Node2: spatial constraints not satisfied; Node3: colour attributes not satisfied; Node4: SD v1.5 architectural limitation — text rendering unreliable (Phase 1C accuracy=0.1667); scored as 0.0
MB014,flux,fr,True,1.0,False,True,1.0,False,True,1.0,False,True,1.0,False,,True,True,0.6146,0.9615,[MB014] COMPLIANT — all constraints satisfied
MB015,sd15,fr,False,0.5,True,False,0.0,False,False,0.5,False,,0.0,True,sd15_architectural,False,True,0.5912,0.3091,[MB015] NON-COMPLIANT — Node1: required objects absent; (informational only — flat pipeline: Nodes 2-5 still executed); Node2: spatial constraints not satisfied; Node3: colour attributes not satisfied; Node4: SD v1.5 architectural limitation — text rendering unreliable (Phase 1C accuracy=0.1667); scored as 0.0
MB015,flux,fr,True,1.0,False,True,1.0,False,True,1.0,False,False,0.0,False,,True,True,0.6258,0.7626,[MB015] NON-COMPLIANT — Node4: required text not legibly rendered
MB016,sd15,fr,False,0.0,True,False,0.0,False,False,0.5,False,,0.0,True,sd15_architectural,False,True,0.6024,0.1602,[MB016] NON-COMPLIANT — Node1: required objects absent; (informational only — flat pipeline: Nodes 2-5 still executed); Node2: spatial constraints not satisfied; Node3: colour attributes not satisfied; Node4: SD v1.5 architectural limitation — text rendering unreliable (Phase 1C accuracy=0.1667); scored as 0.0
MB016,flux,fr,False,0.5,True,False,0.0,False,True,1.0,False,False,0.25,False,,True,True,0.6195,0.4619,[MB016] NON-COMPLIANT — Node1: required objects absent; (informational only — flat pipeline: Nodes 2-5 still executed); Node2: spatial constraints not satisfied; Node4: required text not legibly rendered
MB017,sd15,fr,False,0.5,True,False,0.0,False,False,0.5,False,,0.0,True,sd15_architectural,False,True,0.6093,0.3109,[MB017] NON-COMPLIANT — Node1: required objects absent; (informational only — flat pipeline: Nodes 2-5 still executed); Node2: spatial constraints not satisfied; Node3: colour attributes not satisfied; Node4: SD v1.5 architectural limitation — text rendering unreliable (Phase 1C accuracy=0.1667); scored as 0.0
MB017,flux,fr,False,0.5,True,False,0.0,False,True,1.0,False,True,1.0,False,,True,True,0.6173,0.6117,[MB017] NON-COMPLIANT — Node1: required objects absent; (informational only — flat pipeline: Nodes 2-5 still executed); Node2: spatial constraints not satisfied
MB018,sd15,fr,False,0.5,True,True,1.0,False,False,0.0,False,,0.0,True,sd15_architectural,False,True,0.5904,0.409,[MB018] NON-COMPLIANT — Node1: required objects absent; (informational only — flat pipeline: Nodes 2-5 still executed); Node3: colour attributes not satisfied; Node4: SD v1.5 architectural limitation — text rendering unreliable (Phase 1C accuracy=0.1667); scored as 0.0
MB018,flux,fr,False,0.5,True,False,0.0,False,False,0.0,False,True,1.0,False,,True,True,0.6177,0.4118,[MB018] NON-COMPLIANT — Node1: required objects absent; (informational only — flat pipeline: Nodes 2-5 still executed); Node2: spatial constraints not satisfied; Node3: colour attributes not satisfied
MB019,sd15,fr,True,1.0,False,False,0.0,False,True,1.0,False,,0.0,True,sd15_architectural,False,True,0.5919,0.5592,[MB019] NON-COMPLIANT — Node2: spatial constraints not satisfied; Node4: SD v1.5 architectural limitation — text rendering unreliable (Phase 1C accuracy=0.1667); scored as 0.0
MB019,flux,fr,True,1.0,False,True,1.0,False,True,1.0,False,True,1.0,False,,True,True,0.6128,0.9613,[MB019] COMPLIANT — all constraints satisfied
MB020,sd15,fr,True,1.0,False,True,1.0,False,False,0.5,False,,0.0,True,sd15_architectural,False,True,0.604,0.6604,[MB020] NON-COMPLIANT — Node3: colour attributes not satisfied; Node4: SD v1.5 architectural limitation — text rendering unreliable (Phase 1C accuracy=0.1667); scored as 0.0
MB020,flux,fr,True,1.0,False,False,0.0,False,True,1.0,False,True,0.8889,False,,True,True,0.6149,0.7393,[MB020] NON-COMPLIANT — Node2: spatial constraints not satisfied
MB021,sd15,fr,False,0.0,True,False,0.0,False,False,0.0,False,,0.0,True,sd15_architectural,False,True,0.5963,0.0596,[MB021] NON-COMPLIANT — Node1: required objects absent; (informational only — flat pipeline: Nodes 2-5 still executed); Node2: spatial constraints not satisfied; Node3: colour attributes not satisfied; Node4: SD v1.5 architectural limitation — text rendering unreliable (Phase 1C accuracy=0.1667); scored as 0.0
MB021,flux,fr,True,1.0,False,True,1.0,False,True,1.0,False,True,1.0,False,,True,True,0.6197,0.962,[MB021] COMPLIANT — all constraints satisfied
MB022,sd15,fr,False,0.5,True,True,1.0,False,False,0.5,False,,0.0,True,sd15_architectural,False,True,0.5942,0.5094,[MB022] NON-COMPLIANT — Node1: required objects absent; (informational only — flat pipeline: Nodes 2-5 still executed); Node3: colour attributes not satisfied; Node4: SD v1.5 architectural limitation — text rendering unreliable (Phase 1C accuracy=0.1667); scored as 0.0
MB022,flux,fr,True,1.0,False,True,1.0,False,True,1.0,False,True,1.0,False,,True,True,0.6228,0.9623,[MB022] COMPLIANT — all constraints satisfied
MB023,sd15,fr,False,0.5,True,False,0.0,False,False,0.5,False,,0.0,True,sd15_architectural,False,True,0.5943,0.3094,[MB023] NON-COMPLIANT — Node1: required objects absent; (informational only — flat pipeline: Nodes 2-5 still executed); Node2: spatial constraints not satisfied; Node3: colour attributes not satisfied; Node4: SD v1.5 architectural limitation — text rendering unreliable (Phase 1C accuracy=0.1667); scored as 0.0
MB023,flux,fr,True,1.0,False,True,1.0,False,True,1.0,False,True,1.0,False,,True,True,0.6231,0.9623,[MB023] COMPLIANT — all constraints satisfied
MB024,sd15,fr,False,0.5,True,False,0.0,False,False,0.5,False,,0.0,True,sd15_architectural,False,True,0.6073,0.3107,[MB024] NON-COMPLIANT — Node1: required objects absent; (informational only — flat pipeline: Nodes 2-5 still executed); Node2: spatial constraints not satisfied; Node3: colour attributes not satisfied; Node4: SD v1.5 architectural limitation — text rendering unreliable (Phase 1C accuracy=0.1667); scored as 0.0
MB024,flux,fr,True,1.0,False,True,1.0,False,True,1.0,False,False,0.0,False,,True,True,0.6208,0.7621,[MB024] NON-COMPLIANT — Node4: required text not legibly rendered
MB025,sd15,fr,False,0.5,True,False,0.0,False,False,0.0,False,,0.0,True,sd15_architectural,False,True,0.6001,0.21,[MB025] NON-COMPLIANT — Node1: required objects absent; (informational only — flat pipeline: Nodes 2-5 still executed); Node2: spatial constraints not satisfied; Node3: colour attributes not satisfied; Node4: SD v1.5 architectural limitation — text rendering unreliable (Phase 1C accuracy=0.1667); scored as 0.0
MB025,flux,fr,False,0.5,True,False,0.0,False,False,0.5,False,False,0.4,False,,True,True,0.6126,0.3913,[MB025] NON-COMPLIANT — Node1: required objects absent; (informational only — flat pipeline: Nodes 2-5 still executed); Node2: spatial constraints not satisfied; Node3: colour attributes not satisfied; Node4: required text not legibly rendered
MB026,sd15,fr,False,0.0,True,False,0.0,False,False,0.5,False,,0.0,True,sd15_architectural,False,True,0.592,0.1592,[MB026] NON-COMPLIANT — Node1: required objects absent; (informational only — flat pipeline: Nodes 2-5 still executed); Node2: spatial constraints not satisfied; Node3: colour attributes not satisfied; Node4: SD v1.5 architectural limitation — text rendering unreliable (Phase 1C accuracy=0.1667); scored as 0.0
MB026,flux,fr,False,0.5,True,True,1.0,False,True,1.0,False,True,1.0,False,,True,True,0.6185,0.8118,[MB026] NON-COMPLIANT — Node1: required objects absent; (informational only — flat pipeline: Nodes 2-5 still executed)
MB027,sd15,fr,False,0.5,True,False,0.0,False,True,1.0,False,,0.0,True,sd15_architectural,False,True,0.6007,0.4101,[MB027] NON-COMPLIANT — Node1: required objects absent; (informational only — flat pipeline: Nodes 2-5 still executed); Node2: spatial constraints not satisfied; Node4: SD v1.5 architectural limitation — text rendering unreliable (Phase 1C accuracy=0.1667); scored as 0.0
MB027,flux,fr,True,1.0,False,False,0.0,False,True,1.0,False,True,1.0,False,,True,True,0.6181,0.7618,[MB027] NON-COMPLIANT — Node2: spatial constraints not satisfied
MB028,sd15,fr,False,0.5,True,True,1.0,False,False,0.5,False,,0.0,True,sd15_architectural,False,True,0.604,0.5104,[MB028] NON-COMPLIANT — Node1: required objects absent; (informational only — flat pipeline: Nodes 2-5 still executed); Node3: colour attributes not satisfied; Node4: SD v1.5 architectural limitation — text rendering unreliable (Phase 1C accuracy=0.1667); scored as 0.0
MB028,flux,fr,False,0.5,True,False,0.0,False,True,1.0,False,True,1.0,False,,True,True,0.6158,0.6116,[MB028] NON-COMPLIANT — Node1: required objects absent; (informational only — flat pipeline: Nodes 2-5 still executed); Node2: spatial constraints not satisfied
MB029,sd15,fr,False,0.0,True,False,0.0,False,True,1.0,False,,0.0,True,sd15_architectural,False,True,0.6075,0.2608,[MB029] NON-COMPLIANT — Node1: required objects absent; (informational only — flat pipeline: Nodes 2-5 still executed); Node2: spatial constraints not satisfied; Node4: SD v1.5 architectural limitation — text rendering unreliable (Phase 1C accuracy=0.1667); scored as 0.0
MB029,flux,fr,False,0.5,True,False,0.0,False,True,1.0,False,True,1.0,False,,True,True,0.6189,0.6119,[MB029] NON-COMPLIANT — Node1: required objects absent; (informational only — flat pipeline: Nodes 2-5 still executed); Node2: spatial constraints not satisfied
MB030,sd15,fr,True,1.0,False,False,0.0,False,False,0.0,False,,0.0,True,sd15_architectural,False,True,0.5963,0.3596,[MB030] NON-COMPLIANT — Node2: spatial constraints not satisfied; Node3: colour attributes not satisfied; Node4: SD v1.5 architectural limitation — text rendering unreliable (Phase 1C accuracy=0.1667); scored as 0.0
MB030,flux,fr,True,1.0,False,False,0.0,False,True,1.0,False,False,0.0,False,,True,True,0.6187,0.5619,[MB030] NON-COMPLIANT — Node2: spatial constraints not satisfied; Node4: required text not legibly rendered
MB031,sd15,fr,False,0.0,True,False,0.0,False,False,0.0,False,,0.0,True,sd15_architectural,False,True,0.6092,0.0609,[MB031] NON-COMPLIANT — Node1: required objects absent; (informational only — flat pipeline: Nodes 2-5 still executed); Node2: spatial constraints not satisfied; Node3: colour attributes not satisfied; Node4: SD v1.5 architectural limitation — text rendering unreliable (Phase 1C accuracy=0.1667); scored as 0.0
MB031,flux,fr,True,1.0,False,True,1.0,False,True,1.0,False,True,1.0,False,,True,True,0.6165,0.9616,[MB031] COMPLIANT — all constraints satisfied
MB032,sd15,fr,False,0.5,True,False,0.0,False,False,0.0,False,,0.0,True,sd15_architectural,False,True,0.5967,0.2097,[MB032] NON-COMPLIANT — Node1: required objects absent; (informational only — flat pipeline: Nodes 2-5 still executed); Node2: spatial constraints not satisfied; Node3: colour attributes not satisfied; Node4: SD v1.5 architectural limitation — text rendering unreliable (Phase 1C accuracy=0.1667); scored as 0.0
MB032,flux,fr,True,1.0,False,False,0.0,False,False,0.5,False,True,1.0,False,,True,True,0.6052,0.6605,[MB032] NON-COMPLIANT — Node2: spatial constraints not satisfied; Node3: colour attributes not satisfied
MB033,sd15,fr,False,0.5,True,False,0.0,False,False,0.0,False,,0.0,True,sd15_architectural,False,True,0.5847,0.2085,[MB033] NON-COMPLIANT — Node1: required objects absent; (informational only — flat pipeline: Nodes 2-5 still executed); Node2: spatial constraints not satisfied; Node3: colour attributes not satisfied; Node4: SD v1.5 architectural limitation — text rendering unreliable (Phase 1C accuracy=0.1667); scored as 0.0
MB033,flux,fr,False,0.5,True,False,0.0,False,False,0.5,False,True,1.0,False,,True,True,0.6178,0.5118,[MB033] NON-COMPLIANT — Node1: required objects absent; (informational only — flat pipeline: Nodes 2-5 still executed); Node2: spatial constraints not satisfied; Node3: colour attributes not satisfied
MB034,sd15,fr,False,0.0,True,False,0.0,False,True,1.0,False,,0.0,True,sd15_architectural,False,True,0.5864,0.2586,[MB034] NON-COMPLIANT — Node1: required objects absent; (informational only — flat pipeline: Nodes 2-5 still executed); Node2: spatial constraints not satisfied; Node4: SD v1.5 architectural limitation — text rendering unreliable (Phase 1C accuracy=0.1667); scored as 0.0
MB034,flux,fr,True,1.0,False,True,1.0,False,True,1.0,False,True,1.0,False,,True,True,0.616,0.9616,[MB034] COMPLIANT — all constraints satisfied
MB035,sd15,fr,True,1.0,False,True,1.0,False,False,0.5,False,,0.0,True,sd15_architectural,False,True,0.6155,0.6615,[MB035] NON-COMPLIANT — Node3: colour attributes not satisfied; Node4: SD v1.5 architectural limitation — text rendering unreliable (Phase 1C accuracy=0.1667); scored as 0.0
MB035,flux,fr,False,0.5,True,False,0.0,False,False,0.5,False,False,0.0,False,,True,True,0.6147,0.3115,[MB035] NON-COMPLIANT — Node1: required objects absent; (informational only — flat pipeline: Nodes 2-5 still executed); Node2: spatial constraints not satisfied; Node3: colour attributes not satisfied; Node4: required text not legibly rendered
MB036,sd15,fr,False,0.5,True,False,0.0,False,False,0.5,False,,0.0,True,sd15_architectural,False,True,0.5955,0.3095,[MB036] NON-COMPLIANT — Node1: required objects absent; (informational only — flat pipeline: Nodes 2-5 still executed); Node2: spatial constraints not satisfied; Node3: colour attributes not satisfied; Node4: SD v1.5 architectural limitation — text rendering unreliable (Phase 1C accuracy=0.1667); scored as 0.0
MB036,flux,fr,False,0.5,True,False,0.0,False,False,0.5,False,True,1.0,False,,True,True,0.6066,0.5107,[MB036] NON-COMPLIANT — Node1: required objects absent; (informational only — flat pipeline: Nodes 2-5 still executed); Node2: spatial constraints not satisfied; Node3: colour attributes not satisfied
MB037,sd15,fr,False,0.0,True,False,0.0,False,False,0.0,False,,0.0,True,sd15_architectural,False,True,0.5846,0.0585,[MB037] NON-COMPLIANT — Node1: required objects absent; (informational only — flat pipeline: Nodes 2-5 still executed); Node2: spatial constraints not satisfied; Node3: colour attributes not satisfied; Node4: SD v1.5 architectural limitation — text rendering unreliable (Phase 1C accuracy=0.1667); scored as 0.0
MB037,flux,fr,False,0.5,True,False,0.0,False,False,0.5,False,True,1.0,False,,True,True,0.6095,0.511,[MB037] NON-COMPLIANT — Node1: required objects absent; (informational only — flat pipeline: Nodes 2-5 still executed); Node2: spatial constraints not satisfied; Node3: colour attributes not satisfied
MB038,sd15,fr,False,0.5,True,False,0.0,False,True,1.0,False,,0.0,True,sd15_architectural,False,True,0.6019,0.4102,[MB038] NON-COMPLIANT — Node1: required objects absent; (informational only — flat pipeline: Nodes 2-5 still executed); Node2: spatial constraints not satisfied; Node4: SD v1.5 architectural limitation — text rendering unreliable (Phase 1C accuracy=0.1667); scored as 0.0
MB038,flux,fr,False,0.5,True,False,0.0,False,False,0.5,False,False,0.0,False,,True,True,0.6017,0.3102,[MB038] NON-COMPLIANT — Node1: required objects absent; (informational only — flat pipeline: Nodes 2-5 still executed); Node2: spatial constraints not satisfied; Node3: colour attributes not satisfied; Node4: required text not legibly rendered
MB039,sd15,fr,True,1.0,False,False,0.0,False,False,0.5,False,,0.0,True,sd15_architectural,False,True,0.6023,0.4602,[MB039] NON-COMPLIANT — Node2: spatial constraints not satisfied; Node3: colour attributes not satisfied; Node4: SD v1.5 architectural limitation — text rendering unreliable (Phase 1C accuracy=0.1667); scored as 0.0
MB039,flux,fr,False,0.5,True,False,0.0,False,True,1.0,False,True,1.0,False,,True,True,0.6186,0.6119,[MB039] NON-COMPLIANT — Node1: required objects absent; (informational only — flat pipeline: Nodes 2-5 still executed); Node2: spatial constraints not satisfied
MB040,sd15,fr,False,0.0,True,False,0.0,False,False,0.0,False,,0.0,True,sd15_architectural,False,True,0.5902,0.059,[MB040] NON-COMPLIANT — Node1: required objects absent; (informational only — flat pipeline: Nodes 2-5 still executed); Node2: spatial constraints not satisfied; Node3: colour attributes not satisfied; Node4: SD v1.5 architectural limitation — text rendering unreliable (Phase 1C accuracy=0.1667); scored as 0.0
MB040,flux,fr,False,0.5,True,False,0.0,False,False,0.5,False,True,1.0,False,,True,True,0.6096,0.511,[MB040] NON-COMPLIANT — Node1: required objects absent; (informational only — flat pipeline: Nodes 2-5 still executed); Node2: spatial constraints not satisfied; Node3: colour attributes not satisfied
MB041,sd15,fr,False,0.5,True,False,0.0,False,True,1.0,False,,0.0,True,sd15_architectural,False,True,0.5919,0.4092,[MB041] NON-COMPLIANT — Node1: required objects absent; (informational only — flat pipeline: Nodes 2-5 still executed); Node2: spatial constraints not satisfied; Node4: SD v1.5 architectural limitation — text rendering unreliable (Phase 1C accuracy=0.1667); scored as 0.0
MB041,flux,fr,False,0.5,True,False,0.0,False,False,0.5,False,True,1.0,False,,True,True,0.6075,0.5108,[MB041] NON-COMPLIANT — Node1: required objects absent; (informational only — flat pipeline: Nodes 2-5 still executed); Node2: spatial constraints not satisfied; Node3: colour attributes not satisfied
MB042,sd15,fr,False,0.0,True,False,0.0,False,False,0.5,False,,0.0,True,sd15_architectural,False,True,0.5883,0.1588,[MB042] NON-COMPLIANT — Node1: required objects absent; (informational only — flat pipeline: Nodes 2-5 still executed); Node2: spatial constraints not satisfied; Node3: colour attributes not satisfied; Node4: SD v1.5 architectural limitation — text rendering unreliable (Phase 1C accuracy=0.1667); scored as 0.0
MB042,flux,fr,True,1.0,False,False,0.0,False,True,1.0,False,True,1.0,False,,True,True,0.619,0.7619,[MB042] NON-COMPLIANT — Node2: spatial constraints not satisfied
MB043,sd15,fr,False,0.5,True,False,0.0,False,False,0.5,False,,0.0,True,sd15_architectural,False,True,0.5992,0.3099,[MB043] NON-COMPLIANT — Node1: required objects absent; (informational only — flat pipeline: Nodes 2-5 still executed); Node2: spatial constraints not satisfied; Node3: colour attributes not satisfied; Node4: SD v1.5 architectural limitation — text rendering unreliable (Phase 1C accuracy=0.1667); scored as 0.0
MB043,flux,fr,False,0.5,True,False,0.0,False,False,0.5,False,True,0.6,False,,True,True,0.6098,0.431,[MB043] NON-COMPLIANT — Node1: required objects absent; (informational only — flat pipeline: Nodes 2-5 still executed); Node2: spatial constraints not satisfied; Node3: colour attributes not satisfied
MB044,sd15,fr,False,0.0,True,False,0.0,False,False,0.5,False,,0.0,True,sd15_architectural,False,True,0.593,0.1593,[MB044] NON-COMPLIANT — Node1: required objects absent; (informational only — flat pipeline: Nodes 2-5 still executed); Node2: spatial constraints not satisfied; Node3: colour attributes not satisfied; Node4: SD v1.5 architectural limitation — text rendering unreliable (Phase 1C accuracy=0.1667); scored as 0.0
MB044,flux,fr,True,1.0,False,False,0.0,False,False,0.5,False,False,0.2353,False,,True,True,0.6135,0.5084,[MB044] NON-COMPLIANT — Node2: spatial constraints not satisfied; Node3: colour attributes not satisfied; Node4: required text not legibly rendered
MB045,sd15,fr,False,0.5,True,False,0.0,False,False,0.5,False,,0.0,True,sd15_architectural,False,True,0.5929,0.3093,[MB045] NON-COMPLIANT — Node1: required objects absent; (informational only — flat pipeline: Nodes 2-5 still executed); Node2: spatial constraints not satisfied; Node3: colour attributes not satisfied; Node4: SD v1.5 architectural limitation — text rendering unreliable (Phase 1C accuracy=0.1667); scored as 0.0
MB045,flux,fr,False,0.0,True,False,0.0,False,False,0.5,False,True,0.6154,False,,True,True,0.6019,0.2833,[MB045] NON-COMPLIANT — Node1: required objects absent; (informational only — flat pipeline: Nodes 2-5 still executed); Node2: spatial constraints not satisfied; Node3: colour attributes not satisfied
MB046,sd15,fr,False,0.0,True,False,0.0,False,False,0.0,False,,0.0,True,sd15_architectural,False,True,0.5918,0.0592,[MB046] NON-COMPLIANT — Node1: required objects absent; (informational only — flat pipeline: Nodes 2-5 still executed); Node2: spatial constraints not satisfied; Node3: colour attributes not satisfied; Node4: SD v1.5 architectural limitation — text rendering unreliable (Phase 1C accuracy=0.1667); scored as 0.0
MB046,flux,fr,False,0.5,True,False,0.0,False,True,1.0,False,False,0.0,False,,True,True,0.6011,0.4101,[MB046] NON-COMPLIANT — Node1: required objects absent; (informational only — flat pipeline: Nodes 2-5 still executed); Node2: spatial constraints not satisfied; Node4: required text not legibly rendered
MB047,sd15,fr,True,1.0,False,False,0.0,False,True,1.0,False,,0.0,True,sd15_architectural,False,True,0.5975,0.5597,[MB047] NON-COMPLIANT — Node2: spatial constraints not satisfied; Node4: SD v1.5 architectural limitation — text rendering unreliable (Phase 1C accuracy=0.1667); scored as 0.0
MB047,flux,fr,False,0.5,True,False,0.0,False,True,1.0,False,True,1.0,False,,True,True,0.6009,0.6101,[MB047] NON-COMPLIANT — Node1: required objects absent; (informational only — flat pipeline: Nodes 2-5 still executed); Node2: spatial constraints not satisfied
MB048,sd15,fr,False,0.5,True,True,1.0,False,True,1.0,False,,0.0,True,sd15_architectural,False,True,0.6109,0.6111,[MB048] NON-COMPLIANT — Node1: required objects absent; (informational only — flat pipeline: Nodes 2-5 still executed); Node4: SD v1.5 architectural limitation — text rendering unreliable (Phase 1C accuracy=0.1667); scored as 0.0
MB048,flux,fr,True,1.0,False,False,0.0,False,True,1.0,False,False,0.0,False,,True,True,0.6198,0.562,[MB048] NON-COMPLIANT — Node2: spatial constraints not satisfied; Node4: required text not legibly rendered
MB049,sd15,fr,False,0.5,True,False,0.0,False,False,0.0,False,,0.0,True,sd15_architectural,False,True,0.5999,0.21,[MB049] NON-COMPLIANT — Node1: required objects absent; (informational only — flat pipeline: Nodes 2-5 still executed); Node2: spatial constraints not satisfied; Node3: colour attributes not satisfied; Node4: SD v1.5 architectural limitation — text rendering unreliable (Phase 1C accuracy=0.1667); scored as 0.0
MB049,flux,fr,False,0.0,True,False,0.0,False,False,0.5,False,False,0.0,False,,True,True,0.5934,0.1593,[MB049] NON-COMPLIANT — Node1: required objects absent; (informational only — flat pipeline: Nodes 2-5 still executed); Node2: spatial constraints not satisfied; Node3: colour attributes not satisfied; Node4: required text not legibly rendered
MB050,sd15,fr,False,0.0,True,False,0.0,False,False,0.5,False,,0.0,True,sd15_architectural,False,True,0.5889,0.1589,[MB050] NON-COMPLIANT — Node1: required objects absent; (informational only — flat pipeline: Nodes 2-5 still executed); Node2: spatial constraints not satisfied; Node3: colour attributes not satisfied; Node4: SD v1.5 architectural limitation — text rendering unreliable (Phase 1C accuracy=0.1667); scored as 0.0
MB050,flux,fr,False,0.5,True,False,0.0,False,True,1.0,False,False,0.0,False,,True,True,0.6113,0.4111,[MB050] NON-COMPLIANT — Node1: required objects absent; (informational only — flat pipeline: Nodes 2-5 still executed); Node2: spatial constraints not satisfied; Node4: required text not legibly rendered
MB051,sd15,fr,False,0.0,True,False,0.0,False,False,0.0,False,,0.0,True,sd15_architectural,False,True,0.5967,0.0597,[MB051] NON-COMPLIANT — Node1: required objects absent; (informational only — flat pipeline: Nodes 2-5 still executed); Node2: spatial constraints not satisfied; Node3: colour attributes not satisfied; Node4: SD v1.5 architectural limitation — text rendering unreliable (Phase 1C accuracy=0.1667); scored as 0.0
MB051,flux,fr,False,0.5,True,False,0.0,False,False,0.5,False,True,1.0,False,,True,True,0.6101,0.511,[MB051] NON-COMPLIANT — Node1: required objects absent; (informational only — flat pipeline: Nodes 2-5 still executed); Node2: spatial constraints not satisfied; Node3: colour attributes not satisfied
MB052,sd15,fr,False,0.0,True,False,0.0,False,False,0.0,False,,0.0,True,sd15_architectural,False,True,0.5932,0.0593,[MB052] NON-COMPLIANT — Node1: required objects absent; (informational only — flat pipeline: Nodes 2-5 still executed); Node2: spatial constraints not satisfied; Node3: colour attributes not satisfied; Node4: SD v1.5 architectural limitation — text rendering unreliable (Phase 1C accuracy=0.1667); scored as 0.0
MB052,flux,fr,False,0.5,True,False,0.0,False,False,0.5,False,False,0.0,False,,True,True,0.6008,0.3101,[MB052] NON-COMPLIANT — Node1: required objects absent; (informational only — flat pipeline: Nodes 2-5 still executed); Node2: spatial constraints not satisfied; Node3: colour attributes not satisfied; Node4: required text not legibly rendered
MB053,sd15,fr,False,0.0,True,False,0.0,False,False,0.0,False,,0.0,True,sd15_architectural,False,True,0.596,0.0596,[MB053] NON-COMPLIANT — Node1: required objects absent; (informational only — flat pipeline: Nodes 2-5 still executed); Node2: spatial constraints not satisfied; Node3: colour attributes not satisfied; Node4: SD v1.5 architectural limitation — text rendering unreliable (Phase 1C accuracy=0.1667); scored as 0.0
MB053,flux,fr,False,0.5,True,False,0.0,False,False,0.5,False,True,1.0,False,,True,True,0.6053,0.5105,[MB053] NON-COMPLIANT — Node1: required objects absent; (informational only — flat pipeline: Nodes 2-5 still executed); Node2: spatial constraints not satisfied; Node3: colour attributes not satisfied
MB054,sd15,fr,False,0.0,True,False,0.0,False,True,1.0,False,,0.0,True,sd15_architectural,False,True,0.5993,0.2599,[MB054] NON-COMPLIANT — Node1: required objects absent; (informational only — flat pipeline: Nodes 2-5 still executed); Node2: spatial constraints not satisfied; Node4: SD v1.5 architectural limitation — text rendering unreliable (Phase 1C accuracy=0.1667); scored as 0.0
MB054,flux,fr,False,0.5,True,False,0.0,False,True,1.0,False,True,1.0,False,,True,True,0.6134,0.6113,[MB054] NON-COMPLIANT — Node1: required objects absent; (informational only — flat pipeline: Nodes 2-5 still executed); Node2: spatial constraints not satisfied
MB055,sd15,fr,False,0.5,True,False,0.0,False,False,0.5,False,,0.0,True,sd15_architectural,False,True,0.5968,0.3097,[MB055] NON-COMPLIANT — Node1: required objects absent; (informational only — flat pipeline: Nodes 2-5 still executed); Node2: spatial constraints not satisfied; Node3: colour attributes not satisfied; Node4: SD v1.5 architectural limitation — text rendering unreliable (Phase 1C accuracy=0.1667); scored as 0.0
MB055,flux,fr,False,0.0,True,False,0.0,False,False,0.5,False,True,0.5455,False,,True,True,0.5998,0.2691,[MB055] NON-COMPLIANT — Node1: required objects absent; (informational only — flat pipeline: Nodes 2-5 still executed); Node2: spatial constraints not satisfied; Node3: colour attributes not satisfied
MB056,sd15,fr,False,0.5,True,False,0.0,False,False,0.0,False,,0.0,True,sd15_architectural,False,True,0.5879,0.2088,[MB056] NON-COMPLIANT — Node1: required objects absent; (informational only — flat pipeline: Nodes 2-5 still executed); Node2: spatial constraints not satisfied; Node3: colour attributes not satisfied; Node4: SD v1.5 architectural limitation — text rendering unreliable (Phase 1C accuracy=0.1667); scored as 0.0
MB056,flux,fr,True,1.0,False,True,1.0,False,True,1.0,False,True,1.0,False,,True,True,0.6066,0.9607,[MB056] COMPLIANT — all constraints satisfied
MB057,sd15,fr,False,0.0,True,False,0.0,False,False,0.0,False,,0.0,True,sd15_architectural,False,True,0.5926,0.0593,[MB057] NON-COMPLIANT — Node1: required objects absent; (informational only — flat pipeline: Nodes 2-5 still executed); Node2: spatial constraints not satisfied; Node3: colour attributes not satisfied; Node4: SD v1.5 architectural limitation — text rendering unreliable (Phase 1C accuracy=0.1667); scored as 0.0
MB057,flux,fr,True,1.0,False,True,1.0,False,True,1.0,False,True,1.0,False,,True,True,0.6106,0.9611,[MB057] COMPLIANT — all constraints satisfied
MB058,sd15,fr,False,0.5,True,False,0.0,False,True,1.0,False,,0.0,True,sd15_architectural,False,True,0.6045,0.4104,[MB058] NON-COMPLIANT — Node1: required objects absent; (informational only — flat pipeline: Nodes 2-5 still executed); Node2: spatial constraints not satisfied; Node4: SD v1.5 architectural limitation — text rendering unreliable (Phase 1C accuracy=0.1667); scored as 0.0
MB058,flux,fr,False,0.5,True,False,0.0,False,False,0.5,False,True,1.0,False,,True,True,0.6103,0.511,[MB058] NON-COMPLIANT — Node1: required objects absent; (informational only — flat pipeline: Nodes 2-5 still executed); Node2: spatial constraints not satisfied; Node3: colour attributes not satisfied
MB059,sd15,fr,False,0.0,True,False,0.0,False,False,0.0,False,,0.0,True,sd15_architectural,False,True,0.6049,0.0605,[MB059] NON-COMPLIANT — Node1: required objects absent; (informational only — flat pipeline: Nodes 2-5 still executed); Node2: spatial constraints not satisfied; Node3: colour attributes not satisfied; Node4: SD v1.5 architectural limitation — text rendering unreliable (Phase 1C accuracy=0.1667); scored as 0.0
MB059,flux,fr,False,0.0,True,False,0.0,False,True,1.0,False,True,1.0,False,,True,True,0.6153,0.4615,[MB059] NON-COMPLIANT — Node1: required objects absent; (informational only — flat pipeline: Nodes 2-5 still executed); Node2: spatial constraints not satisfied
MB060,sd15,fr,True,1.0,False,False,0.0,False,True,1.0,False,,0.0,True,sd15_architectural,False,True,0.6045,0.5605,[MB060] NON-COMPLIANT — Node2: spatial constraints not satisfied; Node4: SD v1.5 architectural limitation — text rendering unreliable (Phase 1C accuracy=0.1667); scored as 0.0
MB060,flux,fr,False,0.5,True,False,0.0,False,True,1.0,False,True,1.0,False,,True,True,0.614,0.6114,[MB060] NON-COMPLIANT — Node1: required objects absent; (informational only — flat pipeline: Nodes 2-5 still executed); Node2: spatial constraints not satisfied
MB061,sd15,fr,False,0.5,True,False,0.0,False,False,0.5,False,,0.0,True,sd15_architectural,False,True,0.6109,0.3111,[MB061] NON-COMPLIANT — Node1: required objects absent; (informational only — flat pipeline: Nodes 2-5 still executed); Node2: spatial constraints not satisfied; Node3: colour attributes not satisfied; Node4: SD v1.5 architectural limitation — text rendering unreliable (Phase 1C accuracy=0.1667); scored as 0.0
MB061,flux,fr,True,1.0,False,True,1.0,False,True,1.0,False,True,0.5714,False,,True,True,0.6244,0.8767,[MB061] COMPLIANT — all constraints satisfied
MB062,sd15,fr,False,0.5,True,False,0.0,False,False,0.0,False,,0.0,True,sd15_architectural,False,True,0.5943,0.2094,[MB062] NON-COMPLIANT — Node1: required objects absent; (informational only — flat pipeline: Nodes 2-5 still executed); Node2: spatial constraints not satisfied; Node3: colour attributes not satisfied; Node4: SD v1.5 architectural limitation — text rendering unreliable (Phase 1C accuracy=0.1667); scored as 0.0
MB062,flux,fr,True,1.0,False,True,1.0,False,True,1.0,False,True,1.0,False,,True,True,0.6186,0.9619,[MB062] COMPLIANT — all constraints satisfied
MB063,sd15,fr,False,0.5,True,False,0.0,False,False,0.5,False,,0.0,True,sd15_architectural,False,True,0.5999,0.31,[MB063] NON-COMPLIANT — Node1: required objects absent; (informational only — flat pipeline: Nodes 2-5 still executed); Node2: spatial constraints not satisfied; Node3: colour attributes not satisfied; Node4: SD v1.5 architectural limitation — text rendering unreliable (Phase 1C accuracy=0.1667); scored as 0.0
MB063,flux,fr,True,1.0,False,True,1.0,False,True,1.0,False,False,0.2857,False,,True,True,0.626,0.8197,[MB063] NON-COMPLIANT — Node4: required text not legibly rendered
MB064,sd15,fr,True,1.0,False,False,0.0,False,True,1.0,False,,0.0,True,sd15_architectural,False,True,0.6111,0.5611,[MB064] NON-COMPLIANT — Node2: spatial constraints not satisfied; Node4: SD v1.5 architectural limitation — text rendering unreliable (Phase 1C accuracy=0.1667); scored as 0.0
MB064,flux,fr,True,1.0,False,False,0.0,False,True,1.0,False,True,1.0,False,,True,True,0.6214,0.7621,[MB064] NON-COMPLIANT — Node2: spatial constraints not satisfied
MB065,sd15,fr,False,0.5,True,False,0.0,False,False,0.0,False,,0.0,True,sd15_architectural,False,True,0.5936,0.2094,[MB065] NON-COMPLIANT — Node1: required objects absent; (informational only — flat pipeline: Nodes 2-5 still executed); Node2: spatial constraints not satisfied; Node3: colour attributes not satisfied; Node4: SD v1.5 architectural limitation — text rendering unreliable (Phase 1C accuracy=0.1667); scored as 0.0
MB065,flux,fr,True,1.0,False,True,1.0,False,False,0.5,False,True,0.9091,False,,True,True,0.6135,0.8432,[MB065] NON-COMPLIANT — Node3: colour attributes not satisfied
MB066,sd15,fr,False,0.5,True,False,0.0,False,False,0.5,False,,0.0,True,sd15_architectural,False,True,0.6026,0.3103,[MB066] NON-COMPLIANT — Node1: required objects absent; (informational only — flat pipeline: Nodes 2-5 still executed); Node2: spatial constraints not satisfied; Node3: colour attributes not satisfied; Node4: SD v1.5 architectural limitation — text rendering unreliable (Phase 1C accuracy=0.1667); scored as 0.0
MB066,flux,fr,True,1.0,False,True,1.0,False,True,1.0,False,True,1.0,False,,True,True,0.6073,0.9607,[MB066] COMPLIANT — all constraints satisfied
MB067,sd15,fr,False,0.5,True,False,0.0,False,False,0.0,False,,0.0,True,sd15_architectural,False,True,0.5996,0.21,[MB067] NON-COMPLIANT — Node1: required objects absent; (informational only — flat pipeline: Nodes 2-5 still executed); Node2: spatial constraints not satisfied; Node3: colour attributes not satisfied; Node4: SD v1.5 architectural limitation — text rendering unreliable (Phase 1C accuracy=0.1667); scored as 0.0
MB067,flux,fr,True,1.0,False,True,1.0,False,True,1.0,False,True,1.0,False,,True,True,0.622,0.9622,[MB067] COMPLIANT — all constraints satisfied
MB068,sd15,fr,False,0.0,True,False,0.0,False,False,0.5,False,,0.0,True,sd15_architectural,False,True,0.5942,0.1594,[MB068] NON-COMPLIANT — Node1: required objects absent; (informational only — flat pipeline: Nodes 2-5 still executed); Node2: spatial constraints not satisfied; Node3: colour attributes not satisfied; Node4: SD v1.5 architectural limitation — text rendering unreliable (Phase 1C accuracy=0.1667); scored as 0.0
MB068,flux,fr,False,0.5,True,True,1.0,False,True,1.0,False,True,0.75,False,,True,True,0.6128,0.7613,[MB068] NON-COMPLIANT — Node1: required objects absent; (informational only — flat pipeline: Nodes 2-5 still executed)
MB069,sd15,fr,False,0.5,True,False,0.0,False,False,0.5,False,,0.0,True,sd15_architectural,False,True,0.6028,0.3103,[MB069] NON-COMPLIANT — Node1: required objects absent; (informational only — flat pipeline: Nodes 2-5 still executed); Node2: spatial constraints not satisfied; Node3: colour attributes not satisfied; Node4: SD v1.5 architectural limitation — text rendering unreliable (Phase 1C accuracy=0.1667); scored as 0.0
MB069,flux,fr,False,0.5,True,False,0.0,False,False,0.5,False,False,0.2857,False,,True,True,0.6069,0.3678,[MB069] NON-COMPLIANT — Node1: required objects absent; (informational only — flat pipeline: Nodes 2-5 still executed); Node2: spatial constraints not satisfied; Node3: colour attributes not satisfied; Node4: required text not legibly rendered
MB070,sd15,fr,False,0.5,True,False,0.0,False,False,0.5,False,,0.0,True,sd15_architectural,False,True,0.6128,0.3113,[MB070] NON-COMPLIANT — Node1: required objects absent; (informational only — flat pipeline: Nodes 2-5 still executed); Node2: spatial constraints not satisfied; Node3: colour attributes not satisfied; Node4: SD v1.5 architectural limitation — text rendering unreliable (Phase 1C accuracy=0.1667); scored as 0.0
MB070,flux,fr,False,0.5,True,False,0.0,False,True,1.0,False,False,0.2,False,,True,True,0.6261,0.4526,[MB070] NON-COMPLIANT — Node1: required objects absent; (informational only — flat pipeline: Nodes 2-5 still executed); Node2: spatial constraints not satisfied; Node4: required text not legibly rendered
MB071,sd15,fr,False,0.5,True,False,0.0,False,False,0.5,False,,0.0,True,sd15_architectural,False,True,0.5953,0.3095,[MB071] NON-COMPLIANT — Node1: required objects absent; (informational only — flat pipeline: Nodes 2-5 still executed); Node2: spatial constraints not satisfied; Node3: colour attributes not satisfied; Node4: SD v1.5 architectural limitation — text rendering unreliable (Phase 1C accuracy=0.1667); scored as 0.0
MB071,flux,fr,True,1.0,False,True,1.0,False,True,1.0,False,True,1.0,False,,True,True,0.6164,0.9616,[MB071] COMPLIANT — all constraints satisfied
MB072,sd15,fr,False,0.0,True,False,0.0,False,False,0.0,False,,0.0,True,sd15_architectural,False,True,0.5962,0.0596,[MB072] NON-COMPLIANT — Node1: required objects absent; (informational only — flat pipeline: Nodes 2-5 still executed); Node2: spatial constraints not satisfied; Node3: colour attributes not satisfied; Node4: SD v1.5 architectural limitation — text rendering unreliable (Phase 1C accuracy=0.1667); scored as 0.0
MB072,flux,fr,False,0.5,True,False,0.0,False,True,1.0,False,False,0.0,False,,True,True,0.6164,0.4116,[MB072] NON-COMPLIANT — Node1: required objects absent; (informational only — flat pipeline: Nodes 2-5 still executed); Node2: spatial constraints not satisfied; Node4: required text not legibly rendered
MB073,sd15,fr,False,0.5,True,False,0.0,False,False,0.0,False,,0.0,True,sd15_architectural,False,True,0.5985,0.2099,[MB073] NON-COMPLIANT — Node1: required objects absent; (informational only — flat pipeline: Nodes 2-5 still executed); Node2: spatial constraints not satisfied; Node3: colour attributes not satisfied; Node4: SD v1.5 architectural limitation — text rendering unreliable (Phase 1C accuracy=0.1667); scored as 0.0
MB073,flux,fr,False,0.5,True,False,0.0,False,False,0.5,False,False,0.4,False,,True,True,0.617,0.3917,[MB073] NON-COMPLIANT — Node1: required objects absent; (informational only — flat pipeline: Nodes 2-5 still executed); Node2: spatial constraints not satisfied; Node3: colour attributes not satisfied; Node4: required text not legibly rendered
MB074,sd15,fr,True,1.0,False,True,1.0,False,False,0.0,False,,0.0,True,sd15_architectural,False,True,0.6033,0.5603,[MB074] NON-COMPLIANT — Node3: colour attributes not satisfied; Node4: SD v1.5 architectural limitation — text rendering unreliable (Phase 1C accuracy=0.1667); scored as 0.0
MB074,flux,fr,False,0.0,True,False,0.0,False,False,0.5,False,True,1.0,False,,True,True,0.6103,0.361,[MB074] NON-COMPLIANT — Node1: required objects absent; (informational only — flat pipeline: Nodes 2-5 still executed); Node2: spatial constraints not satisfied; Node3: colour attributes not satisfied
MB075,sd15,fr,False,0.0,True,False,0.0,False,False,0.0,False,,0.0,True,sd15_architectural,False,True,0.6018,0.0602,[MB075] NON-COMPLIANT — Node1: required objects absent; (informational only — flat pipeline: Nodes 2-5 still executed); Node2: spatial constraints not satisfied; Node3: colour attributes not satisfied; Node4: SD v1.5 architectural limitation — text rendering unreliable (Phase 1C accuracy=0.1667); scored as 0.0
MB075,flux,fr,True,1.0,False,True,1.0,False,True,1.0,False,False,0.3333,False,,True,True,0.6164,0.8283,[MB075] NON-COMPLIANT — Node4: required text not legibly rendered
MB076,sd15,fr,False,0.5,True,False,0.0,False,False,0.5,False,,0.0,True,sd15_architectural,False,True,0.5988,0.3099,[MB076] NON-COMPLIANT — Node1: required objects absent; (informational only — flat pipeline: Nodes 2-5 still executed); Node2: spatial constraints not satisfied; Node3: colour attributes not satisfied; Node4: SD v1.5 architectural limitation — text rendering unreliable (Phase 1C accuracy=0.1667); scored as 0.0
MB076,flux,fr,False,0.0,True,False,0.0,False,False,0.5,False,True,1.0,False,,True,True,0.5953,0.3595,[MB076] NON-COMPLIANT — Node1: required objects absent; (informational only — flat pipeline: Nodes 2-5 still executed); Node2: spatial constraints not satisfied; Node3: colour attributes not satisfied
MB077,sd15,fr,True,1.0,False,True,1.0,False,False,0.5,False,,0.0,True,sd15_architectural,False,True,0.6065,0.6606,[MB077] NON-COMPLIANT — Node3: colour attributes not satisfied; Node4: SD v1.5 architectural limitation — text rendering unreliable (Phase 1C accuracy=0.1667); scored as 0.0
MB077,flux,fr,True,1.0,False,True,1.0,False,True,1.0,False,True,1.0,False,,True,True,0.623,0.9623,[MB077] COMPLIANT — all constraints satisfied
MB078,sd15,fr,False,0.5,True,False,0.0,False,False,0.5,False,,0.0,True,sd15_architectural,False,True,0.5986,0.3099,[MB078] NON-COMPLIANT — Node1: required objects absent; (informational only — flat pipeline: Nodes 2-5 still executed); Node2: spatial constraints not satisfied; Node3: colour attributes not satisfied; Node4: SD v1.5 architectural limitation — text rendering unreliable (Phase 1C accuracy=0.1667); scored as 0.0
MB078,flux,fr,False,0.5,True,False,0.0,False,False,0.5,False,True,0.75,False,,True,True,0.6137,0.4614,[MB078] NON-COMPLIANT — Node1: required objects absent; (informational only — flat pipeline: Nodes 2-5 still executed); Node2: spatial constraints not satisfied; Node3: colour attributes not satisfied
MB079,sd15,fr,True,1.0,False,True,1.0,False,False,0.5,False,,0.0,True,sd15_architectural,False,True,0.5894,0.6589,[MB079] NON-COMPLIANT — Node3: colour attributes not satisfied; Node4: SD v1.5 architectural limitation — text rendering unreliable (Phase 1C accuracy=0.1667); scored as 0.0
MB079,flux,fr,True,1.0,False,False,0.0,False,True,1.0,False,True,0.6,False,,True,True,0.6135,0.6814,[MB079] NON-COMPLIANT — Node2: spatial constraints not satisfied
MB080,sd15,fr,False,0.5,True,False,0.0,False,False,0.5,False,,0.0,True,sd15_architectural,False,True,0.605,0.3105,[MB080] NON-COMPLIANT — Node1: required objects absent; (informational only — flat pipeline: Nodes 2-5 still executed); Node2: spatial constraints not satisfied; Node3: colour attributes not satisfied; Node4: SD v1.5 architectural limitation — text rendering unreliable (Phase 1C accuracy=0.1667); scored as 0.0
MB080,flux,fr,True,1.0,False,True,1.0,False,True,1.0,False,True,0.75,False,,True,True,0.6201,0.912,[MB080] COMPLIANT — all constraints satisfied
MB081,sd15,fr,False,0.5,True,False,0.0,False,False,0.5,False,,0.0,True,sd15_architectural,False,True,0.5915,0.3092,[MB081] NON-COMPLIANT — Node1: required objects absent; (informational only — flat pipeline: Nodes 2-5 still executed); Node2: spatial constraints not satisfied; Node3: colour attributes not satisfied; Node4: SD v1.5 architectural limitation — text rendering unreliable (Phase 1C accuracy=0.1667); scored as 0.0
MB081,flux,fr,True,1.0,False,True,1.0,False,True,1.0,False,False,0.2857,False,,True,True,0.6081,0.8179,[MB081] NON-COMPLIANT — Node4: required text not legibly rendered
MB082,sd15,fr,False,0.5,True,False,0.0,False,False,0.5,False,,0.0,True,sd15_architectural,False,True,0.603,0.3103,[MB082] NON-COMPLIANT — Node1: required objects absent; (informational only — flat pipeline: Nodes 2-5 still executed); Node2: spatial constraints not satisfied; Node3: colour attributes not satisfied; Node4: SD v1.5 architectural limitation — text rendering unreliable (Phase 1C accuracy=0.1667); scored as 0.0
MB082,flux,fr,False,0.5,True,False,0.0,False,False,0.5,False,True,0.8889,False,,True,True,0.6142,0.4892,[MB082] NON-COMPLIANT — Node1: required objects absent; (informational only — flat pipeline: Nodes 2-5 still executed); Node2: spatial constraints not satisfied; Node3: colour attributes not satisfied
MB083,sd15,fr,True,1.0,False,True,1.0,False,False,0.5,False,,0.0,True,sd15_architectural,False,True,0.5786,0.6579,[MB083] NON-COMPLIANT — Node3: colour attributes not satisfied; Node4: SD v1.5 architectural limitation — text rendering unreliable (Phase 1C accuracy=0.1667); scored as 0.0
MB083,flux,fr,False,0.5,True,False,0.0,False,False,0.5,False,False,0.0,False,,True,True,0.603,0.3103,[MB083] NON-COMPLIANT — Node1: required objects absent; (informational only — flat pipeline: Nodes 2-5 still executed); Node2: spatial constraints not satisfied; Node3: colour attributes not satisfied; Node4: required text not legibly rendered
MB084,sd15,fr,False,0.5,True,False,0.0,False,False,0.0,False,,0.0,True,sd15_architectural,False,True,0.6004,0.21,[MB084] NON-COMPLIANT — Node1: required objects absent; (informational only — flat pipeline: Nodes 2-5 still executed); Node2: spatial constraints not satisfied; Node3: colour attributes not satisfied; Node4: SD v1.5 architectural limitation — text rendering unreliable (Phase 1C accuracy=0.1667); scored as 0.0
MB084,flux,fr,True,1.0,False,True,1.0,False,True,1.0,False,True,1.0,False,,True,True,0.6155,0.9615,[MB084] COMPLIANT — all constraints satisfied
MB085,sd15,fr,True,1.0,False,False,0.0,False,False,0.5,False,,0.0,True,sd15_architectural,False,True,0.5993,0.4599,[MB085] NON-COMPLIANT — Node2: spatial constraints not satisfied; Node3: colour attributes not satisfied; Node4: SD v1.5 architectural limitation — text rendering unreliable (Phase 1C accuracy=0.1667); scored as 0.0
MB085,flux,fr,True,1.0,False,False,0.0,False,True,1.0,False,True,0.6667,False,,True,True,0.6103,0.6944,[MB085] NON-COMPLIANT — Node2: spatial constraints not satisfied
MB086,sd15,fr,False,0.0,True,False,0.0,False,False,0.0,False,,0.0,True,sd15_architectural,False,True,0.6014,0.0601,[MB086] NON-COMPLIANT — Node1: required objects absent; (informational only — flat pipeline: Nodes 2-5 still executed); Node2: spatial constraints not satisfied; Node3: colour attributes not satisfied; Node4: SD v1.5 architectural limitation — text rendering unreliable (Phase 1C accuracy=0.1667); scored as 0.0
MB086,flux,fr,False,0.5,True,False,0.0,False,False,0.5,False,True,1.0,False,,True,True,0.6073,0.5107,[MB086] NON-COMPLIANT — Node1: required objects absent; (informational only — flat pipeline: Nodes 2-5 still executed); Node2: spatial constraints not satisfied; Node3: colour attributes not satisfied
MB087,sd15,fr,False,0.5,True,False,0.0,False,False,0.5,False,,0.0,True,sd15_architectural,False,True,0.6065,0.3106,[MB087] NON-COMPLIANT — Node1: required objects absent; (informational only — flat pipeline: Nodes 2-5 still executed); Node2: spatial constraints not satisfied; Node3: colour attributes not satisfied; Node4: SD v1.5 architectural limitation — text rendering unreliable (Phase 1C accuracy=0.1667); scored as 0.0
MB087,flux,fr,True,1.0,False,True,1.0,False,True,1.0,False,False,0.2857,False,,True,True,0.6204,0.8192,[MB087] NON-COMPLIANT — Node4: required text not legibly rendered
MB088,sd15,fr,True,1.0,False,True,1.0,False,False,0.0,False,,0.0,True,sd15_architectural,False,True,0.5975,0.5597,[MB088] NON-COMPLIANT — Node3: colour attributes not satisfied; Node4: SD v1.5 architectural limitation — text rendering unreliable (Phase 1C accuracy=0.1667); scored as 0.0
MB088,flux,fr,False,0.5,True,False,0.0,False,False,0.0,False,True,1.0,False,,True,True,0.6008,0.4101,[MB088] NON-COMPLIANT — Node1: required objects absent; (informational only — flat pipeline: Nodes 2-5 still executed); Node2: spatial constraints not satisfied; Node3: colour attributes not satisfied
MB089,sd15,fr,False,0.5,True,False,0.0,False,False,0.0,False,,0.0,True,sd15_architectural,False,True,0.6035,0.2104,[MB089] NON-COMPLIANT — Node1: required objects absent; (informational only — flat pipeline: Nodes 2-5 still executed); Node2: spatial constraints not satisfied; Node3: colour attributes not satisfied; Node4: SD v1.5 architectural limitation — text rendering unreliable (Phase 1C accuracy=0.1667); scored as 0.0
MB089,flux,fr,True,1.0,False,False,0.0,False,True,1.0,False,True,1.0,False,,True,True,0.6233,0.7623,[MB089] NON-COMPLIANT — Node2: spatial constraints not satisfied
MB090,sd15,fr,False,0.5,True,False,0.0,False,False,0.0,False,,0.0,True,sd15_architectural,False,True,0.6015,0.2102,[MB090] NON-COMPLIANT — Node1: required objects absent; (informational only — flat pipeline: Nodes 2-5 still executed); Node2: spatial constraints not satisfied; Node3: colour attributes not satisfied; Node4: SD v1.5 architectural limitation — text rendering unreliable (Phase 1C accuracy=0.1667); scored as 0.0
MB090,flux,fr,True,1.0,False,True,1.0,False,True,1.0,False,False,0.0,False,,True,True,0.6152,0.7615,[MB090] NON-COMPLIANT — Node4: required text not legibly rendered
MB091,sd15,fr,False,0.0,True,False,0.0,False,False,0.5,False,,0.0,True,sd15_architectural,False,True,0.5899,0.159,[MB091] NON-COMPLIANT — Node1: required objects absent; (informational only — flat pipeline: Nodes 2-5 still executed); Node2: spatial constraints not satisfied; Node3: colour attributes not satisfied; Node4: SD v1.5 architectural limitation — text rendering unreliable (Phase 1C accuracy=0.1667); scored as 0.0
MB091,flux,fr,True,1.0,False,True,1.0,False,True,1.0,False,True,1.0,False,,True,True,0.6156,0.9616,[MB091] COMPLIANT — all constraints satisfied
MB092,sd15,fr,True,1.0,False,True,1.0,False,True,1.0,False,,0.0,True,sd15_architectural,False,True,0.6038,0.7604,[MB092] NON-COMPLIANT — Node4: SD v1.5 architectural limitation — text rendering unreliable (Phase 1C accuracy=0.1667); scored as 0.0
MB092,flux,fr,True,1.0,False,True,1.0,False,True,1.0,False,True,1.0,False,,True,True,0.6225,0.9622,[MB092] COMPLIANT — all constraints satisfied
MB093,sd15,fr,False,0.5,True,False,0.0,False,False,0.0,False,,0.0,True,sd15_architectural,False,True,0.5976,0.2098,[MB093] NON-COMPLIANT — Node1: required objects absent; (informational only — flat pipeline: Nodes 2-5 still executed); Node2: spatial constraints not satisfied; Node3: colour attributes not satisfied; Node4: SD v1.5 architectural limitation — text rendering unreliable (Phase 1C accuracy=0.1667); scored as 0.0
MB093,flux,fr,True,1.0,False,True,1.0,False,False,0.5,False,False,0.0,False,,True,True,0.614,0.6614,[MB093] NON-COMPLIANT — Node3: colour attributes not satisfied; Node4: required text not legibly rendered
MB094,sd15,fr,False,0.5,True,False,0.0,False,False,0.5,False,,0.0,True,sd15_architectural,False,True,0.5955,0.3095,[MB094] NON-COMPLIANT — Node1: required objects absent; (informational only — flat pipeline: Nodes 2-5 still executed); Node2: spatial constraints not satisfied; Node3: colour attributes not satisfied; Node4: SD v1.5 architectural limitation — text rendering unreliable (Phase 1C accuracy=0.1667); scored as 0.0
MB094,flux,fr,True,1.0,False,True,1.0,False,True,1.0,False,False,0.4,False,,True,True,0.6203,0.842,[MB094] NON-COMPLIANT — Node4: required text not legibly rendered
MB095,sd15,fr,False,0.5,True,False,0.0,False,True,1.0,False,,0.0,True,sd15_architectural,False,True,0.5946,0.4095,[MB095] NON-COMPLIANT — Node1: required objects absent; (informational only — flat pipeline: Nodes 2-5 still executed); Node2: spatial constraints not satisfied; Node4: SD v1.5 architectural limitation — text rendering unreliable (Phase 1C accuracy=0.1667); scored as 0.0
MB095,flux,fr,False,0.5,True,True,1.0,False,True,1.0,False,False,0.0,False,,True,True,0.6159,0.6116,[MB095] NON-COMPLIANT — Node1: required objects absent; (informational only — flat pipeline: Nodes 2-5 still executed); Node4: required text not legibly rendered
MB096,sd15,fr,False,0.0,True,False,0.0,False,False,0.5,False,,0.0,True,sd15_architectural,False,True,0.5977,0.1598,[MB096] NON-COMPLIANT — Node1: required objects absent; (informational only — flat pipeline: Nodes 2-5 still executed); Node2: spatial constraints not satisfied; Node3: colour attributes not satisfied; Node4: SD v1.5 architectural limitation — text rendering unreliable (Phase 1C accuracy=0.1667); scored as 0.0
MB096,flux,fr,False,0.0,True,False,0.0,False,False,0.0,False,False,0.0,False,,True,True,0.6097,0.061,[MB096] NON-COMPLIANT — Node1: required objects absent; (informational only — flat pipeline: Nodes 2-5 still executed); Node2: spatial constraints not satisfied; Node3: colour attributes not satisfied; Node4: required text not legibly rendered
MB097,sd15,fr,False,0.0,True,False,0.0,False,False,0.0,False,,0.0,True,sd15_architectural,False,True,0.5938,0.0594,[MB097] NON-COMPLIANT — Node1: required objects absent; (informational only — flat pipeline: Nodes 2-5 still executed); Node2: spatial constraints not satisfied; Node3: colour attributes not satisfied; Node4: SD v1.5 architectural limitation — text rendering unreliable (Phase 1C accuracy=0.1667); scored as 0.0
MB097,flux,fr,True,1.0,False,True,1.0,False,True,1.0,False,False,0.0,False,,True,True,0.6131,0.7613,[MB097] NON-COMPLIANT — Node4: required text not legibly rendered
MB098,sd15,fr,False,0.0,True,False,0.0,False,False,0.0,False,,0.0,True,sd15_architectural,False,True,0.6019,0.0602,[MB098] NON-COMPLIANT — Node1: required objects absent; (informational only — flat pipeline: Nodes 2-5 still executed); Node2: spatial constraints not satisfied; Node3: colour attributes not satisfied; Node4: SD v1.5 architectural limitation — text rendering unreliable (Phase 1C accuracy=0.1667); scored as 0.0
MB098,flux,fr,False,0.5,True,False,0.0,False,False,0.0,False,False,0.0,False,,True,True,0.6055,0.2106,[MB098] NON-COMPLIANT — Node1: required objects absent; (informational only — flat pipeline: Nodes 2-5 still executed); Node2: spatial constraints not satisfied; Node3: colour attributes not satisfied; Node4: required text not legibly rendered
MB099,sd15,fr,False,0.0,True,False,0.0,False,False,0.5,False,,0.0,True,sd15_architectural,False,True,0.5982,0.1598,[MB099] NON-COMPLIANT — Node1: required objects absent; (informational only — flat pipeline: Nodes 2-5 still executed); Node2: spatial constraints not satisfied; Node3: colour attributes not satisfied; Node4: SD v1.5 architectural limitation — text rendering unreliable (Phase 1C accuracy=0.1667); scored as 0.0
MB099,flux,fr,False,0.0,True,False,0.0,False,False,0.0,False,True,0.9091,False,,True,True,0.6108,0.2429,[MB099] NON-COMPLIANT — Node1: required objects absent; (informational only — flat pipeline: Nodes 2-5 still executed); Node2: spatial constraints not satisfied; Node3: colour attributes not satisfied
MB100,sd15,fr,False,0.0,True,False,0.0,False,False,0.0,False,,0.0,True,sd15_architectural,False,True,0.5947,0.0595,[MB100] NON-COMPLIANT — Node1: required objects absent; (informational only — flat pipeline: Nodes 2-5 still executed); Node2: spatial constraints not satisfied; Node3: colour attributes not satisfied; Node4: SD v1.5 architectural limitation — text rendering unreliable (Phase 1C accuracy=0.1667); scored as 0.0
MB100,flux,fr,True,1.0,False,False,0.0,False,False,0.5,False,False,0.1818,False,,True,True,0.6124,0.4976,[MB100] NON-COMPLIANT — Node2: spatial constraints not satisfied; Node3: colour attributes not satisfied; Node4: required text not legibly rendered
MB101,sd15,fr,False,0.5,True,False,0.0,False,False,0.5,False,,0.0,True,sd15_architectural,False,True,0.5991,0.3099,[MB101] NON-COMPLIANT — Node1: required objects absent; (informational only — flat pipeline: Nodes 2-5 still executed); Node2: spatial constraints not satisfied; Node3: colour attributes not satisfied; Node4: SD v1.5 architectural limitation — text rendering unreliable (Phase 1C accuracy=0.1667); scored as 0.0
MB101,flux,fr,False,0.5,True,False,0.0,False,False,0.5,False,False,0.2222,False,,True,True,0.6129,0.3557,[MB101] NON-COMPLIANT — Node1: required objects absent; (informational only — flat pipeline: Nodes 2-5 still executed); Node2: spatial constraints not satisfied; Node3: colour attributes not satisfied; Node4: required text not legibly rendered
MB102,sd15,fr,False,0.5,True,False,0.0,False,False,0.5,False,,0.0,True,sd15_architectural,False,True,0.594,0.3094,[MB102] NON-COMPLIANT — Node1: required objects absent; (informational only — flat pipeline: Nodes 2-5 still executed); Node2: spatial constraints not satisfied; Node3: colour attributes not satisfied; Node4: SD v1.5 architectural limitation — text rendering unreliable (Phase 1C accuracy=0.1667); scored as 0.0
MB102,flux,fr,True,1.0,False,True,1.0,False,True,1.0,False,True,0.6667,False,,True,True,0.6143,0.8948,[MB102] COMPLIANT — all constraints satisfied
MB103,sd15,fr,False,0.5,True,False,0.0,False,False,0.0,False,,0.0,True,sd15_architectural,False,True,0.5793,0.2079,[MB103] NON-COMPLIANT — Node1: required objects absent; (informational only — flat pipeline: Nodes 2-5 still executed); Node2: spatial constraints not satisfied; Node3: colour attributes not satisfied; Node4: SD v1.5 architectural limitation — text rendering unreliable (Phase 1C accuracy=0.1667); scored as 0.0
MB103,flux,fr,False,0.0,True,False,0.0,False,False,0.5,False,True,0.8333,False,,True,True,0.6065,0.3273,[MB103] NON-COMPLIANT — Node1: required objects absent; (informational only — flat pipeline: Nodes 2-5 still executed); Node2: spatial constraints not satisfied; Node3: colour attributes not satisfied
MB104,sd15,fr,False,0.5,True,False,0.0,False,False,0.0,False,,0.0,True,sd15_architectural,False,True,0.5948,0.2095,[MB104] NON-COMPLIANT — Node1: required objects absent; (informational only — flat pipeline: Nodes 2-5 still executed); Node2: spatial constraints not satisfied; Node3: colour attributes not satisfied; Node4: SD v1.5 architectural limitation — text rendering unreliable (Phase 1C accuracy=0.1667); scored as 0.0
MB104,flux,fr,False,0.5,True,True,1.0,False,False,0.5,False,True,1.0,False,,True,True,0.614,0.7114,[MB104] NON-COMPLIANT — Node1: required objects absent; (informational only — flat pipeline: Nodes 2-5 still executed); Node3: colour attributes not satisfied
MB105,sd15,fr,False,0.5,True,False,0.0,False,False,0.5,False,,0.0,True,sd15_architectural,False,True,0.6023,0.3102,[MB105] NON-COMPLIANT — Node1: required objects absent; (informational only — flat pipeline: Nodes 2-5 still executed); Node2: spatial constraints not satisfied; Node3: colour attributes not satisfied; Node4: SD v1.5 architectural limitation — text rendering unreliable (Phase 1C accuracy=0.1667); scored as 0.0
MB105,flux,fr,False,0.5,True,False,0.0,False,False,0.5,False,False,0.3636,False,,True,True,0.6194,0.3847,[MB105] NON-COMPLIANT — Node1: required objects absent; (informational only — flat pipeline: Nodes 2-5 still executed); Node2: spatial constraints not satisfied; Node3: colour attributes not satisfied; Node4: required text not legibly rendered
MB106,sd15,fr,False,0.0,True,False,0.0,False,False,0.5,False,,0.0,True,sd15_architectural,False,True,0.5957,0.1596,[MB106] NON-COMPLIANT — Node1: required objects absent; (informational only — flat pipeline: Nodes 2-5 still executed); Node2: spatial constraints not satisfied; Node3: colour attributes not satisfied; Node4: SD v1.5 architectural limitation — text rendering unreliable (Phase 1C accuracy=0.1667); scored as 0.0
MB106,flux,fr,False,0.5,True,False,0.0,False,False,0.5,False,False,0.0,False,,True,True,0.6289,0.3129,[MB106] NON-COMPLIANT — Node1: required objects absent; (informational only — flat pipeline: Nodes 2-5 still executed); Node2: spatial constraints not satisfied; Node3: colour attributes not satisfied; Node4: required text not legibly rendered
MB107,sd15,fr,False,0.5,True,False,0.0,False,False,0.5,False,,0.0,True,sd15_architectural,False,True,0.5981,0.3098,[MB107] NON-COMPLIANT — Node1: required objects absent; (informational only — flat pipeline: Nodes 2-5 still executed); Node2: spatial constraints not satisfied; Node3: colour attributes not satisfied; Node4: SD v1.5 architectural limitation — text rendering unreliable (Phase 1C accuracy=0.1667); scored as 0.0
MB107,flux,fr,False,0.0,True,False,0.0,False,False,0.5,False,True,0.5,False,,True,True,0.6142,0.2614,[MB107] NON-COMPLIANT — Node1: required objects absent; (informational only — flat pipeline: Nodes 2-5 still executed); Node2: spatial constraints not satisfied; Node3: colour attributes not satisfied
MB108,sd15,fr,False,0.5,True,False,0.0,False,True,1.0,False,,0.0,True,sd15_architectural,False,True,0.6052,0.4105,[MB108] NON-COMPLIANT — Node1: required objects absent; (informational only — flat pipeline: Nodes 2-5 still executed); Node2: spatial constraints not satisfied; Node4: SD v1.5 architectural limitation — text rendering unreliable (Phase 1C accuracy=0.1667); scored as 0.0
MB108,flux,fr,True,1.0,False,False,0.0,False,True,1.0,False,False,0.0,False,,True,True,0.6158,0.5616,[MB108] NON-COMPLIANT — Node2: spatial constraints not satisfied; Node4: required text not legibly rendered
MB109,sd15,fr,False,0.5,True,False,0.0,False,False,0.5,False,,0.0,True,sd15_architectural,False,True,0.6054,0.3105,[MB109] NON-COMPLIANT — Node1: required objects absent; (informational only — flat pipeline: Nodes 2-5 still executed); Node2: spatial constraints not satisfied; Node3: colour attributes not satisfied; Node4: SD v1.5 architectural limitation — text rendering unreliable (Phase 1C accuracy=0.1667); scored as 0.0
MB109,flux,fr,True,1.0,False,True,1.0,False,False,0.5,False,False,0.4444,False,,True,True,0.6132,0.7502,[MB109] NON-COMPLIANT — Node3: colour attributes not satisfied; Node4: required text not legibly rendered
MB110,sd15,fr,False,0.5,True,False,0.0,False,False,0.5,False,,0.0,True,sd15_architectural,False,True,0.5976,0.3098,[MB110] NON-COMPLIANT — Node1: required objects absent; (informational only — flat pipeline: Nodes 2-5 still executed); Node2: spatial constraints not satisfied; Node3: colour attributes not satisfied; Node4: SD v1.5 architectural limitation — text rendering unreliable (Phase 1C accuracy=0.1667); scored as 0.0
MB110,flux,fr,False,0.5,True,True,1.0,False,True,1.0,False,True,0.5,False,,True,True,0.6075,0.7107,[MB110] NON-COMPLIANT — Node1: required objects absent; (informational only — flat pipeline: Nodes 2-5 still executed)
MB111,sd15,fr,False,0.0,True,False,0.0,False,False,0.0,False,,0.0,True,sd15_architectural,False,True,0.591,0.0591,[MB111] NON-COMPLIANT — Node1: required objects absent; (informational only — flat pipeline: Nodes 2-5 still executed); Node2: spatial constraints not satisfied; Node3: colour attributes not satisfied; Node4: SD v1.5 architectural limitation — text rendering unreliable (Phase 1C accuracy=0.1667); scored as 0.0
MB111,flux,fr,False,0.0,True,False,0.0,False,False,0.0,False,False,0.0,False,,True,True,0.6162,0.0616,[MB111] NON-COMPLIANT — Node1: required objects absent; (informational only — flat pipeline: Nodes 2-5 still executed); Node2: spatial constraints not satisfied; Node3: colour attributes not satisfied; Node4: required text not legibly rendered
MB112,sd15,fr,True,1.0,False,True,1.0,False,False,0.5,False,,0.0,True,sd15_architectural,False,True,0.6014,0.6601,[MB112] NON-COMPLIANT — Node3: colour attributes not satisfied; Node4: SD v1.5 architectural limitation — text rendering unreliable (Phase 1C accuracy=0.1667); scored as 0.0
MB112,flux,fr,True,1.0,False,True,1.0,False,True,1.0,False,False,0.1818,False,,True,True,0.6132,0.7977,[MB112] NON-COMPLIANT — Node4: required text not legibly rendered
MB113,sd15,fr,False,0.5,True,False,0.0,False,False,0.5,False,,0.0,True,sd15_architectural,False,True,0.5957,0.3096,[MB113] NON-COMPLIANT — Node1: required objects absent; (informational only — flat pipeline: Nodes 2-5 still executed); Node2: spatial constraints not satisfied; Node3: colour attributes not satisfied; Node4: SD v1.5 architectural limitation — text rendering unreliable (Phase 1C accuracy=0.1667); scored as 0.0
MB113,flux,fr,True,1.0,False,True,1.0,False,True,1.0,False,True,1.0,False,,True,True,0.6182,0.9618,[MB113] COMPLIANT — all constraints satisfied
MB114,sd15,fr,False,0.0,True,False,0.0,False,False,0.0,False,,0.0,True,sd15_architectural,False,True,0.5898,0.059,[MB114] NON-COMPLIANT — Node1: required objects absent; (informational only — flat pipeline: Nodes 2-5 still executed); Node2: spatial constraints not satisfied; Node3: colour attributes not satisfied; Node4: SD v1.5 architectural limitation — text rendering unreliable (Phase 1C accuracy=0.1667); scored as 0.0
MB114,flux,fr,False,0.0,True,False,0.0,False,False,0.5,False,False,0.4706,False,,True,True,0.5983,0.254,[MB114] NON-COMPLIANT — Node1: required objects absent; (informational only — flat pipeline: Nodes 2-5 still executed); Node2: spatial constraints not satisfied; Node3: colour attributes not satisfied; Node4: required text not legibly rendered
MB115,sd15,fr,True,1.0,False,True,1.0,False,True,1.0,False,,0.0,True,sd15_architectural,False,True,0.604,0.7604,[MB115] NON-COMPLIANT — Node4: SD v1.5 architectural limitation — text rendering unreliable (Phase 1C accuracy=0.1667); scored as 0.0
MB115,flux,fr,False,0.0,True,False,0.0,False,True,1.0,False,False,0.2857,False,,True,True,0.6123,0.3184,[MB115] NON-COMPLIANT — Node1: required objects absent; (informational only — flat pipeline: Nodes 2-5 still executed); Node2: spatial constraints not satisfied; Node4: required text not legibly rendered
MB116,sd15,fr,False,0.0,True,False,0.0,False,False,0.0,False,,0.0,True,sd15_architectural,False,True,0.5913,0.0591,[MB116] NON-COMPLIANT — Node1: required objects absent; (informational only — flat pipeline: Nodes 2-5 still executed); Node2: spatial constraints not satisfied; Node3: colour attributes not satisfied; Node4: SD v1.5 architectural limitation — text rendering unreliable (Phase 1C accuracy=0.1667); scored as 0.0
MB116,flux,fr,False,0.5,True,True,1.0,False,False,0.5,False,True,1.0,False,,True,True,0.6053,0.7105,[MB116] NON-COMPLIANT — Node1: required objects absent; (informational only — flat pipeline: Nodes 2-5 still executed); Node3: colour attributes not satisfied
MB117,sd15,fr,True,1.0,False,True,1.0,False,False,0.5,False,,0.0,True,sd15_architectural,False,True,0.6043,0.6604,[MB117] NON-COMPLIANT — Node3: colour attributes not satisfied; Node4: SD v1.5 architectural limitation — text rendering unreliable (Phase 1C accuracy=0.1667); scored as 0.0
MB117,flux,fr,True,1.0,False,True,1.0,False,True,1.0,False,False,0.3636,False,,True,True,0.617,0.8344,[MB117] NON-COMPLIANT — Node4: required text not legibly rendered
MB118,sd15,fr,False,0.5,True,False,0.0,False,False,0.0,False,,0.0,True,sd15_architectural,False,True,0.5978,0.2098,[MB118] NON-COMPLIANT — Node1: required objects absent; (informational only — flat pipeline: Nodes 2-5 still executed); Node2: spatial constraints not satisfied; Node3: colour attributes not satisfied; Node4: SD v1.5 architectural limitation — text rendering unreliable (Phase 1C accuracy=0.1667); scored as 0.0
MB118,flux,fr,False,0.5,True,False,0.0,False,False,0.5,False,True,1.0,False,,True,True,0.6096,0.511,[MB118] NON-COMPLIANT — Node1: required objects absent; (informational only — flat pipeline: Nodes 2-5 still executed); Node2: spatial constraints not satisfied; Node3: colour attributes not satisfied
MB119,sd15,fr,False,0.0,True,False,0.0,False,False,0.0,False,,0.0,True,sd15_architectural,False,True,0.5877,0.0588,[MB119] NON-COMPLIANT — Node1: required objects absent; (informational only — flat pipeline: Nodes 2-5 still executed); Node2: spatial constraints not satisfied; Node3: colour attributes not satisfied; Node4: SD v1.5 architectural limitation — text rendering unreliable (Phase 1C accuracy=0.1667); scored as 0.0
MB119,flux,fr,True,1.0,False,True,1.0,False,False,0.5,False,True,1.0,False,,True,True,0.6169,0.8617,[MB119] NON-COMPLIANT — Node3: colour attributes not satisfied
MB120,sd15,fr,False,0.5,True,True,1.0,False,False,0.5,False,,0.0,True,sd15_architectural,False,True,0.5983,0.5098,[MB120] NON-COMPLIANT — Node1: required objects absent; (informational only — flat pipeline: Nodes 2-5 still executed); Node3: colour attributes not satisfied; Node4: SD v1.5 architectural limitation — text rendering unreliable (Phase 1C accuracy=0.1667); scored as 0.0
MB120,flux,fr,False,0.5,True,True,1.0,False,False,0.5,False,True,0.8,False,,True,True,0.6187,0.6719,[MB120] NON-COMPLIANT — Node1: required objects absent; (informational only — flat pipeline: Nodes 2-5 still executed); Node3: colour attributes not satisfied
MB121,sd15,fr,False,0.5,True,False,0.0,False,False,0.0,False,,0.0,True,sd15_architectural,False,True,0.6013,0.2101,[MB121] NON-COMPLIANT — Node1: required objects absent; (informational only — flat pipeline: Nodes 2-5 still executed); Node2: spatial constraints not satisfied; Node3: colour attributes not satisfied; Node4: SD v1.5 architectural limitation — text rendering unreliable (Phase 1C accuracy=0.1667); scored as 0.0
MB121,flux,fr,True,1.0,False,False,0.0,False,True,1.0,False,True,1.0,False,,True,True,0.6251,0.7625,[MB121] NON-COMPLIANT — Node2: spatial constraints not satisfied
MB122,sd15,fr,False,0.5,True,False,0.0,False,False,0.5,False,,0.0,True,sd15_architectural,False,True,0.6053,0.3105,[MB122] NON-COMPLIANT — Node1: required objects absent; (informational only — flat pipeline: Nodes 2-5 still executed); Node2: spatial constraints not satisfied; Node3: colour attributes not satisfied; Node4: SD v1.5 architectural limitation — text rendering unreliable (Phase 1C accuracy=0.1667); scored as 0.0
MB122,flux,fr,True,1.0,False,True,1.0,False,True,1.0,False,True,1.0,False,,True,True,0.6197,0.962,[MB122] COMPLIANT — all constraints satisfied
MB123,sd15,fr,False,0.5,True,False,0.0,False,False,0.5,False,,0.0,True,sd15_architectural,False,True,0.597,0.3097,[MB123] NON-COMPLIANT — Node1: required objects absent; (informational only — flat pipeline: Nodes 2-5 still executed); Node2: spatial constraints not satisfied; Node3: colour attributes not satisfied; Node4: SD v1.5 architectural limitation — text rendering unreliable (Phase 1C accuracy=0.1667); scored as 0.0
MB123,flux,fr,True,1.0,False,False,0.0,False,True,1.0,False,True,1.0,False,,True,True,0.6189,0.7619,[MB123] NON-COMPLIANT — Node2: spatial constraints not satisfied
MB124,sd15,fr,True,1.0,False,True,1.0,False,False,0.5,False,,0.0,True,sd15_architectural,False,True,0.5925,0.6593,[MB124] NON-COMPLIANT — Node3: colour attributes not satisfied; Node4: SD v1.5 architectural limitation — text rendering unreliable (Phase 1C accuracy=0.1667); scored as 0.0
MB124,flux,fr,True,1.0,False,True,1.0,False,True,1.0,False,True,1.0,False,,True,True,0.6132,0.9613,[MB124] COMPLIANT — all constraints satisfied
MB125,sd15,fr,False,0.5,True,False,0.0,False,True,1.0,False,,0.0,True,sd15_architectural,False,True,0.5897,0.409,[MB125] NON-COMPLIANT — Node1: required objects absent; (informational only — flat pipeline: Nodes 2-5 still executed); Node2: spatial constraints not satisfied; Node4: SD v1.5 architectural limitation — text rendering unreliable (Phase 1C accuracy=0.1667); scored as 0.0
MB125,flux,fr,False,0.5,True,False,0.0,False,False,0.5,False,False,0.0,False,,True,True,0.6159,0.3116,[MB125] NON-COMPLIANT — Node1: required objects absent; (informational only — flat pipeline: Nodes 2-5 still executed); Node2: spatial constraints not satisfied; Node3: colour attributes not satisfied; Node4: required text not legibly rendered
MB126,sd15,fr,False,0.0,True,False,0.0,False,False,0.0,False,,0.0,True,sd15_architectural,False,True,0.5991,0.0599,[MB126] NON-COMPLIANT — Node1: required objects absent; (informational only — flat pipeline: Nodes 2-5 still executed); Node2: spatial constraints not satisfied; Node3: colour attributes not satisfied; Node4: SD v1.5 architectural limitation — text rendering unreliable (Phase 1C accuracy=0.1667); scored as 0.0
MB126,flux,fr,True,1.0,False,True,1.0,False,True,1.0,False,False,0.0,False,,True,True,0.6199,0.762,[MB126] NON-COMPLIANT — Node4: required text not legibly rendered
MB127,sd15,fr,False,0.5,True,False,0.0,False,True,1.0,False,,0.0,True,sd15_architectural,False,True,0.6016,0.4102,[MB127] NON-COMPLIANT — Node1: required objects absent; (informational only — flat pipeline: Nodes 2-5 still executed); Node2: spatial constraints not satisfied; Node4: SD v1.5 architectural limitation — text rendering unreliable (Phase 1C accuracy=0.1667); scored as 0.0
MB127,flux,fr,False,0.5,True,False,0.0,False,False,0.5,False,True,1.0,False,,True,True,0.6161,0.5116,[MB127] NON-COMPLIANT — Node1: required objects absent; (informational only — flat pipeline: Nodes 2-5 still executed); Node2: spatial constraints not satisfied; Node3: colour attributes not satisfied
MB128,sd15,fr,False,0.0,True,False,0.0,False,False,0.5,False,,0.0,True,sd15_architectural,False,True,0.5937,0.1594,[MB128] NON-COMPLIANT — Node1: required objects absent; (informational only — flat pipeline: Nodes 2-5 still executed); Node2: spatial constraints not satisfied; Node3: colour attributes not satisfied; Node4: SD v1.5 architectural limitation — text rendering unreliable (Phase 1C accuracy=0.1667); scored as 0.0
MB128,flux,fr,True,1.0,False,True,1.0,False,True,1.0,False,True,1.0,False,,True,True,0.6183,0.9618,[MB128] COMPLIANT — all constraints satisfied
MB129,sd15,fr,False,0.0,True,False,0.0,False,False,0.5,False,,0.0,True,sd15_architectural,False,True,0.5956,0.1596,[MB129] NON-COMPLIANT — Node1: required objects absent; (informational only — flat pipeline: Nodes 2-5 still executed); Node2: spatial constraints not satisfied; Node3: colour attributes not satisfied; Node4: SD v1.5 architectural limitation — text rendering unreliable (Phase 1C accuracy=0.1667); scored as 0.0
MB129,flux,fr,False,0.5,True,True,1.0,False,False,0.5,False,True,0.7273,False,,True,True,0.6176,0.6572,[MB129] NON-COMPLIANT — Node1: required objects absent; (informational only — flat pipeline: Nodes 2-5 still executed); Node3: colour attributes not satisfied
MB130,sd15,fr,False,0.5,True,False,0.0,False,False,0.5,False,,0.0,True,sd15_architectural,False,True,0.5966,0.3097,[MB130] NON-COMPLIANT — Node1: required objects absent; (informational only — flat pipeline: Nodes 2-5 still executed); Node2: spatial constraints not satisfied; Node3: colour attributes not satisfied; Node4: SD v1.5 architectural limitation — text rendering unreliable (Phase 1C accuracy=0.1667); scored as 0.0
MB130,flux,fr,True,1.0,False,True,1.0,False,True,1.0,False,True,1.0,False,,True,True,0.6139,0.9614,[MB130] COMPLIANT — all constraints satisfied
MB131,sd15,fr,True,1.0,False,True,1.0,False,False,0.5,False,,0.0,True,sd15_architectural,False,True,0.6006,0.6601,[MB131] NON-COMPLIANT — Node3: colour attributes not satisfied; Node4: SD v1.5 architectural limitation — text rendering unreliable (Phase 1C accuracy=0.1667); scored as 0.0
MB131,flux,fr,True,1.0,False,True,1.0,False,True,1.0,False,True,1.0,False,,True,True,0.6174,0.9617,[MB131] COMPLIANT — all constraints satisfied
MB132,sd15,fr,False,0.5,True,False,0.0,False,False,0.5,False,,0.0,True,sd15_architectural,False,True,0.6004,0.31,[MB132] NON-COMPLIANT — Node1: required objects absent; (informational only — flat pipeline: Nodes 2-5 still executed); Node2: spatial constraints not satisfied; Node3: colour attributes not satisfied; Node4: SD v1.5 architectural limitation — text rendering unreliable (Phase 1C accuracy=0.1667); scored as 0.0
MB132,flux,fr,True,1.0,False,True,1.0,False,True,1.0,False,True,1.0,False,,True,True,0.6129,0.9613,[MB132] COMPLIANT — all constraints satisfied
MB133,sd15,fr,False,0.5,True,False,0.0,False,False,0.5,False,,0.0,True,sd15_architectural,False,True,0.5995,0.31,[MB133] NON-COMPLIANT — Node1: required objects absent; (informational only — flat pipeline: Nodes 2-5 still executed); Node2: spatial constraints not satisfied; Node3: colour attributes not satisfied; Node4: SD v1.5 architectural limitation — text rendering unreliable (Phase 1C accuracy=0.1667); scored as 0.0
MB133,flux,fr,True,1.0,False,True,1.0,False,True,1.0,False,True,1.0,False,,True,True,0.6212,0.9621,[MB133] COMPLIANT — all constraints satisfied
MB134,sd15,fr,False,0.5,True,False,0.0,False,False,0.5,False,,0.0,True,sd15_architectural,False,True,0.5968,0.3097,[MB134] NON-COMPLIANT — Node1: required objects absent; (informational only — flat pipeline: Nodes 2-5 still executed); Node2: spatial constraints not satisfied; Node3: colour attributes not satisfied; Node4: SD v1.5 architectural limitation — text rendering unreliable (Phase 1C accuracy=0.1667); scored as 0.0
MB134,flux,fr,True,1.0,False,True,1.0,False,True,1.0,False,True,0.8,False,,True,True,0.6107,0.9211,[MB134] COMPLIANT — all constraints satisfied
MB135,sd15,fr,False,0.5,True,False,0.0,False,False,0.5,False,,0.0,True,sd15_architectural,False,True,0.6005,0.31,[MB135] NON-COMPLIANT — Node1: required objects absent; (informational only — flat pipeline: Nodes 2-5 still executed); Node2: spatial constraints not satisfied; Node3: colour attributes not satisfied; Node4: SD v1.5 architectural limitation — text rendering unreliable (Phase 1C accuracy=0.1667); scored as 0.0
MB135,flux,fr,False,0.5,True,True,1.0,False,False,0.5,False,True,1.0,False,,True,True,0.6084,0.7108,[MB135] NON-COMPLIANT — Node1: required objects absent; (informational only — flat pipeline: Nodes 2-5 still executed); Node3: colour attributes not satisfied
MB136,sd15,fr,False,0.0,True,False,0.0,False,False,0.0,False,,0.0,True,sd15_architectural,False,True,0.5911,0.0591,[MB136] NON-COMPLIANT — Node1: required objects absent; (informational only — flat pipeline: Nodes 2-5 still executed); Node2: spatial constraints not satisfied; Node3: colour attributes not satisfied; Node4: SD v1.5 architectural limitation — text rendering unreliable (Phase 1C accuracy=0.1667); scored as 0.0
MB136,flux,fr,False,0.0,True,False,0.0,False,False,0.5,False,False,0.0,False,,True,True,0.6042,0.1604,[MB136] NON-COMPLIANT — Node1: required objects absent; (informational only — flat pipeline: Nodes 2-5 still executed); Node2: spatial constraints not satisfied; Node3: colour attributes not satisfied; Node4: required text not legibly rendered
MB137,sd15,fr,True,1.0,False,True,1.0,False,True,1.0,False,,0.0,True,sd15_architectural,False,True,0.5973,0.7597,[MB137] NON-COMPLIANT — Node4: SD v1.5 architectural limitation — text rendering unreliable (Phase 1C accuracy=0.1667); scored as 0.0
MB137,flux,fr,False,0.5,True,False,0.0,False,True,1.0,False,True,1.0,False,,True,True,0.6125,0.6113,[MB137] NON-COMPLIANT — Node1: required objects absent; (informational only — flat pipeline: Nodes 2-5 still executed); Node2: spatial constraints not satisfied
MB138,sd15,fr,False,0.0,True,False,0.0,False,False,0.5,False,,0.0,True,sd15_architectural,False,True,0.5883,0.1588,[MB138] NON-COMPLIANT — Node1: required objects absent; (informational only — flat pipeline: Nodes 2-5 still executed); Node2: spatial constraints not satisfied; Node3: colour attributes not satisfied; Node4: SD v1.5 architectural limitation — text rendering unreliable (Phase 1C accuracy=0.1667); scored as 0.0
MB138,flux,fr,True,1.0,False,True,1.0,False,True,1.0,False,False,0.0,False,,True,True,0.6039,0.7604,[MB138] NON-COMPLIANT — Node4: required text not legibly rendered
MB139,sd15,fr,False,0.5,True,False,0.0,False,False,0.5,False,,0.0,True,sd15_architectural,False,True,0.5996,0.31,[MB139] NON-COMPLIANT — Node1: required objects absent; (informational only — flat pipeline: Nodes 2-5 still executed); Node2: spatial constraints not satisfied; Node3: colour attributes not satisfied; Node4: SD v1.5 architectural limitation — text rendering unreliable (Phase 1C accuracy=0.1667); scored as 0.0
MB139,flux,fr,True,1.0,False,True,1.0,False,False,0.5,False,False,0.0,False,,True,True,0.6103,0.661,[MB139] NON-COMPLIANT — Node3: colour attributes not satisfied; Node4: required text not legibly rendered
MB140,sd15,fr,False,0.0,True,False,0.0,False,False,0.5,False,,0.0,True,sd15_architectural,False,True,0.5913,0.1591,[MB140] NON-COMPLIANT — Node1: required objects absent; (informational only — flat pipeline: Nodes 2-5 still executed); Node2: spatial constraints not satisfied; Node3: colour attributes not satisfied; Node4: SD v1.5 architectural limitation — text rendering unreliable (Phase 1C accuracy=0.1667); scored as 0.0
MB140,flux,fr,True,1.0,False,False,0.0,False,False,0.5,False,False,0.4,False,,True,True,0.6055,0.5406,[MB140] NON-COMPLIANT — Node2: spatial constraints not satisfied; Node3: colour attributes not satisfied; Node4: required text not legibly rendered
MB141,sd15,fr,False,0.5,True,False,0.0,False,False,0.5,False,,0.0,True,sd15_architectural,False,True,0.5989,0.3099,[MB141] NON-COMPLIANT — Node1: required objects absent; (informational only — flat pipeline: Nodes 2-5 still executed); Node2: spatial constraints not satisfied; Node3: colour attributes not satisfied; Node4: SD v1.5 architectural limitation — text rendering unreliable (Phase 1C accuracy=0.1667); scored as 0.0
MB141,flux,fr,False,0.5,True,True,1.0,False,True,1.0,False,True,0.9091,False,,True,True,0.6053,0.7923,[MB141] NON-COMPLIANT — Node1: required objects absent; (informational only — flat pipeline: Nodes 2-5 still executed)
MB142,sd15,fr,False,0.0,True,False,0.0,False,False,0.0,False,,0.0,True,sd15_architectural,False,True,0.6017,0.0602,[MB142] NON-COMPLIANT — Node1: required objects absent; (informational only — flat pipeline: Nodes 2-5 still executed); Node2: spatial constraints not satisfied; Node3: colour attributes not satisfied; Node4: SD v1.5 architectural limitation — text rendering unreliable (Phase 1C accuracy=0.1667); scored as 0.0
MB142,flux,fr,False,0.5,True,True,1.0,False,True,1.0,False,True,0.9091,False,,True,True,0.6099,0.7928,[MB142] NON-COMPLIANT — Node1: required objects absent; (informational only — flat pipeline: Nodes 2-5 still executed)
MB143,sd15,fr,False,0.5,True,False,0.0,False,False,0.0,False,,0.0,True,sd15_architectural,False,True,0.593,0.2093,[MB143] NON-COMPLIANT — Node1: required objects absent; (informational only — flat pipeline: Nodes 2-5 still executed); Node2: spatial constraints not satisfied; Node3: colour attributes not satisfied; Node4: SD v1.5 architectural limitation — text rendering unreliable (Phase 1C accuracy=0.1667); scored as 0.0
MB143,flux,fr,True,1.0,False,False,0.0,False,False,0.5,False,True,0.75,False,,True,True,0.6079,0.6108,[MB143] NON-COMPLIANT — Node2: spatial constraints not satisfied; Node3: colour attributes not satisfied
MB144,sd15,fr,False,0.0,True,False,0.0,False,False,0.5,False,,0.0,True,sd15_architectural,False,True,0.5898,0.159,[MB144] NON-COMPLIANT — Node1: required objects absent; (informational only — flat pipeline: Nodes 2-5 still executed); Node2: spatial constraints not satisfied; Node3: colour attributes not satisfied; Node4: SD v1.5 architectural limitation — text rendering unreliable (Phase 1C accuracy=0.1667); scored as 0.0
MB144,flux,fr,True,1.0,False,False,0.0,False,True,1.0,False,True,1.0,False,,True,True,0.6215,0.7621,[MB144] NON-COMPLIANT — Node2: spatial constraints not satisfied
MB145,sd15,fr,False,0.0,True,False,0.0,False,False,0.0,False,,0.0,True,sd15_architectural,False,True,0.589,0.0589,[MB145] NON-COMPLIANT — Node1: required objects absent; (informational only — flat pipeline: Nodes 2-5 still executed); Node2: spatial constraints not satisfied; Node3: colour attributes not satisfied; Node4: SD v1.5 architectural limitation — text rendering unreliable (Phase 1C accuracy=0.1667); scored as 0.0
MB145,flux,fr,False,0.5,True,False,0.0,False,True,1.0,False,True,0.6667,False,,True,True,0.6146,0.5448,[MB145] NON-COMPLIANT — Node1: required objects absent; (informational only — flat pipeline: Nodes 2-5 still executed); Node2: spatial constraints not satisfied
MB146,sd15,fr,True,1.0,False,False,0.0,False,True,1.0,False,,0.0,True,sd15_architectural,False,True,0.6093,0.5609,[MB146] NON-COMPLIANT — Node2: spatial constraints not satisfied; Node4: SD v1.5 architectural limitation — text rendering unreliable (Phase 1C accuracy=0.1667); scored as 0.0
MB146,flux,fr,False,0.5,True,False,0.0,False,False,0.5,False,True,1.0,False,,True,True,0.6117,0.5112,[MB146] NON-COMPLIANT — Node1: required objects absent; (informational only — flat pipeline: Nodes 2-5 still executed); Node2: spatial constraints not satisfied; Node3: colour attributes not satisfied
MB147,sd15,fr,False,0.0,True,False,0.0,False,False,0.5,False,,0.0,True,sd15_architectural,False,True,0.5937,0.1594,[MB147] NON-COMPLIANT — Node1: required objects absent; (informational only — flat pipeline: Nodes 2-5 still executed); Node2: spatial constraints not satisfied; Node3: colour attributes not satisfied; Node4: SD v1.5 architectural limitation — text rendering unreliable (Phase 1C accuracy=0.1667); scored as 0.0
MB147,flux,fr,True,1.0,False,True,1.0,False,False,0.5,False,True,0.8889,False,,True,True,0.6169,0.8395,[MB147] NON-COMPLIANT — Node3: colour attributes not satisfied
MB148,sd15,fr,False,0.5,True,False,0.0,False,False,0.5,False,,0.0,True,sd15_architectural,False,True,0.6056,0.3106,[MB148] NON-COMPLIANT — Node1: required objects absent; (informational only — flat pipeline: Nodes 2-5 still executed); Node2: spatial constraints not satisfied; Node3: colour attributes not satisfied; Node4: SD v1.5 architectural limitation — text rendering unreliable (Phase 1C accuracy=0.1667); scored as 0.0
MB148,flux,fr,True,1.0,False,True,1.0,False,True,1.0,False,False,0.3333,False,,True,True,0.6158,0.8282,[MB148] NON-COMPLIANT — Node4: required text not legibly rendered
MB149,sd15,fr,False,0.5,True,False,0.0,False,False,0.5,False,,0.0,True,sd15_architectural,False,True,0.5807,0.3081,[MB149] NON-COMPLIANT — Node1: required objects absent; (informational only — flat pipeline: Nodes 2-5 still executed); Node2: spatial constraints not satisfied; Node3: colour attributes not satisfied; Node4: SD v1.5 architectural limitation — text rendering unreliable (Phase 1C accuracy=0.1667); scored as 0.0
MB149,flux,fr,False,0.0,True,False,0.0,False,False,0.0,False,True,1.0,False,,True,True,0.6053,0.2605,[MB149] NON-COMPLIANT — Node1: required objects absent; (informational only — flat pipeline: Nodes 2-5 still executed); Node2: spatial constraints not satisfied; Node3: colour attributes not satisfied
MB150,sd15,fr,False,0.5,True,False,0.0,False,False,0.0,False,,0.0,True,sd15_architectural,False,True,0.6008,0.2101,[MB150] NON-COMPLIANT — Node1: required objects absent; (informational only — flat pipeline: Nodes 2-5 still executed); Node2: spatial constraints not satisfied; Node3: colour attributes not satisfied; Node4: SD v1.5 architectural limitation — text rendering unreliable (Phase 1C accuracy=0.1667); scored as 0.0
MB150,flux,fr,False,0.0,True,False,0.0,False,True,1.0,False,True,1.0,False,,True,True,0.6118,0.4612,[MB150] NON-COMPLIANT — Node1: required objects absent; (informational only — flat pipeline: Nodes 2-5 still executed); Node2: spatial constraints not satisfied
MB001,sd15,es,False,0.0,True,False,0.0,False,False,0.0,False,,0.0,True,sd15_architectural,False,True,0.5967,0.0597,[MB001] NON-COMPLIANT — Node1: required objects absent; (informational only — flat pipeline: Nodes 2-5 still executed); Node2: spatial constraints not satisfied; Node3: colour attributes not satisfied; Node4: SD v1.5 architectural limitation — text rendering unreliable (Phase 1C accuracy=0.1667); scored as 0.0
MB001,flux,es,True,1.0,False,False,0.0,False,False,0.5,False,True,1.0,False,,True,True,0.6202,0.662,[MB001] NON-COMPLIANT — Node2: spatial constraints not satisfied; Node3: colour attributes not satisfied
MB002,sd15,es,False,0.5,True,False,0.0,False,True,1.0,False,,0.0,True,sd15_architectural,False,True,0.5994,0.4099,[MB002] NON-COMPLIANT — Node1: required objects absent; (informational only — flat pipeline: Nodes 2-5 still executed); Node2: spatial constraints not satisfied; Node4: SD v1.5 architectural limitation — text rendering unreliable (Phase 1C accuracy=0.1667); scored as 0.0
MB002,flux,es,False,0.5,True,False,0.0,False,False,0.5,False,False,0.0,False,,True,True,0.6097,0.311,[MB002] NON-COMPLIANT — Node1: required objects absent; (informational only — flat pipeline: Nodes 2-5 still executed); Node2: spatial constraints not satisfied; Node3: colour attributes not satisfied; Node4: required text not legibly rendered
MB003,sd15,es,False,0.5,True,False,0.0,False,False,0.5,False,,0.0,True,sd15_architectural,False,True,0.592,0.3092,[MB003] NON-COMPLIANT — Node1: required objects absent; (informational only — flat pipeline: Nodes 2-5 still executed); Node2: spatial constraints not satisfied; Node3: colour attributes not satisfied; Node4: SD v1.5 architectural limitation — text rendering unreliable (Phase 1C accuracy=0.1667); scored as 0.0
MB003,flux,es,False,0.5,True,False,0.0,False,False,0.5,False,False,0.0,False,,True,True,0.6163,0.3116,[MB003] NON-COMPLIANT — Node1: required objects absent; (informational only — flat pipeline: Nodes 2-5 still executed); Node2: spatial constraints not satisfied; Node3: colour attributes not satisfied; Node4: required text not legibly rendered
MB004,sd15,es,False,0.0,True,False,0.0,False,False,0.0,False,,0.0,True,sd15_architectural,False,True,0.5945,0.0595,[MB004] NON-COMPLIANT — Node1: required objects absent; (informational only — flat pipeline: Nodes 2-5 still executed); Node2: spatial constraints not satisfied; Node3: colour attributes not satisfied; Node4: SD v1.5 architectural limitation — text rendering unreliable (Phase 1C accuracy=0.1667); scored as 0.0
MB004,flux,es,True,1.0,False,True,1.0,False,False,0.5,False,True,1.0,False,,True,True,0.6195,0.8619,[MB004] NON-COMPLIANT — Node3: colour attributes not satisfied
MB005,sd15,es,False,0.0,True,False,0.0,False,False,0.5,False,,0.0,True,sd15_architectural,False,True,0.5991,0.1599,[MB005] NON-COMPLIANT — Node1: required objects absent; (informational only — flat pipeline: Nodes 2-5 still executed); Node2: spatial constraints not satisfied; Node3: colour attributes not satisfied; Node4: SD v1.5 architectural limitation — text rendering unreliable (Phase 1C accuracy=0.1667); scored as 0.0
MB005,flux,es,False,0.5,True,False,0.0,False,False,0.5,False,False,0.0,False,,True,True,0.615,0.3115,[MB005] NON-COMPLIANT — Node1: required objects absent; (informational only — flat pipeline: Nodes 2-5 still executed); Node2: spatial constraints not satisfied; Node3: colour attributes not satisfied; Node4: required text not legibly rendered
MB006,sd15,es,False,0.5,True,False,0.0,False,False,0.5,False,,0.0,True,sd15_architectural,False,True,0.6008,0.3101,[MB006] NON-COMPLIANT — Node1: required objects absent; (informational only — flat pipeline: Nodes 2-5 still executed); Node2: spatial constraints not satisfied; Node3: colour attributes not satisfied; Node4: SD v1.5 architectural limitation — text rendering unreliable (Phase 1C accuracy=0.1667); scored as 0.0
MB006,flux,es,True,1.0,False,True,1.0,False,False,0.5,False,False,0.25,False,,True,True,0.6177,0.7118,[MB006] NON-COMPLIANT — Node3: colour attributes not satisfied; Node4: required text not legibly rendered
MB007,sd15,es,False,0.0,True,False,0.0,False,False,0.0,False,,0.0,True,sd15_architectural,False,True,0.5918,0.0592,[MB007] NON-COMPLIANT — Node1: required objects absent; (informational only — flat pipeline: Nodes 2-5 still executed); Node2: spatial constraints not satisfied; Node3: colour attributes not satisfied; Node4: SD v1.5 architectural limitation — text rendering unreliable (Phase 1C accuracy=0.1667); scored as 0.0
MB007,flux,es,True,1.0,False,False,0.0,False,True,1.0,False,True,0.8,False,,True,True,0.6123,0.7212,[MB007] NON-COMPLIANT — Node2: spatial constraints not satisfied
MB008,sd15,es,True,1.0,False,False,0.0,False,False,0.0,False,,0.0,True,sd15_architectural,False,True,0.5822,0.3582,[MB008] NON-COMPLIANT — Node2: spatial constraints not satisfied; Node3: colour attributes not satisfied; Node4: SD v1.5 architectural limitation — text rendering unreliable (Phase 1C accuracy=0.1667); scored as 0.0
MB008,flux,es,True,1.0,False,True,1.0,False,False,0.5,False,True,0.9091,False,,True,True,0.6006,0.8419,[MB008] NON-COMPLIANT — Node3: colour attributes not satisfied
MB009,sd15,es,False,0.5,True,False,0.0,False,False,0.0,False,,0.0,True,sd15_architectural,False,True,0.5982,0.2098,[MB009] NON-COMPLIANT — Node1: required objects absent; (informational only — flat pipeline: Nodes 2-5 still executed); Node2: spatial constraints not satisfied; Node3: colour attributes not satisfied; Node4: SD v1.5 architectural limitation — text rendering unreliable (Phase 1C accuracy=0.1667); scored as 0.0
MB009,flux,es,True,1.0,False,False,0.0,False,True,1.0,False,False,0.0,False,,True,True,0.6146,0.5615,[MB009] NON-COMPLIANT — Node2: spatial constraints not satisfied; Node4: required text not legibly rendered
MB010,sd15,es,False,0.5,True,False,0.0,False,False,0.0,False,,0.0,True,sd15_architectural,False,True,0.5927,0.2093,[MB010] NON-COMPLIANT — Node1: required objects absent; (informational only — flat pipeline: Nodes 2-5 still executed); Node2: spatial constraints not satisfied; Node3: colour attributes not satisfied; Node4: SD v1.5 architectural limitation — text rendering unreliable (Phase 1C accuracy=0.1667); scored as 0.0
MB010,flux,es,False,0.5,True,True,1.0,False,False,0.5,False,True,0.8,False,,True,True,0.6062,0.6706,[MB010] NON-COMPLIANT — Node1: required objects absent; (informational only — flat pipeline: Nodes 2-5 still executed); Node3: colour attributes not satisfied
MB011,sd15,es,False,0.5,True,True,1.0,False,False,0.5,False,,0.0,True,sd15_architectural,False,True,0.6115,0.5111,[MB011] NON-COMPLIANT — Node1: required objects absent; (informational only — flat pipeline: Nodes 2-5 still executed); Node3: colour attributes not satisfied; Node4: SD v1.5 architectural limitation — text rendering unreliable (Phase 1C accuracy=0.1667); scored as 0.0
MB011,flux,es,True,1.0,False,True,1.0,False,True,1.0,False,True,0.9091,False,,True,True,0.6271,0.9445,[MB011] COMPLIANT — all constraints satisfied
MB012,sd15,es,True,1.0,False,False,0.0,False,True,1.0,False,,0.0,True,sd15_architectural,False,True,0.5941,0.5594,[MB012] NON-COMPLIANT — Node2: spatial constraints not satisfied; Node4: SD v1.5 architectural limitation — text rendering unreliable (Phase 1C accuracy=0.1667); scored as 0.0
MB012,flux,es,True,1.0,False,True,1.0,False,True,1.0,False,True,1.0,False,,True,True,0.6174,0.9617,[MB012] COMPLIANT — all constraints satisfied
MB013,sd15,es,False,0.0,True,False,0.0,False,False,0.0,False,,0.0,True,sd15_architectural,False,True,0.6015,0.0602,[MB013] NON-COMPLIANT — Node1: required objects absent; (informational only — flat pipeline: Nodes 2-5 still executed); Node2: spatial constraints not satisfied; Node3: colour attributes not satisfied; Node4: SD v1.5 architectural limitation — text rendering unreliable (Phase 1C accuracy=0.1667); scored as 0.0
MB013,flux,es,True,1.0,False,False,0.0,False,True,1.0,False,True,0.8,False,,True,True,0.6245,0.7225,[MB013] NON-COMPLIANT — Node2: spatial constraints not satisfied
MB014,sd15,es,True,1.0,False,True,1.0,False,False,0.5,False,,0.0,True,sd15_architectural,False,True,0.6051,0.6605,[MB014] NON-COMPLIANT — Node3: colour attributes not satisfied; Node4: SD v1.5 architectural limitation — text rendering unreliable (Phase 1C accuracy=0.1667); scored as 0.0
MB014,flux,es,True,1.0,False,False,0.0,False,False,0.5,False,True,1.0,False,,True,True,0.6192,0.6619,[MB014] NON-COMPLIANT — Node2: spatial constraints not satisfied; Node3: colour attributes not satisfied
MB015,sd15,es,False,0.0,True,False,0.0,False,False,0.5,False,,0.0,True,sd15_architectural,False,True,0.5817,0.1582,[MB015] NON-COMPLIANT — Node1: required objects absent; (informational only — flat pipeline: Nodes 2-5 still executed); Node2: spatial constraints not satisfied; Node3: colour attributes not satisfied; Node4: SD v1.5 architectural limitation — text rendering unreliable (Phase 1C accuracy=0.1667); scored as 0.0
MB015,flux,es,False,0.5,True,False,0.0,False,False,0.5,False,False,0.0,False,,True,True,0.6101,0.311,[MB015] NON-COMPLIANT — Node1: required objects absent; (informational only — flat pipeline: Nodes 2-5 still executed); Node2: spatial constraints not satisfied; Node3: colour attributes not satisfied; Node4: required text not legibly rendered
MB016,sd15,es,False,0.0,True,False,0.0,False,False,0.0,False,,0.0,True,sd15_architectural,False,True,0.5911,0.0591,[MB016] NON-COMPLIANT — Node1: required objects absent; (informational only — flat pipeline: Nodes 2-5 still executed); Node2: spatial constraints not satisfied; Node3: colour attributes not satisfied; Node4: SD v1.5 architectural limitation — text rendering unreliable (Phase 1C accuracy=0.1667); scored as 0.0
MB016,flux,es,False,0.0,True,False,0.0,False,True,1.0,False,True,0.7273,False,,True,True,0.6152,0.407,[MB016] NON-COMPLIANT — Node1: required objects absent; (informational only — flat pipeline: Nodes 2-5 still executed); Node2: spatial constraints not satisfied
MB017,sd15,es,False,0.0,True,False,0.0,False,False,0.0,False,,0.0,True,sd15_architectural,False,True,0.5951,0.0595,[MB017] NON-COMPLIANT — Node1: required objects absent; (informational only — flat pipeline: Nodes 2-5 still executed); Node2: spatial constraints not satisfied; Node3: colour attributes not satisfied; Node4: SD v1.5 architectural limitation — text rendering unreliable (Phase 1C accuracy=0.1667); scored as 0.0
MB017,flux,es,False,0.5,True,True,1.0,False,False,0.5,False,False,0.0,False,,True,True,0.6225,0.5122,[MB017] NON-COMPLIANT — Node1: required objects absent; (informational only — flat pipeline: Nodes 2-5 still executed); Node3: colour attributes not satisfied; Node4: required text not legibly rendered
MB018,sd15,es,False,0.5,True,False,0.0,False,False,0.5,False,,0.0,True,sd15_architectural,False,True,0.592,0.3092,[MB018] NON-COMPLIANT — Node1: required objects absent; (informational only — flat pipeline: Nodes 2-5 still executed); Node2: spatial constraints not satisfied; Node3: colour attributes not satisfied; Node4: SD v1.5 architectural limitation — text rendering unreliable (Phase 1C accuracy=0.1667); scored as 0.0
MB018,flux,es,True,1.0,False,True,1.0,False,False,0.5,False,True,1.0,False,,True,True,0.6252,0.8625,[MB018] NON-COMPLIANT — Node3: colour attributes not satisfied
MB019,sd15,es,False,0.5,True,False,0.0,False,False,0.0,False,,0.0,True,sd15_architectural,False,True,0.5912,0.2091,[MB019] NON-COMPLIANT — Node1: required objects absent; (informational only — flat pipeline: Nodes 2-5 still executed); Node2: spatial constraints not satisfied; Node3: colour attributes not satisfied; Node4: SD v1.5 architectural limitation — text rendering unreliable (Phase 1C accuracy=0.1667); scored as 0.0
MB019,flux,es,True,1.0,False,False,0.0,False,False,0.5,False,False,0.0,False,,True,True,0.6119,0.4612,[MB019] NON-COMPLIANT — Node2: spatial constraints not satisfied; Node3: colour attributes not satisfied; Node4: required text not legibly rendered
MB020,sd15,es,False,0.0,True,False,0.0,False,False,0.5,False,,0.0,True,sd15_architectural,False,True,0.5842,0.1584,[MB020] NON-COMPLIANT — Node1: required objects absent; (informational only — flat pipeline: Nodes 2-5 still executed); Node2: spatial constraints not satisfied; Node3: colour attributes not satisfied; Node4: SD v1.5 architectural limitation — text rendering unreliable (Phase 1C accuracy=0.1667); scored as 0.0
MB020,flux,es,True,1.0,False,False,0.0,False,True,1.0,False,True,1.0,False,,True,True,0.6162,0.7616,[MB020] NON-COMPLIANT — Node2: spatial constraints not satisfied
MB021,sd15,es,False,0.0,True,False,0.0,False,False,0.5,False,,0.0,True,sd15_architectural,False,True,0.6027,0.1603,[MB021] NON-COMPLIANT — Node1: required objects absent; (informational only — flat pipeline: Nodes 2-5 still executed); Node2: spatial constraints not satisfied; Node3: colour attributes not satisfied; Node4: SD v1.5 architectural limitation — text rendering unreliable (Phase 1C accuracy=0.1667); scored as 0.0
MB021,flux,es,False,0.5,True,False,0.0,False,True,1.0,False,False,0.3333,False,,True,True,0.6192,0.4786,[MB021] NON-COMPLIANT — Node1: required objects absent; (informational only — flat pipeline: Nodes 2-5 still executed); Node2: spatial constraints not satisfied; Node4: required text not legibly rendered
MB022,sd15,es,True,1.0,False,True,1.0,False,True,1.0,False,,0.0,True,sd15_architectural,False,True,0.5915,0.7591,[MB022] NON-COMPLIANT — Node4: SD v1.5 architectural limitation — text rendering unreliable (Phase 1C accuracy=0.1667); scored as 0.0
MB022,flux,es,True,1.0,False,True,1.0,False,True,1.0,False,True,0.6667,False,,True,True,0.6185,0.8952,[MB022] COMPLIANT — all constraints satisfied
MB023,sd15,es,False,0.0,True,False,0.0,False,False,0.0,False,,0.0,True,sd15_architectural,False,True,0.5987,0.0599,[MB023] NON-COMPLIANT — Node1: required objects absent; (informational only — flat pipeline: Nodes 2-5 still executed); Node2: spatial constraints not satisfied; Node3: colour attributes not satisfied; Node4: SD v1.5 architectural limitation — text rendering unreliable (Phase 1C accuracy=0.1667); scored as 0.0
MB023,flux,es,True,1.0,False,True,1.0,False,True,1.0,False,True,1.0,False,,True,True,0.6191,0.9619,[MB023] COMPLIANT — all constraints satisfied
MB024,sd15,es,True,1.0,False,False,0.0,False,False,0.5,False,,0.0,True,sd15_architectural,False,True,0.6028,0.4603,[MB024] NON-COMPLIANT — Node2: spatial constraints not satisfied; Node3: colour attributes not satisfied; Node4: SD v1.5 architectural limitation — text rendering unreliable (Phase 1C accuracy=0.1667); scored as 0.0
MB024,flux,es,False,0.5,True,False,0.0,False,False,0.5,False,False,0.2857,False,,True,True,0.6219,0.3693,[MB024] NON-COMPLIANT — Node1: required objects absent; (informational only — flat pipeline: Nodes 2-5 still executed); Node2: spatial constraints not satisfied; Node3: colour attributes not satisfied; Node4: required text not legibly rendered
MB025,sd15,es,False,0.5,True,False,0.0,False,True,1.0,False,,0.0,True,sd15_architectural,False,True,0.5993,0.4099,[MB025] NON-COMPLIANT — Node1: required objects absent; (informational only — flat pipeline: Nodes 2-5 still executed); Node2: spatial constraints not satisfied; Node4: SD v1.5 architectural limitation — text rendering unreliable (Phase 1C accuracy=0.1667); scored as 0.0
MB025,flux,es,False,0.5,True,False,0.0,False,True,1.0,False,True,0.6667,False,,True,True,0.6171,0.5451,[MB025] NON-COMPLIANT — Node1: required objects absent; (informational only — flat pipeline: Nodes 2-5 still executed); Node2: spatial constraints not satisfied
MB026,sd15,es,True,1.0,False,True,1.0,False,False,0.5,False,,0.0,True,sd15_architectural,False,True,0.5919,0.6592,[MB026] NON-COMPLIANT — Node3: colour attributes not satisfied; Node4: SD v1.5 architectural limitation — text rendering unreliable (Phase 1C accuracy=0.1667); scored as 0.0
MB026,flux,es,True,1.0,False,False,0.0,False,False,0.5,False,True,1.0,False,,True,True,0.6111,0.6611,[MB026] NON-COMPLIANT — Node2: spatial constraints not satisfied; Node3: colour attributes not satisfied
MB027,sd15,es,False,0.0,True,False,0.0,False,False,0.0,False,,0.0,True,sd15_architectural,False,True,0.6031,0.0603,[MB027] NON-COMPLIANT — Node1: required objects absent; (informational only — flat pipeline: Nodes 2-5 still executed); Node2: spatial constraints not satisfied; Node3: colour attributes not satisfied; Node4: SD v1.5 architectural limitation — text rendering unreliable (Phase 1C accuracy=0.1667); scored as 0.0
MB027,flux,es,True,1.0,False,True,1.0,False,True,1.0,False,True,0.75,False,,True,True,0.6226,0.9123,[MB027] COMPLIANT — all constraints satisfied
MB028,sd15,es,False,0.0,True,False,0.0,False,False,0.0,False,,0.0,True,sd15_architectural,False,True,0.5841,0.0584,[MB028] NON-COMPLIANT — Node1: required objects absent; (informational only — flat pipeline: Nodes 2-5 still executed); Node2: spatial constraints not satisfied; Node3: colour attributes not satisfied; Node4: SD v1.5 architectural limitation — text rendering unreliable (Phase 1C accuracy=0.1667); scored as 0.0
MB028,flux,es,False,0.0,True,False,0.0,False,False,0.5,False,True,1.0,False,,True,True,0.611,0.3611,[MB028] NON-COMPLIANT — Node1: required objects absent; (informational only — flat pipeline: Nodes 2-5 still executed); Node2: spatial constraints not satisfied; Node3: colour attributes not satisfied
MB029,sd15,es,True,1.0,False,True,1.0,False,True,1.0,False,,0.0,True,sd15_architectural,False,True,0.6092,0.7609,[MB029] NON-COMPLIANT — Node4: SD v1.5 architectural limitation — text rendering unreliable (Phase 1C accuracy=0.1667); scored as 0.0
MB029,flux,es,True,1.0,False,True,1.0,False,True,1.0,False,True,1.0,False,,True,True,0.6129,0.9613,[MB029] COMPLIANT — all constraints satisfied
MB030,sd15,es,False,0.0,True,False,0.0,False,True,1.0,False,,0.0,True,sd15_architectural,False,True,0.5911,0.2591,[MB030] NON-COMPLIANT — Node1: required objects absent; (informational only — flat pipeline: Nodes 2-5 still executed); Node2: spatial constraints not satisfied; Node4: SD v1.5 architectural limitation — text rendering unreliable (Phase 1C accuracy=0.1667); scored as 0.0
MB030,flux,es,True,1.0,False,False,0.0,False,True,1.0,False,False,0.0,False,,True,True,0.6165,0.5616,[MB030] NON-COMPLIANT — Node2: spatial constraints not satisfied; Node4: required text not legibly rendered
MB031,sd15,es,False,0.0,True,False,0.0,False,False,0.5,False,,0.0,True,sd15_architectural,False,True,0.5961,0.1596,[MB031] NON-COMPLIANT — Node1: required objects absent; (informational only — flat pipeline: Nodes 2-5 still executed); Node2: spatial constraints not satisfied; Node3: colour attributes not satisfied; Node4: SD v1.5 architectural limitation — text rendering unreliable (Phase 1C accuracy=0.1667); scored as 0.0
MB031,flux,es,False,0.5,True,True,1.0,False,True,1.0,False,True,0.8889,False,,True,True,0.6087,0.7887,[MB031] NON-COMPLIANT — Node1: required objects absent; (informational only — flat pipeline: Nodes 2-5 still executed)
MB032,sd15,es,True,1.0,False,False,0.0,False,False,0.5,False,,0.0,True,sd15_architectural,False,True,0.5926,0.4593,[MB032] NON-COMPLIANT — Node2: spatial constraints not satisfied; Node3: colour attributes not satisfied; Node4: SD v1.5 architectural limitation — text rendering unreliable (Phase 1C accuracy=0.1667); scored as 0.0
MB032,flux,es,True,1.0,False,True,1.0,False,True,1.0,False,True,1.0,False,,True,True,0.6204,0.962,[MB032] COMPLIANT — all constraints satisfied
MB033,sd15,es,False,0.0,True,False,0.0,False,False,0.0,False,,0.0,True,sd15_architectural,False,True,0.5896,0.059,[MB033] NON-COMPLIANT — Node1: required objects absent; (informational only — flat pipeline: Nodes 2-5 still executed); Node2: spatial constraints not satisfied; Node3: colour attributes not satisfied; Node4: SD v1.5 architectural limitation — text rendering unreliable (Phase 1C accuracy=0.1667); scored as 0.0
MB033,flux,es,True,1.0,False,False,0.0,False,False,0.5,False,True,1.0,False,,True,True,0.6121,0.6612,[MB033] NON-COMPLIANT — Node2: spatial constraints not satisfied; Node3: colour attributes not satisfied
MB034,sd15,es,False,0.5,True,False,0.0,False,True,1.0,False,,0.0,True,sd15_architectural,False,True,0.5948,0.4095,[MB034] NON-COMPLIANT — Node1: required objects absent; (informational only — flat pipeline: Nodes 2-5 still executed); Node2: spatial constraints not satisfied; Node4: SD v1.5 architectural limitation — text rendering unreliable (Phase 1C accuracy=0.1667); scored as 0.0
MB034,flux,es,True,1.0,False,True,1.0,False,False,0.5,False,True,0.9091,False,,True,True,0.6138,0.8432,[MB034] NON-COMPLIANT — Node3: colour attributes not satisfied
MB035,sd15,es,False,0.5,True,False,0.0,False,False,0.5,False,,0.0,True,sd15_architectural,False,True,0.6043,0.3104,[MB035] NON-COMPLIANT — Node1: required objects absent; (informational only — flat pipeline: Nodes 2-5 still executed); Node2: spatial constraints not satisfied; Node3: colour attributes not satisfied; Node4: SD v1.5 architectural limitation — text rendering unreliable (Phase 1C accuracy=0.1667); scored as 0.0
MB035,flux,es,True,1.0,False,False,0.0,False,False,0.5,False,False,0.0,False,,True,True,0.6152,0.4615,[MB035] NON-COMPLIANT — Node2: spatial constraints not satisfied; Node3: colour attributes not satisfied; Node4: required text not legibly rendered
MB036,sd15,es,False,0.5,True,False,0.0,False,False,0.5,False,,0.0,True,sd15_architectural,False,True,0.5894,0.3089,[MB036] NON-COMPLIANT — Node1: required objects absent; (informational only — flat pipeline: Nodes 2-5 still executed); Node2: spatial constraints not satisfied; Node3: colour attributes not satisfied; Node4: SD v1.5 architectural limitation — text rendering unreliable (Phase 1C accuracy=0.1667); scored as 0.0
MB036,flux,es,False,0.5,True,False,0.0,False,False,0.0,False,False,0.0,False,,True,True,0.6055,0.2106,[MB036] NON-COMPLIANT — Node1: required objects absent; (informational only — flat pipeline: Nodes 2-5 still executed); Node2: spatial constraints not satisfied; Node3: colour attributes not satisfied; Node4: required text not legibly rendered
MB037,sd15,es,False,0.0,True,False,0.0,False,False,0.0,False,,0.0,True,sd15_architectural,False,True,0.5853,0.0585,[MB037] NON-COMPLIANT — Node1: required objects absent; (informational only — flat pipeline: Nodes 2-5 still executed); Node2: spatial constraints not satisfied; Node3: colour attributes not satisfied; Node4: SD v1.5 architectural limitation — text rendering unreliable (Phase 1C accuracy=0.1667); scored as 0.0
MB037,flux,es,False,0.0,True,False,0.0,False,False,0.0,False,False,0.1667,False,,True,True,0.5981,0.0932,[MB037] NON-COMPLIANT — Node1: required objects absent; (informational only — flat pipeline: Nodes 2-5 still executed); Node2: spatial constraints not satisfied; Node3: colour attributes not satisfied; Node4: required text not legibly rendered
MB038,sd15,es,True,1.0,False,True,1.0,False,True,1.0,False,,0.0,True,sd15_architectural,False,True,0.6028,0.7603,[MB038] NON-COMPLIANT — Node4: SD v1.5 architectural limitation — text rendering unreliable (Phase 1C accuracy=0.1667); scored as 0.0
MB038,flux,es,True,1.0,False,False,0.0,False,True,1.0,False,True,1.0,False,,True,True,0.6207,0.7621,[MB038] NON-COMPLIANT — Node2: spatial constraints not satisfied
MB039,sd15,es,True,1.0,False,True,1.0,False,False,0.5,False,,0.0,True,sd15_architectural,False,True,0.5978,0.6598,[MB039] NON-COMPLIANT — Node3: colour attributes not satisfied; Node4: SD v1.5 architectural limitation — text rendering unreliable (Phase 1C accuracy=0.1667); scored as 0.0
MB039,flux,es,True,1.0,False,False,0.0,False,True,1.0,False,True,1.0,False,,True,True,0.6161,0.7616,[MB039] NON-COMPLIANT — Node2: spatial constraints not satisfied
MB040,sd15,es,False,0.0,True,False,0.0,False,False,0.0,False,,0.0,True,sd15_architectural,False,True,0.5934,0.0593,[MB040] NON-COMPLIANT — Node1: required objects absent; (informational only — flat pipeline: Nodes 2-5 still executed); Node2: spatial constraints not satisfied; Node3: colour attributes not satisfied; Node4: SD v1.5 architectural limitation — text rendering unreliable (Phase 1C accuracy=0.1667); scored as 0.0
MB040,flux,es,False,0.0,True,False,0.0,False,False,0.0,False,True,1.0,False,,True,True,0.6036,0.2604,[MB040] NON-COMPLIANT — Node1: required objects absent; (informational only — flat pipeline: Nodes 2-5 still executed); Node2: spatial constraints not satisfied; Node3: colour attributes not satisfied
MB041,sd15,es,False,0.5,True,False,0.0,False,False,0.5,False,,0.0,True,sd15_architectural,False,True,0.5968,0.3097,[MB041] NON-COMPLIANT — Node1: required objects absent; (informational only — flat pipeline: Nodes 2-5 still executed); Node2: spatial constraints not satisfied; Node3: colour attributes not satisfied; Node4: SD v1.5 architectural limitation — text rendering unreliable (Phase 1C accuracy=0.1667); scored as 0.0
MB041,flux,es,False,0.0,True,False,0.0,False,False,0.0,False,False,0.0,False,,True,True,0.6003,0.06,[MB041] NON-COMPLIANT — Node1: required objects absent; (informational only — flat pipeline: Nodes 2-5 still executed); Node2: spatial constraints not satisfied; Node3: colour attributes not satisfied; Node4: required text not legibly rendered
MB042,sd15,es,False,0.0,True,False,0.0,False,False,0.5,False,,0.0,True,sd15_architectural,False,True,0.5866,0.1587,[MB042] NON-COMPLIANT — Node1: required objects absent; (informational only — flat pipeline: Nodes 2-5 still executed); Node2: spatial constraints not satisfied; Node3: colour attributes not satisfied; Node4: SD v1.5 architectural limitation — text rendering unreliable (Phase 1C accuracy=0.1667); scored as 0.0
MB042,flux,es,False,0.5,True,False,0.0,False,True,1.0,False,False,0.0,False,,True,True,0.6126,0.4113,[MB042] NON-COMPLIANT — Node1: required objects absent; (informational only — flat pipeline: Nodes 2-5 still executed); Node2: spatial constraints not satisfied; Node4: required text not legibly rendered
MB043,sd15,es,False,0.5,True,False,0.0,False,False,0.5,False,,0.0,True,sd15_architectural,False,True,0.5961,0.3096,[MB043] NON-COMPLIANT — Node1: required objects absent; (informational only — flat pipeline: Nodes 2-5 still executed); Node2: spatial constraints not satisfied; Node3: colour attributes not satisfied; Node4: SD v1.5 architectural limitation — text rendering unreliable (Phase 1C accuracy=0.1667); scored as 0.0
MB043,flux,es,False,0.0,True,False,0.0,False,False,0.5,False,False,0.0,False,,True,True,0.6007,0.1601,[MB043] NON-COMPLIANT — Node1: required objects absent; (informational only — flat pipeline: Nodes 2-5 still executed); Node2: spatial constraints not satisfied; Node3: colour attributes not satisfied; Node4: required text not legibly rendered
MB044,sd15,es,False,0.0,True,False,0.0,False,False,0.0,False,,0.0,True,sd15_architectural,False,True,0.5828,0.0583,[MB044] NON-COMPLIANT — Node1: required objects absent; (informational only — flat pipeline: Nodes 2-5 still executed); Node2: spatial constraints not satisfied; Node3: colour attributes not satisfied; Node4: SD v1.5 architectural limitation — text rendering unreliable (Phase 1C accuracy=0.1667); scored as 0.0
MB044,flux,es,False,0.5,True,False,0.0,False,False,0.0,False,True,1.0,False,,True,True,0.5953,0.4095,[MB044] NON-COMPLIANT — Node1: required objects absent; (informational only — flat pipeline: Nodes 2-5 still executed); Node2: spatial constraints not satisfied; Node3: colour attributes not satisfied
MB045,sd15,es,False,0.5,True,True,1.0,False,False,0.5,False,,0.0,True,sd15_architectural,False,True,0.5954,0.5095,[MB045] NON-COMPLIANT — Node1: required objects absent; (informational only — flat pipeline: Nodes 2-5 still executed); Node3: colour attributes not satisfied; Node4: SD v1.5 architectural limitation — text rendering unreliable (Phase 1C accuracy=0.1667); scored as 0.0
MB045,flux,es,False,0.5,True,False,0.0,False,False,0.0,False,False,0.4444,False,,True,True,0.6077,0.2997,[MB045] NON-COMPLIANT — Node1: required objects absent; (informational only — flat pipeline: Nodes 2-5 still executed); Node2: spatial constraints not satisfied; Node3: colour attributes not satisfied; Node4: required text not legibly rendered
MB046,sd15,es,False,0.0,True,False,0.0,False,False,0.0,False,,0.0,True,sd15_architectural,False,True,0.5907,0.0591,[MB046] NON-COMPLIANT — Node1: required objects absent; (informational only — flat pipeline: Nodes 2-5 still executed); Node2: spatial constraints not satisfied; Node3: colour attributes not satisfied; Node4: SD v1.5 architectural limitation — text rendering unreliable (Phase 1C accuracy=0.1667); scored as 0.0
MB046,flux,es,False,0.5,True,False,0.0,False,False,0.5,False,True,1.0,False,,True,True,0.6038,0.5104,[MB046] NON-COMPLIANT — Node1: required objects absent; (informational only — flat pipeline: Nodes 2-5 still executed); Node2: spatial constraints not satisfied; Node3: colour attributes not satisfied
MB047,sd15,es,True,1.0,False,True,1.0,False,False,0.5,False,,0.0,True,sd15_architectural,False,True,0.5994,0.6599,[MB047] NON-COMPLIANT — Node3: colour attributes not satisfied; Node4: SD v1.5 architectural limitation — text rendering unreliable (Phase 1C accuracy=0.1667); scored as 0.0
MB047,flux,es,True,1.0,False,False,0.0,False,True,1.0,False,False,0.0,False,,True,True,0.612,0.5612,[MB047] NON-COMPLIANT — Node2: spatial constraints not satisfied; Node4: required text not legibly rendered
MB048,sd15,es,False,0.0,True,False,0.0,False,False,0.5,False,,0.0,True,sd15_architectural,False,True,0.5808,0.1581,[MB048] NON-COMPLIANT — Node1: required objects absent; (informational only — flat pipeline: Nodes 2-5 still executed); Node2: spatial constraints not satisfied; Node3: colour attributes not satisfied; Node4: SD v1.5 architectural limitation — text rendering unreliable (Phase 1C accuracy=0.1667); scored as 0.0
MB048,flux,es,False,0.0,True,False,0.0,False,False,0.0,False,True,0.5,False,,True,True,0.605,0.1605,[MB048] NON-COMPLIANT — Node1: required objects absent; (informational only — flat pipeline: Nodes 2-5 still executed); Node2: spatial constraints not satisfied; Node3: colour attributes not satisfied
MB049,sd15,es,False,0.5,True,False,0.0,False,False,0.0,False,,0.0,True,sd15_architectural,False,True,0.6018,0.2102,[MB049] NON-COMPLIANT — Node1: required objects absent; (informational only — flat pipeline: Nodes 2-5 still executed); Node2: spatial constraints not satisfied; Node3: colour attributes not satisfied; Node4: SD v1.5 architectural limitation — text rendering unreliable (Phase 1C accuracy=0.1667); scored as 0.0
MB049,flux,es,False,0.5,True,False,0.0,False,False,0.5,False,True,1.0,False,,True,True,0.6093,0.5109,[MB049] NON-COMPLIANT — Node1: required objects absent; (informational only — flat pipeline: Nodes 2-5 still executed); Node2: spatial constraints not satisfied; Node3: colour attributes not satisfied
MB050,sd15,es,True,1.0,False,False,0.0,False,True,1.0,False,,0.0,True,sd15_architectural,False,True,0.5937,0.5594,[MB050] NON-COMPLIANT — Node2: spatial constraints not satisfied; Node4: SD v1.5 architectural limitation — text rendering unreliable (Phase 1C accuracy=0.1667); scored as 0.0
MB050,flux,es,True,1.0,False,False,0.0,False,True,1.0,False,True,1.0,False,,True,True,0.6148,0.7615,[MB050] NON-COMPLIANT — Node2: spatial constraints not satisfied
MB051,sd15,es,False,0.0,True,False,0.0,False,False,0.5,False,,0.0,True,sd15_architectural,False,True,0.5899,0.159,[MB051] NON-COMPLIANT — Node1: required objects absent; (informational only — flat pipeline: Nodes 2-5 still executed); Node2: spatial constraints not satisfied; Node3: colour attributes not satisfied; Node4: SD v1.5 architectural limitation — text rendering unreliable (Phase 1C accuracy=0.1667); scored as 0.0
MB051,flux,es,False,0.0,True,False,0.0,False,False,0.5,False,True,1.0,False,,True,True,0.6067,0.3607,[MB051] NON-COMPLIANT — Node1: required objects absent; (informational only — flat pipeline: Nodes 2-5 still executed); Node2: spatial constraints not satisfied; Node3: colour attributes not satisfied
MB052,sd15,es,False,0.0,True,False,0.0,False,False,0.0,False,,0.0,True,sd15_architectural,False,True,0.5869,0.0587,[MB052] NON-COMPLIANT — Node1: required objects absent; (informational only — flat pipeline: Nodes 2-5 still executed); Node2: spatial constraints not satisfied; Node3: colour attributes not satisfied; Node4: SD v1.5 architectural limitation — text rendering unreliable (Phase 1C accuracy=0.1667); scored as 0.0
MB052,flux,es,False,0.0,True,False,0.0,False,False,0.0,False,False,0.0,False,,True,True,0.5925,0.0593,[MB052] NON-COMPLIANT — Node1: required objects absent; (informational only — flat pipeline: Nodes 2-5 still executed); Node2: spatial constraints not satisfied; Node3: colour attributes not satisfied; Node4: required text not legibly rendered
MB053,sd15,es,False,0.0,True,False,0.0,False,False,0.0,False,,0.0,True,sd15_architectural,False,True,0.5993,0.0599,[MB053] NON-COMPLIANT — Node1: required objects absent; (informational only — flat pipeline: Nodes 2-5 still executed); Node2: spatial constraints not satisfied; Node3: colour attributes not satisfied; Node4: SD v1.5 architectural limitation — text rendering unreliable (Phase 1C accuracy=0.1667); scored as 0.0
MB053,flux,es,False,0.5,True,False,0.0,False,False,0.5,False,True,0.8889,False,,True,True,0.5996,0.4877,[MB053] NON-COMPLIANT — Node1: required objects absent; (informational only — flat pipeline: Nodes 2-5 still executed); Node2: spatial constraints not satisfied; Node3: colour attributes not satisfied
MB054,sd15,es,False,0.5,True,False,0.0,False,False,0.0,False,,0.0,True,sd15_architectural,False,True,0.6,0.21,[MB054] NON-COMPLIANT — Node1: required objects absent; (informational only — flat pipeline: Nodes 2-5 still executed); Node2: spatial constraints not satisfied; Node3: colour attributes not satisfied; Node4: SD v1.5 architectural limitation — text rendering unreliable (Phase 1C accuracy=0.1667); scored as 0.0
MB054,flux,es,True,1.0,False,False,0.0,False,True,1.0,False,False,0.0,False,,True,True,0.6118,0.5612,[MB054] NON-COMPLIANT — Node2: spatial constraints not satisfied; Node4: required text not legibly rendered
MB055,sd15,es,False,0.0,True,False,0.0,False,False,0.0,False,,0.0,True,sd15_architectural,False,True,0.5924,0.0592,[MB055] NON-COMPLIANT — Node1: required objects absent; (informational only — flat pipeline: Nodes 2-5 still executed); Node2: spatial constraints not satisfied; Node3: colour attributes not satisfied; Node4: SD v1.5 architectural limitation — text rendering unreliable (Phase 1C accuracy=0.1667); scored as 0.0
MB055,flux,es,False,0.5,True,False,0.0,False,False,0.0,False,True,0.6,False,,True,True,0.6059,0.3306,[MB055] NON-COMPLIANT — Node1: required objects absent; (informational only — flat pipeline: Nodes 2-5 still executed); Node2: spatial constraints not satisfied; Node3: colour attributes not satisfied
MB056,sd15,es,False,0.5,True,False,0.0,False,False,0.5,False,,0.0,True,sd15_architectural,False,True,0.587,0.3087,[MB056] NON-COMPLIANT — Node1: required objects absent; (informational only — flat pipeline: Nodes 2-5 still executed); Node2: spatial constraints not satisfied; Node3: colour attributes not satisfied; Node4: SD v1.5 architectural limitation — text rendering unreliable (Phase 1C accuracy=0.1667); scored as 0.0
MB056,flux,es,False,0.5,True,False,0.0,False,True,1.0,False,True,1.0,False,,True,True,0.6049,0.6105,[MB056] NON-COMPLIANT — Node1: required objects absent; (informational only — flat pipeline: Nodes 2-5 still executed); Node2: spatial constraints not satisfied
MB057,sd15,es,False,0.0,True,False,0.0,False,False,0.0,False,,0.0,True,sd15_architectural,False,True,0.5934,0.0593,[MB057] NON-COMPLIANT — Node1: required objects absent; (informational only — flat pipeline: Nodes 2-5 still executed); Node2: spatial constraints not satisfied; Node3: colour attributes not satisfied; Node4: SD v1.5 architectural limitation — text rendering unreliable (Phase 1C accuracy=0.1667); scored as 0.0
MB057,flux,es,False,0.5,True,False,0.0,False,False,0.5,False,True,1.0,False,,True,True,0.6058,0.5106,[MB057] NON-COMPLIANT — Node1: required objects absent; (informational only — flat pipeline: Nodes 2-5 still executed); Node2: spatial constraints not satisfied; Node3: colour attributes not satisfied
MB058,sd15,es,False,0.5,True,False,0.0,False,True,1.0,False,,0.0,True,sd15_architectural,False,True,0.6075,0.4108,[MB058] NON-COMPLIANT — Node1: required objects absent; (informational only — flat pipeline: Nodes 2-5 still executed); Node2: spatial constraints not satisfied; Node4: SD v1.5 architectural limitation — text rendering unreliable (Phase 1C accuracy=0.1667); scored as 0.0
MB058,flux,es,False,0.5,True,False,0.0,False,False,0.5,False,True,1.0,False,,True,True,0.6082,0.5108,[MB058] NON-COMPLIANT — Node1: required objects absent; (informational only — flat pipeline: Nodes 2-5 still executed); Node2: spatial constraints not satisfied; Node3: colour attributes not satisfied
MB059,sd15,es,False,0.5,True,True,1.0,False,False,0.0,False,,0.0,True,sd15_architectural,False,True,0.602,0.4102,[MB059] NON-COMPLIANT — Node1: required objects absent; (informational only — flat pipeline: Nodes 2-5 still executed); Node3: colour attributes not satisfied; Node4: SD v1.5 architectural limitation — text rendering unreliable (Phase 1C accuracy=0.1667); scored as 0.0
MB059,flux,es,True,1.0,False,True,1.0,False,False,0.5,False,False,0.0,False,,True,True,0.6135,0.6613,[MB059] NON-COMPLIANT — Node3: colour attributes not satisfied; Node4: required text not legibly rendered
MB060,sd15,es,False,0.5,True,False,0.0,False,True,1.0,False,,0.0,True,sd15_architectural,False,True,0.6027,0.4103,[MB060] NON-COMPLIANT — Node1: required objects absent; (informational only — flat pipeline: Nodes 2-5 still executed); Node2: spatial constraints not satisfied; Node4: SD v1.5 architectural limitation — text rendering unreliable (Phase 1C accuracy=0.1667); scored as 0.0
MB060,flux,es,False,0.5,True,False,0.0,False,True,1.0,False,False,0.3333,False,,True,True,0.6053,0.4772,[MB060] NON-COMPLIANT — Node1: required objects absent; (informational only — flat pipeline: Nodes 2-5 still executed); Node2: spatial constraints not satisfied; Node4: required text not legibly rendered
MB061,sd15,es,True,1.0,False,True,1.0,False,True,1.0,False,,0.0,True,sd15_architectural,False,True,0.6126,0.7613,[MB061] NON-COMPLIANT — Node4: SD v1.5 architectural limitation — text rendering unreliable (Phase 1C accuracy=0.1667); scored as 0.0
MB061,flux,es,True,1.0,False,True,1.0,False,True,1.0,False,False,0.0,False,,True,True,0.6237,0.7624,[MB061] NON-COMPLIANT — Node4: required text not legibly rendered
MB062,sd15,es,False,0.5,True,True,1.0,False,False,0.0,False,,0.0,True,sd15_architectural,False,True,0.6063,0.4106,[MB062] NON-COMPLIANT — Node1: required objects absent; (informational only — flat pipeline: Nodes 2-5 still executed); Node3: colour attributes not satisfied; Node4: SD v1.5 architectural limitation — text rendering unreliable (Phase 1C accuracy=0.1667); scored as 0.0
MB062,flux,es,False,0.5,True,True,1.0,False,True,1.0,False,True,1.0,False,,True,True,0.6162,0.8116,[MB062] NON-COMPLIANT — Node1: required objects absent; (informational only — flat pipeline: Nodes 2-5 still executed)
MB063,sd15,es,False,0.5,True,False,0.0,False,False,0.5,False,,0.0,True,sd15_architectural,False,True,0.6019,0.3102,[MB063] NON-COMPLIANT — Node1: required objects absent; (informational only — flat pipeline: Nodes 2-5 still executed); Node2: spatial constraints not satisfied; Node3: colour attributes not satisfied; Node4: SD v1.5 architectural limitation — text rendering unreliable (Phase 1C accuracy=0.1667); scored as 0.0
MB063,flux,es,True,1.0,False,True,1.0,False,False,0.5,False,False,0.0,False,,True,True,0.6163,0.6616,[MB063] NON-COMPLIANT — Node3: colour attributes not satisfied; Node4: required text not legibly rendered
MB064,sd15,es,True,1.0,False,False,0.0,False,True,1.0,False,,0.0,True,sd15_architectural,False,True,0.6073,0.5607,[MB064] NON-COMPLIANT — Node2: spatial constraints not satisfied; Node4: SD v1.5 architectural limitation — text rendering unreliable (Phase 1C accuracy=0.1667); scored as 0.0
MB064,flux,es,False,0.5,True,False,0.0,False,False,0.5,False,True,1.0,False,,True,True,0.6207,0.5121,[MB064] NON-COMPLIANT — Node1: required objects absent; (informational only — flat pipeline: Nodes 2-5 still executed); Node2: spatial constraints not satisfied; Node3: colour attributes not satisfied
MB065,sd15,es,True,1.0,False,False,0.0,False,False,0.0,False,,0.0,True,sd15_architectural,False,True,0.595,0.3595,[MB065] NON-COMPLIANT — Node2: spatial constraints not satisfied; Node3: colour attributes not satisfied; Node4: SD v1.5 architectural limitation — text rendering unreliable (Phase 1C accuracy=0.1667); scored as 0.0
MB065,flux,es,True,1.0,False,False,0.0,False,True,1.0,False,True,1.0,False,,True,True,0.6196,0.762,[MB065] NON-COMPLIANT — Node2: spatial constraints not satisfied
MB066,sd15,es,False,0.5,True,False,0.0,False,False,0.0,False,,0.0,True,sd15_architectural,False,True,0.6008,0.2101,[MB066] NON-COMPLIANT — Node1: required objects absent; (informational only — flat pipeline: Nodes 2-5 still executed); Node2: spatial constraints not satisfied; Node3: colour attributes not satisfied; Node4: SD v1.5 architectural limitation — text rendering unreliable (Phase 1C accuracy=0.1667); scored as 0.0
MB066,flux,es,True,1.0,False,True,1.0,False,True,1.0,False,False,0.4444,False,,True,True,0.6121,0.8501,[MB066] NON-COMPLIANT — Node4: required text not legibly rendered
MB067,sd15,es,False,0.5,True,False,0.0,False,False,0.5,False,,0.0,True,sd15_architectural,False,True,0.5983,0.3098,[MB067] NON-COMPLIANT — Node1: required objects absent; (informational only — flat pipeline: Nodes 2-5 still executed); Node2: spatial constraints not satisfied; Node3: colour attributes not satisfied; Node4: SD v1.5 architectural limitation — text rendering unreliable (Phase 1C accuracy=0.1667); scored as 0.0
MB067,flux,es,False,0.5,True,True,1.0,False,False,0.5,False,True,1.0,False,,True,True,0.6202,0.712,[MB067] NON-COMPLIANT — Node1: required objects absent; (informational only — flat pipeline: Nodes 2-5 still executed); Node3: colour attributes not satisfied
MB068,sd15,es,False,0.5,True,False,0.0,False,False,0.5,False,,0.0,True,sd15_architectural,False,True,0.5858,0.3086,[MB068] NON-COMPLIANT — Node1: required objects absent; (informational only — flat pipeline: Nodes 2-5 still executed); Node2: spatial constraints not satisfied; Node3: colour attributes not satisfied; Node4: SD v1.5 architectural limitation — text rendering unreliable (Phase 1C accuracy=0.1667); scored as 0.0
MB068,flux,es,False,0.5,True,False,0.0,False,False,0.5,False,True,1.0,False,,True,True,0.6088,0.5109,[MB068] NON-COMPLIANT — Node1: required objects absent; (informational only — flat pipeline: Nodes 2-5 still executed); Node2: spatial constraints not satisfied; Node3: colour attributes not satisfied
MB069,sd15,es,False,0.5,True,False,0.0,False,False,0.5,False,,0.0,True,sd15_architectural,False,True,0.5982,0.3098,[MB069] NON-COMPLIANT — Node1: required objects absent; (informational only — flat pipeline: Nodes 2-5 still executed); Node2: spatial constraints not satisfied; Node3: colour attributes not satisfied; Node4: SD v1.5 architectural limitation — text rendering unreliable (Phase 1C accuracy=0.1667); scored as 0.0
MB069,flux,es,False,0.5,True,False,0.0,False,True,1.0,False,False,0.4444,False,,True,True,0.6152,0.5004,[MB069] NON-COMPLIANT — Node1: required objects absent; (informational only — flat pipeline: Nodes 2-5 still executed); Node2: spatial constraints not satisfied; Node4: required text not legibly rendered
MB070,sd15,es,False,0.0,True,False,0.0,False,False,0.5,False,,0.0,True,sd15_architectural,False,True,0.5927,0.1593,[MB070] NON-COMPLIANT — Node1: required objects absent; (informational only — flat pipeline: Nodes 2-5 still executed); Node2: spatial constraints not satisfied; Node3: colour attributes not satisfied; Node4: SD v1.5 architectural limitation — text rendering unreliable (Phase 1C accuracy=0.1667); scored as 0.0
MB070,flux,es,False,0.5,True,False,0.0,False,False,0.0,False,False,0.0,False,,True,True,0.6056,0.2106,[MB070] NON-COMPLIANT — Node1: required objects absent; (informational only — flat pipeline: Nodes 2-5 still executed); Node2: spatial constraints not satisfied; Node3: colour attributes not satisfied; Node4: required text not legibly rendered
MB071,sd15,es,False,0.0,True,False,0.0,False,False,0.5,False,,0.0,True,sd15_architectural,False,True,0.5826,0.1583,[MB071] NON-COMPLIANT — Node1: required objects absent; (informational only — flat pipeline: Nodes 2-5 still executed); Node2: spatial constraints not satisfied; Node3: colour attributes not satisfied; Node4: SD v1.5 architectural limitation — text rendering unreliable (Phase 1C accuracy=0.1667); scored as 0.0
MB071,flux,es,True,1.0,False,True,1.0,False,True,1.0,False,True,0.8889,False,,True,True,0.6202,0.9398,[MB071] COMPLIANT — all constraints satisfied
MB072,sd15,es,False,0.5,True,False,0.0,False,False,0.0,False,,0.0,True,sd15_architectural,False,True,0.5978,0.2098,[MB072] NON-COMPLIANT — Node1: required objects absent; (informational only — flat pipeline: Nodes 2-5 still executed); Node2: spatial constraints not satisfied; Node3: colour attributes not satisfied; Node4: SD v1.5 architectural limitation — text rendering unreliable (Phase 1C accuracy=0.1667); scored as 0.0
MB072,flux,es,False,0.5,True,False,0.0,False,False,0.5,False,False,0.4,False,,True,True,0.6187,0.3919,[MB072] NON-COMPLIANT — Node1: required objects absent; (informational only — flat pipeline: Nodes 2-5 still executed); Node2: spatial constraints not satisfied; Node3: colour attributes not satisfied; Node4: required text not legibly rendered
MB073,sd15,es,False,0.5,True,False,0.0,False,False,0.0,False,,0.0,True,sd15_architectural,False,True,0.5891,0.2089,[MB073] NON-COMPLIANT — Node1: required objects absent; (informational only — flat pipeline: Nodes 2-5 still executed); Node2: spatial constraints not satisfied; Node3: colour attributes not satisfied; Node4: SD v1.5 architectural limitation — text rendering unreliable (Phase 1C accuracy=0.1667); scored as 0.0
MB073,flux,es,False,0.0,True,False,0.0,False,False,0.0,False,True,1.0,False,,True,True,0.6048,0.2605,[MB073] NON-COMPLIANT — Node1: required objects absent; (informational only — flat pipeline: Nodes 2-5 still executed); Node2: spatial constraints not satisfied; Node3: colour attributes not satisfied
MB074,sd15,es,False,0.5,True,False,0.0,False,False,0.5,False,,0.0,True,sd15_architectural,False,True,0.6051,0.3105,[MB074] NON-COMPLIANT — Node1: required objects absent; (informational only — flat pipeline: Nodes 2-5 still executed); Node2: spatial constraints not satisfied; Node3: colour attributes not satisfied; Node4: SD v1.5 architectural limitation — text rendering unreliable (Phase 1C accuracy=0.1667); scored as 0.0
MB074,flux,es,False,0.0,True,False,0.0,False,False,0.5,False,True,0.75,False,,True,True,0.6117,0.3112,[MB074] NON-COMPLIANT — Node1: required objects absent; (informational only — flat pipeline: Nodes 2-5 still executed); Node2: spatial constraints not satisfied; Node3: colour attributes not satisfied
MB075,sd15,es,False,0.0,True,False,0.0,False,False,0.0,False,,0.0,True,sd15_architectural,False,True,0.5885,0.0589,[MB075] NON-COMPLIANT — Node1: required objects absent; (informational only — flat pipeline: Nodes 2-5 still executed); Node2: spatial constraints not satisfied; Node3: colour attributes not satisfied; Node4: SD v1.5 architectural limitation — text rendering unreliable (Phase 1C accuracy=0.1667); scored as 0.0
MB075,flux,es,False,0.0,True,False,0.0,False,False,0.0,False,True,1.0,False,,True,True,0.6087,0.2609,[MB075] NON-COMPLIANT — Node1: required objects absent; (informational only — flat pipeline: Nodes 2-5 still executed); Node2: spatial constraints not satisfied; Node3: colour attributes not satisfied
MB076,sd15,es,False,0.5,True,False,0.0,False,False,0.5,False,,0.0,True,sd15_architectural,False,True,0.5795,0.308,[MB076] NON-COMPLIANT — Node1: required objects absent; (informational only — flat pipeline: Nodes 2-5 still executed); Node2: spatial constraints not satisfied; Node3: colour attributes not satisfied; Node4: SD v1.5 architectural limitation — text rendering unreliable (Phase 1C accuracy=0.1667); scored as 0.0
MB076,flux,es,True,1.0,False,True,1.0,False,False,0.0,False,True,1.0,False,,True,True,0.603,0.7603,[MB076] NON-COMPLIANT — Node3: colour attributes not satisfied
MB077,sd15,es,True,1.0,False,True,1.0,False,True,1.0,False,,0.0,True,sd15_architectural,False,True,0.6095,0.761,[MB077] NON-COMPLIANT — Node4: SD v1.5 architectural limitation — text rendering unreliable (Phase 1C accuracy=0.1667); scored as 0.0
MB077,flux,es,False,0.5,True,False,0.0,False,True,1.0,False,False,0.25,False,,True,True,0.6174,0.4617,[MB077] NON-COMPLIANT — Node1: required objects absent; (informational only — flat pipeline: Nodes 2-5 still executed); Node2: spatial constraints not satisfied; Node4: required text not legibly rendered
MB078,sd15,es,False,0.5,True,False,0.0,False,False,0.5,False,,0.0,True,sd15_architectural,False,True,0.5981,0.3098,[MB078] NON-COMPLIANT — Node1: required objects absent; (informational only — flat pipeline: Nodes 2-5 still executed); Node2: spatial constraints not satisfied; Node3: colour attributes not satisfied; Node4: SD v1.5 architectural limitation — text rendering unreliable (Phase 1C accuracy=0.1667); scored as 0.0
MB078,flux,es,False,0.5,True,False,0.0,False,False,0.0,False,False,0.0,False,,True,True,0.6132,0.2113,[MB078] NON-COMPLIANT — Node1: required objects absent; (informational only — flat pipeline: Nodes 2-5 still executed); Node2: spatial constraints not satisfied; Node3: colour attributes not satisfied; Node4: required text not legibly rendered
MB079,sd15,es,False,0.5,True,False,0.0,False,False,0.0,False,,0.0,True,sd15_architectural,False,True,0.586,0.2086,[MB079] NON-COMPLIANT — Node1: required objects absent; (informational only — flat pipeline: Nodes 2-5 still executed); Node2: spatial constraints not satisfied; Node3: colour attributes not satisfied; Node4: SD v1.5 architectural limitation — text rendering unreliable (Phase 1C accuracy=0.1667); scored as 0.0
MB079,flux,es,True,1.0,False,False,0.0,False,True,1.0,False,True,1.0,False,,True,True,0.6133,0.7613,[MB079] NON-COMPLIANT — Node2: spatial constraints not satisfied
MB080,sd15,es,False,0.0,True,False,0.0,False,False,0.0,False,,0.0,True,sd15_architectural,False,True,0.5868,0.0587,[MB080] NON-COMPLIANT — Node1: required objects absent; (informational only — flat pipeline: Nodes 2-5 still executed); Node2: spatial constraints not satisfied; Node3: colour attributes not satisfied; Node4: SD v1.5 architectural limitation — text rendering unreliable (Phase 1C accuracy=0.1667); scored as 0.0
MB080,flux,es,True,1.0,False,True,1.0,False,True,1.0,False,True,1.0,False,,True,True,0.6203,0.962,[MB080] COMPLIANT — all constraints satisfied
MB081,sd15,es,True,1.0,False,False,0.0,False,False,0.5,False,,0.0,True,sd15_architectural,False,True,0.5915,0.4592,[MB081] NON-COMPLIANT — Node2: spatial constraints not satisfied; Node3: colour attributes not satisfied; Node4: SD v1.5 architectural limitation — text rendering unreliable (Phase 1C accuracy=0.1667); scored as 0.0
MB081,flux,es,True,1.0,False,True,1.0,False,True,1.0,False,True,0.8889,False,,True,True,0.6054,0.9383,[MB081] COMPLIANT — all constraints satisfied
MB082,sd15,es,False,0.5,True,False,0.0,False,False,0.5,False,,0.0,True,sd15_architectural,False,True,0.6037,0.3104,[MB082] NON-COMPLIANT — Node1: required objects absent; (informational only — flat pipeline: Nodes 2-5 still executed); Node2: spatial constraints not satisfied; Node3: colour attributes not satisfied; Node4: SD v1.5 architectural limitation — text rendering unreliable (Phase 1C accuracy=0.1667); scored as 0.0
MB082,flux,es,False,0.0,True,False,0.0,False,False,0.5,False,True,1.0,False,,True,True,0.6107,0.3611,[MB082] NON-COMPLIANT — Node1: required objects absent; (informational only — flat pipeline: Nodes 2-5 still executed); Node2: spatial constraints not satisfied; Node3: colour attributes not satisfied
MB083,sd15,es,False,0.0,True,False,0.0,False,False,0.5,False,,0.0,True,sd15_architectural,False,True,0.5765,0.1577,[MB083] NON-COMPLIANT — Node1: required objects absent; (informational only — flat pipeline: Nodes 2-5 still executed); Node2: spatial constraints not satisfied; Node3: colour attributes not satisfied; Node4: SD v1.5 architectural limitation — text rendering unreliable (Phase 1C accuracy=0.1667); scored as 0.0
MB083,flux,es,False,0.5,True,False,0.0,False,False,0.5,False,True,1.0,False,,True,True,0.6083,0.5108,[MB083] NON-COMPLIANT — Node1: required objects absent; (informational only — flat pipeline: Nodes 2-5 still executed); Node2: spatial constraints not satisfied; Node3: colour attributes not satisfied
MB084,sd15,es,False,0.5,True,False,0.0,False,True,1.0,False,,0.0,True,sd15_architectural,False,True,0.5983,0.4098,[MB084] NON-COMPLIANT — Node1: required objects absent; (informational only — flat pipeline: Nodes 2-5 still executed); Node2: spatial constraints not satisfied; Node4: SD v1.5 architectural limitation — text rendering unreliable (Phase 1C accuracy=0.1667); scored as 0.0
MB084,flux,es,False,0.5,True,False,0.0,False,False,0.5,False,True,0.6,False,,True,True,0.6071,0.4307,[MB084] NON-COMPLIANT — Node1: required objects absent; (informational only — flat pipeline: Nodes 2-5 still executed); Node2: spatial constraints not satisfied; Node3: colour attributes not satisfied
MB085,sd15,es,False,0.5,True,True,1.0,False,False,0.0,False,,0.0,True,sd15_architectural,False,True,0.5937,0.4094,[MB085] NON-COMPLIANT — Node1: required objects absent; (informational only — flat pipeline: Nodes 2-5 still executed); Node3: colour attributes not satisfied; Node4: SD v1.5 architectural limitation — text rendering unreliable (Phase 1C accuracy=0.1667); scored as 0.0
MB085,flux,es,False,0.5,True,False,0.0,False,False,0.5,False,True,0.5,False,,True,True,0.6044,0.4104,[MB085] NON-COMPLIANT — Node1: required objects absent; (informational only — flat pipeline: Nodes 2-5 still executed); Node2: spatial constraints not satisfied; Node3: colour attributes not satisfied
MB086,sd15,es,False,0.0,True,False,0.0,False,False,0.0,False,,0.0,True,sd15_architectural,False,True,0.5986,0.0599,[MB086] NON-COMPLIANT — Node1: required objects absent; (informational only — flat pipeline: Nodes 2-5 still executed); Node2: spatial constraints not satisfied; Node3: colour attributes not satisfied; Node4: SD v1.5 architectural limitation — text rendering unreliable (Phase 1C accuracy=0.1667); scored as 0.0
MB086,flux,es,True,1.0,False,False,0.0,False,True,1.0,False,False,0.0,False,,True,True,0.6152,0.5615,[MB086] NON-COMPLIANT — Node2: spatial constraints not satisfied; Node4: required text not legibly rendered
MB087,sd15,es,True,1.0,False,True,1.0,False,True,1.0,False,,0.0,True,sd15_architectural,False,True,0.6053,0.7605,[MB087] NON-COMPLIANT — Node4: SD v1.5 architectural limitation — text rendering unreliable (Phase 1C accuracy=0.1667); scored as 0.0
MB087,flux,es,False,0.5,True,False,0.0,False,True,1.0,False,False,0.2857,False,,True,True,0.6157,0.4687,[MB087] NON-COMPLIANT — Node1: required objects absent; (informational only — flat pipeline: Nodes 2-5 still executed); Node2: spatial constraints not satisfied; Node4: required text not legibly rendered
MB088,sd15,es,False,0.0,True,False,0.0,False,False,0.0,False,,0.0,True,sd15_architectural,False,True,0.5884,0.0588,[MB088] NON-COMPLIANT — Node1: required objects absent; (informational only — flat pipeline: Nodes 2-5 still executed); Node2: spatial constraints not satisfied; Node3: colour attributes not satisfied; Node4: SD v1.5 architectural limitation — text rendering unreliable (Phase 1C accuracy=0.1667); scored as 0.0
MB088,flux,es,False,0.5,True,False,0.0,False,False,0.5,False,True,1.0,False,,True,True,0.6099,0.511,[MB088] NON-COMPLIANT — Node1: required objects absent; (informational only — flat pipeline: Nodes 2-5 still executed); Node2: spatial constraints not satisfied; Node3: colour attributes not satisfied
MB089,sd15,es,False,0.5,True,False,0.0,False,False,0.0,False,,0.0,True,sd15_architectural,False,True,0.5873,0.2087,[MB089] NON-COMPLIANT — Node1: required objects absent; (informational only — flat pipeline: Nodes 2-5 still executed); Node2: spatial constraints not satisfied; Node3: colour attributes not satisfied; Node4: SD v1.5 architectural limitation — text rendering unreliable (Phase 1C accuracy=0.1667); scored as 0.0
MB089,flux,es,True,1.0,False,False,0.0,False,False,0.5,False,False,0.0,False,,True,True,0.6028,0.4603,[MB089] NON-COMPLIANT — Node2: spatial constraints not satisfied; Node3: colour attributes not satisfied; Node4: required text not legibly rendered
MB090,sd15,es,False,0.5,True,False,0.0,False,False,0.0,False,,0.0,True,sd15_architectural,False,True,0.6024,0.2102,[MB090] NON-COMPLIANT — Node1: required objects absent; (informational only — flat pipeline: Nodes 2-5 still executed); Node2: spatial constraints not satisfied; Node3: colour attributes not satisfied; Node4: SD v1.5 architectural limitation — text rendering unreliable (Phase 1C accuracy=0.1667); scored as 0.0
MB090,flux,es,True,1.0,False,True,1.0,False,True,1.0,False,False,0.2857,False,,True,True,0.6115,0.8183,[MB090] NON-COMPLIANT — Node4: required text not legibly rendered
MB091,sd15,es,False,0.5,True,False,0.0,False,False,0.0,False,,0.0,True,sd15_architectural,False,True,0.5968,0.2097,[MB091] NON-COMPLIANT — Node1: required objects absent; (informational only — flat pipeline: Nodes 2-5 still executed); Node2: spatial constraints not satisfied; Node3: colour attributes not satisfied; Node4: SD v1.5 architectural limitation — text rendering unreliable (Phase 1C accuracy=0.1667); scored as 0.0
MB091,flux,es,False,0.5,True,False,0.0,False,False,0.5,False,False,0.0,False,,True,True,0.6131,0.3113,[MB091] NON-COMPLIANT — Node1: required objects absent; (informational only — flat pipeline: Nodes 2-5 still executed); Node2: spatial constraints not satisfied; Node3: colour attributes not satisfied; Node4: required text not legibly rendered
MB092,sd15,es,True,1.0,False,True,1.0,False,True,1.0,False,,0.0,True,sd15_architectural,False,True,0.6008,0.7601,[MB092] NON-COMPLIANT — Node4: SD v1.5 architectural limitation — text rendering unreliable (Phase 1C accuracy=0.1667); scored as 0.0
MB092,flux,es,True,1.0,False,True,1.0,False,True,1.0,False,True,1.0,False,,True,True,0.6294,0.9629,[MB092] COMPLIANT — all constraints satisfied
MB093,sd15,es,False,0.5,True,False,0.0,False,False,0.5,False,,0.0,True,sd15_architectural,False,True,0.6012,0.3101,[MB093] NON-COMPLIANT — Node1: required objects absent; (informational only — flat pipeline: Nodes 2-5 still executed); Node2: spatial constraints not satisfied; Node3: colour attributes not satisfied; Node4: SD v1.5 architectural limitation — text rendering unreliable (Phase 1C accuracy=0.1667); scored as 0.0
MB093,flux,es,True,1.0,False,True,1.0,False,False,0.5,False,False,0.2857,False,,True,True,0.6146,0.7186,[MB093] NON-COMPLIANT — Node3: colour attributes not satisfied; Node4: required text not legibly rendered
MB094,sd15,es,False,0.5,True,False,0.0,False,False,0.5,False,,0.0,True,sd15_architectural,False,True,0.5964,0.3096,[MB094] NON-COMPLIANT — Node1: required objects absent; (informational only — flat pipeline: Nodes 2-5 still executed); Node2: spatial constraints not satisfied; Node3: colour attributes not satisfied; Node4: SD v1.5 architectural limitation — text rendering unreliable (Phase 1C accuracy=0.1667); scored as 0.0
MB094,flux,es,True,1.0,False,True,1.0,False,False,0.5,False,False,0.2857,False,,True,True,0.6208,0.7192,[MB094] NON-COMPLIANT — Node3: colour attributes not satisfied; Node4: required text not legibly rendered
MB095,sd15,es,False,0.0,True,True,1.0,False,True,1.0,False,,0.0,True,sd15_architectural,False,True,0.5953,0.4595,[MB095] NON-COMPLIANT — Node1: required objects absent; (informational only — flat pipeline: Nodes 2-5 still executed); Node4: SD v1.5 architectural limitation — text rendering unreliable (Phase 1C accuracy=0.1667); scored as 0.0
MB095,flux,es,False,0.5,True,False,0.0,False,True,1.0,False,False,0.0,False,,True,True,0.611,0.4111,[MB095] NON-COMPLIANT — Node1: required objects absent; (informational only — flat pipeline: Nodes 2-5 still executed); Node2: spatial constraints not satisfied; Node4: required text not legibly rendered
MB096,sd15,es,False,0.5,True,False,0.0,False,False,0.5,False,,0.0,True,sd15_architectural,False,True,0.5946,0.3095,[MB096] NON-COMPLIANT — Node1: required objects absent; (informational only — flat pipeline: Nodes 2-5 still executed); Node2: spatial constraints not satisfied; Node3: colour attributes not satisfied; Node4: SD v1.5 architectural limitation — text rendering unreliable (Phase 1C accuracy=0.1667); scored as 0.0
MB096,flux,es,False,0.0,True,False,0.0,False,True,1.0,False,True,0.5714,False,,True,True,0.6078,0.3751,[MB096] NON-COMPLIANT — Node1: required objects absent; (informational only — flat pipeline: Nodes 2-5 still executed); Node2: spatial constraints not satisfied
MB097,sd15,es,False,0.5,True,False,0.0,False,False,0.5,False,,0.0,True,sd15_architectural,False,True,0.5897,0.309,[MB097] NON-COMPLIANT — Node1: required objects absent; (informational only — flat pipeline: Nodes 2-5 still executed); Node2: spatial constraints not satisfied; Node3: colour attributes not satisfied; Node4: SD v1.5 architectural limitation — text rendering unreliable (Phase 1C accuracy=0.1667); scored as 0.0
MB097,flux,es,False,0.0,True,False,0.0,False,False,0.0,False,False,0.2222,False,,True,True,0.6003,0.1045,[MB097] NON-COMPLIANT — Node1: required objects absent; (informational only — flat pipeline: Nodes 2-5 still executed); Node2: spatial constraints not satisfied; Node3: colour attributes not satisfied; Node4: required text not legibly rendered
MB098,sd15,es,False,0.5,True,False,0.0,False,False,0.5,False,,0.0,True,sd15_architectural,False,True,0.6043,0.3104,[MB098] NON-COMPLIANT — Node1: required objects absent; (informational only — flat pipeline: Nodes 2-5 still executed); Node2: spatial constraints not satisfied; Node3: colour attributes not satisfied; Node4: SD v1.5 architectural limitation — text rendering unreliable (Phase 1C accuracy=0.1667); scored as 0.0
MB098,flux,es,False,0.5,True,True,1.0,False,False,0.0,False,True,0.5,False,,True,True,0.6098,0.511,[MB098] NON-COMPLIANT — Node1: required objects absent; (informational only — flat pipeline: Nodes 2-5 still executed); Node3: colour attributes not satisfied
MB099,sd15,es,False,0.0,True,False,0.0,False,False,0.5,False,,0.0,True,sd15_architectural,False,True,0.5986,0.1599,[MB099] NON-COMPLIANT — Node1: required objects absent; (informational only — flat pipeline: Nodes 2-5 still executed); Node2: spatial constraints not satisfied; Node3: colour attributes not satisfied; Node4: SD v1.5 architectural limitation — text rendering unreliable (Phase 1C accuracy=0.1667); scored as 0.0
MB099,flux,es,False,0.0,True,False,0.0,False,False,0.5,False,False,0.0,False,,True,True,0.6026,0.1603,[MB099] NON-COMPLIANT — Node1: required objects absent; (informational only — flat pipeline: Nodes 2-5 still executed); Node2: spatial constraints not satisfied; Node3: colour attributes not satisfied; Node4: required text not legibly rendered
MB100,sd15,es,False,0.0,True,False,0.0,False,False,0.5,False,,0.0,True,sd15_architectural,False,True,0.6001,0.16,[MB100] NON-COMPLIANT — Node1: required objects absent; (informational only — flat pipeline: Nodes 2-5 still executed); Node2: spatial constraints not satisfied; Node3: colour attributes not satisfied; Node4: SD v1.5 architectural limitation — text rendering unreliable (Phase 1C accuracy=0.1667); scored as 0.0
MB100,flux,es,False,0.5,True,False,0.0,False,False,0.5,False,False,0.0,False,,True,True,0.6168,0.3117,[MB100] NON-COMPLIANT — Node1: required objects absent; (informational only — flat pipeline: Nodes 2-5 still executed); Node2: spatial constraints not satisfied; Node3: colour attributes not satisfied; Node4: required text not legibly rendered
MB101,sd15,es,False,0.5,True,False,0.0,False,False,0.0,False,,0.0,True,sd15_architectural,False,True,0.5939,0.2094,[MB101] NON-COMPLIANT — Node1: required objects absent; (informational only — flat pipeline: Nodes 2-5 still executed); Node2: spatial constraints not satisfied; Node3: colour attributes not satisfied; Node4: SD v1.5 architectural limitation — text rendering unreliable (Phase 1C accuracy=0.1667); scored as 0.0
MB101,flux,es,False,0.5,True,False,0.0,False,False,0.5,False,True,0.75,False,,True,True,0.6142,0.4614,[MB101] NON-COMPLIANT — Node1: required objects absent; (informational only — flat pipeline: Nodes 2-5 still executed); Node2: spatial constraints not satisfied; Node3: colour attributes not satisfied
MB102,sd15,es,False,0.5,True,False,0.0,False,False,0.5,False,,0.0,True,sd15_architectural,False,True,0.5931,0.3093,[MB102] NON-COMPLIANT — Node1: required objects absent; (informational only — flat pipeline: Nodes 2-5 still executed); Node2: spatial constraints not satisfied; Node3: colour attributes not satisfied; Node4: SD v1.5 architectural limitation — text rendering unreliable (Phase 1C accuracy=0.1667); scored as 0.0
MB102,flux,es,True,1.0,False,True,1.0,False,True,1.0,False,True,1.0,False,,True,True,0.6119,0.9612,[MB102] COMPLIANT — all constraints satisfied
MB103,sd15,es,False,0.0,True,False,0.0,False,False,0.0,False,,0.0,True,sd15_architectural,False,True,0.5798,0.058,[MB103] NON-COMPLIANT — Node1: required objects absent; (informational only — flat pipeline: Nodes 2-5 still executed); Node2: spatial constraints not satisfied; Node3: colour attributes not satisfied; Node4: SD v1.5 architectural limitation — text rendering unreliable (Phase 1C accuracy=0.1667); scored as 0.0
MB103,flux,es,False,0.0,True,False,0.0,False,False,0.5,False,False,0.0,False,,True,True,0.5952,0.1595,[MB103] NON-COMPLIANT — Node1: required objects absent; (informational only — flat pipeline: Nodes 2-5 still executed); Node2: spatial constraints not satisfied; Node3: colour attributes not satisfied; Node4: required text not legibly rendered
MB104,sd15,es,False,0.0,True,False,0.0,False,False,0.0,False,,0.0,True,sd15_architectural,False,True,0.5897,0.059,[MB104] NON-COMPLIANT — Node1: required objects absent; (informational only — flat pipeline: Nodes 2-5 still executed); Node2: spatial constraints not satisfied; Node3: colour attributes not satisfied; Node4: SD v1.5 architectural limitation — text rendering unreliable (Phase 1C accuracy=0.1667); scored as 0.0
MB104,flux,es,False,0.0,True,False,0.0,False,False,0.5,False,False,0.0,False,,True,True,0.5931,0.1593,[MB104] NON-COMPLIANT — Node1: required objects absent; (informational only — flat pipeline: Nodes 2-5 still executed); Node2: spatial constraints not satisfied; Node3: colour attributes not satisfied; Node4: required text not legibly rendered
MB105,sd15,es,False,0.0,True,False,0.0,False,False,0.0,False,,0.0,True,sd15_architectural,False,True,0.5952,0.0595,[MB105] NON-COMPLIANT — Node1: required objects absent; (informational only — flat pipeline: Nodes 2-5 still executed); Node2: spatial constraints not satisfied; Node3: colour attributes not satisfied; Node4: SD v1.5 architectural limitation — text rendering unreliable (Phase 1C accuracy=0.1667); scored as 0.0
MB105,flux,es,False,0.0,True,False,0.0,False,False,0.0,False,True,1.0,False,,True,True,0.6033,0.2603,[MB105] NON-COMPLIANT — Node1: required objects absent; (informational only — flat pipeline: Nodes 2-5 still executed); Node2: spatial constraints not satisfied; Node3: colour attributes not satisfied
MB106,sd15,es,False,0.0,True,False,0.0,False,False,0.5,False,,0.0,True,sd15_architectural,False,True,0.6043,0.1604,[MB106] NON-COMPLIANT — Node1: required objects absent; (informational only — flat pipeline: Nodes 2-5 still executed); Node2: spatial constraints not satisfied; Node3: colour attributes not satisfied; Node4: SD v1.5 architectural limitation — text rendering unreliable (Phase 1C accuracy=0.1667); scored as 0.0
MB106,flux,es,False,0.5,True,False,0.0,False,False,0.5,False,False,0.0,False,,True,True,0.6283,0.3128,[MB106] NON-COMPLIANT — Node1: required objects absent; (informational only — flat pipeline: Nodes 2-5 still executed); Node2: spatial constraints not satisfied; Node3: colour attributes not satisfied; Node4: required text not legibly rendered
MB107,sd15,es,False,0.0,True,False,0.0,False,False,0.5,False,,0.0,True,sd15_architectural,False,True,0.5927,0.1593,[MB107] NON-COMPLIANT — Node1: required objects absent; (informational only — flat pipeline: Nodes 2-5 still executed); Node2: spatial constraints not satisfied; Node3: colour attributes not satisfied; Node4: SD v1.5 architectural limitation — text rendering unreliable (Phase 1C accuracy=0.1667); scored as 0.0
MB107,flux,es,True,1.0,False,True,1.0,False,True,1.0,False,False,0.0,False,,True,True,0.624,0.7624,[MB107] NON-COMPLIANT — Node4: required text not legibly rendered
MB108,sd15,es,False,0.5,True,False,0.0,False,False,0.5,False,,0.0,True,sd15_architectural,False,True,0.6002,0.31,[MB108] NON-COMPLIANT — Node1: required objects absent; (informational only — flat pipeline: Nodes 2-5 still executed); Node2: spatial constraints not satisfied; Node3: colour attributes not satisfied; Node4: SD v1.5 architectural limitation — text rendering unreliable (Phase 1C accuracy=0.1667); scored as 0.0
MB108,flux,es,False,0.5,True,False,0.0,False,False,0.5,False,False,0.0,False,,True,True,0.6025,0.3103,[MB108] NON-COMPLIANT — Node1: required objects absent; (informational only — flat pipeline: Nodes 2-5 still executed); Node2: spatial constraints not satisfied; Node3: colour attributes not satisfied; Node4: required text not legibly rendered
MB109,sd15,es,False,0.5,True,False,0.0,False,False,0.5,False,,0.0,True,sd15_architectural,False,True,0.6062,0.3106,[MB109] NON-COMPLIANT — Node1: required objects absent; (informational only — flat pipeline: Nodes 2-5 still executed); Node2: spatial constraints not satisfied; Node3: colour attributes not satisfied; Node4: SD v1.5 architectural limitation — text rendering unreliable (Phase 1C accuracy=0.1667); scored as 0.0
MB109,flux,es,False,0.5,True,False,0.0,False,False,0.5,False,True,1.0,False,,True,True,0.6202,0.512,[MB109] NON-COMPLIANT — Node1: required objects absent; (informational only — flat pipeline: Nodes 2-5 still executed); Node2: spatial constraints not satisfied; Node3: colour attributes not satisfied
MB110,sd15,es,False,0.5,True,False,0.0,False,False,0.5,False,,0.0,True,sd15_architectural,False,True,0.5939,0.3094,[MB110] NON-COMPLIANT — Node1: required objects absent; (informational only — flat pipeline: Nodes 2-5 still executed); Node2: spatial constraints not satisfied; Node3: colour attributes not satisfied; Node4: SD v1.5 architectural limitation — text rendering unreliable (Phase 1C accuracy=0.1667); scored as 0.0
MB110,flux,es,True,1.0,False,True,1.0,False,False,0.5,False,True,1.0,False,,True,True,0.606,0.8606,[MB110] NON-COMPLIANT — Node3: colour attributes not satisfied
MB111,sd15,es,False,0.0,True,False,0.0,False,False,0.5,False,,0.0,True,sd15_architectural,False,True,0.5972,0.1597,[MB111] NON-COMPLIANT — Node1: required objects absent; (informational only — flat pipeline: Nodes 2-5 still executed); Node2: spatial constraints not satisfied; Node3: colour attributes not satisfied; Node4: SD v1.5 architectural limitation — text rendering unreliable (Phase 1C accuracy=0.1667); scored as 0.0
MB111,flux,es,False,0.5,True,False,0.0,False,False,0.5,False,True,1.0,False,,True,True,0.6196,0.512,[MB111] NON-COMPLIANT — Node1: required objects absent; (informational only — flat pipeline: Nodes 2-5 still executed); Node2: spatial constraints not satisfied; Node3: colour attributes not satisfied
MB112,sd15,es,False,0.5,True,False,0.0,False,False,0.5,False,,0.0,True,sd15_architectural,False,True,0.5902,0.309,[MB112] NON-COMPLIANT — Node1: required objects absent; (informational only — flat pipeline: Nodes 2-5 still executed); Node2: spatial constraints not satisfied; Node3: colour attributes not satisfied; Node4: SD v1.5 architectural limitation — text rendering unreliable (Phase 1C accuracy=0.1667); scored as 0.0
MB112,flux,es,True,1.0,False,True,1.0,False,True,1.0,False,True,0.9091,False,,True,True,0.6214,0.944,[MB112] COMPLIANT — all constraints satisfied
MB113,sd15,es,False,0.0,True,False,0.0,False,False,0.0,False,,0.0,True,sd15_architectural,False,True,0.5914,0.0591,[MB113] NON-COMPLIANT — Node1: required objects absent; (informational only — flat pipeline: Nodes 2-5 still executed); Node2: spatial constraints not satisfied; Node3: colour attributes not satisfied; Node4: SD v1.5 architectural limitation — text rendering unreliable (Phase 1C accuracy=0.1667); scored as 0.0
MB113,flux,es,True,1.0,False,True,1.0,False,True,1.0,False,True,1.0,False,,True,True,0.6198,0.962,[MB113] COMPLIANT — all constraints satisfied
MB114,sd15,es,False,0.0,True,False,0.0,False,False,0.0,False,,0.0,True,sd15_architectural,False,True,0.5891,0.0589,[MB114] NON-COMPLIANT — Node1: required objects absent; (informational only — flat pipeline: Nodes 2-5 still executed); Node2: spatial constraints not satisfied; Node3: colour attributes not satisfied; Node4: SD v1.5 architectural limitation — text rendering unreliable (Phase 1C accuracy=0.1667); scored as 0.0
MB114,flux,es,False,0.5,True,False,0.0,False,False,0.5,False,False,0.4615,False,,True,True,0.6061,0.4029,[MB114] NON-COMPLIANT — Node1: required objects absent; (informational only — flat pipeline: Nodes 2-5 still executed); Node2: spatial constraints not satisfied; Node3: colour attributes not satisfied; Node4: required text not legibly rendered
MB115,sd15,es,False,0.0,True,False,0.0,False,False,0.0,False,,0.0,True,sd15_architectural,False,True,0.5928,0.0593,[MB115] NON-COMPLIANT — Node1: required objects absent; (informational only — flat pipeline: Nodes 2-5 still executed); Node2: spatial constraints not satisfied; Node3: colour attributes not satisfied; Node4: SD v1.5 architectural limitation — text rendering unreliable (Phase 1C accuracy=0.1667); scored as 0.0
MB115,flux,es,False,0.5,True,False,0.0,False,True,1.0,False,True,1.0,False,,True,True,0.6154,0.6115,[MB115] NON-COMPLIANT — Node1: required objects absent; (informational only — flat pipeline: Nodes 2-5 still executed); Node2: spatial constraints not satisfied
MB116,sd15,es,False,0.0,True,False,0.0,False,False,0.0,False,,0.0,True,sd15_architectural,False,True,0.5971,0.0597,[MB116] NON-COMPLIANT — Node1: required objects absent; (informational only — flat pipeline: Nodes 2-5 still executed); Node2: spatial constraints not satisfied; Node3: colour attributes not satisfied; Node4: SD v1.5 architectural limitation — text rendering unreliable (Phase 1C accuracy=0.1667); scored as 0.0
MB116,flux,es,False,0.5,True,False,0.0,False,False,0.5,False,True,0.5714,False,,True,True,0.6146,0.4257,[MB116] NON-COMPLIANT — Node1: required objects absent; (informational only — flat pipeline: Nodes 2-5 still executed); Node2: spatial constraints not satisfied; Node3: colour attributes not satisfied
MB117,sd15,es,False,0.5,True,False,0.0,False,False,0.5,False,,0.0,True,sd15_architectural,False,True,0.5935,0.3094,[MB117] NON-COMPLIANT — Node1: required objects absent; (informational only — flat pipeline: Nodes 2-5 still executed); Node2: spatial constraints not satisfied; Node3: colour attributes not satisfied; Node4: SD v1.5 architectural limitation — text rendering unreliable (Phase 1C accuracy=0.1667); scored as 0.0
MB117,flux,es,False,0.5,True,False,0.0,False,False,0.5,False,False,0.4444,False,,True,True,0.6168,0.4006,[MB117] NON-COMPLIANT — Node1: required objects absent; (informational only — flat pipeline: Nodes 2-5 still executed); Node2: spatial constraints not satisfied; Node3: colour attributes not satisfied; Node4: required text not legibly rendered
MB118,sd15,es,False,0.0,True,False,0.0,False,False,0.0,False,,0.0,True,sd15_architectural,False,True,0.5919,0.0592,[MB118] NON-COMPLIANT — Node1: required objects absent; (informational only — flat pipeline: Nodes 2-5 still executed); Node2: spatial constraints not satisfied; Node3: colour attributes not satisfied; Node4: SD v1.5 architectural limitation — text rendering unreliable (Phase 1C accuracy=0.1667); scored as 0.0
MB118,flux,es,False,0.5,True,False,0.0,False,False,0.5,False,True,0.9231,False,,True,True,0.5975,0.4944,[MB118] NON-COMPLIANT — Node1: required objects absent; (informational only — flat pipeline: Nodes 2-5 still executed); Node2: spatial constraints not satisfied; Node3: colour attributes not satisfied
MB119,sd15,es,False,0.0,True,False,0.0,False,False,0.0,False,,0.0,True,sd15_architectural,False,True,0.5915,0.0592,[MB119] NON-COMPLIANT — Node1: required objects absent; (informational only — flat pipeline: Nodes 2-5 still executed); Node2: spatial constraints not satisfied; Node3: colour attributes not satisfied; Node4: SD v1.5 architectural limitation — text rendering unreliable (Phase 1C accuracy=0.1667); scored as 0.0
MB119,flux,es,True,1.0,False,True,1.0,False,True,1.0,False,True,1.0,False,,True,True,0.6174,0.9617,[MB119] COMPLIANT — all constraints satisfied
MB120,sd15,es,False,0.5,True,True,1.0,False,False,0.5,False,,0.0,True,sd15_architectural,False,True,0.607,0.5107,[MB120] NON-COMPLIANT — Node1: required objects absent; (informational only — flat pipeline: Nodes 2-5 still executed); Node3: colour attributes not satisfied; Node4: SD v1.5 architectural limitation — text rendering unreliable (Phase 1C accuracy=0.1667); scored as 0.0
MB120,flux,es,False,0.5,True,True,1.0,False,False,0.5,False,True,1.0,False,,True,True,0.6215,0.7121,[MB120] NON-COMPLIANT — Node1: required objects absent; (informational only — flat pipeline: Nodes 2-5 still executed); Node3: colour attributes not satisfied
MB121,sd15,es,False,0.0,True,False,0.0,False,False,0.0,False,,0.0,True,sd15_architectural,False,True,0.5892,0.0589,[MB121] NON-COMPLIANT — Node1: required objects absent; (informational only — flat pipeline: Nodes 2-5 still executed); Node2: spatial constraints not satisfied; Node3: colour attributes not satisfied; Node4: SD v1.5 architectural limitation — text rendering unreliable (Phase 1C accuracy=0.1667); scored as 0.0
MB121,flux,es,False,0.5,True,False,0.0,False,False,0.0,False,False,0.2222,False,,True,True,0.6086,0.2553,[MB121] NON-COMPLIANT — Node1: required objects absent; (informational only — flat pipeline: Nodes 2-5 still executed); Node2: spatial constraints not satisfied; Node3: colour attributes not satisfied; Node4: required text not legibly rendered
MB122,sd15,es,True,1.0,False,True,1.0,False,False,0.5,False,,0.0,True,sd15_architectural,False,True,0.5871,0.6587,[MB122] NON-COMPLIANT — Node3: colour attributes not satisfied; Node4: SD v1.5 architectural limitation — text rendering unreliable (Phase 1C accuracy=0.1667); scored as 0.0
MB122,flux,es,True,1.0,False,True,1.0,False,True,1.0,False,False,0.0,False,,True,True,0.6198,0.762,[MB122] NON-COMPLIANT — Node4: required text not legibly rendered
MB123,sd15,es,False,0.0,True,False,0.0,False,False,0.5,False,,0.0,True,sd15_architectural,False,True,0.5847,0.1585,[MB123] NON-COMPLIANT — Node1: required objects absent; (informational only — flat pipeline: Nodes 2-5 still executed); Node2: spatial constraints not satisfied; Node3: colour attributes not satisfied; Node4: SD v1.5 architectural limitation — text rendering unreliable (Phase 1C accuracy=0.1667); scored as 0.0
MB123,flux,es,True,1.0,False,True,1.0,False,True,1.0,False,False,0.2,False,,True,True,0.6143,0.8014,[MB123] NON-COMPLIANT — Node4: required text not legibly rendered
MB124,sd15,es,False,0.0,True,False,0.0,False,False,0.0,False,,0.0,True,sd15_architectural,False,True,0.5866,0.0587,[MB124] NON-COMPLIANT — Node1: required objects absent; (informational only — flat pipeline: Nodes 2-5 still executed); Node2: spatial constraints not satisfied; Node3: colour attributes not satisfied; Node4: SD v1.5 architectural limitation — text rendering unreliable (Phase 1C accuracy=0.1667); scored as 0.0
MB124,flux,es,True,1.0,False,False,0.0,False,True,1.0,False,True,1.0,False,,True,True,0.6212,0.7621,[MB124] NON-COMPLIANT — Node2: spatial constraints not satisfied
MB125,sd15,es,False,0.0,True,False,0.0,False,False,0.5,False,,0.0,True,sd15_architectural,False,True,0.5827,0.1583,[MB125] NON-COMPLIANT — Node1: required objects absent; (informational only — flat pipeline: Nodes 2-5 still executed); Node2: spatial constraints not satisfied; Node3: colour attributes not satisfied; Node4: SD v1.5 architectural limitation — text rendering unreliable (Phase 1C accuracy=0.1667); scored as 0.0
MB125,flux,es,False,0.0,True,False,0.0,False,False,0.0,False,True,1.0,False,,True,True,0.6011,0.2601,[MB125] NON-COMPLIANT — Node1: required objects absent; (informational only — flat pipeline: Nodes 2-5 still executed); Node2: spatial constraints not satisfied; Node3: colour attributes not satisfied
MB126,sd15,es,False,0.5,True,False,0.0,False,False,0.5,False,,0.0,True,sd15_architectural,False,True,0.6014,0.3101,[MB126] NON-COMPLIANT — Node1: required objects absent; (informational only — flat pipeline: Nodes 2-5 still executed); Node2: spatial constraints not satisfied; Node3: colour attributes not satisfied; Node4: SD v1.5 architectural limitation — text rendering unreliable (Phase 1C accuracy=0.1667); scored as 0.0
MB126,flux,es,False,0.0,True,False,0.0,False,True,1.0,False,True,1.0,False,,True,True,0.6176,0.4618,[MB126] NON-COMPLIANT — Node1: required objects absent; (informational only — flat pipeline: Nodes 2-5 still executed); Node2: spatial constraints not satisfied
MB127,sd15,es,False,0.5,True,False,0.0,False,True,1.0,False,,0.0,True,sd15_architectural,False,True,0.5995,0.4099,[MB127] NON-COMPLIANT — Node1: required objects absent; (informational only — flat pipeline: Nodes 2-5 still executed); Node2: spatial constraints not satisfied; Node4: SD v1.5 architectural limitation — text rendering unreliable (Phase 1C accuracy=0.1667); scored as 0.0
MB127,flux,es,False,0.0,True,False,0.0,False,False,0.5,False,True,1.0,False,,True,True,0.6005,0.3601,[MB127] NON-COMPLIANT — Node1: required objects absent; (informational only — flat pipeline: Nodes 2-5 still executed); Node2: spatial constraints not satisfied; Node3: colour attributes not satisfied
MB128,sd15,es,False,0.0,True,False,0.0,False,False,0.5,False,,0.0,True,sd15_architectural,False,True,0.5962,0.1596,[MB128] NON-COMPLIANT — Node1: required objects absent; (informational only — flat pipeline: Nodes 2-5 still executed); Node2: spatial constraints not satisfied; Node3: colour attributes not satisfied; Node4: SD v1.5 architectural limitation — text rendering unreliable (Phase 1C accuracy=0.1667); scored as 0.0
MB128,flux,es,False,0.5,True,False,0.0,False,False,0.5,False,True,1.0,False,,True,True,0.6097,0.511,[MB128] NON-COMPLIANT — Node1: required objects absent; (informational only — flat pipeline: Nodes 2-5 still executed); Node2: spatial constraints not satisfied; Node3: colour attributes not satisfied
MB129,sd15,es,False,0.0,True,False,0.0,False,False,0.0,False,,0.0,True,sd15_architectural,False,True,0.5995,0.06,[MB129] NON-COMPLIANT — Node1: required objects absent; (informational only — flat pipeline: Nodes 2-5 still executed); Node2: spatial constraints not satisfied; Node3: colour attributes not satisfied; Node4: SD v1.5 architectural limitation — text rendering unreliable (Phase 1C accuracy=0.1667); scored as 0.0
MB129,flux,es,False,0.0,True,False,0.0,False,False,0.5,False,True,0.9091,False,,True,True,0.5977,0.3416,[MB129] NON-COMPLIANT — Node1: required objects absent; (informational only — flat pipeline: Nodes 2-5 still executed); Node2: spatial constraints not satisfied; Node3: colour attributes not satisfied
MB130,sd15,es,False,0.5,True,False,0.0,False,False,0.5,False,,0.0,True,sd15_architectural,False,True,0.601,0.3101,[MB130] NON-COMPLIANT — Node1: required objects absent; (informational only — flat pipeline: Nodes 2-5 still executed); Node2: spatial constraints not satisfied; Node3: colour attributes not satisfied; Node4: SD v1.5 architectural limitation — text rendering unreliable (Phase 1C accuracy=0.1667); scored as 0.0
MB130,flux,es,False,0.5,True,False,0.0,False,False,0.5,False,True,1.0,False,,True,True,0.6048,0.5105,[MB130] NON-COMPLIANT — Node1: required objects absent; (informational only — flat pipeline: Nodes 2-5 still executed); Node2: spatial constraints not satisfied; Node3: colour attributes not satisfied
MB131,sd15,es,True,1.0,False,False,0.0,False,True,1.0,False,,0.0,True,sd15_architectural,False,True,0.5937,0.5594,[MB131] NON-COMPLIANT — Node2: spatial constraints not satisfied; Node4: SD v1.5 architectural limitation — text rendering unreliable (Phase 1C accuracy=0.1667); scored as 0.0
MB131,flux,es,True,1.0,False,True,1.0,False,True,1.0,False,True,1.0,False,,True,True,0.6076,0.9608,[MB131] COMPLIANT — all constraints satisfied
MB132,sd15,es,False,0.0,True,False,0.0,False,False,0.5,False,,0.0,True,sd15_architectural,False,True,0.5977,0.1598,[MB132] NON-COMPLIANT — Node1: required objects absent; (informational only — flat pipeline: Nodes 2-5 still executed); Node2: spatial constraints not satisfied; Node3: colour attributes not satisfied; Node4: SD v1.5 architectural limitation — text rendering unreliable (Phase 1C accuracy=0.1667); scored as 0.0
MB132,flux,es,True,1.0,False,False,0.0,False,True,1.0,False,False,0.0,False,,True,True,0.6126,0.5613,[MB132] NON-COMPLIANT — Node2: spatial constraints not satisfied; Node4: required text not legibly rendered
MB133,sd15,es,False,0.0,True,False,0.0,False,False,0.5,False,,0.0,True,sd15_architectural,False,True,0.5964,0.1596,[MB133] NON-COMPLIANT — Node1: required objects absent; (informational only — flat pipeline: Nodes 2-5 still executed); Node2: spatial constraints not satisfied; Node3: colour attributes not satisfied; Node4: SD v1.5 architectural limitation — text rendering unreliable (Phase 1C accuracy=0.1667); scored as 0.0
MB133,flux,es,False,0.0,True,False,0.0,False,False,0.5,False,False,0.4,False,,True,True,0.6108,0.2411,[MB133] NON-COMPLIANT — Node1: required objects absent; (informational only — flat pipeline: Nodes 2-5 still executed); Node2: spatial constraints not satisfied; Node3: colour attributes not satisfied; Node4: required text not legibly rendered
MB134,sd15,es,False,0.5,True,False,0.0,False,False,0.0,False,,0.0,True,sd15_architectural,False,True,0.5943,0.2094,[MB134] NON-COMPLIANT — Node1: required objects absent; (informational only — flat pipeline: Nodes 2-5 still executed); Node2: spatial constraints not satisfied; Node3: colour attributes not satisfied; Node4: SD v1.5 architectural limitation — text rendering unreliable (Phase 1C accuracy=0.1667); scored as 0.0
MB134,flux,es,False,0.5,True,False,0.0,False,False,0.5,False,True,1.0,False,,True,True,0.6136,0.5114,[MB134] NON-COMPLIANT — Node1: required objects absent; (informational only — flat pipeline: Nodes 2-5 still executed); Node2: spatial constraints not satisfied; Node3: colour attributes not satisfied
MB135,sd15,es,False,0.0,True,False,0.0,False,False,0.0,False,,0.0,True,sd15_architectural,False,True,0.5768,0.0577,[MB135] NON-COMPLIANT — Node1: required objects absent; (informational only — flat pipeline: Nodes 2-5 still executed); Node2: spatial constraints not satisfied; Node3: colour attributes not satisfied; Node4: SD v1.5 architectural limitation — text rendering unreliable (Phase 1C accuracy=0.1667); scored as 0.0
MB135,flux,es,False,0.0,True,False,0.0,False,False,0.5,False,True,1.0,False,,True,True,0.5968,0.3597,[MB135] NON-COMPLIANT — Node1: required objects absent; (informational only — flat pipeline: Nodes 2-5 still executed); Node2: spatial constraints not satisfied; Node3: colour attributes not satisfied
MB136,sd15,es,False,0.0,True,False,0.0,False,False,0.5,False,,0.0,True,sd15_architectural,False,True,0.587,0.1587,[MB136] NON-COMPLIANT — Node1: required objects absent; (informational only — flat pipeline: Nodes 2-5 still executed); Node2: spatial constraints not satisfied; Node3: colour attributes not satisfied; Node4: SD v1.5 architectural limitation — text rendering unreliable (Phase 1C accuracy=0.1667); scored as 0.0
MB136,flux,es,False,0.0,True,False,0.0,False,False,0.5,False,False,0.4,False,,True,True,0.6023,0.2402,[MB136] NON-COMPLIANT — Node1: required objects absent; (informational only — flat pipeline: Nodes 2-5 still executed); Node2: spatial constraints not satisfied; Node3: colour attributes not satisfied; Node4: required text not legibly rendered
MB137,sd15,es,False,0.5,True,False,0.0,False,False,0.0,False,,0.0,True,sd15_architectural,False,True,0.5923,0.2092,[MB137] NON-COMPLIANT — Node1: required objects absent; (informational only — flat pipeline: Nodes 2-5 still executed); Node2: spatial constraints not satisfied; Node3: colour attributes not satisfied; Node4: SD v1.5 architectural limitation — text rendering unreliable (Phase 1C accuracy=0.1667); scored as 0.0
MB137,flux,es,True,1.0,False,False,0.0,False,True,1.0,False,False,0.4,False,,True,True,0.603,0.6403,[MB137] NON-COMPLIANT — Node2: spatial constraints not satisfied; Node4: required text not legibly rendered
MB138,sd15,es,False,0.0,True,False,0.0,False,False,0.5,False,,0.0,True,sd15_architectural,False,True,0.5892,0.1589,[MB138] NON-COMPLIANT — Node1: required objects absent; (informational only — flat pipeline: Nodes 2-5 still executed); Node2: spatial constraints not satisfied; Node3: colour attributes not satisfied; Node4: SD v1.5 architectural limitation — text rendering unreliable (Phase 1C accuracy=0.1667); scored as 0.0
MB138,flux,es,False,0.5,True,False,0.0,False,False,0.5,False,False,0.0,False,,True,True,0.6051,0.3105,[MB138] NON-COMPLIANT — Node1: required objects absent; (informational only — flat pipeline: Nodes 2-5 still executed); Node2: spatial constraints not satisfied; Node3: colour attributes not satisfied; Node4: required text not legibly rendered
MB139,sd15,es,False,0.0,True,False,0.0,False,False,0.0,False,,0.0,True,sd15_architectural,False,True,0.5969,0.0597,[MB139] NON-COMPLIANT — Node1: required objects absent; (informational only — flat pipeline: Nodes 2-5 still executed); Node2: spatial constraints not satisfied; Node3: colour attributes not satisfied; Node4: SD v1.5 architectural limitation — text rendering unreliable (Phase 1C accuracy=0.1667); scored as 0.0
MB139,flux,es,False,0.5,True,True,1.0,False,False,0.5,False,True,0.8571,False,,True,True,0.6136,0.6828,[MB139] NON-COMPLIANT — Node1: required objects absent; (informational only — flat pipeline: Nodes 2-5 still executed); Node3: colour attributes not satisfied
MB140,sd15,es,False,0.5,True,False,0.0,False,False,0.0,False,,0.0,True,sd15_architectural,False,True,0.5947,0.2095,[MB140] NON-COMPLIANT — Node1: required objects absent; (informational only — flat pipeline: Nodes 2-5 still executed); Node2: spatial constraints not satisfied; Node3: colour attributes not satisfied; Node4: SD v1.5 architectural limitation — text rendering unreliable (Phase 1C accuracy=0.1667); scored as 0.0
MB140,flux,es,False,0.0,True,True,1.0,False,False,0.5,False,True,0.5455,False,,True,True,0.6125,0.4704,[MB140] NON-COMPLIANT — Node1: required objects absent; (informational only — flat pipeline: Nodes 2-5 still executed); Node3: colour attributes not satisfied
MB141,sd15,es,True,1.0,False,True,1.0,False,False,0.5,False,,0.0,True,sd15_architectural,False,True,0.6027,0.6603,[MB141] NON-COMPLIANT — Node3: colour attributes not satisfied; Node4: SD v1.5 architectural limitation — text rendering unreliable (Phase 1C accuracy=0.1667); scored as 0.0
MB141,flux,es,True,1.0,False,False,0.0,False,True,1.0,False,True,1.0,False,,True,True,0.6127,0.7613,[MB141] NON-COMPLIANT — Node2: spatial constraints not satisfied
MB142,sd15,es,False,0.5,True,False,0.0,False,False,0.5,False,,0.0,True,sd15_architectural,False,True,0.5997,0.31,[MB142] NON-COMPLIANT — Node1: required objects absent; (informational only — flat pipeline: Nodes 2-5 still executed); Node2: spatial constraints not satisfied; Node3: colour attributes not satisfied; Node4: SD v1.5 architectural limitation — text rendering unreliable (Phase 1C accuracy=0.1667); scored as 0.0
MB142,flux,es,False,0.5,True,False,0.0,False,False,0.5,False,True,0.8,False,,True,True,0.6023,0.4702,[MB142] NON-COMPLIANT — Node1: required objects absent; (informational only — flat pipeline: Nodes 2-5 still executed); Node2: spatial constraints not satisfied; Node3: colour attributes not satisfied
MB143,sd15,es,False,0.5,True,False,0.0,False,False,0.0,False,,0.0,True,sd15_architectural,False,True,0.5932,0.2093,[MB143] NON-COMPLIANT — Node1: required objects absent; (informational only — flat pipeline: Nodes 2-5 still executed); Node2: spatial constraints not satisfied; Node3: colour attributes not satisfied; Node4: SD v1.5 architectural limitation — text rendering unreliable (Phase 1C accuracy=0.1667); scored as 0.0
MB143,flux,es,False,0.5,True,False,0.0,False,False,0.0,False,True,1.0,False,,True,True,0.6014,0.4101,[MB143] NON-COMPLIANT — Node1: required objects absent; (informational only — flat pipeline: Nodes 2-5 still executed); Node2: spatial constraints not satisfied; Node3: colour attributes not satisfied
MB144,sd15,es,False,0.0,True,False,0.0,False,False,0.0,False,,0.0,True,sd15_architectural,False,True,0.5863,0.0586,[MB144] NON-COMPLIANT — Node1: required objects absent; (informational only — flat pipeline: Nodes 2-5 still executed); Node2: spatial constraints not satisfied; Node3: colour attributes not satisfied; Node4: SD v1.5 architectural limitation — text rendering unreliable (Phase 1C accuracy=0.1667); scored as 0.0
MB144,flux,es,True,1.0,False,False,0.0,False,True,1.0,False,True,1.0,False,,True,True,0.6224,0.7622,[MB144] NON-COMPLIANT — Node2: spatial constraints not satisfied
MB145,sd15,es,False,0.0,True,False,0.0,False,False,0.0,False,,0.0,True,sd15_architectural,False,True,0.5862,0.0586,[MB145] NON-COMPLIANT — Node1: required objects absent; (informational only — flat pipeline: Nodes 2-5 still executed); Node2: spatial constraints not satisfied; Node3: colour attributes not satisfied; Node4: SD v1.5 architectural limitation — text rendering unreliable (Phase 1C accuracy=0.1667); scored as 0.0
MB145,flux,es,False,0.5,True,False,0.0,False,False,0.5,False,True,1.0,False,,True,True,0.6164,0.5116,[MB145] NON-COMPLIANT — Node1: required objects absent; (informational only — flat pipeline: Nodes 2-5 still executed); Node2: spatial constraints not satisfied; Node3: colour attributes not satisfied
MB146,sd15,es,False,0.5,True,False,0.0,False,True,1.0,False,,0.0,True,sd15_architectural,False,True,0.595,0.4095,[MB146] NON-COMPLIANT — Node1: required objects absent; (informational only — flat pipeline: Nodes 2-5 still executed); Node2: spatial constraints not satisfied; Node4: SD v1.5 architectural limitation — text rendering unreliable (Phase 1C accuracy=0.1667); scored as 0.0
MB146,flux,es,False,0.0,True,False,0.0,False,False,0.5,False,True,1.0,False,,True,True,0.6077,0.3608,[MB146] NON-COMPLIANT — Node1: required objects absent; (informational only — flat pipeline: Nodes 2-5 still executed); Node2: spatial constraints not satisfied; Node3: colour attributes not satisfied
MB147,sd15,es,False,0.0,True,False,0.0,False,False,0.0,False,,0.0,True,sd15_architectural,False,True,0.5901,0.059,[MB147] NON-COMPLIANT — Node1: required objects absent; (informational only — flat pipeline: Nodes 2-5 still executed); Node2: spatial constraints not satisfied; Node3: colour attributes not satisfied; Node4: SD v1.5 architectural limitation — text rendering unreliable (Phase 1C accuracy=0.1667); scored as 0.0
MB147,flux,es,False,0.5,True,False,0.0,False,False,0.5,False,True,1.0,False,,True,True,0.6115,0.5111,[MB147] NON-COMPLIANT — Node1: required objects absent; (informational only — flat pipeline: Nodes 2-5 still executed); Node2: spatial constraints not satisfied; Node3: colour attributes not satisfied
MB148,sd15,es,False,0.5,True,False,0.0,False,False,0.5,False,,0.0,True,sd15_architectural,False,True,0.6016,0.3102,[MB148] NON-COMPLIANT — Node1: required objects absent; (informational only — flat pipeline: Nodes 2-5 still executed); Node2: spatial constraints not satisfied; Node3: colour attributes not satisfied; Node4: SD v1.5 architectural limitation — text rendering unreliable (Phase 1C accuracy=0.1667); scored as 0.0
MB148,flux,es,False,0.5,True,False,0.0,False,False,0.5,False,False,0.0,False,,True,True,0.6098,0.311,[MB148] NON-COMPLIANT — Node1: required objects absent; (informational only — flat pipeline: Nodes 2-5 still executed); Node2: spatial constraints not satisfied; Node3: colour attributes not satisfied; Node4: required text not legibly rendered
MB149,sd15,es,False,0.5,True,False,0.0,False,False,0.5,False,,0.0,True,sd15_architectural,False,True,0.5928,0.3093,[MB149] NON-COMPLIANT — Node1: required objects absent; (informational only — flat pipeline: Nodes 2-5 still executed); Node2: spatial constraints not satisfied; Node3: colour attributes not satisfied; Node4: SD v1.5 architectural limitation — text rendering unreliable (Phase 1C accuracy=0.1667); scored as 0.0
MB149,flux,es,False,0.0,True,False,0.0,False,False,0.5,False,True,1.0,False,,True,True,0.5945,0.3595,[MB149] NON-COMPLIANT — Node1: required objects absent; (informational only — flat pipeline: Nodes 2-5 still executed); Node2: spatial constraints not satisfied; Node3: colour attributes not satisfied
MB150,sd15,es,False,0.5,True,True,1.0,False,False,0.0,False,,0.0,True,sd15_architectural,False,True,0.6,0.41,[MB150] NON-COMPLIANT — Node1: required objects absent; (informational only — flat pipeline: Nodes 2-5 still executed); Node3: colour attributes not satisfied; Node4: SD v1.5 architectural limitation — text rendering unreliable (Phase 1C accuracy=0.1667); scored as 0.0
MB150,flux,es,False,0.5,True,False,0.0,False,True,1.0,False,True,1.0,False,,True,True,0.6079,0.6108,[MB150] NON-COMPLIANT — Node1: required objects absent; (informational only — flat pipeline: Nodes 2-5 still executed); Node2: spatial constraints not satisfied
