brief_id,language,extracted_objects_json,extracted_colours_json,extracted_spatial_json,extracted_text_json,extraction_error
MB001,en,"[""smartwatch"", ""wireless charger""]","{""smartwatch"": ""silver"", ""wireless charger"": ""black""}","[""smartwatch left of wireless charger""]","[""ZYRA""]",
MB002,en,"[""laptop"", ""wireless mouse"", ""desk""]","{""laptop"": ""black"", ""wireless mouse"": ""white"", ""desk"": ""gray""}","[""wireless mouse right of laptop""]","[""KESTRA logo""]",
MB003,en,"[""wireless earbud"", ""charging case""]","{""wireless earbud"": ""white"", ""charging case"": ""black""}","[""wireless earbud above charging case""]","[""APEX""]",
MB004,en,"[""smartphone"", ""stand""]","{""smartphone"": ""black"", ""stand"": ""silver""}","[""smartphone above stand""]","[""VOLT""]",
MB005,en,"[""tablet"", ""stylus pen""]","{""tablet"": ""white"", ""stylus pen"": ""gold""}","[""stylus pen right of tablet""]","[""PRISM""]",
MB006,en,"[""mechanical keyboard"", ""wireless mouse"", ""desk mat""]","{""mechanical keyboard"": ""black"", ""wireless mouse"": ""red"", ""desk mat"": ""dark""}","[""wireless mouse right of mechanical keyboard""]","[""SYNTH logo on keyboard space bar""]",
MB007,en,"[""bluetooth speaker"", ""smartphone"", ""table""]","{""bluetooth speaker"": ""blue"", ""smartphone"": ""black"", ""table"": ""wooden""}","[""smartphone right of bluetooth speaker""]","[""NEXUS""]",
MB008,en,"[""dslr camera"", ""camera lens"", ""pedestal""]","{""dslr camera"": ""black"", ""camera lens"": ""silver"", ""pedestal"": ""white""}","[""camera lens right of dslr camera""]","[""KOVAL""]",
MB009,en,"[""gaming controller"", ""gaming headset""]","{""gaming controller"": ""white"", ""gaming headset"": ""black""}","[""gaming controller left of gaming headset""]","[""LUNEX logo""]",
MB010,en,"[""smart display"", ""remote control""]","{""smart display"": ""black"", ""remote control"": ""silver""}","[""remote control below of smart display""]","[""KORE""]",
MB011,en,"[""power bank"", ""usb cable""]","{""power bank"": ""white"", ""usb cable"": ""red""}","[""usb cable below of power bank""]","[""LUMIX""]",
MB012,en,"[""laptop"", ""coffee mug""]","{""laptop"": ""silver"", ""coffee mug"": ""white""}","[""coffee mug right of laptop""]","[""MIRAX logo""]",
MB013,en,"[""wireless earbud"", ""smartphone""]","{""wireless earbud"": ""white"", ""smartphone"": ""black""}","[""wireless earbud above smartphone""]","[""NEURO logo""]",
MB014,en,"[""webcam"", ""monitor"", ""desk""]","{""webcam"": ""black"", ""monitor"": ""white"", ""desk"": ""not specified""}","[""webcam above monitor""]","[""OPUS logo""]",
MB015,en,"[""action camera"", ""cycling helmet""]","{""action camera"": ""orange"", ""cycling helmet"": ""white""}","[""action camera left of cycling helmet""]","[""PHASE""]",
MB016,en,"[""smart speaker"", ""digital clock"", ""nightstand""]","{""smart speaker"": ""white"", ""digital clock"": ""black"", ""nightstand"": ""white""}","[""smart speaker left of digital clock""]","[""QUBIT logo""]",
MB017,en,"[""vr headset"", ""motion controller""]","{""vr headset"": ""white"", ""motion controller"": ""black""}","[""vr headset above motion controller""]","[""RADIUS logo""]",
MB018,en,"[""monitor"", ""keyboard"", ""desk""]","{""monitor"": ""black"", ""keyboard"": ""silver"", ""desk"": ""glass""}","[""keyboard below of monitor""]","[""SPARK""]",
MB019,en,"[""quadcopter drone"", ""remote control""]","{""quadcopter drone"": ""black"", ""remote control"": ""gray""}","[""quadcopter drone left of remote control""]","[""VORTA logo""]",
MB020,en,"[""e-reader"", ""reading glasses""]","{""e-reader"": ""white"", ""reading glasses"": ""black""}","[""e-reader left of reading glasses""]","[""RIVOX""]",
MB021,en,"[""usb hub"", ""laptop""]","{""usb hub"": ""gray"", ""laptop"": ""silver""}","[""usb hub left of laptop""]","[""WAVE""]",
MB022,en,"[""gaming headset"", ""headphone stand""]","{""gaming headset"": ""black"", ""headphone stand"": ""white""}","[""gaming headset on top of headphone stand""]","[""XENON""]",
MB023,en,"[""fitness tracker"", ""smartphone""]","{""fitness tracker"": ""black"", ""smartphone"": ""white""}","[""fitness tracker left of smartphone""]","[""ZETA logo""]",
MB024,en,"[""projector"", ""remote control""]","{""projector"": ""white"", ""remote control"": ""black""}","[""projector above remote control""]","[""AXON logo""]",
MB025,en,"[""smart glasses"", ""glasses case""]","{""smart glasses"": ""rose gold"", ""glasses case"": ""black""}","[""smart glasses above glasses case""]","[""BREEZE logo""]",
MB026,en,"[""portable ssd"", ""usb cable""]","{""portable ssd"": ""silver"", ""usb cable"": ""blue""}","[""usb cable right of portable ssd""]","[""CREST""]",
MB027,en,"[""wireless charging pad"", ""smartphone"", ""nightstand""]","{""wireless charging pad"": ""white"", ""smartphone"": ""black"", ""nightstand"": ""brown""}","[""smartphone on top of wireless charging pad"", ""wireless charging pad on top of nightstand""]","[""DAWN""]",
MB028,en,"[""smart lock"", ""door handle"", ""door""]","{""smart lock"": ""black"", ""door handle"": ""silver"", ""door"": ""white""}","[""smart lock above door handle""]","[""NYRIC logo""]",
MB029,en,"[""wifi router"", ""ethernet cable""]","{""wifi router"": ""white"", ""ethernet cable"": ""yellow""}","[""ethernet cable below of wifi router""]","[""FUSE""]",
MB030,en,"[""gaming mouse"", ""mousepad""]","{""gaming mouse"": ""black"", ""mousepad"": ""red""}","[""gaming mouse on top of mousepad""]","[""GRID logo""]",
MB031,en,"[""juice bottle"", ""cup""]","{""juice bottle"": ""orange"", ""cup"": ""white""}","[""juice bottle left of cup""]","[""ZEST""]",
MB032,en,"[""coffee bag"", ""espresso cup""]","{""coffee bag"": ""brown kraft"", ""espresso cup"": ""black""}","[""coffee bag above espresso cup""]","[""PURE""]",
MB033,en,"[""cereal box"", ""milk carton""]","{""cereal box"": ""yellow"", ""milk carton"": ""white""}","[""cereal box left of milk carton""]","[""BLOOM""]",
MB034,en,"[""hot sauce bottle"", ""cutting board""]","{""hot sauce bottle"": ""red"", ""cutting board"": ""brown""}","[""hot sauce bottle right of cutting board""]","[""GROVE""]",
MB035,en,"[""wine bottle"", ""grapes""]","{""wine bottle"": ""green"", ""grapes"": ""purple""}","[""wine bottle right of grapes""]","[""FRESH""]",
MB036,en,"[""tea box"", ""teacup"", ""saucer""]","{""tea box"": ""teal"", ""teacup"": ""white"", ""saucer"": ""white""}","[""tea box above teacup"", ""teacup above saucer""]","[""CRISP""]",
MB037,en,"[""energy drink can"", ""dumbbell""]","{""energy drink can"": ""black"", ""dumbbell"": ""silver""}","[""energy drink can left of dumbbell""]","[""BOLD on can front""]",
MB038,en,"[""water bottle"", ""lemon slice""]","{""water bottle"": ""blue"", ""lemon slice"": ""yellow""}","[""water bottle above lemon slice""]","[""MIST""]",
MB039,en,"[""yogurt container"", ""strawberry""]","{""yogurt container"": ""white"", ""strawberry"": ""red""}","[""yogurt container left of strawberry""]","[""GLOW""]",
MB040,en,"[""cookie tin"", ""glass""]","{""cookie tin"": ""red"", ""glass"": ""white""}","[""cookie tin right of glass""]","[""PETAL""]",
MB041,en,"[""soda can"", ""ice bucket""]","{""soda can"": ""blue"", ""ice bucket"": ""silver""}","[""soda can left of ice bucket""]","[""QUENCH""]",
MB042,en,"[""protein powder jar"", ""shaker bottle""]","{""protein powder jar"": ""black"", ""shaker bottle"": ""white""}","[""protein powder jar left of shaker bottle""]","[""RIPPLE""]",
MB043,en,"[""olive oil bottle"", ""garlic bulb""]","{""olive oil bottle"": ""green"", ""garlic bulb"": ""white""}","[""olive oil bottle above garlic bulb""]","[""SWAY""]",
MB044,en,"[""granola bar"", ""banana""]","{""granola bar"": ""brown"", ""banana"": ""yellow""}","[""granola bar left of banana""]","[""TEMPO""]",
MB045,en,"[""cold brew coffee bottle"", ""metal straw""]","{""cold brew coffee bottle"": ""brown"", ""metal straw"": ""silver""}","[""cold brew coffee bottle left of metal straw""]","[""UMBER""]",
MB046,en,"[""can"", ""lime""]","{""can"": ""blue"", ""lime"": ""green""}","[""can left of lime""]","[""VERDE""]",
MB047,en,"[""honey jar"", ""slice of toast"", ""breakfast board""]","{""honey jar"": ""amber"", ""slice of toast"": ""brown"", ""breakfast board"": ""wooden""}","[""honey jar above slice of toast""]","[""WARM""]",
MB048,en,"[""smoothie bottle"", ""berry""]","{""smoothie bottle"": ""purple"", ""berry"": ""red""}","[""smoothie bottle left of berry""]","[""XTRA""]",
MB049,en,"[""tea bottle"", ""bamboo stalk""]","{""tea bottle"": ""white"", ""bamboo stalk"": ""green""}","[""tea bottle right of bamboo stalk""]","[""YUMA""]",
MB050,en,"[""chocolate bar"", ""wrapper""]","{""chocolate bar"": ""dark brown"", ""wrapper"": ""gold""}",[],"[""ZEAL""]",
MB051,en,"[""juice pouch"", ""straw""]","{""juice pouch"": ""orange"", ""straw"": ""brown""}","[""juice pouch right of straw""]","[""AMBER""]",
MB052,en,"[""almond butter jar"", ""slice of bread""]","{""almond butter jar"": ""brown"", ""slice of bread"": ""white""}","[""almond butter jar above slice of bread""]","[""BRISK""]",
MB053,en,"[""kombucha bottle"", ""ginger root""]","{""kombucha bottle"": ""brown"", ""ginger root"": ""yellow""}","[""kombucha bottle right of ginger root""]","[""COVE""]",
MB054,en,"[""water bottle"", ""mint sprig""]","{""water bottle"": ""blue"", ""mint sprig"": ""green""}","[""water bottle above mint sprig""]","[""DRIP""]",
MB055,en,"[""matcha tin"", ""bamboo whisk""]","{""matcha tin"": ""green"", ""bamboo whisk"": ""brown""}","[""matcha tin right of bamboo whisk""]","[""ELIXIR""]",
MB056,en,"[""oat milk carton"", ""ceramic bowl""]","{""oat milk carton"": ""white"", ""ceramic bowl"": ""brown""}","[""oat milk carton right of ceramic bowl""]","[""FERN""]",
MB057,en,"[""coconut water can"", ""coconut""]","{""coconut water can"": ""white"", ""coconut"": ""brown""}","[""coconut water can right of coconut""]","[""GUSTO""]",
MB058,en,"[""shot bottle"", ""turmeric root""]","{""shot bottle"": ""yellow"", ""turmeric root"": ""orange""}","[""shot bottle above turmeric root""]","[""HERBA""]",
MB059,en,"[""juice bottle"", ""grapes""]","{""juice bottle"": ""purple"", ""grapes"": ""green""}","[""juice bottle right of grapes""]","[""INFUSE""]",
MB060,en,"[""juice bottle"", ""carrot""]","{""juice bottle"": ""green"", ""carrot"": ""orange""}","[""juice bottle below carrot""]","[""JUVO""]",
MB061,en,"[""sneaker"", ""shoebox""]","{""sneaker"": ""white"", ""shoebox"": ""red""}","[""sneaker above shoebox""]","[""MODE""]",
MB062,en,"[""jacket"", ""hanger""]","{""jacket"": ""black"", ""hanger"": ""brown""}","[""jacket hanging on hanger""]","[""LUXE""]",
MB063,en,"[""handbag"", ""sunglasses""]","{""handbag"": ""tan"", ""sunglasses"": ""black""}","[""handbag left of sunglasses""]","[""FORM logo""]",
MB064,en,"[""wristwatch"", ""watch box""]","{""wristwatch"": ""gold"", ""watch box"": ""black leather""}","[""wristwatch above watch box""]","[""GRACE logo""]",
MB065,en,"[""sunglasses"", ""glasses case""]","{""sunglasses"": ""brown tortoiseshell"", ""glasses case"": ""black leather""}","[""sunglasses above glasses case""]","[""HAVEN""]",
MB066,en,"[""running shoes"", ""athletic socks""]","{""running shoes"": ""blue"", ""athletic socks"": ""white""}","[""running shoes left of athletic socks""]","[""INKE logo""]",
MB067,en,"[""denim jacket"", ""canvas tote bag""]","{""denim jacket"": ""blue"", ""canvas tote bag"": ""white""}","[""denim jacket above canvas tote bag""]","[""JOIE""]",
MB068,en,"[""tote bag"", ""scarf""]","{""tote bag"": ""brown"", ""scarf"": ""red""}","[""tote bag left of scarf""]","[""KEEN embossed on bag""]",
MB069,en,"[""canvas sneaker"", ""skateboard""]","{""canvas sneaker"": ""white"", ""skateboard"": ""red""}","[""canvas sneaker above skateboard""]","[""LACE logo""]",
MB070,en,"[""sports bra"", ""yoga mat""]","{""sports bra"": ""pink"", ""yoga mat"": ""purple""}","[""sports bra above yoga mat""]","[""MAUVE""]",
MB071,en,"[""baseball cap"", ""t-shirt""]","{""baseball cap"": ""black"", ""t-shirt"": ""white""}","[""baseball cap above t-shirt""]","[""NOIR""]",
MB072,en,"[""chelsea boot"", ""leather belt""]","{""chelsea boot"": ""black"", ""leather belt"": ""brown""}","[""chelsea boot left of leather belt""]","[""ONYX""]",
MB073,en,"[""raincoat"", ""umbrella""]","{""raincoat"": ""yellow"", ""umbrella"": ""black""}","[""raincoat above umbrella""]","[""POISE""]",
MB074,en,"[""sweater"", ""scarf""]","{""sweater"": ""gray"", ""scarf"": ""white""}","[""sweater above scarf""]","[""RIVE""]",
MB075,en,"[""swimsuit"", ""sunscreen bottle""]","{""swimsuit"": ""orange"", ""sunscreen bottle"": ""white""}","[""swimsuit left of sunscreen bottle""]","[""SILK""]",
MB076,en,"[""backpack"", ""water bottle""]","{""backpack"": ""navy blue"", ""water bottle"": ""silver""}","[""backpack left of water bottle""]","[""TONE on backpack front pocket""]",
MB077,en,"[""hoodie"", ""jogger pants""]","{""hoodie"": ""gray"", ""jogger pants"": ""black""}","[""hoodie above jogger pants""]","[""ULAN""]",
MB078,en,"[""oxford dress shoe"", ""briefcase""]","{""oxford dress shoe"": ""brown"", ""briefcase"": ""tan""}","[""oxford dress shoe left of briefcase""]","[""VIBE on shoe sole""]",
MB079,en,"[""winter jacket"", ""leather gloves""]","{""winter jacket"": ""red"", ""leather gloves"": ""black""}","[""winter jacket below leather gloves""]","[""WOVEN""]",
MB080,en,"[""athletic shorts"", ""running sneakers""]","{""athletic shorts"": ""black"", ""running sneakers"": ""white""}","[""athletic shorts below running sneakers""]","[""XARA logo""]",
MB081,en,"[""tote bag"", ""paperback book""]","{""tote bag"": ""beige"", ""paperback book"": ""white""}","[""tote bag left of paperback book""]","[""YARN""]",
MB082,en,"[""trench coat"", ""umbrella""]","{""trench coat"": ""beige"", ""umbrella"": ""black""}","[""trench coat below umbrella""]","[""ZOLA label on coat""]",
MB083,en,"[""cycling shorts"", ""cycling helmet""]","{""cycling shorts"": ""black"", ""cycling helmet"": ""white""}","[""cycling shorts right of cycling helmet""]","[""AEON logo""]",
MB084,en,"[""wallet"", ""coin""]","{""wallet"": ""black"", ""coin"": ""silver""}","[""wallet below coin""]","[""BRIM""]",
MB085,en,"[""beanie hat"", ""jacket""]","{""beanie hat"": ""gray"", ""jacket"": ""navy""}","[""beanie hat below jacket""]","[""CORD""]",
MB086,en,"[""platform heel"", ""clutch bag""]","{""platform heel"": ""black"", ""clutch bag"": ""red""}","[""platform heel right of clutch bag""]","[""DUSK logo on heel""]",
MB087,en,"[""cargo pants"", ""leather boots""]","{""cargo pants"": ""green"", ""leather boots"": ""brown""}","[""cargo pants below leather boots""]","[""ZYLO""]",
MB088,en,"[""tie"", ""dress shirt""]","{""tie"": ""navy blue"", ""dress shirt"": ""white""}","[""tie below dress shirt""]","[""FINN woven on tie label""]",
MB089,en,"[""gym leggings"", ""sports shoes""]","{""gym leggings"": ""purple"", ""sports shoes"": ""white""}","[""gym leggings right of sports shoes""]","[""GILD""]",
MB090,en,"[""sandal"", ""beach hat""]","{""sandal"": ""tan"", ""beach hat"": ""white""}","[""sandal right of beach hat""]","[""HAZE logo""]",
MB091,en,"[""sports car"", ""racing helmet""]","{""sports car"": ""red"", ""racing helmet"": ""white""}","[""sports car left of racing helmet""]","[""TORQ logo""]",
MB092,en,"[""electric car"", ""charging cable""]","{""electric car"": ""white"", ""charging cable"": ""green""}","[""charging cable left of electric car""]","[""RUSH logo""]",
MB093,en,"[""suv"", ""roof rack""]","{""suv"": ""black"", ""roof rack"": ""silver""}","[""roof rack above suv""]","[""FORGE""]",
MB094,en,"[""motorcycle"", ""full-face helmet""]","{""motorcycle"": ""black"", ""full-face helmet"": ""white""}","[""motorcycle left of full-face helmet""]","[""HELIX logo""]",
MB095,en,"[""sports car"", ""tire""]","{""sports car"": ""blue"", ""tire"": ""black""}","[""tire below of sports car""]","[""JOLT""]",
MB096,en,"[""pickup truck"", ""toolbox""]","{""pickup truck"": ""orange"", ""toolbox"": ""black""}","[""pickup truck left of toolbox""]","[""KINETIC""]",
MB097,en,"[""electric scooter"", ""safety helmet""]","{""electric scooter"": ""white"", ""safety helmet"": ""black""}","[""electric scooter left of safety helmet""]","[""LAUNCH""]",
MB098,en,"[""compact city car"", ""parking sign""]","{""compact city car"": ""silver"", ""parking sign"": ""white""}","[""compact city car left of parking sign""]","[""MOTION logo""]",
MB099,en,"[""convertible car"", ""car key""]","{""convertible car"": ""yellow"", ""car key"": ""silver""}","[""convertible car above car key""]","[""PULSE""]",
MB100,en,"[""hybrid car"", ""solar panel""]","{""hybrid car"": ""green"", ""solar panel"": ""navy""}","[""hybrid car left of solar panel""]","[""QUEST""]",
MB101,en,"[""racing car"", ""checkered flag""]","{""racing car"": ""red"", ""checkered flag"": ""black and white""}","[""racing car left of checkered flag""]","[""RACER logo""]",
MB102,en,"[""motorcycle"", ""racing gloves""]","{""motorcycle"": ""silver"", ""racing gloves"": ""black""}","[""motorcycle above racing gloves""]","[""SPEED""]",
MB103,en,"[""family sedan"", ""child seat""]","{""family sedan"": ""white"", ""child seat"": ""black""}","[""child seat right of family sedan""]","[""THRUST""]",
MB104,en,"[""off-road vehicle"", ""spare tire""]","{""off-road vehicle"": ""brown"", ""spare tire"": ""black""}","[""off-road vehicle left of spare tire""]","[""VEER""]",
MB105,en,"[""sedan"", ""key fob""]","{""sedan"": ""black"", ""key fob"": ""gold""}","[""key fob below of sedan""]","[""WARP""]",
MB106,en,"[""electric bicycle"", ""charging cable""]","{""electric bicycle"": ""white"", ""charging cable"": ""black""}","[""electric bicycle left of charging cable""]","[""XCEL""]",
MB107,en,"[""racing car"", ""trophy""]","{""racing car"": ""red"", ""trophy"": ""gold""}","[""racing car left of trophy""]","[""YOKE""]",
MB108,en,"[""delivery van"", ""cardboard box""]","{""delivery van"": ""white"", ""cardboard box"": ""brown""}","[""delivery van left of cardboard box""]",[],
MB109,en,"[""campervan"", ""camping tent""]","{""campervan"": ""beige"", ""camping tent"": ""green""}","[""campervan left of camping tent""]","[""ALPHA""]",
MB110,en,"[""car"", ""fuel pump""]","{""car"": ""blue"", ""fuel pump"": ""silver""}","[""car left of fuel pump""]","[""BRAVO""]",
MB111,en,"[""sports hatchback"", ""roof rack""]","{""sports hatchback"": ""black"", ""roof rack"": ""silver""}","[""roof rack above of sports hatchback""]","[""TORVEX""]",
MB112,en,"[""police car"", ""siren light""]","{""police car"": ""white"", ""siren light"": ""red""}","[""siren light above of police car""]","[""DELTA""]",
MB113,en,"[""school bus"", ""stop sign""]","{""school bus"": ""yellow"", ""stop sign"": ""red""}","[""school bus right of stop sign""]","[""EAGLE""]",
MB114,en,"[""fire truck"", ""fire hose""]","{""fire truck"": ""red"", ""fire hose"": ""yellow""}","[""fire truck right of fire hose""]","[""FOXTROT""]",
MB115,en,"[""limousine"", ""carpet""]","{""limousine"": ""black"", ""carpet"": ""red""}","[""limousine above carpet""]","[""GRAND""]",
MB116,en,"[""all-terrain vehicle"", ""snow chains""]","{""all-terrain vehicle"": ""gray"", ""snow chains"": ""silver""}","[""all-terrain vehicle right of snow chains""]","[""HOUND""]",
MB117,en,"[""motorcycle"", ""saddlebags""]","{""motorcycle"": ""black"", ""saddlebags"": ""brown""}","[""motorcycle above saddlebags""]","[""IRON""]",
MB118,en,"[""suv"", ""radio antenna""]","{""suv"": ""green"", ""radio antenna"": ""black""}","[""radio antenna right of suv""]","[""VANTIS""]",
MB119,en,"[""micro car"", ""city map""]","{""micro car"": ""red"", ""city map"": ""white""}","[""micro car right of city map""]","[""KILO""]",
MB120,en,"[""superbike"", ""racing track cone""]","{""superbike"": ""orange"", ""racing track cone"": ""black""}","[""superbike right of racing track cone""]","[""LANCE""]",
MB121,en,"[""yoga mat"", ""water bottle""]","{""yoga mat"": ""purple"", ""water bottle"": ""silver""}","[""yoga mat left of water bottle""]","[""ZENITH""]",
MB122,en,"[""supplement bottle"", ""capsule""]","{""supplement bottle"": ""white"", ""capsule"": ""orange""}","[""capsule right of supplement bottle""]","[""REVIVE""]",
MB123,en,"[""gym bag"", ""towel""]","{""gym bag"": ""black"", ""towel"": ""white""}","[""gym bag left of towel""]","[""BOOST logo""]",
MB124,en,"[""face cream jar"", ""flower"", ""marble surface""]","{""face cream jar"": ""white"", ""flower"": ""pink"", ""marble surface"": ""none""}","[""face cream jar above flower""]","[""AURA""]",
MB125,en,"[""protein shaker bottle"", ""dumbbell""]","{""protein shaker bottle"": ""black"", ""dumbbell"": ""silver""}","[""protein shaker bottle left of dumbbell""]","[""PEAK""]",
MB126,en,"[""meditation cushion"", ""candle""]","{""meditation cushion"": ""purple"", ""candle"": ""white""}","[""meditation cushion left of candle""]","[""CALM""]",
MB127,en,"[""foam roller"", ""yoga mat""]","{""foam roller"": ""blue"", ""yoga mat"": ""purple""}","[""foam roller above yoga mat""]","[""ALIGN""]",
MB128,en,"[""resistance band"", ""water bottle""]","{""resistance band"": ""red"", ""water bottle"": ""black""}","[""resistance band left of water bottle""]","[""TENZO""]",
MB129,en,"[""essential oil bottle"", ""ceramic diffuser""]","{""essential oil bottle"": ""brown"", ""ceramic diffuser"": ""white""}","[""essential oil bottle left of ceramic diffuser""]","[""TERRA""]",
MB130,en,"[""sleep mask"", ""pillow"", ""bed surface""]","{""sleep mask"": ""black"", ""pillow"": ""white"", ""bed surface"": ""gray""}","[""sleep mask above pillow""]","[""REST on mask""]",
MB131,en,"[""journal"", ""pen""]","{""journal"": ""white"", ""pen"": ""black""}","[""journal left of pen""]","[""RYNTH""]",
MB132,en,"[""fitness watch"", ""smartphone""]","{""fitness watch"": ""black"", ""smartphone"": ""white""}","[""fitness watch left of smartphone""]","[""TRACE""]",
MB133,en,"[""massage gun"", ""charging base""]","{""massage gun"": ""black"", ""charging base"": ""white""}","[""massage gun above charging base""]","[""EASE""]",
MB134,en,"[""collagen powder jar"", ""glass""]","{""collagen powder jar"": ""white"", ""glass"": ""pink""}","[""collagen powder jar left of glass""]","[""RENEW""]",
MB135,en,"[""thermos"", ""trail mix bag""]","{""thermos"": ""green"", ""trail mix bag"": ""brown""}","[""thermos left of trail mix bag""]","[""VOXA""]",
MB136,en,"[""smoothie bowl"", ""spoon""]","{""smoothie bowl"": ""yellow"", ""spoon"": ""silver""}","[""smoothie bowl above spoon""]","[""VIVID""]",
MB137,en,"[""sunscreen bottle"", ""beach towel""]","{""sunscreen bottle"": ""white"", ""beach towel"": ""orange""}","[""sunscreen bottle left of beach towel""]","[""SHIELD""]",
MB138,en,"[""vitamin bottle"", ""blister pack""]","{""vitamin bottle"": ""orange"", ""blister pack"": ""silver""}","[""vitamin bottle right of blister pack""]","[""VITAL""]",
MB139,en,"[""balance board"", ""athletic sneaker""]","{""balance board"": ""teal"", ""athletic sneaker"": ""white""}","[""balance board above athletic sneaker""]","[""CORE""]",
MB140,en,"[""ice roller"", ""face serum bottle""]","{""ice roller"": ""white"", ""face serum bottle"": ""gold""}","[""ice roller left of face serum bottle""]","[""CHILL""]",
MB141,en,"[""towel"", ""water bottle"", ""bench""]","{""towel"": ""white"", ""water bottle"": ""black"", ""bench"": ""wooden""}","[""towel above water bottle"", ""water bottle on bench""]","[""STEAM""]",
MB142,en,"[""acupressure mat"", ""pillow""]","{""acupressure mat"": ""purple"", ""pillow"": ""white""}","[""acupressure mat right of pillow""]","[""PRESS""]",
MB143,en,"[""nutrition bar wrapper"", ""water bottle""]","{""nutrition bar wrapper"": ""green"", ""water bottle"": ""silver""}","[""nutrition bar wrapper above water bottle""]","[""FUEL""]",
MB144,en,"[""protein powder bag"", ""shaker bottle""]","{""protein powder bag"": ""black"", ""shaker bottle"": ""red""}","[""protein powder bag right of shaker bottle""]","[""MASS on bag front""]",
MB145,en,"[""eye cream tube"", ""handheld mirror""]","{""eye cream tube"": ""white"", ""handheld mirror"": ""gold""}","[""eye cream tube right of handheld mirror""]","[""LUMI""]",
MB146,en,"[""stretching strap"", ""yoga mat""]","{""stretching strap"": ""blue"", ""yoga mat"": ""purple""}","[""stretching strap below yoga mat""]","[""EXTEND""]",
MB147,en,"[""sleep supplement bottle"", ""moon lamp""]","{""sleep supplement bottle"": ""white"", ""moon lamp"": ""silver""}","[""sleep supplement bottle right of moon lamp""]","[""DRIFT""]",
MB148,en,"[""hydration vest"", ""trail running shoes""]","{""hydration vest"": ""blue"", ""trail running shoes"": ""orange""}","[""hydration vest below trail running shoes""]","[""PACE""]",
MB149,en,"[""incense holder"", ""meditation beads""]","{""incense holder"": ""black"", ""meditation beads"": ""brown""}","[""incense holder right of meditation beads""]","[""SERENE""]",
MB150,en,"[""cold plunge tub"", ""towel""]","{""cold plunge tub"": ""white"", ""towel"": ""blue""}","[""cold plunge tub right of towel""]","[""POLAR""]",
MB001,de,"[""smartwatch"", ""wireless charger""]","{""smartwatch"": ""silver"", ""wireless charger"": ""black""}","[""smartwatch left of wireless charger""]","[""ZYRA""]",
MB002,de,"[""laptop"", ""wireless mouse"", ""desk""]","{""laptop"": ""black"", ""wireless mouse"": ""white"", ""desk"": ""grey""}","[""wireless mouse right of laptop""]","[""KESTRA-Logo""]",
MB003,de,"[""wireless earphones"", ""charging case""]","{""wireless earphones"": ""white"", ""charging case"": ""black""}","[""wireless earphones above charging case""]","[""APEX""]",
MB004,de,"[""smartphone"", ""metal stand""]","{""smartphone"": ""black"", ""metal stand"": ""silver""}","[""smartphone above metal stand""]","[""VOLT""]",
MB005,de,"[""tablet"", ""stylus""]","{""tablet"": ""white"", ""stylus"": ""gold""}","[""stylus right of tablet""]","[""PRISM""]",
MB006,de,"[""mechanical keyboard"", ""wireless mouse"", ""desk mat""]","{""mechanical keyboard"": ""black"", ""wireless mouse"": ""red"", ""desk mat"": ""dark""}","[""wireless mouse right of mechanical keyboard""]","[""SYNTH-Logo""]",
MB007,de,"[""bluetooth speaker"", ""smartphone"", ""wooden table""]","{""bluetooth speaker"": ""blue"", ""smartphone"": ""black"", ""wooden table"": ""brown""}","[""smartphone right of bluetooth speaker""]","[""NEXUS""]",
MB008,de,"[""dslr camera"", ""camera lens"", ""pedestal""]","{""dslr camera"": ""black"", ""camera lens"": ""silver"", ""pedestal"": ""white""}","[""camera lens right of pedestal""]","[""KOVAL""]",
MB009,de,"[""gaming controller"", ""gaming headset""]","{""gaming controller"": ""white"", ""gaming headset"": ""black""}","[""gaming controller left of gaming headset""]","[""LUNEX-Logo""]",
MB010,de,"[""smart display"", ""remote control""]","{""smart display"": ""black"", ""remote control"": ""silver""}","[""remote control below of smart display""]","[""KORE""]",
MB011,de,"[""powerbank"", ""usb cable""]","{""powerbank"": ""white"", ""usb cable"": ""red""}","[""usb cable below of powerbank""]","[""LUMIX""]",
MB012,de,"[""laptop"", ""coffee cup""]","{""laptop"": ""silver"", ""coffee cup"": ""white""}","[""coffee cup right of laptop""]","[""MIRAX-Logo""]",
MB013,de,"[""earphones"", ""smartphone""]","{""earphones"": ""white"", ""smartphone"": ""black""}","[""earphones above of smartphone""]","[""NEURO-Logo""]",
MB014,de,"[""webcam"", ""monitor"", ""desk""]","{""webcam"": ""black"", ""monitor"": ""white"", ""desk"": ""not specified""}","[""webcam above monitor""]","[""OPUS-Logo""]",
MB015,de,"[""action camera"", ""bicycle helmet""]","{""action camera"": ""orange"", ""bicycle helmet"": ""white""}","[""action camera left of bicycle helmet""]","[""PHASE""]",
MB016,de,"[""smart speaker"", ""digital clock"", ""nightstand""]","{""smart speaker"": ""white"", ""digital clock"": ""black"", ""nightstand"": ""white""}","[""smart speaker left of digital clock""]","[""QUBIT-Logo""]",
MB017,de,"[""vr headset"", ""motion controller""]","{""vr headset"": ""white"", ""motion controller"": ""black""}","[""vr headset above motion controller""]","[""RADIUS-Logo""]",
MB018,de,"[""monitor"", ""keyboard"", ""glass table""]","{""monitor"": ""black"", ""keyboard"": ""silver"", ""glass table"": ""transparent""}","[""keyboard below of monitor""]","[""SPARK-Logo""]",
MB019,de,"[""quadcopter"", ""remote control""]","{""quadcopter"": ""black"", ""remote control"": ""grey""}","[""quadcopter left of remote control""]","[""VORTA-Logo""]",
MB020,de,"[""e-reader"", ""reading glasses""]","{""e-reader"": ""white"", ""reading glasses"": ""black""}","[""e-reader left of reading glasses""]","[""RIVOX""]",
MB021,de,"[""usb hub"", ""laptop""]","{""usb hub"": ""grey"", ""laptop"": ""silver""}","[""usb hub left of laptop""]","[""WAVE""]",
MB022,de,"[""gaming headset"", ""headphone stand""]","{""gaming headset"": ""black"", ""headphone stand"": ""white""}","[""gaming headset on top of headphone stand""]","[""XENON-Logo""]",
MB023,de,"[""fitness tracker"", ""smartphone""]","{""fitness tracker"": ""black"", ""smartphone"": ""white""}","[""fitness tracker left of smartphone""]","[""ZETA-Logo""]",
MB024,de,"[""projector"", ""remote control""]","{""projector"": ""white"", ""remote control"": ""black""}","[""projector above remote control""]","[""AXON-Logo""]",
MB025,de,"[""smart glasses"", ""glasses case""]","{""smart glasses"": ""rose gold"", ""glasses case"": ""black""}","[""smart glasses above glasses case""]","[""BREEZE-Logo""]",
MB026,de,"[""portable ssd"", ""usb cable""]","{""portable ssd"": ""silver"", ""usb cable"": ""blue""}","[""usb cable right of portable ssd""]","[""CREST""]",
MB027,de,"[""wireless charger"", ""smartphone"", ""nightstand""]","{""wireless charger"": ""white"", ""smartphone"": ""black"", ""nightstand"": ""wood""}","[""smartphone on top of wireless charger"", ""wireless charger on top of nightstand""]","[""DAWN""]",
MB028,de,"[""smart lock"", ""door handle"", ""door""]","{""smart lock"": ""black"", ""door handle"": ""silver"", ""door"": ""white""}","[""smart lock above door handle""]","[""NYRIC-Logo""]",
MB029,de,"[""wifi router"", ""ethernet cable""]","{""wifi router"": ""white"", ""ethernet cable"": ""yellow""}","[""ethernet cable below of wifi router""]","[""FUSE""]",
MB030,de,"[""gaming mouse"", ""mouse pad"", ""desk""]","{""gaming mouse"": ""black"", ""mouse pad"": ""red"", ""desk"": ""dark""}",[],"[""GRID-Logo""]",
MB031,de,"[""juice bottle"", ""ceramic cup""]","{""juice bottle"": ""orange"", ""ceramic cup"": ""white""}","[""juice bottle left of ceramic cup""]","[""ZEST""]",
MB032,de,"[""coffee bag"", ""espresso cup"", ""wooden table""]","{""coffee bag"": ""brown"", ""espresso cup"": ""black"", ""wooden table"": ""brown""}","[""coffee bag above espresso cup""]","[""PURE""]",
MB033,de,"[""m\u00fcslipackung"", ""milchkarton""]","{""m\u00fcslipackung"": ""yellow"", ""milchkarton"": ""white""}","[""m\u00fcslipackung left of milchkarton""]","[""BLOOM""]",
MB034,de,"[""bottle"", ""cutting board""]","{""bottle"": ""red"", ""cutting board"": ""brown""}","[""bottle right of cutting board""]","[""GROVE-Etikett""]",
MB035,de,"[""wine bottle"", ""grape""]","{""wine bottle"": ""green"", ""grape"": ""purple""}","[""wine bottle right of grape""]","[""FRESH""]",
MB036,de,"[""teedose"", ""keramik-teetasse"", ""untertasse""]","{""teedose"": ""blaugr\u00fcn"", ""keramik-teetasse"": ""wei\u00df"", ""untertasse"": ""wei\u00df""}","[""teedose above keramik-teetasse"", ""keramik-teetasse below teedose""]","[""CRISP""]",
MB037,de,"[""aluminium can"", ""dumbbell""]","{""aluminium can"": ""black"", ""dumbbell"": ""silver""}","[""aluminium can left of dumbbell""]","[""BOLD""]",
MB038,de,"[""drinking bottle"", ""lemon slice""]","{""drinking bottle"": ""blue"", ""lemon slice"": ""yellow""}","[""drinking bottle above lemon slice""]","[""MIST-Etikett""]",
MB039,de,"[""yogurt cup"", ""strawberry""]","{""yogurt cup"": ""white"", ""strawberry"": ""red""}","[""yogurt cup left of strawberry""]","[""GLOW""]",
MB040,de,"[""cookie jar"", ""glass of milk""]","{""cookie jar"": ""red"", ""glass of milk"": ""white""}","[""cookie jar right of glass of milk""]","[""PETAL""]",
MB041,de,"[""drink can"", ""ice bucket""]","{""drink can"": ""blue"", ""ice bucket"": ""silver""}","[""drink can left of ice bucket""]","[""QUENCH-Logo""]",
MB042,de,"[""protein powder container"", ""shaker bottle""]","{""protein powder container"": ""black"", ""shaker bottle"": ""white""}","[""protein powder container left of shaker bottle""]","[""RIPPLE""]",
MB043,de,"[""olive oil bottle"", ""garlic bulb""]","{""olive oil bottle"": ""green"", ""garlic bulb"": ""white""}","[""olive oil bottle above garlic bulb""]","[""SWAY-Etikett""]",
MB044,de,"[""m\u00fcsliriegel"", ""banane""]","{""m\u00fcsliriegel"": ""brown"", ""banane"": ""yellow""}","[""m\u00fcsliriegel left of banane""]","[""TEMPO""]",
MB045,de,"[""cold-brew coffee bottle"", ""metal straw""]","{""cold-brew coffee bottle"": ""brown"", ""metal straw"": ""silver""}","[""cold-brew coffee bottle left of metal straw""]","[""UMBER""]",
MB046,de,"[""sparkling water can"", ""lime""]","{""sparkling water can"": ""blue"", ""lime"": ""green""}","[""sparkling water can left of lime""]","[""VERDE""]",
MB047,de,"[""glass"", ""honey"", ""bread""]","{""glass"": ""clear"", ""honey"": ""amber"", ""bread"": ""brown""}","[""glass above bread""]","[""WARM""]",
MB048,de,"[""smoothie bottle"", ""berries""]","{""smoothie bottle"": ""purple"", ""berries"": ""red""}","[""smoothie bottle left of berries""]","[""XTRA-Etikett""]",
MB049,de,"[""teaflask"", ""bamboo""]","{""teaflask"": ""white"", ""bamboo"": ""green""}","[""teaflask right of bamboo""]","[""YUMA-Etikett""]",
MB050,de,"[""chocolate bar"", ""gold foil"", ""black marble surface""]","{""chocolate bar"": ""dark brown"", ""gold foil"": ""gold"", ""black marble surface"": ""black""}","[""chocolate bar on black marble surface""]","[""ZEAL""]",
MB051,de,"[""orange juice bag"", ""wood straw""]","{""orange juice bag"": ""orange"", ""wood straw"": ""brown""}","[""orange juice bag right of wood straw""]","[""AMBER""]",
MB052,de,"[""almond butter jar"", ""slice of white bread""]","{""almond butter jar"": ""brown"", ""slice of white bread"": ""white""}","[""almond butter jar above slice of white bread""]","[""BRISK""]",
MB053,de,"[""kombucha glass bottle"", ""ginger root""]","{""kombucha glass bottle"": ""brown"", ""ginger root"": ""yellow""}","[""kombucha glass bottle right of ginger root""]","[""COVE-Etikett""]",
MB054,de,"[""water bottle"", ""marble surface"", ""mint sprigs""]","{""water bottle"": ""blue"", ""marble surface"": ""white"", ""mint sprigs"": ""green""}","[""water bottle above marble surface"", ""water bottle above mint sprigs""]","[""DRIP-Etikett""]",
MB055,de,"[""matcha can"", ""bamboo tea whisk"", ""ceramic surface""]","{""matcha can"": ""green"", ""bamboo tea whisk"": ""brown"", ""ceramic surface"": ""white""}","[""matcha can right of bamboo tea whisk""]","[""ELIXIR""]",
MB056,de,"[""oat milk carton"", ""ceramic bowl""]","{""oat milk carton"": ""white"", ""ceramic bowl"": ""brown""}","[""oat milk carton right of ceramic bowl""]","[""FERN""]",
MB057,de,"[""aluminium can"", ""coconut""]","{""aluminium can"": ""white"", ""coconut"": ""brown""}","[""aluminium can right of coconut""]","[""GUSTO""]",
MB058,de,"[""schnapsflasche"", ""kurkumawurzel""]","{""schnapsflasche"": ""yellow"", ""kurkumawurzel"": ""orange""}","[""schnapsflasche above of kurkumawurzel""]","[""HERBA-Etikett""]",
MB059,de,"[""glass bottle"", ""grape""]","{""glass bottle"": ""purple"", ""grape"": ""none""}","[""glass bottle right of grape""]","[""INFUSE-Etikett""]",
MB060,de,"[""bottle"", ""carrot""]","{""bottle"": ""green"", ""carrot"": ""orange""}","[""bottle below of carrot""]","[""JUVO-Etikett""]",
MB061,de,"[""sneaker"", ""shoe box""]","{""sneaker"": ""white"", ""shoe box"": ""red""}","[""sneaker above shoe box""]","[""MODE-Logo""]",
MB062,de,"[""leather jacket"", ""wooden hanger""]","{""leather jacket"": ""black"", ""wooden hanger"": ""brown""}","[""leather jacket above wooden hanger""]","[""LUXE-Etikett""]",
MB063,de,"[""leather handbag"", ""sunglasses""]","{""leather handbag"": ""light brown"", ""sunglasses"": ""black""}","[""leather handbag left of sunglasses""]","[""FORM-Logo""]",
MB064,de,"[""wristwatch"", ""watch box""]","{""wristwatch"": ""gold"", ""watch box"": ""black""}","[""wristwatch above watch box""]","[""GRACE-Logo""]",
MB065,de,"[""sunglasses"", ""glasses case""]","{""sunglasses"": ""brown"", ""glasses case"": ""black""}","[""sunglasses above of glasses case""]","[""HAVEN""]",
MB066,de,"[""running shoe"", ""sports sock""]","{""running shoe"": ""blue"", ""sports sock"": ""white""}","[""running shoe left of sports sock""]","[""INKE-Logo""]",
MB067,de,"[""jeans jacket"", ""canvas bag""]","{""jeans jacket"": ""blue"", ""canvas bag"": ""white""}","[""jeans jacket above canvas bag""]","[""JOIE""]",
MB068,de,"[""leather bag"", ""silk scarf"", ""linen surface""]","{""leather bag"": ""brown"", ""silk scarf"": ""red"", ""linen surface"": ""beige""}","[""leather bag left of silk scarf""]","[""KEEN""]",
MB069,de,"[""sneaker"", ""skateboard""]","{""sneaker"": ""white"", ""skateboard"": ""red""}","[""sneaker above skateboard""]","[""LACE-Logo""]",
MB070,de,"[""sport-bh"", ""yogamatte""]","{""sport-bh"": ""rosa"", ""yogamatte"": ""violett""}","[""sport-bh above of yogamatte""]","[""MAUVE-Etikett""]",
MB071,de,"[""baseball cap"", ""t-shirt""]","{""baseball cap"": ""black"", ""t-shirt"": ""white""}","[""baseball cap above t-shirt""]","[""NOIR""]",
MB072,de,"[""chelsea boot"", ""leather belt""]","{""chelsea boot"": ""black"", ""leather belt"": ""brown""}","[""chelsea boot left of leather belt""]","[""ONYX""]",
MB073,de,"[""raincoat"", ""umbrella""]","{""raincoat"": ""yellow"", ""umbrella"": ""black""}","[""raincoat above umbrella""]","[""POISE-Label""]",
MB074,de,"[""wool pullover"", ""wood surface"", ""knitted scarf""]","{""wool pullover"": ""grey"", ""wood surface"": ""light"", ""knitted scarf"": ""white""}","[""wool pullover above knitted scarf""]","[""RIVE""]",
MB075,de,"[""badeanzug"", ""sonnencremeflasche""]","{""badeanzug"": ""orange"", ""sonnencremeflasche"": ""white""}","[""badeanzug left of sonnencremeflasche""]","[""SILK""]",
MB076,de,"[""rucksack"", ""wasserflasche""]","{""rucksack"": ""marineblau"", ""wasserflasche"": ""silber""}","[""rucksack left of wasserflasche""]","[""TONE""]",
MB077,de,"[""hoodie"", ""jogging pants""]","{""hoodie"": ""grey"", ""jogging pants"": ""black""}","[""hoodie above jogging pants""]","[""ULAN-Label""]",
MB078,de,"[""oxford dress shoe"", ""leather briefcase""]","{""oxford dress shoe"": ""brown"", ""leather briefcase"": ""light brown""}","[""oxford dress shoe left of leather briefcase""]","[""VIBE""]",
MB079,de,"[""winter jacket"", ""leather gloves""]","{""winter jacket"": ""red"", ""leather gloves"": ""black""}","[""winter jacket below leather gloves""]","[""WOVEN""]",
MB080,de,"[""sport shorts"", ""running shoes""]","{""sport shorts"": ""black"", ""running shoes"": ""white""}","[""sport shorts below running shoes""]","[""XARA-Logo""]",
MB081,de,"[""canvas bag"", ""paperback book""]","{""canvas bag"": ""beige"", ""paperback book"": ""white""}","[""canvas bag left of paperback book""]","[""YARN""]",
MB082,de,"[""trenchcoat"", ""umbrella""]","{""trenchcoat"": ""beige"", ""umbrella"": ""black""}","[""trenchcoat below umbrella""]","[""ZOLA-Label""]",
MB083,de,"[""bicycle helmet"", ""cycling shorts""]","{""bicycle helmet"": ""white"", ""cycling shorts"": ""black""}","[""cycling shorts right of bicycle helmet""]","[""AEON-Logo""]",
MB084,de,"[""leather wallet"", ""coin"", ""marble surface""]","{""leather wallet"": ""black"", ""coin"": ""silver"", ""marble surface"": ""dark""}","[""leather wallet below coin""]","[""BRIM""]",
MB085,de,"[""knit cap"", ""jacket""]","{""knit cap"": ""grey"", ""jacket"": ""navy blue""}","[""knit cap below jacket""]","[""CORD-Etikett""]",
MB086,de,"[""plateau pump"", ""leather clutch"", ""underlay""]","{""plateau pump"": ""black"", ""leather clutch"": ""red"", ""underlay"": ""gold""}","[""plateau pump right of leather clutch""]","[""DUSK-Logo""]",
MB087,de,"[""cargopants"", ""leather boots""]","{""cargopants"": ""green"", ""leather boots"": ""brown""}","[""cargopants below leather boots""]","[""ZYLO-Etikett""]",
MB088,de,"[""tie"", ""shirt""]","{""tie"": ""navy blue"", ""shirt"": ""white""}","[""tie below shirt""]","[""FINN""]",
MB089,de,"[""fitness leggings"", ""sports shoes""]","{""fitness leggings"": ""purple"", ""sports shoes"": ""white""}","[""fitness leggings right of sports shoes""]","[""GILD-Logo""]",
MB090,de,"[""leather sandal"", ""straw beach hat""]","{""leather sandal"": ""light brown"", ""straw beach hat"": ""white""}","[""leather sandal right of straw beach hat""]","[""HAZE-Logo""]",
MB091,de,"[""sports car"", ""racing helmet""]","{""sports car"": ""red"", ""racing helmet"": ""white""}","[""sports car left of racing helmet""]","[""TORQ-Logo""]",
MB092,de,"[""electric car"", ""charging cable""]","{""electric car"": ""white"", ""charging cable"": ""green""}","[""charging cable left of electric car""]","[""RUSH-Logo""]",
MB093,de,"[""suv"", ""roof rack""]","{""suv"": ""black"", ""roof rack"": ""silver""}",[],"[""FORGE""]",
MB094,de,"[""motorcycle"", ""integral helmet""]","{""motorcycle"": ""black"", ""integral helmet"": ""white""}","[""motorcycle left of integral helmet""]","[""HELIX-Logo""]",
MB095,de,"[""sports car"", ""tire""]","{""sports car"": ""blue"", ""tire"": ""black""}","[""tire below of sports car""]","[""JOLT""]",
MB096,de,"[""pickup"", ""toolbox""]","{""pickup"": ""orange"", ""toolbox"": ""black""}","[""pickup left of toolbox""]","[""KINETIC""]",
MB097,de,"[""electric scooter"", ""safety helmet""]","{""electric scooter"": ""white"", ""safety helmet"": ""black""}","[""electric scooter left of safety helmet""]","[""LAUNCH""]",
MB098,de,"[""compact car"", ""parking sign""]","{""compact car"": ""silver"", ""parking sign"": ""white""}","[""compact car left of parking sign""]","[""MOTION-Logo""]",
MB099,de,"[""cabriolet"", ""car key""]","{""cabriolet"": ""yellow"", ""car key"": ""silver""}","[""cabriolet above car key""]","[""PULSE""]",
MB100,de,"[""hybrid car"", ""solar panel""]","{""hybrid car"": ""green"", ""solar panel"": ""marine blue""}","[""hybrid car left of solar panel""]","[""QUEST""]",
MB101,de,"[""race car"", ""checkered flag""]","{""race car"": ""red"", ""checkered flag"": ""black and white""}","[""race car left of checkered flag""]","[""RACER-Logo""]",
MB102,de,"[""sport motorcycle"", ""leather racing glove""]","{""sport motorcycle"": ""silver"", ""leather racing glove"": ""black""}","[""sport motorcycle above leather racing glove""]","[""SPEED""]",
MB103,de,"[""limousine"", ""kindersitz""]","{""limousine"": ""white"", ""kindersitz"": ""black""}","[""kindersitz right of limousine""]","[""THRUST""]",
MB104,de,"[""off-road vehicle"", ""spare tire""]","{""off-road vehicle"": ""brown"", ""spare tire"": ""black""}","[""off-road vehicle left of spare tire""]","[""VEER""]",
MB105,de,"[""limousine"", ""keychain""]","{""limousine"": ""black"", ""keychain"": ""gold""}","[""limousine above keychain""]","[""WARP""]",
MB106,de,"[""e-bike"", ""charging cable""]","{""e-bike"": ""white"", ""charging cable"": ""black""}","[""e-bike left of charging cable""]","[""XCEL""]",
MB107,de,"[""race car"", ""trophy""]","{""race car"": ""red"", ""trophy"": ""gold""}","[""race car left of trophy""]","[""YOKE""]",
MB108,de,"[""delivery van"", ""box""]","{""delivery van"": ""white"", ""box"": ""brown""}","[""delivery van left of box""]",[],
MB109,de,"[""motorhome"", ""camping tent""]","{""motorhome"": ""beige"", ""camping tent"": ""green""}","[""motorhome left of camping tent""]","[""ALPHA""]",
MB110,de,"[""oldtimer"", ""zapfs\u00e4ule""]","{""oldtimer"": ""blue"", ""zapfs\u00e4ule"": ""silver""}","[""oldtimer left of zapfs\u00e4ule""]","[""BRAVO""]",
MB111,de,"[""sport hatchback"", ""roof rack""]","{""sport hatchback"": ""black"", ""roof rack"": ""silver""}",[],"[""TORVEX""]",
MB112,de,"[""police car"", ""light""]","{""police car"": ""white"", ""light"": ""red""}","[""light above of police car""]","[""DELTA""]",
MB113,de,"[""school bus"", ""stop sign""]","{""school bus"": ""yellow"", ""stop sign"": ""red""}","[""school bus right of stop sign""]","[""EAGLE""]",
MB114,de,"[""fire truck"", ""fire hose""]","{""fire truck"": ""red"", ""fire hose"": ""yellow""}","[""fire truck right of fire hose""]","[""FOXTROT""]",
MB115,de,"[""limousine""]","{""limousine"": ""black""}",[],"[""GRAND""]",
MB116,de,"[""off-road vehicle"", ""snow chains""]","{""off-road vehicle"": ""grey"", ""snow chains"": ""silver""}","[""off-road vehicle right of snow chains""]","[""HOUND""]",
MB117,de,"[""cruiser motorcycle"", ""leather saddlebag""]","{""cruiser motorcycle"": ""black"", ""leather saddlebag"": ""brown""}","[""cruiser motorcycle above leather saddlebag""]","[""IRON""]",
MB118,de,"[""suv"", ""radio antenna""]","{""suv"": ""green"", ""radio antenna"": ""black""}","[""radio antenna right of suv""]","[""VANTIS""]",
MB119,de,"[""small car"", ""city map""]","{""small car"": ""red"", ""city map"": ""white""}","[""small car right of city map""]","[""KILO""]",
MB120,de,"[""superbike"", ""rennstrecken-kegel""]","{""superbike"": ""orange"", ""rennstrecken-kegel"": ""black""}","[""superbike right of rennstrecken-kegel""]","[""LANCE""]",
MB121,de,"[""yogamat"", ""water bottle""]","{""yogamat"": ""violet"", ""water bottle"": ""silver""}","[""yogamat left of water bottle""]","[""ZENITH""]",
MB122,de,"[""supplement bottle"", ""capsule""]","{""supplement bottle"": ""white"", ""capsule"": ""orange""}","[""capsule right of supplement bottle""]","[""REVIVE""]",
MB123,de,"[""sports bag"", ""towel""]","{""sports bag"": ""black"", ""towel"": ""white""}","[""sports bag left of towel""]","[""BOOST-Logo""]",
MB124,de,"[""face cream jar"", ""marble surface"", ""pink flower""]","{""face cream jar"": ""white"", ""marble surface"": ""none"", ""pink flower"": ""pink""}","[""face cream jar above marble surface"", ""face cream jar above pink flower""]","[""AURA""]",
MB125,de,"[""protein shaker"", ""dumbbell"", ""fitness mat""]","{""protein shaker"": ""black"", ""dumbbell"": ""silver"", ""fitness mat"": ""grey""}","[""protein shaker left of dumbbell""]","[""PEAK""]",
MB126,de,"[""meditation cushion"", ""candle""]","{""meditation cushion"": ""purple"", ""candle"": ""white""}","[""meditation cushion left of candle""]","[""CALM""]",
MB127,de,"[""foam roller"", ""yoga mat""]","{""foam roller"": ""blue"", ""yoga mat"": ""purple""}","[""foam roller on top of yoga mat""]","[""ALIGN""]",
MB128,de,"[""resistance band"", ""water bottle""]","{""resistance band"": ""red"", ""water bottle"": ""black""}","[""resistance band left of water bottle""]","[""TENZO""]",
MB129,de,"[""glass bottle"", ""ceramic diffuser""]","{""glass bottle"": ""brown"", ""ceramic diffuser"": ""white""}","[""glass bottle left of ceramic diffuser""]","[""TERRA""]",
MB130,de,"[""sleep mask"", ""pillow"", ""bed""]","{""sleep mask"": ""black"", ""pillow"": ""white"", ""bed"": ""grey""}","[""sleep mask on pillow"", ""pillow on bed""]","[""REST""]",
MB131,de,"[""diary"", ""pen""]","{""diary"": ""white"", ""pen"": ""black""}","[""diary left of pen""]","[""RYNTH""]",
MB132,de,"[""fitness watch"", ""smartphone""]","{""fitness watch"": ""black"", ""smartphone"": ""white""}","[""fitness watch left of smartphone""]","[""TRACE""]",
MB133,de,"[""massage gun"", ""charging station""]","{""massage gun"": ""black"", ""charging station"": ""white""}","[""massage gun above charging station""]","[""EASE""]",
MB134,de,"[""tiegel"", ""glas""]","{""tiegel"": ""white"", ""glas"": ""pink""}","[""tiegel left of glas""]","[""RENEW""]",
MB135,de,"[""thermos flask"", ""bag""]","{""thermos flask"": ""green"", ""bag"": ""brown""}","[""thermos flask left of bag""]","[""VOXA""]",
MB136,de,"[""smoothie bowl"", ""spoon""]","{""smoothie bowl"": ""yellow"", ""spoon"": ""silver""}","[""smoothie bowl above spoon""]","[""VIVID""]",
MB137,de,"[""sunscreen bottle"", ""beach towel""]","{""sunscreen bottle"": ""white"", ""beach towel"": ""orange""}","[""sunscreen bottle left of beach towel""]","[""SHIELD""]",
MB138,de,"[""vitamin bottle"", ""blister pack""]","{""vitamin bottle"": ""orange"", ""blister pack"": ""silver""}","[""vitamin bottle right of blister pack""]","[""VITAL""]",
MB139,de,"[""balance-board"", ""sports-shoe""]","{""balance-board"": ""blue-green"", ""sports-shoe"": ""white""}","[""balance-board above sports-shoe""]","[""CORE""]",
MB140,de,"[""ice roller"", ""face serum bottle""]","{""ice roller"": ""white"", ""face serum bottle"": ""gold""}","[""ice roller left of face serum bottle""]","[""CHILL""]",
MB141,de,"[""towel"", ""water bottle""]","{""towel"": ""white"", ""water bottle"": ""black""}","[""towel above of water bottle""]","[""STEAM""]",
MB142,de,"[""acupressure mat"", ""pillow""]","{""acupressure mat"": ""purple"", ""pillow"": ""white""}","[""acupressure mat right of pillow""]","[""PRESS""]",
MB143,de,"[""packaging"", ""energy bar"", ""water bottle""]","{""packaging"": ""green"", ""energy bar"": ""green"", ""water bottle"": ""silver""}","[""packaging above water bottle""]","[""FUEL""]",
MB144,de,"[""bag"", ""shaker bottle""]","{""bag"": ""black"", ""shaker bottle"": ""red""}","[""bag right of shaker bottle""]","[""MASS""]",
MB145,de,"[""eye cream tube"", ""hand mirror""]","{""eye cream tube"": ""white"", ""hand mirror"": ""gold""}","[""eye cream tube right of hand mirror""]","[""LUMI""]",
MB146,de,"[""stretch band"", ""yoga mat""]","{""stretch band"": ""blue"", ""yoga mat"": ""purple""}","[""stretch band below of yoga mat""]","[""EXTEND""]",
MB147,de,"[""bottle"", ""moon lamp""]","{""bottle"": ""white"", ""moon lamp"": ""silver""}","[""bottle right of moon lamp""]","[""DRIFT""]",
MB148,de,"[""drinking vest"", ""trail running shoes""]","{""drinking vest"": ""blue"", ""trail running shoes"": ""orange""}","[""drinking vest below trail running shoes""]","[""PACE""]",
MB149,de,"[""incense holder"", ""meditation beads"", ""bamboo mat""]","{""incense holder"": ""black"", ""meditation beads"": ""brown"", ""bamboo mat"": ""natural""}","[""incense holder right of meditation beads""]","[""SERENE""]",
MB150,de,"[""cold water tub"", ""towel""]","{""cold water tub"": ""white"", ""towel"": ""blue""}","[""cold water tub right of towel""]","[""POLAR""]",
MB001,fr,"[""smartwatch"", ""wireless charger""]","{""smartwatch"": ""silver"", ""wireless charger"": ""black""}","[""smartwatch left of wireless charger""]","[""ZYRA""]",
MB002,fr,"[""ordinateur portable"", ""souris sans fil"", ""bureau""]","{""ordinateur portable"": ""noir"", ""souris sans fil"": ""blanc"", ""bureau"": ""gris""}","[""souris sans fil right of ordinateur portable""]","[""KESTRA""]",
MB003,fr,"[""earphones"", ""charging case""]","{""earphones"": ""white"", ""charging case"": ""black""}","[""earphones above charging case""]","[""APEX""]",
MB004,fr,"[""smartphone"", ""socle""]","{""smartphone"": ""black"", ""socle"": ""silver""}","[""smartphone on top of socle""]","[""VOLT""]",
MB005,fr,"[""tablet"", ""stylus""]","{""tablet"": ""white"", ""stylus"": ""gold""}","[""stylus right of tablet""]","[""PRISM""]",
MB006,fr,"[""keyboard"", ""mouse"", ""desk mat""]","{""keyboard"": ""black"", ""mouse"": ""red"", ""desk mat"": ""dark""}","[""mouse right of keyboard""]","[""SYNTH""]",
MB007,fr,"[""bluetooth speaker"", ""smartphone"", ""table""]","{""bluetooth speaker"": ""blue"", ""smartphone"": ""black"", ""table"": ""wood""}","[""smartphone right of bluetooth speaker""]","[""NEXUS""]",
MB008,fr,"[""appareil photo reflex num\u00e9rique"", ""objectif"", ""socle""]","{""appareil photo reflex num\u00e9rique"": ""black"", ""objectif"": ""silver"", ""socle"": ""white""}","[""objectif right of appareil photo reflex num\u00e9rique""]","[""KOVAL""]",
MB009,fr,"[""game controller"", ""gaming headset""]","{""game controller"": ""white"", ""gaming headset"": ""black""}","[""game controller left of gaming headset""]","[""LUNEX""]",
MB010,fr,"[""\u00e9cran connect\u00e9"", ""t\u00e9l\u00e9commande""]","{""\u00e9cran connect\u00e9"": ""black"", ""t\u00e9l\u00e9commande"": ""silver""}","[""t\u00e9l\u00e9commande below of \u00e9cran connect\u00e9""]","[""KORE""]",
MB011,fr,"[""battery"", ""usb cable""]","{""battery"": ""white"", ""usb cable"": ""red""}","[""usb cable below of battery""]","[""LUMIX""]",
MB012,fr,"[""ordinateur portable"", ""tasse \u00e0 caf\u00e9""]","{""ordinateur portable"": ""argent\u00e9"", ""tasse \u00e0 caf\u00e9"": ""blanche""}","[""tasse \u00e0 caf\u00e9 right of ordinateur portable""]","[""MIRAX""]",
MB013,fr,"[""earphones"", ""smartphone""]","{""earphones"": ""white"", ""smartphone"": ""black""}","[""earphones above smartphone""]","[""NEURO""]",
MB014,fr,"[""webcam"", ""screen"", ""desk""]","{""webcam"": ""black"", ""screen"": ""white"", ""desk"": ""not specified""}","[""webcam above screen""]","[""OPUS""]",
MB015,fr,"[""action camera"", ""bike helmet""]","{""action camera"": ""orange"", ""bike helmet"": ""white""}","[""action camera left of bike helmet""]","[""PHASE""]",
MB016,fr,"[""connected speaker"", ""digital alarm clock"", ""nightstand""]","{""connected speaker"": ""white"", ""digital alarm clock"": ""black"", ""nightstand"": ""white""}","[""connected speaker left of digital alarm clock""]","[""QUBIT""]",
MB017,fr,"[""casque de r\u00e9alit\u00e9 virtuelle"", ""manette de mouvement""]","{""casque de r\u00e9alit\u00e9 virtuelle"": ""white"", ""manette de mouvement"": ""black""}","[""casque de r\u00e9alit\u00e9 virtuelle above manette de mouvement""]","[""RADIUS""]",
MB018,fr,"[""screen"", ""keyboard"", ""desk""]","{""screen"": ""black"", ""keyboard"": ""silver"", ""desk"": ""glass""}","[""keyboard below of screen""]","[""logo SPARK""]",
MB019,fr,"[""drone quadricopt\u00e8re"", ""t\u00e9l\u00e9commande""]","{""drone quadricopt\u00e8re"": ""noir"", ""t\u00e9l\u00e9commande"": ""gris""}","[""drone quadricopt\u00e8re left of t\u00e9l\u00e9commande""]","[""VORTA""]",
MB020,fr,"[""e-reader"", ""reading glasses""]","{""e-reader"": ""white"", ""reading glasses"": ""black""}","[""e-reader left of reading glasses""]","[""RIVOX""]",
MB021,fr,"[""hub usb"", ""ordinateur portable"", ""bureau""]","{""hub usb"": ""gris"", ""ordinateur portable"": ""argent\u00e9"", ""bureau"": ""blanc""}","[""hub usb left of ordinateur portable""]","[""WAVE""]",
MB022,fr,"[""gaming headset"", ""stand""]","{""gaming headset"": ""black"", ""stand"": ""white""}","[""gaming headset on top of stand""]","[""logo XENON""]",
MB023,fr,"[""bracelet connect\u00e9"", ""smartphone""]","{""bracelet connect\u00e9"": ""noir"", ""smartphone"": ""blanc""}","[""bracelet connect\u00e9 left of smartphone""]","[""ZETA""]",
MB024,fr,"[""projector"", ""remote control""]","{""projector"": ""white"", ""remote control"": ""black""}","[""projector above remote control""]","[""AXON""]",
MB025,fr,"[""glasses"", ""case""]","{""glasses"": ""rose gold"", ""case"": ""black""}","[""glasses above case""]","[""BREEZE""]",
MB026,fr,"[""ssd"", ""usb cable""]","{""ssd"": ""silver"", ""usb cable"": ""blue""}","[""usb cable right of ssd""]","[""CREST""]",
MB027,fr,"[""wireless charger"", ""smartphone"", ""nightstand""]","{""wireless charger"": ""white"", ""smartphone"": ""black"", ""nightstand"": ""wood""}","[""smartphone on top of wireless charger"", ""wireless charger on top of nightstand""]","[""DAWN""]",
MB028,fr,"[""smart lock"", ""door handle"", ""door""]","{""smart lock"": ""black"", ""door handle"": ""silver"", ""door"": ""white""}","[""smart lock above door handle""]","[""NYRIC""]",
MB029,fr,"[""router"", ""ethernet cable""]","{""router"": ""white"", ""ethernet cable"": ""yellow""}","[""ethernet cable below of router""]","[""FUSE""]",
MB030,fr,"[""gaming mouse"", ""mouse pad""]","{""gaming mouse"": ""black"", ""mouse pad"": ""red""}","[""gaming mouse on top of mouse pad""]","[""logo GRID""]",
MB031,fr,"[""bottle"", ""cup""]","{""bottle"": ""orange"", ""cup"": ""white""}","[""bottle left of cup""]","[""ZEST""]",
MB032,fr,"[""sachet de caf\u00e9"", ""tasse \u00e0 expresso"", ""table""]","{""sachet de caf\u00e9"": ""marron"", ""tasse \u00e0 expresso"": ""noir"", ""table"": ""bois""}","[""sachet de caf\u00e9 above tasse \u00e0 expresso""]","[""PURE""]",
MB033,fr,"[""cereal box"", ""milk carton""]","{""cereal box"": ""yellow"", ""milk carton"": ""white""}","[""cereal box left of milk carton""]","[""BLOOM""]",
MB034,fr,"[""bottle"", ""cutting board""]","{""bottle"": ""red"", ""cutting board"": ""brown""}","[""bottle right of cutting board""]","[""GROVE""]",
MB035,fr,"[""bottle"", ""bunch of grapes""]","{""bottle"": ""green"", ""bunch of grapes"": ""purple""}","[""bottle right of bunch of grapes""]","[""FRESH""]",
MB036,fr,"[""tea box"", ""tea cup"", ""saucer""]","{""tea box"": ""teal"", ""tea cup"": ""white"", ""saucer"": ""white""}","[""tea box above of tea cup"", ""tea cup above of saucer""]","[""CRISP""]",
MB037,fr,"[""canette"", ""halt\u00e8re""]","{""canette"": ""noir"", ""halt\u00e8re"": ""argent\u00e9""}","[""canette left of halt\u00e8re""]","[""BOLD""]",
MB038,fr,"[""water bottle"", ""lemon"", ""marble surface""]","{""water bottle"": ""blue"", ""lemon"": ""yellow"", ""marble surface"": ""white""}","[""water bottle above lemon"", ""water bottle on marble surface""]","[""MIST""]",
MB039,fr,"[""yogurt pot"", ""strawberry""]","{""yogurt pot"": ""white"", ""strawberry"": ""red""}","[""yogurt pot left of strawberry""]","[""GLOW""]",
MB040,fr,"[""cookie box"", ""glass of milk""]","{""cookie box"": ""red"", ""glass of milk"": ""white""}","[""cookie box right of glass of milk""]","[""PETAL""]",
MB041,fr,"[""canette de soda"", ""seau \u00e0 glace""]","{""canette de soda"": ""blue"", ""seau \u00e0 glace"": ""silver""}","[""canette de soda left of seau \u00e0 glace""]","[""QUENCH""]",
MB042,fr,"[""pot de poudre prot\u00e9in\u00e9e"", ""shaker""]","{""pot de poudre prot\u00e9in\u00e9e"": ""black"", ""shaker"": ""white""}","[""pot de poudre prot\u00e9in\u00e9e left of shaker""]","[""RIPPLE""]",
MB043,fr,"[""bottle"", ""garlic""]","{""bottle"": ""green"", ""garlic"": ""white""}","[""bottle above garlic""]","[""SWAY""]",
MB044,fr,"[""granola bar"", ""banana""]","{""granola bar"": ""kraft"", ""banana"": ""yellow""}","[""granola bar left of banana""]","[""TEMPO""]",
MB045,fr,"[""bottle"", ""straw""]","{""bottle"": ""brown"", ""straw"": ""silver""}","[""bottle left of straw""]","[""UMBER""]",
MB046,fr,"[""canette"", ""citron vert""]","{""canette"": ""bleue"", ""citron vert"": ""frais""}","[""canette left of citron vert""]","[""VERDE""]",
MB047,fr,"[""pot"", ""tranche"", ""planche""]","{""pot"": ""amber"", ""tranche"": ""brown"", ""planche"": ""wood""}","[""pot above tranche"", ""tranche on planche""]","[""WARM""]",
MB048,fr,"[""bottle"", ""berries""]","{""bottle"": ""purple"", ""berries"": ""red""}","[""bottle left of berries""]","[""XTRA""]",
MB049,fr,"[""bottle"", ""bamboo stick""]","{""bottle"": ""white"", ""bamboo stick"": ""green""}","[""bottle right of bamboo stick""]","[""YUMA""]",
MB050,fr,"[""tablet""]","{""tablet"": ""dark brown""}","[""tablet on surface of marble""]","[""ZEAL""]",
MB051,fr,"[""juice pouch"", ""straw""]","{""juice pouch"": ""orange"", ""straw"": ""brown""}","[""juice pouch right of straw""]","[""AMBER""]",
MB052,fr,"[""jar"", ""slice of bread""]","{""jar"": ""brown"", ""slice of bread"": ""white""}","[""jar above slice of bread""]","[""BRISK""]",
MB053,fr,"[""bottle"", ""piece of ginger root""]","{""bottle"": ""brown"", ""piece of ginger root"": ""yellow""}","[""bottle right of piece of ginger root""]","[""COVE""]",
MB054,fr,"[""bottle"", ""bunch of mint""]","{""bottle"": ""blue"", ""bunch of mint"": ""green""}","[""bottle above bunch of mint""]","[""DRIP""]",
MB055,fr,"[""box"", ""whisk""]","{""box"": ""green"", ""whisk"": ""brown""}","[""box right of whisk""]","[""ELIXIR""]",
MB056,fr,"[""carton"", ""bol""]","{""carton"": ""white"", ""bol"": ""brown""}","[""carton right of bol""]","[""FERN""]",
MB057,fr,"[""canette d'eau de coco"", ""noix de coco""]","{""canette d'eau de coco"": ""blanc"", ""noix de coco"": ""brun""}","[""canette d'eau de coco right of noix de coco""]","[""GUSTO""]",
MB058,fr,"[""bottle"", ""root""]","{""bottle"": ""yellow"", ""root"": ""orange""}","[""bottle above of root""]","[""HERBA""]",
MB059,fr,"[""bottle"", ""bunch of grapes""]","{""bottle"": ""purple"", ""bunch of grapes"": ""green""}","[""bottle right of bunch of grapes""]","[""INFUSE""]",
MB060,fr,"[""bottle"", ""carrot""]","{""bottle"": ""green"", ""carrot"": ""orange""}","[""bottle below of carrot""]","[""JUVO""]",
MB061,fr,"[""basket"", ""bo\u00eete \u00e0 chaussures""]","{""basket"": ""blanc"", ""bo\u00eete \u00e0 chaussures"": ""rouge""}","[""basket above bo\u00eete \u00e0 chaussures""]","[""MODE""]",
MB062,fr,"[""jacket"", ""hanger""]","{""jacket"": ""black"", ""hanger"": ""brown""}","[""jacket above hanger""]","[""LUXE""]",
MB063,fr,"[""handbag"", ""sunglasses""]","{""handbag"": ""beige"", ""sunglasses"": ""black""}","[""handbag left of sunglasses""]","[""FORM""]",
MB064,fr,"[""watch"", ""box""]","{""watch"": ""gold"", ""box"": ""black""}","[""watch on top of box""]","[""logo GRACE""]",
MB065,fr,"[""sunglasses"", ""case""]","{""sunglasses"": ""brown"", ""case"": ""black""}","[""sunglasses above case""]","[""HAVEN""]",
MB066,fr,"[""running shoes"", ""sports socks""]","{""running shoes"": ""blue"", ""sports socks"": ""white""}","[""running shoes left of sports socks""]","[""INKE""]",
MB067,fr,"[""jacket"", ""tote bag""]","{""jacket"": ""blue"", ""tote bag"": ""white""}","[""jacket above of tote bag""]","[""JOIE""]",
MB068,fr,"[""tote bag"", ""silk scarf""]","{""tote bag"": ""brown"", ""silk scarf"": ""red""}","[""tote bag left of silk scarf""]","[""KEEN""]",
MB069,fr,"[""sneaker"", ""skateboard""]","{""sneaker"": ""white"", ""skateboard"": ""red""}","[""sneaker above skateboard""]","[""LACE""]",
MB070,fr,"[""sports bra"", ""yoga mat""]","{""sports bra"": ""pink"", ""yoga mat"": ""purple""}","[""sports bra on top of yoga mat""]","[""MAUVE""]",
MB071,fr,"[""baseball cap"", ""t-shirt""]","{""baseball cap"": ""black"", ""t-shirt"": ""white""}","[""baseball cap above t-shirt""]","[""NOIR""]",
MB072,fr,"[""chelsea boot"", ""leather belt""]","{""chelsea boot"": ""black"", ""leather belt"": ""brown""}","[""chelsea boot left of leather belt""]","[""ONYX""]",
MB073,fr,"[""raincoat"", ""umbrella""]","{""raincoat"": ""yellow"", ""umbrella"": ""black""}","[""raincoat above umbrella""]","[""POISE""]",
MB074,fr,"[""sweater"", ""scarf""]","{""sweater"": ""grey"", ""scarf"": ""white""}","[""sweater above of scarf""]","[""RIVE""]",
MB075,fr,"[""swimsuit"", ""sunscreen bottle""]","{""swimsuit"": ""orange"", ""sunscreen bottle"": ""white""}","[""swimsuit left of sunscreen bottle""]","[""SILK""]",
MB076,fr,"[""backpack"", ""water bottle""]","{""backpack"": ""navy blue"", ""water bottle"": ""silver""}","[""backpack left of water bottle""]","[""TONE""]",
MB077,fr,"[""hoodie"", ""jogging pants""]","{""hoodie"": ""grey"", ""jogging pants"": ""black""}","[""hoodie above jogging pants""]","[""ULAN""]",
MB078,fr,"[""shoe"", ""briefcase""]","{""shoe"": ""brown"", ""briefcase"": ""beige""}","[""shoe left of briefcase""]","[""VIBE""]",
MB079,fr,"[""jacket"", ""glove""]","{""jacket"": ""red"", ""glove"": ""black""}","[""jacket below of glove""]","[""WOVEN""]",
MB080,fr,"[""short"", ""sneakers""]","{""short"": ""black"", ""sneakers"": ""white""}","[""short below sneakers""]","[""XARA""]",
MB081,fr,"[""tote bag"", ""paperback book""]","{""tote bag"": ""beige"", ""paperback book"": ""white""}","[""tote bag left of paperback book""]","[""YARN""]",
MB082,fr,"[""trench-coat"", ""parapluie""]","{""trench-coat"": ""beige"", ""parapluie"": ""black""}","[""trench-coat below parapluie""]","[""ZOLA""]",
MB083,fr,"[""cuissard"", ""casque""]","{""cuissard"": ""black"", ""casque"": ""white""}","[""cuissard right of casque""]","[""AEON""]",
MB084,fr,"[""wallet"", ""coin"", ""surface""]","{""wallet"": ""black"", ""coin"": ""silver"", ""surface"": ""dark marble""}","[""wallet below of coin""]","[""BRIM""]",
MB085,fr,"[""beanie"", ""jacket""]","{""beanie"": ""grey"", ""jacket"": ""navy""}","[""beanie below of jacket""]","[""CORD""]",
MB086,fr,"[""platform heels"", ""clutch""]","{""platform heels"": ""black"", ""clutch"": ""red""}","[""platform heels right of clutch""]","[""DUSK""]",
MB087,fr,"[""cargo pant"", ""leather boot""]","{""cargo pant"": ""green"", ""leather boot"": ""brown""}","[""cargo pant below leather boot""]","[""ZYLO""]",
MB088,fr,"[""tie"", ""shirt""]","{""tie"": ""navy blue"", ""shirt"": ""white""}","[""tie below shirt""]","[""FINN""]",
MB089,fr,"[""legging"", ""basket""]","{""legging"": ""violet"", ""basket"": ""white""}","[""legging right of basket""]","[""logo GILD""]",
MB090,fr,"[""sandal"", ""hat""]","{""sandal"": ""beige"", ""hat"": ""white""}","[""sandal right of hat""]","[""HAZE""]",
MB091,fr,"[""car"", ""helmet""]","{""car"": ""red"", ""helmet"": ""white""}","[""car left of helmet""]","[""TORQ""]",
MB092,fr,"[""car"", ""charging cable""]","{""car"": ""white"", ""charging cable"": ""green""}","[""charging cable left of car""]","[""logo RUSH""]",
MB093,fr,"[""suv"", ""roof rack""]","{""suv"": ""black"", ""roof rack"": ""silver""}",[],"[""FORGE""]",
MB094,fr,"[""motorcycle"", ""full-face helmet""]","{""motorcycle"": ""black"", ""full-face helmet"": ""white""}","[""motorcycle left of full-face helmet""]","[""HELIX""]",
MB095,fr,"[""car"", ""tire""]","{""car"": ""blue"", ""tire"": ""black""}","[""tire below of car""]","[""JOLT""]",
MB096,fr,"[""camionnette"", ""bo\u00eete \u00e0 outils""]","{""camionnette"": ""orange"", ""bo\u00eete \u00e0 outils"": ""noir""}","[""camionnette left of bo\u00eete \u00e0 outils""]","[""KINETIC""]",
MB097,fr,"[""scooter"", ""helmet""]","{""scooter"": ""white"", ""helmet"": ""black""}","[""scooter left of helmet""]","[""LAUNCH""]",
MB098,fr,"[""compact car"", ""parking sign""]","{""compact car"": ""silver"", ""parking sign"": ""white""}","[""compact car left of parking sign""]","[""MOTION""]",
MB099,fr,"[""convertible"", ""car key""]","{""convertible"": ""yellow"", ""car key"": ""silver""}","[""convertible above of car key""]","[""PULSE""]",
MB100,fr,"[""car"", ""solar panel""]","{""car"": ""green"", ""solar panel"": ""navy blue""}","[""car left of solar panel""]","[""QUEST""]",
MB101,fr,"[""car"", ""flag""]","{""car"": ""red"", ""flag"": ""black and white""}","[""car left of flag""]","[""RACER""]",
MB102,fr,"[""motorcycle"", ""racing gloves""]","{""motorcycle"": ""silver"", ""racing gloves"": ""black""}","[""motorcycle above racing gloves""]","[""SPEED""]",
MB103,fr,"[""berline"", ""si\u00e8ge enfant""]","{""berline"": ""blanc"", ""si\u00e8ge enfant"": ""noir""}","[""si\u00e8ge enfant right of berline""]","[""THRUST""]",
MB104,fr,"[""vehicle"", ""spare wheel""]","{""vehicle"": ""brown"", ""spare wheel"": ""black""}","[""vehicle left of spare wheel""]","[""VEER""]",
MB105,fr,"[""berline"", ""porte-cl\u00e9s""]","{""berline"": ""noir"", ""porte-cl\u00e9s"": ""dor\u00e9""}","[""berline above of porte-cl\u00e9s""]","[""WARP""]",
MB106,fr,"[""bicycle"", ""charging cable""]","{""bicycle"": ""white"", ""charging cable"": ""black""}","[""bicycle left of charging cable""]","[""XCEL""]",
MB107,fr,"[""car"", ""trophy""]","{""car"": ""red"", ""trophy"": ""gold""}","[""car left of trophy""]","[""YOKE""]",
MB108,fr,"[""camionnette"", ""carton""]","{""camionnette"": ""blanc"", ""carton"": ""marron""}","[""camionnette left of carton""]",[],
MB109,fr,"[""camping-car"", ""tente""]","{""camping-car"": ""beige"", ""tente"": ""verte""}","[""camping-car left of tente""]","[""ALPHA""]",
MB110,fr,"[""car"", ""gas pump""]","{""car"": ""blue"", ""gas pump"": ""silver""}","[""car left of gas pump""]","[""BRAVO""]",
MB111,fr,"[""car""]","{""car"": ""black""}",[],"[""TORVEX""]",
MB112,fr,"[""car""]","{""car"": ""white""}","[""light above of car""]","[""DELTA""]",
MB113,fr,"[""school bus"", ""stop sign""]","{""school bus"": ""yellow"", ""stop sign"": ""red""}","[""school bus right of stop sign""]","[""EAGLE""]",
MB114,fr,"[""fire truck"", ""fire hose""]","{""fire truck"": ""red"", ""fire hose"": ""yellow""}","[""fire truck right of fire hose""]","[""FOXTROT""]",
MB115,fr,"[""limousine"", ""tapis""]","{""limousine"": ""black"", ""tapis"": ""red""}","[""limousine on tapis""]","[""GRAND""]",
MB116,fr,"[""vehicle"", ""snow chains""]","{""vehicle"": ""gray"", ""snow chains"": ""silver""}","[""vehicle right of snow chains""]","[""HOUND""]",
MB117,fr,"[""motorcycle"", ""saddlebag""]","{""motorcycle"": ""black"", ""saddlebag"": ""brown""}","[""motorcycle above of saddlebag""]","[""\u00ab IRON \u00bb""]",
MB118,fr,"[""suv"", ""antenna""]","{""suv"": ""green"", ""antenna"": ""black""}","[""antenna right of suv""]","[""VANTIS""]",
MB119,fr,"[""micro-car"", ""city map""]","{""micro-car"": ""red"", ""city map"": ""white""}","[""micro-car right of city map""]","[""KILO""]",
MB120,fr,"[""superbike"", ""c\u00f4ne de piste""]","{""superbike"": ""orange"", ""c\u00f4ne de piste"": ""black""}","[""superbike right of c\u00f4ne de piste""]","[""LANCE""]",
MB121,fr,"[""yoga mat"", ""water bottle""]","{""yoga mat"": ""purple"", ""water bottle"": ""silver""}","[""yoga mat left of water bottle""]","[""ZENITH""]",
MB122,fr,"[""bottle"", ""capsule""]","{""bottle"": ""white"", ""capsule"": ""orange""}","[""capsule right of bottle""]","[""REVIVE""]",
MB123,fr,"[""sport bag"", ""towel""]","{""sport bag"": ""black"", ""towel"": ""white""}","[""sport bag left of towel""]","[""logo BOOST""]",
MB124,fr,"[""pot de cr\u00e8me""]","{""pot de cr\u00e8me"": ""white""}","[""pot de cr\u00e8me above of flowers""]","[""AURA""]",
MB125,fr,"[""shaker"", ""halt\u00e8re"", ""tapis de gym""]","{""shaker"": ""noir"", ""halt\u00e8re"": ""argent\u00e9"", ""tapis de gym"": ""gris""}","[""shaker left of halt\u00e8re""]","[""PEAK""]",
MB126,fr,"[""coussin de m\u00e9ditation"", ""bougie""]","{""coussin de m\u00e9ditation"": ""violet"", ""bougie"": ""blanc""}","[""coussin de m\u00e9ditation left of bougie""]","[""CALM""]",
MB127,fr,"[""foam roller"", ""yoga mat""]","{""foam roller"": ""blue"", ""yoga mat"": ""purple""}","[""foam roller above of yoga mat""]","[""ALIGN""]",
MB128,fr,"[""resistance band"", ""water bottle""]","{""resistance band"": ""red"", ""water bottle"": ""black""}","[""resistance band left of water bottle""]","[""TENZO""]",
MB129,fr,"[""bottle"", ""diffuser""]","{""bottle"": ""brown"", ""diffuser"": ""white""}","[""bottle left of diffuser""]","[""TERRA""]",
MB130,fr,"[""sleep mask"", ""pillow"", ""bed""]","{""sleep mask"": ""black"", ""pillow"": ""white"", ""bed"": ""grey""}","[""sleep mask on pillow"", ""pillow on bed""]","[""REST""]",
MB131,fr,"[""notebook"", ""pen""]","{""notebook"": ""white"", ""pen"": ""black""}","[""notebook left of pen""]","[""RYNTH""]",
MB132,fr,"[""sport watch"", ""smartphone""]","{""sport watch"": ""black"", ""smartphone"": ""white""}","[""sport watch left of smartphone""]","[""TRACE""]",
MB133,fr,"[""massage gun"", ""charging base""]","{""massage gun"": ""black"", ""charging base"": ""white""}","[""massage gun above charging base""]","[""EASE""]",
MB134,fr,"[""pot de poudre de collag\u00e8ne"", ""verre""]","{""pot de poudre de collag\u00e8ne"": ""white"", ""verre"": ""pink""}","[""pot de poudre de collag\u00e8ne left of verre""]","[""RENEW""]",
MB135,fr,"[""thermos"", ""sachet""]","{""thermos"": ""green"", ""sachet"": ""brown""}","[""thermos left of sachet""]","[""VOXA""]",
MB136,fr,"[""bowl"", ""spoon""]","{""bowl"": ""yellow"", ""spoon"": ""silver""}","[""bowl above spoon""]","[""VIVID""]",
MB137,fr,"[""bottle"", ""beach towel""]","{""bottle"": ""white"", ""beach towel"": ""orange""}","[""bottle left of beach towel""]","[""SHIELD""]",
MB138,fr,"[""flacon de vitamines"", ""emballage blister""]","{""flacon de vitamines"": ""orange"", ""emballage blister"": ""argent\u00e9""}","[""flacon de vitamines right of emballage blister""]","[""VITAL""]",
MB139,fr,"[""balance board"", ""sneakers""]","{""balance board"": ""teal"", ""sneakers"": ""white""}","[""balance board above sneakers""]","[""CORE""]",
MB140,fr,"[""roller"", ""bottle""]","{""roller"": ""white"", ""bottle"": ""gold""}","[""roller left of bottle""]","[""CHILL""]",
MB141,fr,"[""towel"", ""water bottle"", ""bench""]","{""towel"": ""white"", ""water bottle"": ""black"", ""bench"": ""wood""}","[""towel on water bottle"", ""water bottle on bench""]","[""STEAM""]",
MB142,fr,"[""tapis d'acupression"", ""oreiller""]","{""tapis d'acupression"": ""violet"", ""oreiller"": ""blanc""}","[""tapis d'acupression right of oreiller""]","[""PRESS""]",
MB143,fr,"[""nutrition bar"", ""water bottle""]","{""nutrition bar"": ""green"", ""water bottle"": ""silver""}","[""nutrition bar above water bottle""]","[""FUEL""]",
MB144,fr,"[""sac"", ""shaker""]","{""sac"": ""noir"", ""shaker"": ""rouge""}","[""sac right of shaker""]","[""MASS""]",
MB145,fr,"[""tube"", ""mirror""]","{""tube"": ""white"", ""mirror"": ""gold""}","[""tube right of mirror""]","[""LUMI""]",
MB146,fr,"[""stretch strap"", ""yoga mat""]","{""stretch strap"": ""blue"", ""yoga mat"": ""purple""}","[""stretch strap below yoga mat""]","[""EXTEND""]",
MB147,fr,"[""bottle"", ""lamp""]","{""bottle"": ""white"", ""lamp"": ""silver""}","[""bottle right of lamp""]","[""DRIFT""]",
MB148,fr,"[""hydration vest"", ""trail shoes""]","{""hydration vest"": ""blue"", ""trail shoes"": ""orange""}","[""hydration vest below trail shoes""]","[""PACE""]",
MB149,fr,"[""porte-encens"", ""chapelet de m\u00e9ditation"", ""support""]","{""porte-encens"": ""black"", ""chapelet de m\u00e9ditation"": ""brown"", ""support"": ""bamboo""}","[""porte-encens right of chapelet de m\u00e9ditation""]","[""SERENE""]",
MB150,fr,"[""bathtub"", ""towel""]","{""bathtub"": ""white"", ""towel"": ""blue""}","[""bathtub right of towel""]","[""POLAR""]",
MB001,es,"[""smartwatch"", ""wireless charger""]","{""smartwatch"": ""silver"", ""wireless charger"": ""black""}","[""smartwatch left of wireless charger""]","[""ZYRA""]",
MB002,es,"[""laptop"", ""wireless mouse"", ""desk""]","{""laptop"": ""black"", ""wireless mouse"": ""white"", ""desk"": ""grey""}","[""wireless mouse right of laptop""]","[""KESTRA""]",
MB003,es,"[""wireless headphones"", ""charging case""]","{""wireless headphones"": ""white"", ""charging case"": ""black""}","[""wireless headphones above charging case""]","[""APEX""]",
MB004,es,"[""smartphone"", ""support""]","{""smartphone"": ""black"", ""support"": ""silver""}","[""smartphone above support""]","[""VOLT""]",
MB005,es,"[""tablet"", ""stylus""]","{""tablet"": ""white"", ""stylus"": ""gold""}","[""stylus right of tablet""]","[""PRISM""]",
MB006,es,"[""keyboard"", ""mouse"", ""mouse pad""]","{""keyboard"": ""black"", ""mouse"": ""red"", ""mouse pad"": ""dark""}","[""mouse right of keyboard""]","[""SYNTH""]",
MB007,es,"[""bluetooth speaker"", ""smartphone"", ""table""]","{""bluetooth speaker"": ""blue"", ""smartphone"": ""black"", ""table"": ""wood""}","[""smartphone right of bluetooth speaker""]","[""NEXUS""]",
MB008,es,"[""camera"", ""lens"", ""pedestal""]","{""camera"": ""black"", ""lens"": ""silver"", ""pedestal"": ""white""}","[""lens right of camera""]","[""KOVAL""]",
MB009,es,"[""video game controller"", ""gaming headphones""]","{""video game controller"": ""white"", ""gaming headphones"": ""black""}","[""video game controller left of gaming headphones""]","[""LUNEX""]",
MB010,es,"[""smart screen"", ""remote control""]","{""smart screen"": ""black"", ""remote control"": ""silver""}","[""remote control below of smart screen""]","[""KORE""]",
MB011,es,"[""portable charger"", ""usb cable""]","{""portable charger"": ""white"", ""usb cable"": ""red""}","[""usb cable below of portable charger""]","[""LUMIX""]",
MB012,es,"[""laptop"", ""coffee cup"", ""desk""]","{""laptop"": ""silver"", ""coffee cup"": ""white"", ""desk"": ""dark wood""}","[""coffee cup right of laptop""]","[""MIRAX""]",
MB013,es,"[""wireless headphones"", ""smartphone""]","{""wireless headphones"": ""white"", ""smartphone"": ""black""}","[""wireless headphones above smartphone""]","[""NEURO""]",
MB014,es,"[""webcam"", ""monitor"", ""desk""]","{""webcam"": ""black"", ""monitor"": ""white"", ""desk"": ""not specified""}","[""webcam above monitor"", ""monitor above desk""]","[""OPUS""]",
MB015,es,"[""action camera"", ""bicycle helmet""]","{""action camera"": ""orange"", ""bicycle helmet"": ""white""}","[""action camera left of bicycle helmet""]","[""PHASE""]",
MB016,es,"[""smart speaker"", ""digital clock"", ""nightstand""]","{""smart speaker"": ""white"", ""digital clock"": ""black"", ""nightstand"": ""white""}","[""smart speaker left of digital clock""]","[""QUBIT""]",
MB017,es,"[""virtual reality glasses"", ""motion controller""]","{""virtual reality glasses"": ""white"", ""motion controller"": ""black""}","[""virtual reality glasses above motion controller""]","[""RADIUS""]",
MB018,es,"[""monitor"", ""keyboard"", ""desk""]","{""monitor"": ""black"", ""keyboard"": ""silver"", ""desk"": ""glass""}","[""keyboard below of monitor""]","[""SPARK""]",
MB019,es,"[""drone"", ""remote control""]","{""drone"": ""black"", ""remote control"": ""grey""}","[""drone left of remote control""]","[""VORTA""]",
MB020,es,"[""e-reader"", ""reading glasses""]","{""e-reader"": ""white"", ""reading glasses"": ""black""}","[""e-reader left of reading glasses""]","[""RIVOX""]",
MB021,es,"[""usb hub"", ""laptop""]","{""usb hub"": ""gray"", ""laptop"": ""silver""}","[""usb hub left of laptop""]","[""WAVE""]",
MB022,es,"[""headphones"", ""stand""]","{""headphones"": ""black"", ""stand"": ""white""}","[""headphones on top of stand"", ""stand on top of surface""]","[""XENON""]",
MB023,es,"[""activity bracelet"", ""smartphone""]","{""activity bracelet"": ""black"", ""smartphone"": ""white""}","[""activity bracelet left of smartphone""]","[""ZETA""]",
MB024,es,"[""projector"", ""remote control""]","{""projector"": ""white"", ""remote control"": ""black""}","[""projector above remote control""]","[""AXON""]",
MB025,es,"[""smart glasses"", ""case""]","{""smart glasses"": ""rose gold"", ""case"": ""black""}","[""smart glasses above of case""]","[""BREEZE""]",
MB026,es,"[""ssd"", ""usb cable""]","{""ssd"": ""silver"", ""usb cable"": ""blue""}","[""ssd right of usb cable""]","[""CREST""]",
MB027,es,"[""wireless charger"", ""smartphone"", ""nightstand""]","{""wireless charger"": ""white"", ""smartphone"": ""black"", ""nightstand"": ""wood""}","[""smartphone on top of wireless charger"", ""wireless charger on top of nightstand""]","[""DAWN""]",
MB028,es,"[""smart lock"", ""doorknob"", ""door""]","{""smart lock"": ""black"", ""doorknob"": ""silver"", ""door"": ""white""}","[""smart lock above doorknob"", ""doorknob on door""]","[""logotipo de NYRIC""]",
MB029,es,"[""router"", ""cable ethernet""]","{""router"": ""white"", ""cable ethernet"": ""yellow""}","[""cable ethernet below of router""]","[""FUSE""]",
MB030,es,"[""mouse"", ""mouse pad""]","{""mouse"": ""black"", ""mouse pad"": ""red""}","[""mouse above of mouse pad""]","[""GRID""]",
MB031,es,"[""bottle"", ""cup""]","{""bottle"": ""orange"", ""cup"": ""white""}","[""bottle left of cup""]","[""ZEST""]",
MB032,es,"[""coffee bag"", ""espresso cup"", ""wooden table""]","{""coffee bag"": ""brown"", ""espresso cup"": ""black"", ""wooden table"": ""brown""}","[""coffee bag above espresso cup"", ""espresso cup above wooden table""]","[""PURE""]",
MB033,es,"[""cereal box"", ""milk carton""]","{""cereal box"": ""yellow"", ""milk carton"": ""white""}","[""cereal box left of milk carton""]","[""BLOOM""]",
MB034,es,"[""bottle"", ""cutting board"", ""table""]","{""bottle"": ""red"", ""cutting board"": ""brown"", ""table"": ""rustic""}","[""bottle right of cutting board""]","[""GROVE""]",
MB035,es,"[""bottle"", ""bunch of grapes""]","{""bottle"": ""green"", ""bunch of grapes"": ""purple""}","[""bottle right of bunch of grapes""]","[""FRESH""]",
MB036,es,"[""tea box"", ""cup"", ""saucer""]","{""tea box"": ""blue-green"", ""cup"": ""white"", ""saucer"": ""white""}","[""tea box above cup"", ""cup above saucer""]","[""CRISP""]",
MB037,es,"[""can"", ""dumbbell""]","{""can"": ""black"", ""dumbbell"": ""silver""}","[""can left of dumbbell""]","[""BOLD""]",
MB038,es,"[""bottle""]","{""bottle"": ""blue""}","[""bottle above lemon slices""]","[""MIST""]",
MB039,es,"[""yogurt container"", ""strawberry""]","{""yogurt container"": ""white"", ""strawberry"": ""red""}","[""yogurt container left of strawberry""]","[""GLOW""]",
MB040,es,"[""cookie tin"", ""glass""]","{""cookie tin"": ""red"", ""glass"": ""white""}","[""cookie tin right of glass""]","[""PETAL""]",
MB041,es,"[""can"", ""ice bucket""]","{""can"": ""blue"", ""ice bucket"": ""silver""}","[""can left of ice bucket""]","[""QUENCH""]",
MB042,es,"[""bote de prote\u00edna"", ""botella mezcladora""]","{""bote de prote\u00edna"": ""negro"", ""botella mezcladora"": ""blanco""}","[""bote de prote\u00edna left of botella mezcladora""]","[""RIPPLE""]",
MB043,es,"[""bottle"", ""garlic""]","{""bottle"": ""green"", ""garlic"": ""white""}","[""bottle above garlic""]","[""SWAY""]",
MB044,es,"[""muesli bar"", ""banana""]","{""muesli bar"": ""brown"", ""banana"": ""yellow""}","[""muesli bar left of banana""]","[""TEMPO""]",
MB045,es,"[""bottle"", ""straw""]","{""bottle"": ""brown"", ""straw"": ""silver""}","[""bottle left of straw""]","[""UMBER""]",
MB046,es,"[""can"", ""lime""]","{""can"": ""blue"", ""lime"": ""green""}","[""can left of lime""]","[""VERDE""]",
MB047,es,"[""jar"", ""slice of whole grain toast"", ""wooden board""]","{""jar"": ""amber"", ""slice of whole grain toast"": ""brown"", ""wooden board"": ""brown""}","[""jar above slice of whole grain toast"", ""slice of whole grain toast on wooden board""]","[""WARM""]",
MB048,es,"[""bottle"", ""berry""]","{""bottle"": ""purple"", ""berry"": ""red""}","[""bottle left of berry""]","[""XTRA""]",
MB049,es,"[""bottle"", ""bamboo stalk""]","{""bottle"": ""white"", ""bamboo stalk"": ""green""}","[""bottle right of bamboo stalk""]","[""YUMA""]",
MB050,es,"[""tablet""]","{""tablet"": ""dark brown""}",[],"[""ZEAL""]",
MB051,es,"[""juice pouch"", ""straw""]","{""juice pouch"": ""orange"", ""straw"": ""brown""}","[""juice pouch right of straw""]","[""AMBER""]",
MB052,es,"[""jar"", ""slice of bread""]","{""jar"": ""brown"", ""slice of bread"": ""white""}","[""jar above slice of bread""]","[""BRISK""]",
MB053,es,"[""bottle"", ""ginger root""]","{""bottle"": ""brown"", ""ginger root"": ""yellow""}","[""bottle right of ginger root""]","[""COVE""]",
MB054,es,"[""bottle"", ""bundle of mint twigs""]","{""bottle"": ""blue"", ""bundle of mint twigs"": ""green""}","[""bottle above bundle of mint twigs""]","[""DRIP""]",
MB055,es,"[""can"", ""whisk""]","{""can"": ""green"", ""whisk"": ""brown""}","[""can right of whisk""]","[""ELIXIR""]",
MB056,es,"[""cart\u00f3n de leche de avena"", ""cuenco de cer\u00e1mica"", ""mesa de madera""]","{""cart\u00f3n de leche de avena"": ""blanco"", ""cuenco de cer\u00e1mica"": ""marr\u00f3n"", ""mesa de madera"": ""madera""}","[""cart\u00f3n de leche de avena right of cuenco de cer\u00e1mica""]","[""FERN""]",
MB057,es,"[""can"", ""coconut""]","{""can"": ""white"", ""coconut"": ""brown""}","[""can right of coconut""]","[""GUSTO""]",
MB058,es,"[""bottle"", ""root""]","{""bottle"": ""yellow"", ""root"": ""orange""}","[""bottle above root""]","[""HERBA""]",
MB059,es,"[""bottle"", ""bunch of grapes""]","{""bottle"": ""purple"", ""bunch of grapes"": ""green""}","[""bottle right of bunch of grapes""]","[""INFUSE""]",
MB060,es,"[""bottle"", ""carrot""]","{""bottle"": ""green"", ""carrot"": ""orange""}","[""bottle below carrot""]","[""JUVO""]",
MB061,es,"[""sneaker"", ""box""]","{""sneaker"": ""white"", ""box"": ""red""}","[""sneaker above of box""]","[""MODE""]",
MB062,es,"[""jacket"", ""hanger""]","{""jacket"": ""black"", ""hanger"": ""brown""}","[""jacket in front of wall""]","[""LUXE""]",
MB063,es,"[""handbag"", ""sunglasses""]","{""handbag"": ""tan"", ""sunglasses"": ""black""}","[""handbag left of sunglasses""]","[""FORM""]",
MB064,es,"[""wristwatch"", ""leather case""]","{""wristwatch"": ""gold"", ""leather case"": ""black""}","[""wristwatch above leather case""]","[""GRACE""]",
MB065,es,"[""sunglasses"", ""case""]","{""sunglasses"": ""brown"", ""case"": ""black""}","[""sunglasses above case""]","[""HAVEN""]",
MB066,es,"[""sneaker"", ""sock""]","{""sneaker"": ""blue"", ""sock"": ""white""}","[""sneaker left of sock""]","[""INKE""]",
MB067,es,"[""jacket"", ""bag""]","{""jacket"": ""blue"", ""bag"": ""white""}","[""jacket above of bag""]","[""JOIE""]",
MB068,es,"[""tote bag"", ""silk scarf""]","{""tote bag"": ""brown"", ""silk scarf"": ""red""}","[""tote bag left of silk scarf""]","[""KEEN""]",
MB069,es,"[""sneaker"", ""skateboard""]","{""sneaker"": ""white"", ""skateboard"": ""red""}","[""sneaker on top of skateboard"", ""skateboard on top of concrete surface""]","[""LACE""]",
MB070,es,"[""sports bra"", ""yoga mat""]","{""sports bra"": ""pink"", ""yoga mat"": ""purple""}","[""sports bra above yoga mat""]","[""MAUVE""]",
MB071,es,"[""cap"", ""t-shirt""]","{""cap"": ""black"", ""t-shirt"": ""white""}","[""cap above t-shirt""]","[""NOIR""]",
MB072,es,"[""chelsea boot"", ""leather belt""]","{""chelsea boot"": ""black"", ""leather belt"": ""brown""}","[""chelsea boot left of leather belt""]","[""ONYX""]",
MB073,es,"[""raincoat"", ""umbrella""]","{""raincoat"": ""yellow"", ""umbrella"": ""black""}","[""raincoat above umbrella""]","[""POISE""]",
MB074,es,"[""jersey"", ""bufanda""]","{""jersey"": ""grey"", ""bufanda"": ""white""}","[""jersey above bufanda""]","[""RIVE""]",
MB075,es,"[""swimsuit"", ""sunscreen bottle""]","{""swimsuit"": ""orange"", ""sunscreen bottle"": ""white""}","[""swimsuit left of sunscreen bottle""]","[""SILK""]",
MB076,es,"[""backpack"", ""water bottle""]","{""backpack"": ""navy blue"", ""water bottle"": ""silver""}","[""backpack left of water bottle""]","[""TONE""]",
MB077,es,"[""hoodie"", ""sweatpants""]","{""hoodie"": ""gray"", ""sweatpants"": ""black""}","[""hoodie above sweatpants""]","[""ULAN""]",
MB078,es,"[""shoe"", ""briefcase""]","{""shoe"": ""brown"", ""briefcase"": ""cinnamon""}","[""shoe left of briefcase""]","[""VIBE""]",
MB079,es,"[""jacket"", ""gloves""]","{""jacket"": ""red"", ""gloves"": ""black""}","[""jacket below gloves""]","[""WOVEN""]",
MB080,es,"[""shorts"", ""running shoes""]","{""shorts"": ""black"", ""running shoes"": ""white""}","[""shorts below running shoes""]","[""XARA""]",
MB081,es,"[""tote bag"", ""paperback book""]","{""tote bag"": ""beige"", ""paperback book"": ""white""}","[""tote bag left of paperback book""]","[""YARN""]",
MB082,es,"[""trench coat"", ""umbrella""]","{""trench coat"": ""beige"", ""umbrella"": ""black""}","[""trench coat below umbrella""]","[""ZOLA""]",
MB083,es,"[""culote"", ""casco""]","{""culote"": ""black"", ""casco"": ""white""}","[""culote right of casco""]","[""AEON""]",
MB084,es,"[""wallet"", ""coin""]","{""wallet"": ""black"", ""coin"": ""silver""}","[""wallet below of coin""]","[""BRIM""]",
MB085,es,"[""hat"", ""jacket""]","{""hat"": ""gray"", ""jacket"": ""navy blue""}","[""hat below of jacket""]","[""CORD""]",
MB086,es,"[""shoe"", ""handbag""]","{""shoe"": ""black"", ""handbag"": ""red""}","[""shoe right of handbag""]","[""DUSK""]",
MB087,es,"[""cargo pants"", ""leather boots""]","{""cargo pants"": ""green"", ""leather boots"": ""brown""}","[""cargo pants below leather boots""]","[""ZYLO""]",
MB088,es,"[""tie"", ""shirt""]","{""tie"": ""navy blue"", ""shirt"": ""white""}","[""tie below shirt""]","[""FINN""]",
MB089,es,"[""legging"", ""sneaker""]","{""legging"": ""purple"", ""sneaker"": ""white""}","[""legging right of sneaker""]","[""GILD""]",
MB090,es,"[""sandal"", ""hat""]","{""sandal"": ""tawny"", ""hat"": ""white""}","[""sandal right of hat""]","[""HAZE""]",
MB091,es,"[""car"", ""racing helmet""]","{""car"": ""red"", ""racing helmet"": ""white""}","[""car left of racing helmet""]","[""TORQ""]",
MB092,es,"[""car"", ""charging cable""]","{""car"": ""white"", ""charging cable"": ""green""}","[""charging cable left of car""]","[""RUSH""]",
MB093,es,"[""suv"", ""baca""]","{""suv"": ""black"", ""baca"": ""silver""}","[""baca above of suv""]","[""FORGE""]",
MB094,es,"[""motorcycle"", ""full-face helmet""]","{""motorcycle"": ""black"", ""full-face helmet"": ""white""}","[""motorcycle left of full-face helmet""]","[""HELIX""]",
MB095,es,"[""car"", ""tire""]","{""car"": ""blue"", ""tire"": ""black""}","[""tire below of car""]","[""JOLT""]",
MB096,es,"[""truck"", ""toolbox""]","{""truck"": ""orange"", ""toolbox"": ""black""}","[""truck left of toolbox""]","[""KINETIC""]",
MB097,es,"[""scooter"", ""helmet""]","{""scooter"": ""white"", ""helmet"": ""black""}","[""scooter left of helmet""]","[""LAUNCH""]",
MB098,es,"[""car"", ""parking sign""]","{""car"": ""silver"", ""parking sign"": ""white""}","[""car left of parking sign""]","[""MOTION""]",
MB099,es,"[""convertible"", ""car key""]","{""convertible"": ""yellow"", ""car key"": ""silver""}","[""convertible above car key""]","[""PULSE""]",
MB100,es,"[""car"", ""solar panel""]","{""car"": ""green"", ""solar panel"": ""navy blue""}","[""car left of solar panel""]","[""QUEST""]",
MB101,es,"[""car"", ""flag""]","{""car"": ""red"", ""flag"": ""black and white""}","[""car left of flag""]","[""RACER""]",
MB102,es,"[""motorcycle"", ""gloves""]","{""motorcycle"": ""silver"", ""gloves"": ""black""}","[""motorcycle above of gloves""]","[""SPEED""]",
MB103,es,"[""tourism"", ""child seat""]","{""tourism"": ""white"", ""child seat"": ""black""}","[""child seat right of tourism""]","[""THRUST""]",
MB104,es,"[""todoterreno"", ""rueda de repuesto""]","{""todoterreno"": ""marr\u00f3n"", ""rueda de repuesto"": ""negra""}","[""todoterreno left of rueda de repuesto""]","[""VEER""]",
MB105,es,"[""sedan"", ""keychain""]","{""sedan"": ""black"", ""keychain"": ""gold""}","[""sedan above keychain""]","[""WARP""]",
MB106,es,"[""bicycle"", ""charging cable""]","{""bicycle"": ""white"", ""charging cable"": ""black""}","[""bicycle left of charging cable""]","[""XCEL""]",
MB107,es,"[""car"", ""trophy""]","{""car"": ""red"", ""trophy"": ""gold""}","[""car left of trophy""]","[""YOKE""]",
MB108,es,"[""van"", ""cardboard box""]","{""van"": ""white"", ""cardboard box"": ""brown""}","[""van left of cardboard box""]",[],
MB109,es,"[""motorhome"", ""tent""]","{""motorhome"": ""beige"", ""tent"": ""green""}","[""motorhome left of tent""]","[""ALPHA""]",
MB110,es,"[""car"", ""gas pump""]","{""car"": ""blue"", ""gas pump"": ""silver""}","[""car left of gas pump""]","[""BRAVO""]",
MB111,es,"[""car"", ""roof rack""]","{""car"": ""black"", ""roof rack"": ""silver""}",[],"[""TORVEX""]",
MB112,es,"[""police car"", ""siren light""]","{""police car"": ""white"", ""siren light"": ""red""}","[""siren light above police car""]","[""DELTA""]",
MB113,es,"[""school bus"", ""stop sign""]","{""school bus"": ""yellow"", ""stop sign"": ""red""}","[""school bus right of stop sign""]","[""EAGLE""]",
MB114,es,"[""fire truck"", ""fire hose""]","{""fire truck"": ""red"", ""fire hose"": ""yellow""}","[""fire truck right of fire hose""]","[""FOXTROT""]",
MB115,es,"[""limousine"", ""carpet""]","{""limousine"": ""black"", ""carpet"": ""red""}","[""limousine on top of carpet""]","[""GRAND""]",
MB116,es,"[""vehicle"", ""snow chains""]","{""vehicle"": ""gray"", ""snow chains"": ""silver""}","[""vehicle right of snow chains""]","[""HOUND""]",
MB117,es,"[""motorcycle"", ""leather saddlebag""]","{""motorcycle"": ""black"", ""leather saddlebag"": ""brown""}","[""motorcycle above leather saddlebag""]","[""IRON""]",
MB118,es,"[""todoterreno"", ""antena""]","{""todoterreno"": ""verde"", ""antena"": ""negra""}","[""antena right of todoterreno""]","[""VANTIS""]",
MB119,es,"[""microcoche"", ""mapa urbano""]","{""microcoche"": ""rojo"", ""mapa urbano"": ""blanco""}","[""microcoche right of mapa urbano""]","[""KILO""]",
MB120,es,"[""superbike"", ""cone""]","{""superbike"": ""orange"", ""cone"": ""black""}","[""superbike right of cone""]","[""LANCE""]",
MB121,es,"[""yoga mat"", ""water bottle""]","{""yoga mat"": ""purple"", ""water bottle"": ""silver""}","[""yoga mat left of water bottle""]","[""ZENITH""]",
MB122,es,"[""jar"", ""capsule""]","{""jar"": ""white"", ""capsule"": ""orange""}","[""capsule right of jar""]","[""REVIVE""]",
MB123,es,"[""gym bag"", ""towel""]","{""gym bag"": ""black"", ""towel"": ""white""}","[""gym bag left of towel""]","[""BOOST""]",
MB124,es,"[""jar""]","{""jar"": ""white""}","[""jar above of flowers""]","[""AURA""]",
MB125,es,"[""protein shaker"", ""dumbbell"", ""gym mat""]","{""protein shaker"": ""black"", ""dumbbell"": ""silver"", ""gym mat"": ""grey""}","[""protein shaker left of dumbbell""]","[""PEAK""]",
MB126,es,"[""cushion"", ""candle""]","{""cushion"": ""purple"", ""candle"": ""white""}","[""cushion left of candle""]","[""CALM""]",
MB127,es,"[""foam roller"", ""yoga mat""]","{""foam roller"": ""blue"", ""yoga mat"": ""purple""}","[""foam roller above of yoga mat""]","[""ALIGN""]",
MB128,es,"[""elastic band"", ""water bottle""]","{""elastic band"": ""red"", ""water bottle"": ""black""}","[""elastic band left of water bottle""]","[""TENZO""]",
MB129,es,"[""jar"", ""diffuser""]","{""jar"": ""brown"", ""diffuser"": ""white""}","[""jar left of diffuser""]","[""TERRA""]",
MB130,es,"[""sleep mask"", ""pillow"", ""bed""]","{""sleep mask"": ""black"", ""pillow"": ""white"", ""bed"": ""gray""}","[""sleep mask above pillow""]","[""REST""]",
MB131,es,"[""diary"", ""pen""]","{""diary"": ""white"", ""pen"": ""black""}","[""diary left of pen""]","[""RYNTH""]",
MB132,es,"[""sports watch"", ""smartphone""]","{""sports watch"": ""black"", ""smartphone"": ""white""}","[""sports watch left of smartphone""]","[""TRACE""]",
MB133,es,"[""massage gun"", ""charging base""]","{""massage gun"": ""black"", ""charging base"": ""white""}","[""massage gun above charging base""]","[""EASE""]",
MB134,es,"[""jar"", ""glass""]","{""jar"": ""white"", ""glass"": ""pink""}","[""jar left of glass""]","[""RENEW""]",
MB135,es,"[""thermo"", ""bag""]","{""thermo"": ""green"", ""bag"": ""brown""}","[""thermo left of bag""]","[""VOXA""]",
MB136,es,"[""bowl"", ""spoon""]","{""bowl"": ""yellow"", ""spoon"": ""silver""}","[""bowl above spoon""]","[""VIVID""]",
MB137,es,"[""sunscreen bottle"", ""beach towel""]","{""sunscreen bottle"": ""white"", ""beach towel"": ""orange""}","[""sunscreen bottle left of beach towel""]","[""SHIELD""]",
MB138,es,"[""bottle"", ""blister""]","{""bottle"": ""orange"", ""blister"": ""silver""}","[""bottle right of blister""]","[""VITAL""]",
MB139,es,"[""balance board"", ""sneakers""]","{""balance board"": ""teal"", ""sneakers"": ""white""}","[""balance board above sneakers""]","[""CORE""]",
MB140,es,"[""roller"", ""bottle""]","{""roller"": ""white"", ""bottle"": ""gold""}","[""roller left of bottle""]","[""CHILL""]",
MB141,es,"[""towel"", ""water bottle"", ""bench""]","{""towel"": ""white"", ""water bottle"": ""black"", ""bench"": ""wood""}","[""towel above of water bottle"", ""water bottle on of bench""]","[""STEAM""]",
MB142,es,"[""esterilla de acupresi\u00f3n"", ""almohada rectangular""]","{""esterilla de acupresi\u00f3n"": ""morada"", ""almohada rectangular"": ""blanca""}","[""esterilla de acupresi\u00f3n right of almohada rectangular""]","[""PRESS""]",
MB143,es,"[""nutritional bar wrapper"", ""water bottle""]","{""nutritional bar wrapper"": ""green"", ""water bottle"": ""silver""}","[""nutritional bar wrapper above water bottle""]","[""FUEL""]",
MB144,es,"[""bag"", ""shaker""]","{""bag"": ""black"", ""shaker"": ""red""}","[""bag right of shaker""]","[""MASS""]",
MB145,es,"[""tube"", ""mirror""]","{""tube"": ""white"", ""mirror"": ""gold""}","[""tube right of mirror""]","[""LUMI""]",
MB146,es,"[""elastic band"", ""yoga mat""]","{""elastic band"": ""blue"", ""yoga mat"": ""purple""}","[""elastic band below of yoga mat""]","[""EXTEND""]",
MB147,es,"[""jar"", ""lamp"", ""nightstand""]","{""jar"": ""white"", ""lamp"": ""silver"", ""nightstand"": ""dark""}","[""jar right of lamp""]","[""DRIFT""]",
MB148,es,"[""hydration vest"", ""trail running shoes""]","{""hydration vest"": ""blue"", ""trail running shoes"": ""orange""}","[""hydration vest below of trail running shoes""]","[""PACE""]",
MB149,es,"[""incense holder"", ""meditation rosary""]","{""incense holder"": ""black"", ""meditation rosary"": ""brown""}","[""incense holder right of meditation rosary""]","[""SERENE""]",
MB150,es,"[""bathtub"", ""towel""]","{""bathtub"": ""white"", ""towel"": ""blue""}","[""bathtub right of towel""]","[""POLAR""]",
MB001,ar,"[""smartwatch"", ""wireless charger""]","{""smartwatch"": ""silver"", ""wireless charger"": ""black""}","[""smartwatch left of wireless charger""]","[""ZYRA""]",
MB002,ar,"[""laptop"", ""wireless mouse"", ""desk""]","{""laptop"": ""black"", ""wireless mouse"": ""white"", ""desk"": ""gray""}","[""wireless mouse right of laptop"", ""wireless mouse above desk""]","[""KESTRA""]",
MB003,ar,"[""wireless earphones"", ""charging case""]","{""wireless earphones"": ""white"", ""charging case"": ""black""}","[""wireless earphones above charging case""]","[""APEX""]",
MB004,ar,"[""smartphone"", ""stand""]","{""smartphone"": ""black"", ""stand"": ""silver""}","[""smartphone above of stand""]","[""VOLT""]",
MB005,ar,"[""disk"", ""stylus""]","{""disk"": ""white"", ""stylus"": ""gold""}","[""disk right of stylus""]","[""PRISM""]",
MB006,ar,"[""keyboard"", ""mouse"", ""carpet""]","{""keyboard"": ""black"", ""mouse"": ""red"", ""carpet"": ""dark""}","[""mouse right of keyboard""]","[""SYNTH""]",
MB007,ar,"[""bluetooth speaker"", ""smartphone"", ""table""]","{""bluetooth speaker"": ""blue"", ""smartphone"": ""black"", ""table"": ""wooden""}","[""smartphone right of bluetooth speaker""]","[""NEXUS""]",
MB008,ar,"[""camera"", ""lens"", ""base""]","{""camera"": ""black"", ""lens"": ""silver"", ""base"": ""white""}","[""lens right of camera"", ""lens above base""]","[""KOVAL""]",
MB009,ar,"[""game controller"", ""gaming headset""]","{""game controller"": ""white"", ""gaming headset"": ""black""}","[""game controller left of gaming headset"", ""gaming headset above surface""]","[""LUNEX""]",
MB010,ar,"[""smart screen"", ""remote control""]","{""smart screen"": ""black"", ""remote control"": ""silver""}","[""remote control below smart screen""]","[""KORE""]",
MB011,ar,"[""charger"", ""usb cable""]","{""charger"": ""white"", ""usb cable"": ""red""}","[""usb cable below of charger""]","[""LUMIX""]",
MB012,ar,"[""laptop"", ""coffee cup"", ""desk""]","{""laptop"": ""silver"", ""coffee cup"": ""white"", ""desk"": ""dark wood""}","[""coffee cup right of laptop""]","[""MIRAX""]",
MB013,ar,"[""wireless earbuds"", ""smartphone""]","{""wireless earbuds"": ""white"", ""smartphone"": ""black""}","[""wireless earbuds above smartphone""]","[""NEURO""]",
MB014,ar,"[""webcam"", ""screen"", ""desk""]","{""webcam"": ""black"", ""screen"": ""white"", ""desk"": ""not specified""}","[""webcam above screen""]","[""\u0634\u0639\u0627\u0631 OPUS""]",
MB015,ar,"[""camera"", ""helmet""]","{""camera"": ""orange"", ""helmet"": ""white""}","[""camera left of helmet""]","[""PHASE""]",
MB016,ar,"[""smart speaker"", ""digital clock"", ""nightstand""]","{""smart speaker"": ""white"", ""digital clock"": ""black"", ""nightstand"": ""white""}","[""smart speaker left of digital clock""]","[""QUBIT""]",
MB017,ar,"[""headset"", ""motion controller""]","{""headset"": ""white"", ""motion controller"": ""black""}","[""headset above motion controller""]","[""RADIUS""]",
MB018,ar,"[""screen"", ""keyboard"", ""desk""]","{""screen"": ""black"", ""keyboard"": ""silver"", ""desk"": ""glass""}","[""keyboard below of screen""]","[""SPARK""]",
MB019,ar,"[""drone"", ""remote control""]","{""drone"": ""black"", ""remote control"": ""gray""}","[""drone left of remote control"", ""remote control above surface""]","[""\u0634\u0639\u0627\u0631 VORTA""]",
MB020,ar,"[""e-reader"", ""reading glasses"", ""surface""]","{""e-reader"": ""white"", ""reading glasses"": ""black"", ""surface"": ""beige""}","[""e-reader left of reading glasses""]","[""RIVOX""]",
MB021,ar,"[""usb distributor"", ""laptop"", ""desktop""]","{""usb distributor"": ""gray"", ""laptop"": ""silver"", ""desktop"": ""white""}","[""usb distributor left of laptop"", ""laptop above desktop""]","[""WAVE""]",
MB022,ar,"[""gaming headset"", ""headphone stand""]","{""gaming headset"": ""black"", ""headphone stand"": ""white""}","[""gaming headset above headphone stand""]","[""XENON""]",
MB023,ar,"[""fitness tracker"", ""smartphone""]","{""fitness tracker"": ""black"", ""smartphone"": ""white""}","[""fitness tracker left of smartphone""]","[""ZETA""]",
MB024,ar,"[""projector"", ""remote control""]","{""projector"": ""white"", ""remote control"": ""black""}","[""projector above remote control""]","[""\u0634\u0639\u0627\u0631 AXON""]",
MB025,ar,"[""smart glasses"", ""glasses case""]","{""smart glasses"": ""rose gold"", ""glasses case"": ""black""}","[""smart glasses above glasses case""]","[""BREEZE""]",
MB026,ar,"[""ssd"", ""usb cable""]","{""ssd"": ""silver"", ""usb cable"": ""blue""}","[""usb cable right of ssd""]","[""CREST""]",
MB027,ar,"[""wireless charger"", ""smartphone"", ""nightstand""]","{""wireless charger"": ""white"", ""smartphone"": ""black"", ""nightstand"": ""wooden""}","[""smartphone above wireless charger""]","[""DAWN""]",
MB028,ar,"[""smart lock"", ""door handle"", ""door""]","{""smart lock"": ""black"", ""door handle"": ""silver"", ""door"": ""white""}","[""smart lock above of door handle"", ""door handle above of door""]","[""NYRIC""]",
MB029,ar,"[""router"", ""ethernet cable""]","{""router"": ""white"", ""ethernet cable"": ""yellow""}","[""ethernet cable below of router""]","[""FUSE""]",
MB030,ar,"[""gaming mouse"", ""mouse pad""]","{""gaming mouse"": ""black"", ""mouse pad"": ""red""}","[""gaming mouse on mouse pad""]","[""GRID""]",
MB031,ar,"[""juice bottle"", ""ceramic cup""]","{""juice bottle"": ""orange"", ""ceramic cup"": ""white""}","[""juice bottle left of ceramic cup""]","[""ZEST""]",
MB032,ar,"[""coffee bag"", ""espresso cup"", ""wooden table""]","{""coffee bag"": ""brown"", ""espresso cup"": ""black"", ""wooden table"": ""brown""}","[""coffee bag above espresso cup"", ""espresso cup on wooden table""]","[""PURE""]",
MB033,ar,"[""cereal box"", ""milk carton""]","{""cereal box"": ""yellow"", ""milk carton"": ""white""}","[""cereal box left of milk carton""]","[""BLOOM""]",
MB034,ar,"[""bottle"", ""cutting board"", ""table""]","{""bottle"": ""red"", ""cutting board"": ""brown"", ""table"": ""rustic""}","[""bottle right of cutting board""]","[""GROVE""]",
MB035,ar,"[""wine bottle"", ""grape bunch""]","{""wine bottle"": ""green"", ""grape bunch"": ""purple""}","[""wine bottle right of grape bunch""]","[""FRESH""]",
MB036,ar,"[""tea box"", ""ceramic cup"", ""small plate""]","{""tea box"": ""blue green"", ""ceramic cup"": ""white"", ""small plate"": ""white""}","[""tea box above ceramic cup"", ""ceramic cup above small plate""]","[""CRISP""]",
MB037,ar,"[""energy drink can"", ""dumbbell""]","{""energy drink can"": ""black"", ""dumbbell"": ""silver""}","[""energy drink can left of dumbbell""]","[""BOLD""]",
MB038,ar,"[""water bottle"", ""lemon slice"", ""marble surface""]","{""water bottle"": ""blue"", ""lemon slice"": ""yellow"", ""marble surface"": ""white""}","[""water bottle above lemon slice"", ""lemon slice above marble surface""]","[""MIST""]",
MB039,ar,"[""yogurt bowl"", ""strawberry""]","{""yogurt bowl"": ""white"", ""strawberry"": ""red""}","[""yogurt bowl left of strawberry""]","[""GLOW""]",
MB040,ar,"[""box"", ""cup""]","{""box"": ""red"", ""cup"": ""white""}","[""box right of cup""]","[""PETAL""]",
MB041,ar,"[""soda can"", ""ice bucket""]","{""soda can"": ""blue"", ""ice bucket"": ""silver""}","[""soda can left of ice bucket""]","[""QUENCH""]",
MB042,ar,"[""container"", ""shaker bottle""]","{""container"": ""black"", ""shaker bottle"": ""white""}","[""container left of shaker bottle""]","[""RIPPLE""]",
MB043,ar,"[""bottle"", ""garlic""]","{""bottle"": ""green"", ""garlic"": ""white""}","[""bottle above garlic""]","[""SWAY""]",
MB044,ar,"[""granola"", ""banana""]","{""granola"": ""brown"", ""banana"": ""yellow""}","[""granola left of banana""]","[""TEMPO""]",
MB045,ar,"[""coffee bottle"", ""metal straw""]","{""coffee bottle"": ""brown"", ""metal straw"": ""silver""}","[""coffee bottle left of metal straw""]","[""\u0643\u0648\u0644\u062f \u0628\u0631\u0648"", ""\u0623\u0648\u0645\u0628\u0631""]",
MB046,ar,"[""water bottle"", ""lemon""]","{""water bottle"": ""blue"", ""lemon"": ""green""}","[""water bottle left of lemon"", ""lemon above marble""]","[""VERDE""]",
MB047,ar,"[""honey jar"", ""slice of toast"", ""wooden board""]","{""honey jar"": ""amber"", ""slice of toast"": ""brown"", ""wooden board"": ""brown""}","[""honey jar above slice of toast""]","[""WARM""]",
MB048,ar,"[""smoothie bottle"", ""fresh raspberry""]","{""smoothie bottle"": ""purple"", ""fresh raspberry"": ""red""}","[""smoothie bottle left of fresh raspberry""]","[""XTRA""]",
MB049,ar,"[""glass teapot"", ""bamboo leg""]","{""glass teapot"": ""white"", ""bamboo leg"": ""green""}","[""glass teapot right of bamboo leg""]","[""YUMA""]",
MB050,ar,"[""chocolate""]","{""chocolate"": ""dark brown""}","[""chocolate above of black marble""]","[""ZEAL""]",
MB051,ar,"[""juice box"", ""straw""]","{""juice box"": ""orange"", ""straw"": ""brown""}","[""juice box right of straw""]","[""AMBER""]",
MB052,ar,"[""bowl"", ""almond butter"", ""bread"", ""surface""]","{""bowl"": ""brown"", ""almond butter"": ""brown"", ""bread"": ""white"", ""surface"": ""light blue""}","[""bowl above of bread""]","[""BRISK""]",
MB053,ar,"[""bottle"", ""ginger root""]","{""bottle"": ""brown"", ""ginger root"": ""yellow""}","[""bottle right of ginger root""]","[""COVE""]",
MB054,ar,"[""water bottle"", ""mint branch"", ""marble surface""]","{""water bottle"": ""blue"", ""mint branch"": ""green"", ""marble surface"": ""white""}","[""water bottle above mint branch"", ""mint branch above marble surface""]","[""DRIP""]",
MB055,ar,"[""matcha box"", ""bamboo whisk"", ""ceramic surface""]","{""matcha box"": ""green"", ""bamboo whisk"": ""brown"", ""ceramic surface"": ""white""}","[""matcha box right of bamboo whisk""]","[""ELIXIR""]",
MB056,ar,"[""oat milk carton"", ""ceramic bowl""]","{""oat milk carton"": ""white"", ""ceramic bowl"": ""brown""}","[""oat milk carton right of ceramic bowl""]","[""FERN""]",
MB057,ar,"[""box"", ""coconut""]","{""box"": ""white"", ""coconut"": ""brown""}","[""box right of coconut""]","[""GUSTO""]",
MB058,ar,"[""bottle"", ""turmeric root""]","{""bottle"": ""yellow"", ""turmeric root"": ""orange""}","[""bottle above turmeric root""]","[""HERBA""]",
MB059,ar,"[""bottle"", ""grape"", ""marble""]","{""bottle"": ""purple"", ""grape"": ""green"", ""marble"": ""white""}","[""bottle right of grape"", ""grape above marble""]","[""INFUSE""]",
MB060,ar,"[""juice bottle"", ""carrot""]","{""juice bottle"": ""green"", ""carrot"": ""orange""}","[""juice bottle below carrot""]","[""JUVO""]",
MB061,ar,"[""sneaker"", ""box""]","{""sneaker"": ""white"", ""box"": ""red""}","[""sneaker above box""]","[""MODE""]",
MB062,ar,"[""jacket"", ""hanger""]","{""jacket"": ""black"", ""hanger"": ""brown""}","[""jacket above of hanger""]","[""LUXE""]",
MB063,ar,"[""handbag"", ""sunglasses""]","{""handbag"": ""light brown"", ""sunglasses"": ""black""}","[""handbag left of sunglasses""]","[""FORM""]",
MB064,ar,"[""watch"", ""box""]","{""watch"": ""gold"", ""box"": ""black""}","[""watch above box""]","[""GRACE""]",
MB065,ar,"[""sunglasses"", ""case""]","{""sunglasses"": ""brown speckled"", ""case"": ""black""}","[""sunglasses above case""]","[""HAVEN""]",
MB066,ar,"[""shoe"", ""sock""]","{""shoe"": ""blue"", ""sock"": ""white""}","[""shoe left of sock""]","[""INKE""]",
MB067,ar,"[""jacket"", ""bag""]","{""jacket"": ""blue"", ""bag"": ""white""}","[""jacket above bag""]","[""JOIE""]",
MB068,ar,"[""handbag"", ""scarf""]","{""handbag"": ""brown"", ""scarf"": ""red""}","[""handbag left of scarf""]","[""KEEN""]",
MB069,ar,"[""shoe"", ""skateboard""]","{""shoe"": ""white"", ""skateboard"": ""red""}","[""shoe above skateboard""]","[""LACE""]",
MB070,ar,"[""sports bra"", ""yoga mat""]","{""sports bra"": ""pink"", ""yoga mat"": ""purple""}","[""sports bra above yoga mat""]","[""MAUVE""]",
MB071,ar,"[""cap"", ""shirt""]","{""cap"": ""black"", ""shirt"": ""white""}","[""cap above shirt""]","[""NOIR""]",
MB072,ar,"[""shoe"", ""belt""]","{""shoe"": ""black"", ""belt"": ""brown""}","[""shoe left of belt""]","[""ONYX""]",
MB073,ar,"[""raincoat"", ""umbrella""]","{""raincoat"": ""yellow"", ""umbrella"": ""black""}","[""raincoat above umbrella""]","[""POISE""]",
MB074,ar,"[""sweater"", ""scarf"", ""surface""]","{""sweater"": ""gray"", ""scarf"": ""white"", ""surface"": ""light wood""}","[""sweater above scarf""]","[""RIVE""]",
MB075,ar,"[""swimwear"", ""sunscreen bottle""]","{""swimwear"": ""orange"", ""sunscreen bottle"": ""white""}","[""swimwear left of sunscreen bottle""]","[""SILK""]",
MB076,ar,"[""backpack"", ""water bottle""]","{""backpack"": ""dark blue"", ""water bottle"": ""silver""}","[""backpack left of water bottle""]","[""TONE""]",
MB077,ar,"[""jacket"", ""pants""]","{""jacket"": ""gray"", ""pants"": ""black""}","[""jacket above of pants""]","[""ULAN""]",
MB078,ar,"[""shoe"", ""handbag""]","{""shoe"": ""brown"", ""handbag"": ""light brown""}","[""shoe left of handbag""]","[""VIBE""]",
MB079,ar,"[""jacket"", ""gloves""]","{""jacket"": ""red"", ""gloves"": ""black""}","[""jacket below of gloves""]","[""WOVEN""]",
MB080,ar,"[""short"", ""shoe""]","{""short"": ""black"", ""shoe"": ""white""}","[""short below of shoe""]","[""XARA""]",
MB081,ar,"[""bag"", ""book""]","{""bag"": ""beige"", ""book"": ""white""}","[""bag left of book""]","[""YARN""]",
MB082,ar,"[""coat"", ""umbrella""]","{""coat"": ""beige"", ""umbrella"": ""black""}","[""coat below umbrella""]","[""ZOLA""]",
MB083,ar,"[""bicycle shorts"", ""bicycle helmet""]","{""bicycle shorts"": ""black"", ""bicycle helmet"": ""white""}","[""bicycle shorts right of bicycle helmet""]","[""AEON""]",
MB084,ar,"[""wallet"", ""coin"", ""surface""]","{""wallet"": ""black"", ""coin"": ""silver"", ""surface"": ""dark marble""}","[""wallet below of coin""]","[""BRIM""]",
MB085,ar,"[""hat"", ""jacket""]","{""hat"": ""gray"", ""jacket"": ""dark blue""}","[""hat below of jacket""]","[""CORD""]",
MB086,ar,"[""shoe"", ""clutch bag""]","{""shoe"": ""black"", ""clutch bag"": ""red""}","[""shoe right of clutch bag""]","[""DUSK""]",
MB087,ar,"[""cargo pant"", ""leather shoe""]","{""cargo pant"": ""green"", ""leather shoe"": ""brown""}","[""cargo pant below leather shoe""]","[""ZYLO""]",
MB088,ar,"[""tie"", ""shirt""]","{""tie"": ""dark blue"", ""shirt"": ""white""}","[""tie below of shirt""]","[""FINN""]",
MB089,ar,"[""pant"", ""sneaker""]","{""pant"": ""purple"", ""sneaker"": ""white""}","[""pant right of sneaker""]","[""GILD""]",
MB090,ar,"[""sandal"", ""beach hat""]","{""sandal"": ""light brown"", ""beach hat"": ""white""}","[""sandal right of beach hat""]","[""HAZE""]",
MB091,ar,"[""car"", ""helmet""]","{""car"": ""red"", ""helmet"": ""white""}","[""car left of helmet""]","[""TORQ""]",
MB092,ar,"[""car"", ""charging cable""]","{""car"": ""white"", ""charging cable"": ""green""}","[""charging cable left of car""]","[""RUSH""]",
MB093,ar,"[""car"", ""roof rack""]","{""car"": ""black"", ""roof rack"": ""silver""}","[""roof rack above of car""]","[""FORGE""]",
MB094,ar,"[""motorcycle"", ""helmet""]","{""motorcycle"": ""black"", ""helmet"": ""white""}","[""motorcycle left of helmet""]","[""HELIX""]",
MB095,ar,"[""car"", ""tire""]","{""car"": ""blue"", ""tire"": ""black""}","[""tire below of car""]","[""JOLT""]",
MB096,ar,"[""pickup truck"", ""toolbox""]","{""pickup truck"": ""orange"", ""toolbox"": ""black""}","[""pickup truck left of toolbox""]","[""KINETIC""]",
MB097,ar,"[""scooter"", ""helmet""]","{""scooter"": ""white"", ""helmet"": ""black""}","[""scooter left of helmet""]","[""LAUNCH""]",
MB098,ar,"[""car"", ""sign""]","{""car"": ""silver"", ""sign"": ""white""}","[""car left of sign""]","[""MOTION""]",
MB099,ar,"[""car"", ""key""]","{""car"": ""yellow"", ""key"": ""silver""}","[""car above of key""]","[""PULSE""]",
MB100,ar,"[""car"", ""solar panel""]","{""car"": ""green"", ""solar panel"": ""dark blue""}","[""car left of solar panel""]","[""QUEST""]",
MB101,ar,"[""race car"", ""flag""]","{""race car"": ""red"", ""flag"": ""black and white""}","[""race car left of flag""]","[""RACER""]",
MB102,ar,"[""motorcycle"", ""racing gloves""]","{""motorcycle"": ""silver"", ""racing gloves"": ""black""}","[""motorcycle above racing gloves""]","[""SPEED""]",
MB103,ar,"[""car"", ""child seat""]","{""car"": ""white"", ""child seat"": ""black""}","[""child seat right of car""]","[""THRUST""]",
MB104,ar,"[""car"", ""spare tire""]","{""car"": ""brown"", ""spare tire"": ""black""}","[""car left of spare tire""]","[""VEER""]",
MB105,ar,"[""car"", ""key""]","{""car"": ""black"", ""key"": ""gold""}","[""car above key""]","[""WARP""]",
MB106,ar,"[""electric bike"", ""charging cable""]","{""electric bike"": ""white"", ""charging cable"": ""black""}","[""electric bike left of charging cable""]","[""\u0634\u0639\u0627\u0631 \u00abXCEL\u00bb""]",
MB107,ar,"[""car"", ""trophy""]","{""car"": ""red"", ""trophy"": ""gold""}","[""car left of trophy""]","[""YOKE""]",
MB108,ar,"[""delivery truck"", ""cardboard box""]","{""delivery truck"": ""white"", ""cardboard box"": ""brown""}","[""delivery truck left of cardboard box""]",[],
MB109,ar,"[""camper van"", ""tent""]","{""camper van"": ""beige"", ""tent"": ""green""}","[""camper van left of tent""]","[""ALPHA"", ""\u0627\u0644\u0633\u0627\u0639\u0629 \u0627\u0644\u0630\u0647\u0628\u064a\u0629""]",
MB110,ar,"[""car"", ""fuel pump""]","{""car"": ""blue"", ""fuel pump"": ""silver""}","[""car left of fuel pump""]","[""BRAVO""]",
MB111,ar,"[""car"", ""roof rack""]","{""car"": ""black"", ""roof rack"": ""silver""}","[""roof rack above of car""]","[""TORVEX""]",
MB112,ar,"[""car""]","{""car"": ""white""}","[""light above of car""]","[""DELTA""]",
MB113,ar,"[""school bus"", ""stop sign""]","{""school bus"": ""yellow"", ""stop sign"": ""red""}","[""school bus right of stop sign""]","[""EAGLE""]",
MB114,ar,"[""fire truck"", ""fire hose""]","{""fire truck"": ""red"", ""fire hose"": ""yellow""}","[""fire truck right of fire hose""]","[""FOXTROT""]",
MB115,ar,"[""limousine"", ""carpet""]","{""limousine"": ""black"", ""carpet"": ""red""}","[""limousine above carpet""]","[""GRAND""]",
MB116,ar,"[""vehicle"", ""snow chain""]","{""vehicle"": ""gray"", ""snow chain"": ""silver""}","[""vehicle right of snow chain""]","[""HOUND""]",
MB117,ar,"[""motorcycle"", ""saddlebag""]","{""motorcycle"": ""black"", ""saddlebag"": ""brown""}","[""motorcycle above of saddlebag""]","[""IRON""]",
MB118,ar,"[""car"", ""radio antenna""]","{""car"": ""green"", ""radio antenna"": ""black""}","[""radio antenna right of car""]","[""VANTIS""]",
MB119,ar,"[""car"", ""map""]","{""car"": ""red"", ""map"": ""white""}","[""car right of map""]","[""KILO""]",
MB120,ar,"[""motorcycle"", ""cone"", ""track""]","{""motorcycle"": ""orange"", ""cone"": ""black"", ""track"": ""gray""}","[""motorcycle right of cone""]","[""LANCE""]",
MB121,ar,"[""yoga mat"", ""water bottle""]","{""yoga mat"": ""purple"", ""water bottle"": ""silver""}","[""yoga mat left of water bottle""]","[""ZENITH""]",
MB122,ar,"[""bottle"", ""capsule""]","{""bottle"": ""white"", ""capsule"": ""orange""}","[""capsule right of bottle""]","[""REVIVE""]",
MB123,ar,"[""sports bag"", ""towel""]","{""sports bag"": ""black"", ""towel"": ""white""}","[""sports bag left of towel""]","[""BOOST""]",
MB124,ar,"[""cream""]","{""cream"": ""white""}","[""cream above of flowers""]","[""AURA""]",
MB125,ar,"[""bottle"", ""dumbbell"", ""mat""]","{""bottle"": ""black"", ""dumbbell"": ""silver"", ""mat"": ""gray""}","[""bottle left of dumbbell"", ""dumbbell above mat""]","[""PEAK""]",
MB126,ar,"[""pillow"", ""candle""]","{""pillow"": ""purple"", ""candle"": ""white""}","[""pillow left of candle""]","[""CALM""]",
MB127,ar,"[""foam roller"", ""yoga mat""]","{""foam roller"": ""blue"", ""yoga mat"": ""purple""}","[""foam roller above yoga mat""]","[""ALIGN""]",
MB128,ar,"[""resistance band"", ""water bottle""]","{""resistance band"": ""red"", ""water bottle"": ""black""}","[""resistance band left of water bottle""]","[""TENZO""]",
MB129,ar,"[""bottle"", ""diffuser""]","{""bottle"": ""brown"", ""diffuser"": ""white""}","[""bottle left of diffuser""]","[""TERRA""]",
MB130,ar,"[""sleep mask"", ""pillow"", ""bed""]","{""sleep mask"": ""black"", ""pillow"": ""white"", ""bed"": ""gray""}","[""sleep mask above pillow"", ""pillow on bed""]","[""REST""]",
MB131,ar,"[""notebook"", ""pen""]","{""notebook"": ""white"", ""pen"": ""black""}","[""notebook left of pen""]","[""RYNTH""]",
MB132,ar,"[""fitness watch"", ""smartphone""]","{""fitness watch"": ""black"", ""smartphone"": ""white""}","[""fitness watch left of smartphone""]","[""TRACE""]",
MB133,ar,"[""massage gun"", ""charging base""]","{""massage gun"": ""black"", ""charging base"": ""white""}","[""massage gun above charging base""]","[""EASE""]",
MB134,ar,"[""bowl"", ""collagen powder"", ""glass cup"", ""marble surface""]","{""bowl"": ""white"", ""collagen powder"": ""none"", ""glass cup"": ""pink"", ""marble surface"": ""none""}","[""bowl left of glass cup""]","[""RENEW""]",
MB135,ar,"[""thermos"", ""bag""]","{""thermos"": ""green"", ""bag"": ""brown""}","[""thermos left of bag""]","[""VOXA""]",
MB136,ar,"[""bowl"", ""spoon""]","{""bowl"": ""yellow"", ""spoon"": ""silver""}","[""bowl above spoon""]","[""VIVID""]",
MB137,ar,"[""sunscreen bottle"", ""beach towel""]","{""sunscreen bottle"": ""white"", ""beach towel"": ""orange""}","[""sunscreen bottle left of beach towel""]","[""SHIELD""]",
MB138,ar,"[""bottle"", ""blister pack""]","{""bottle"": ""orange"", ""blister pack"": ""silver""}","[""bottle right of blister pack""]","[""VITAL""]",
MB139,ar,"[""balance board"", ""sneaker""]","{""balance board"": ""blue green"", ""sneaker"": ""white""}","[""balance board above sneaker""]","[""CORE""]",
MB140,ar,"[""ice roller"", ""serum bottle""]","{""ice roller"": ""white"", ""serum bottle"": ""gold""}","[""ice roller left of serum bottle""]","[""CHILL""]",
MB141,ar,"[""towel"", ""water bottle"", ""bench""]","{""towel"": ""white"", ""water bottle"": ""black"", ""bench"": ""wooden""}","[""towel above water bottle"", ""water bottle on bench""]","[""STEAM""]",
MB142,ar,"[""pressure mat"", ""rectangular pillow""]","{""pressure mat"": ""purple"", ""rectangular pillow"": ""white""}","[""pressure mat right of rectangular pillow""]","[""PRESS""]",
MB143,ar,"[""nutrition bar"", ""water bottle""]","{""nutrition bar"": ""green"", ""water bottle"": ""silver""}","[""nutrition bar above water bottle""]","[""FUEL""]",
MB144,ar,"[""bag"", ""bottle""]","{""bag"": ""black"", ""bottle"": ""red""}","[""bag right of bottle""]","[""MASS""]",
MB145,ar,"[""tube"", ""mirror"", ""surface""]","{""tube"": ""white"", ""mirror"": ""gold"", ""surface"": ""pink""}","[""tube right of mirror""]","[""LUMI""]",
MB146,ar,"[""stretch band"", ""yoga mat""]","{""stretch band"": ""blue"", ""yoga mat"": ""purple""}","[""stretch band below yoga mat""]","[""EXTEND""]",
MB147,ar,"[""bottle"", ""lamp"", ""table""]","{""bottle"": ""white"", ""lamp"": ""silver"", ""table"": ""dark""}","[""bottle right of lamp""]","[""DRIFT""]",
MB148,ar,"[""jacket"", ""shoe""]","{""jacket"": ""blue"", ""shoe"": ""orange""}","[""jacket below shoe""]","[""PACE""]",
MB149,ar,"[""holder"", ""musk"", ""surface""]","{""holder"": ""black"", ""musk"": ""brown"", ""surface"": ""bamboo""}","[""holder right of musk""]","[""SERENE""]",
MB150,ar,"[""bathtub"", ""towel""]","{""bathtub"": ""white"", ""towel"": ""blue""}","[""bathtub right of towel""]","[""POLAR""]",
