timestamp,model,language,prompt_id,seed,status,output_path,error,duration_s
2026-08-15T10:36:54.203537,sd15,de,MB004,42,SUCCESS,data\generated_images\phase2b\sd15\de\MB004_seed42.png,,4.6
2026-08-15T10:36:56.889471,sd15,de,MB024,42,SUCCESS,data\generated_images\phase2b\sd15\de\MB024_seed42.png,,2.7
2026-08-15T10:36:59.996134,sd15,de,MB038,42,SUCCESS,data\generated_images\phase2b\sd15\de\MB038_seed42.png,,3.1
2026-08-15T10:37:02.652096,sd15,de,MB039,42,SUCCESS,data\generated_images\phase2b\sd15\de\MB039_seed42.png,,2.7
2026-08-15T10:37:10.426221,sd15,de,MB061,42,SUCCESS,data\generated_images\phase2b\sd15\de\MB061_seed42.png,,7.8
2026-08-15T10:37:13.563889,sd15,de,MB084,42,SUCCESS,data\generated_images\phase2b\sd15\de\MB084_seed42.png,,3.1
2026-08-15T10:37:16.456166,sd15,de,MB094,42,SUCCESS,data\generated_images\phase2b\sd15\de\MB094_seed42.png,,2.9
2026-08-15T10:37:18.832219,sd15,de,MB111,42,SUCCESS,data\generated_images\phase2b\sd15\de\MB111_seed42.png,,2.4
2026-08-15T10:37:21.183894,sd15,de,MB125,42,SUCCESS,data\generated_images\phase2b\sd15\de\MB125_seed42.png,,2.4
2026-08-15T10:37:23.821655,sd15,de,MB128,42,SUCCESS,data\generated_images\phase2b\sd15\de\MB128_seed42.png,,2.6
2026-08-15T10:37:26.433087,sd15,fr,MB004,42,SUCCESS,data\generated_images\phase2b\sd15\fr\MB004_seed42.png,,2.6
2026-08-15T10:37:28.739389,sd15,fr,MB024,42,SUCCESS,data\generated_images\phase2b\sd15\fr\MB024_seed42.png,,2.3
2026-08-15T10:37:31.090302,sd15,fr,MB038,42,SUCCESS,data\generated_images\phase2b\sd15\fr\MB038_seed42.png,,2.3
2026-08-15T10:37:33.943767,sd15,fr,MB039,42,SUCCESS,data\generated_images\phase2b\sd15\fr\MB039_seed42.png,,2.9
2026-08-15T10:37:36.385361,sd15,fr,MB061,42,SUCCESS,data\generated_images\phase2b\sd15\fr\MB061_seed42.png,,2.4
2026-08-15T10:37:39.095309,sd15,fr,MB084,42,SUCCESS,data\generated_images\phase2b\sd15\fr\MB084_seed42.png,,2.7
2026-08-15T10:37:41.479301,sd15,fr,MB094,42,SUCCESS,data\generated_images\phase2b\sd15\fr\MB094_seed42.png,,2.4
2026-08-15T10:37:44.586414,sd15,fr,MB111,42,SUCCESS,data\generated_images\phase2b\sd15\fr\MB111_seed42.png,,3.1
2026-08-15T10:37:47.005572,sd15,fr,MB125,42,SUCCESS,data\generated_images\phase2b\sd15\fr\MB125_seed42.png,,2.4
2026-08-15T10:37:49.665229,sd15,fr,MB128,42,SUCCESS,data\generated_images\phase2b\sd15\fr\MB128_seed42.png,,2.7
2026-08-15T10:37:51.998626,sd15,es,MB004,42,SUCCESS,data\generated_images\phase2b\sd15\es\MB004_seed42.png,,2.3
2026-08-15T10:37:54.434076,sd15,es,MB024,42,SUCCESS,data\generated_images\phase2b\sd15\es\MB024_seed42.png,,2.4
2026-08-15T10:37:56.822427,sd15,es,MB038,42,SUCCESS,data\generated_images\phase2b\sd15\es\MB038_seed42.png,,2.4
2026-08-15T10:37:59.286506,sd15,es,MB039,42,SUCCESS,data\generated_images\phase2b\sd15\es\MB039_seed42.png,,2.5
2026-08-15T10:38:01.663000,sd15,es,MB061,42,SUCCESS,data\generated_images\phase2b\sd15\es\MB061_seed42.png,,2.4
2026-08-15T10:38:04.106194,sd15,es,MB084,42,SUCCESS,data\generated_images\phase2b\sd15\es\MB084_seed42.png,,2.4
2026-08-15T10:38:06.920315,sd15,es,MB094,42,SUCCESS,data\generated_images\phase2b\sd15\es\MB094_seed42.png,,2.8
2026-08-15T10:38:09.375115,sd15,es,MB111,42,SUCCESS,data\generated_images\phase2b\sd15\es\MB111_seed42.png,,2.5
2026-08-15T10:38:12.129908,sd15,es,MB125,42,SUCCESS,data\generated_images\phase2b\sd15\es\MB125_seed42.png,,2.8
2026-08-15T10:38:14.525973,sd15,es,MB128,42,SUCCESS,data\generated_images\phase2b\sd15\es\MB128_seed42.png,,2.4
2026-08-15T10:38:16.945646,sd15,ar,MB004,42,SUCCESS,data\generated_images\phase2b\sd15\ar\MB004_seed42.png,,2.4
2026-08-15T10:38:19.532537,sd15,ar,MB024,42,SUCCESS,data\generated_images\phase2b\sd15\ar\MB024_seed42.png,,2.6
2026-08-15T10:38:21.866306,sd15,ar,MB038,42,SUCCESS,data\generated_images\phase2b\sd15\ar\MB038_seed42.png,,2.3
2026-08-15T10:38:24.263529,sd15,ar,MB039,42,SUCCESS,data\generated_images\phase2b\sd15\ar\MB039_seed42.png,,2.4
2026-08-15T10:38:26.904882,sd15,ar,MB061,42,SUCCESS,data\generated_images\phase2b\sd15\ar\MB061_seed42.png,,2.6
2026-08-15T10:38:29.336552,sd15,ar,MB084,42,SUCCESS,data\generated_images\phase2b\sd15\ar\MB084_seed42.png,,2.4
2026-08-15T10:38:31.754200,sd15,ar,MB094,42,SUCCESS,data\generated_images\phase2b\sd15\ar\MB094_seed42.png,,2.4
2026-08-15T10:38:34.157835,sd15,ar,MB111,42,SUCCESS,data\generated_images\phase2b\sd15\ar\MB111_seed42.png,,2.4
2026-08-15T10:38:36.588649,sd15,ar,MB125,42,SUCCESS,data\generated_images\phase2b\sd15\ar\MB125_seed42.png,,2.4
2026-08-15T10:38:39.214447,sd15,ar,MB128,42,SUCCESS,data\generated_images\phase2b\sd15\ar\MB128_seed42.png,,2.6
2026-08-15T10:38:44.261125,flux,de,MB004,42,SUCCESS,data\generated_images\phase2b\flux\de\MB004_seed42.png,,5.0
2026-08-15T10:38:48.554157,flux,de,MB024,42,SUCCESS,data\generated_images\phase2b\flux\de\MB024_seed42.png,,4.3
2026-08-15T10:38:53.669464,flux,de,MB038,42,SUCCESS,data\generated_images\phase2b\flux\de\MB038_seed42.png,,5.1
2026-08-15T10:38:58.037131,flux,de,MB039,42,SUCCESS,data\generated_images\phase2b\flux\de\MB039_seed42.png,,4.4
2026-08-15T10:39:02.373923,flux,de,MB061,42,SUCCESS,data\generated_images\phase2b\flux\de\MB061_seed42.png,,4.3
2026-08-15T10:39:07.015662,flux,de,MB084,42,SUCCESS,data\generated_images\phase2b\flux\de\MB084_seed42.png,,4.6
2026-08-15T10:39:11.530513,flux,de,MB094,42,SUCCESS,data\generated_images\phase2b\flux\de\MB094_seed42.png,,4.5
2026-08-15T10:39:16.211341,flux,de,MB111,42,SUCCESS,data\generated_images\phase2b\flux\de\MB111_seed42.png,,4.7
2026-08-15T10:39:22.640194,flux,de,MB125,42,SUCCESS,data\generated_images\phase2b\flux\de\MB125_seed42.png,,6.4
2026-08-15T10:39:28.341750,flux,de,MB128,42,SUCCESS,data\generated_images\phase2b\flux\de\MB128_seed42.png,,5.7
2026-08-15T10:39:33.833501,flux,fr,MB004,42,SUCCESS,data\generated_images\phase2b\flux\fr\MB004_seed42.png,,5.5
2026-08-15T10:39:40.276939,flux,fr,MB024,42,SUCCESS,data\generated_images\phase2b\flux\fr\MB024_seed42.png,,6.4
2026-08-15T10:39:46.467491,flux,fr,MB038,42,SUCCESS,data\generated_images\phase2b\flux\fr\MB038_seed42.png,,6.2
2026-08-15T10:39:51.214472,flux,fr,MB039,42,SUCCESS,data\generated_images\phase2b\flux\fr\MB039_seed42.png,,4.7
2026-08-15T10:39:55.411155,flux,fr,MB061,42,SUCCESS,data\generated_images\phase2b\flux\fr\MB061_seed42.png,,4.2
2026-08-15T10:40:00.328551,flux,fr,MB084,42,SUCCESS,data\generated_images\phase2b\flux\fr\MB084_seed42.png,,4.9
2026-08-15T10:40:04.444407,flux,fr,MB094,42,SUCCESS,data\generated_images\phase2b\flux\fr\MB094_seed42.png,,4.1
2026-08-15T10:40:08.783019,flux,fr,MB111,42,SUCCESS,data\generated_images\phase2b\flux\fr\MB111_seed42.png,,4.3
2026-08-15T10:40:13.224784,flux,fr,MB125,42,SUCCESS,data\generated_images\phase2b\flux\fr\MB125_seed42.png,,4.4
2026-08-15T10:40:17.521295,flux,fr,MB128,42,SUCCESS,data\generated_images\phase2b\flux\fr\MB128_seed42.png,,4.3
2026-08-15T10:40:21.643236,flux,es,MB004,42,SUCCESS,data\generated_images\phase2b\flux\es\MB004_seed42.png,,4.1
2026-08-15T10:40:25.961537,flux,es,MB024,42,SUCCESS,data\generated_images\phase2b\flux\es\MB024_seed42.png,,4.3
2026-08-15T10:40:30.192371,flux,es,MB038,42,SUCCESS,data\generated_images\phase2b\flux\es\MB038_seed42.png,,4.2
2026-08-15T10:40:34.406129,flux,es,MB039,42,SUCCESS,data\generated_images\phase2b\flux\es\MB039_seed42.png,,4.2
2026-08-15T10:40:38.661233,flux,es,MB061,42,SUCCESS,data\generated_images\phase2b\flux\es\MB061_seed42.png,,4.3
2026-08-15T10:40:43.387540,flux,es,MB084,42,SUCCESS,data\generated_images\phase2b\flux\es\MB084_seed42.png,,4.7
2026-08-15T10:40:47.808896,flux,es,MB094,42,SUCCESS,data\generated_images\phase2b\flux\es\MB094_seed42.png,,4.4
2026-08-15T10:40:53.177696,flux,es,MB111,42,SUCCESS,data\generated_images\phase2b\flux\es\MB111_seed42.png,,5.4
2026-08-15T10:40:58.063196,flux,es,MB125,42,SUCCESS,data\generated_images\phase2b\flux\es\MB125_seed42.png,,4.9
2026-08-15T10:41:03.410700,flux,es,MB128,42,SUCCESS,data\generated_images\phase2b\flux\es\MB128_seed42.png,,5.3
2026-08-15T10:41:09.487369,flux,ar,MB004,42,SUCCESS,data\generated_images\phase2b\flux\ar\MB004_seed42.png,,6.1
2026-08-15T10:41:14.658026,flux,ar,MB024,42,SUCCESS,data\generated_images\phase2b\flux\ar\MB024_seed42.png,,5.2
2026-08-15T10:41:19.433654,flux,ar,MB038,42,SUCCESS,data\generated_images\phase2b\flux\ar\MB038_seed42.png,,4.8
2026-08-15T10:41:23.948897,flux,ar,MB039,42,SUCCESS,data\generated_images\phase2b\flux\ar\MB039_seed42.png,,4.5
2026-08-15T10:41:28.595777,flux,ar,MB061,42,SUCCESS,data\generated_images\phase2b\flux\ar\MB061_seed42.png,,4.6
2026-08-15T10:41:32.879645,flux,ar,MB084,42,SUCCESS,data\generated_images\phase2b\flux\ar\MB084_seed42.png,,4.3
2026-08-15T10:41:37.741626,flux,ar,MB094,42,SUCCESS,data\generated_images\phase2b\flux\ar\MB094_seed42.png,,4.9
2026-08-15T10:41:42.325566,flux,ar,MB111,42,SUCCESS,data\generated_images\phase2b\flux\ar\MB111_seed42.png,,4.6
2026-08-15T10:41:46.820454,flux,ar,MB125,42,SUCCESS,data\generated_images\phase2b\flux\ar\MB125_seed42.png,,4.5
2026-08-15T10:41:51.663924,flux,ar,MB128,42,SUCCESS,data\generated_images\phase2b\flux\ar\MB128_seed42.png,,4.8
2026-08-18T08:38:48.000902,sd15,de,MB001,42,SUCCESS,data\generated_images\phase2b\sd15\de\MB001_seed42.png,,4.3
2026-08-18T08:38:50.759666,sd15,de,MB002,42,SUCCESS,data\generated_images\phase2b\sd15\de\MB002_seed42.png,,2.8
2026-08-18T08:38:53.358142,sd15,de,MB003,42,SUCCESS,data\generated_images\phase2b\sd15\de\MB003_seed42.png,,2.6
2026-08-18T08:38:55.618004,sd15,de,MB005,42,SUCCESS,data\generated_images\phase2b\sd15\de\MB005_seed42.png,,2.3
2026-08-18T08:38:57.287211,sd15,de,MB006,42,FAIL,,"NSFW content detected. Try running it again, or try a different prompt.",1.7
2026-08-18T08:39:05.556785,sd15,de,MB007,42,SUCCESS,data\generated_images\phase2b\sd15\de\MB007_seed42.png,,3.3
2026-08-18T08:39:07.964312,sd15,de,MB008,42,SUCCESS,data\generated_images\phase2b\sd15\de\MB008_seed42.png,,2.4
2026-08-18T08:39:10.569086,sd15,de,MB009,42,SUCCESS,data\generated_images\phase2b\sd15\de\MB009_seed42.png,,2.6
2026-08-18T08:39:12.890325,sd15,de,MB010,42,SUCCESS,data\generated_images\phase2b\sd15\de\MB010_seed42.png,,2.3
2026-08-18T08:39:15.132570,sd15,de,MB011,42,SUCCESS,data\generated_images\phase2b\sd15\de\MB011_seed42.png,,2.2
2026-08-18T08:39:17.380673,sd15,de,MB012,42,SUCCESS,data\generated_images\phase2b\sd15\de\MB012_seed42.png,,2.2
2026-08-18T08:39:19.910667,sd15,de,MB013,42,SUCCESS,data\generated_images\phase2b\sd15\de\MB013_seed42.png,,2.5
2026-08-18T08:39:22.164673,sd15,de,MB014,42,SUCCESS,data\generated_images\phase2b\sd15\de\MB014_seed42.png,,2.3
2026-08-18T08:39:24.437476,sd15,de,MB015,42,SUCCESS,data\generated_images\phase2b\sd15\de\MB015_seed42.png,,2.3
2026-08-18T08:39:27.292487,sd15,de,MB016,42,SUCCESS,data\generated_images\phase2b\sd15\de\MB016_seed42.png,,2.9
2026-08-18T08:39:29.866215,sd15,de,MB017,42,SUCCESS,data\generated_images\phase2b\sd15\de\MB017_seed42.png,,2.6
2026-08-18T08:39:32.126779,sd15,de,MB018,42,SUCCESS,data\generated_images\phase2b\sd15\de\MB018_seed42.png,,2.2
2026-08-18T08:39:34.740547,sd15,de,MB019,42,SUCCESS,data\generated_images\phase2b\sd15\de\MB019_seed42.png,,2.6
2026-08-18T08:39:37.369297,sd15,de,MB020,42,SUCCESS,data\generated_images\phase2b\sd15\de\MB020_seed42.png,,2.6
2026-08-18T08:39:39.595169,sd15,de,MB021,42,SUCCESS,data\generated_images\phase2b\sd15\de\MB021_seed42.png,,2.2
2026-08-18T08:39:42.162494,sd15,de,MB022,42,SUCCESS,data\generated_images\phase2b\sd15\de\MB022_seed42.png,,2.6
2026-08-18T08:39:44.526991,sd15,de,MB023,42,SUCCESS,data\generated_images\phase2b\sd15\de\MB023_seed42.png,,2.4
2026-08-18T08:39:46.847994,sd15,de,MB025,42,SUCCESS,data\generated_images\phase2b\sd15\de\MB025_seed42.png,,2.3
2026-08-18T08:39:49.439090,sd15,de,MB026,42,SUCCESS,data\generated_images\phase2b\sd15\de\MB026_seed42.png,,2.6
2026-08-18T08:39:51.745227,sd15,de,MB027,42,SUCCESS,data\generated_images\phase2b\sd15\de\MB027_seed42.png,,2.3
2026-08-18T08:39:53.984165,sd15,de,MB028,42,SUCCESS,data\generated_images\phase2b\sd15\de\MB028_seed42.png,,2.2
2026-08-18T08:39:56.257429,sd15,de,MB029,42,SUCCESS,data\generated_images\phase2b\sd15\de\MB029_seed42.png,,2.3
2026-08-18T08:39:58.524773,sd15,de,MB030,42,SUCCESS,data\generated_images\phase2b\sd15\de\MB030_seed42.png,,2.3
2026-08-18T08:40:00.825395,sd15,de,MB031,42,SUCCESS,data\generated_images\phase2b\sd15\de\MB031_seed42.png,,2.3
2026-08-18T08:40:03.093387,sd15,de,MB032,42,SUCCESS,data\generated_images\phase2b\sd15\de\MB032_seed42.png,,2.3
2026-08-18T08:40:05.334781,sd15,de,MB033,42,SUCCESS,data\generated_images\phase2b\sd15\de\MB033_seed42.png,,2.2
2026-08-18T08:40:07.609076,sd15,de,MB034,42,SUCCESS,data\generated_images\phase2b\sd15\de\MB034_seed42.png,,2.3
2026-08-18T08:40:10.042010,sd15,de,MB035,42,SUCCESS,data\generated_images\phase2b\sd15\de\MB035_seed42.png,,2.4
2026-08-18T08:40:12.591770,sd15,de,MB036,42,SUCCESS,data\generated_images\phase2b\sd15\de\MB036_seed42.png,,2.5
2026-08-18T08:40:14.911630,sd15,de,MB037,42,SUCCESS,data\generated_images\phase2b\sd15\de\MB037_seed42.png,,2.3
2026-08-18T08:40:17.169944,sd15,de,MB040,42,SUCCESS,data\generated_images\phase2b\sd15\de\MB040_seed42.png,,2.3
2026-08-18T08:40:19.411671,sd15,de,MB041,42,SUCCESS,data\generated_images\phase2b\sd15\de\MB041_seed42.png,,2.2
2026-08-18T08:40:21.626947,sd15,de,MB042,42,SUCCESS,data\generated_images\phase2b\sd15\de\MB042_seed42.png,,2.2
2026-08-18T08:40:23.944558,sd15,de,MB043,42,SUCCESS,data\generated_images\phase2b\sd15\de\MB043_seed42.png,,2.3
2026-08-18T08:40:26.226019,sd15,de,MB044,42,SUCCESS,data\generated_images\phase2b\sd15\de\MB044_seed42.png,,2.3
2026-08-18T08:40:28.458599,sd15,de,MB045,42,SUCCESS,data\generated_images\phase2b\sd15\de\MB045_seed42.png,,2.2
2026-08-18T08:40:30.708974,sd15,de,MB046,42,SUCCESS,data\generated_images\phase2b\sd15\de\MB046_seed42.png,,2.3
2026-08-18T08:40:33.097754,sd15,de,MB047,42,SUCCESS,data\generated_images\phase2b\sd15\de\MB047_seed42.png,,2.4
2026-08-18T08:40:35.357455,sd15,de,MB048,42,SUCCESS,data\generated_images\phase2b\sd15\de\MB048_seed42.png,,2.3
2026-08-18T08:40:37.653319,sd15,de,MB049,42,SUCCESS,data\generated_images\phase2b\sd15\de\MB049_seed42.png,,2.3
2026-08-18T08:40:39.940484,sd15,de,MB050,42,SUCCESS,data\generated_images\phase2b\sd15\de\MB050_seed42.png,,2.3
2026-08-18T08:40:42.215589,sd15,de,MB051,42,SUCCESS,data\generated_images\phase2b\sd15\de\MB051_seed42.png,,2.3
2026-08-18T08:40:44.467320,sd15,de,MB052,42,SUCCESS,data\generated_images\phase2b\sd15\de\MB052_seed42.png,,2.3
2026-08-18T08:40:46.740356,sd15,de,MB053,42,SUCCESS,data\generated_images\phase2b\sd15\de\MB053_seed42.png,,2.3
2026-08-18T08:40:49.061515,sd15,de,MB054,42,SUCCESS,data\generated_images\phase2b\sd15\de\MB054_seed42.png,,2.3
2026-08-18T08:40:51.391130,sd15,de,MB055,42,SUCCESS,data\generated_images\phase2b\sd15\de\MB055_seed42.png,,2.3
2026-08-18T08:40:53.645383,sd15,de,MB056,42,SUCCESS,data\generated_images\phase2b\sd15\de\MB056_seed42.png,,2.3
2026-08-18T08:40:55.897044,sd15,de,MB057,42,SUCCESS,data\generated_images\phase2b\sd15\de\MB057_seed42.png,,2.3
2026-08-18T08:40:58.454171,sd15,de,MB058,42,SUCCESS,data\generated_images\phase2b\sd15\de\MB058_seed42.png,,2.6
2026-08-18T08:41:00.706136,sd15,de,MB059,42,SUCCESS,data\generated_images\phase2b\sd15\de\MB059_seed42.png,,2.3
2026-08-18T08:41:02.995264,sd15,de,MB060,42,SUCCESS,data\generated_images\phase2b\sd15\de\MB060_seed42.png,,2.3
2026-08-18T08:41:05.330286,sd15,de,MB062,42,SUCCESS,data\generated_images\phase2b\sd15\de\MB062_seed42.png,,2.3
2026-08-18T08:41:07.571943,sd15,de,MB063,42,SUCCESS,data\generated_images\phase2b\sd15\de\MB063_seed42.png,,2.2
2026-08-18T08:41:10.342753,sd15,de,MB064,42,SUCCESS,data\generated_images\phase2b\sd15\de\MB064_seed42.png,,2.8
2026-08-18T08:41:12.653358,sd15,de,MB065,42,SUCCESS,data\generated_images\phase2b\sd15\de\MB065_seed42.png,,2.3
2026-08-18T08:41:14.925584,sd15,de,MB066,42,SUCCESS,data\generated_images\phase2b\sd15\de\MB066_seed42.png,,2.3
2026-08-18T08:41:17.190604,sd15,de,MB067,42,SUCCESS,data\generated_images\phase2b\sd15\de\MB067_seed42.png,,2.3
2026-08-18T08:41:19.437352,sd15,de,MB068,42,SUCCESS,data\generated_images\phase2b\sd15\de\MB068_seed42.png,,2.2
2026-08-18T08:41:22.049179,sd15,de,MB069,42,SUCCESS,data\generated_images\phase2b\sd15\de\MB069_seed42.png,,2.6
2026-08-18T08:41:24.496909,sd15,de,MB070,42,SUCCESS,data\generated_images\phase2b\sd15\de\MB070_seed42.png,,2.4
2026-08-18T08:41:27.301893,sd15,de,MB071,42,SUCCESS,data\generated_images\phase2b\sd15\de\MB071_seed42.png,,2.8
2026-08-18T08:41:30.740891,sd15,de,MB072,42,SUCCESS,data\generated_images\phase2b\sd15\de\MB072_seed42.png,,2.8
2026-08-18T08:41:34.252617,sd15,de,MB073,42,SUCCESS,data\generated_images\phase2b\sd15\de\MB073_seed42.png,,3.5
2026-08-18T08:41:37.077035,sd15,de,MB074,42,SUCCESS,data\generated_images\phase2b\sd15\de\MB074_seed42.png,,2.8
2026-08-18T08:41:39.503810,sd15,de,MB075,42,SUCCESS,data\generated_images\phase2b\sd15\de\MB075_seed42.png,,2.4
2026-08-18T08:41:41.963636,sd15,de,MB076,42,SUCCESS,data\generated_images\phase2b\sd15\de\MB076_seed42.png,,2.5
2026-08-18T08:41:44.671921,sd15,de,MB077,42,SUCCESS,data\generated_images\phase2b\sd15\de\MB077_seed42.png,,2.3
2026-08-18T08:41:46.960060,sd15,de,MB078,42,SUCCESS,data\generated_images\phase2b\sd15\de\MB078_seed42.png,,2.3
2026-08-18T08:41:49.282624,sd15,de,MB079,42,SUCCESS,data\generated_images\phase2b\sd15\de\MB079_seed42.png,,2.3
2026-08-18T08:41:51.917289,sd15,de,MB080,42,SUCCESS,data\generated_images\phase2b\sd15\de\MB080_seed42.png,,2.6
2026-08-18T08:41:54.596735,sd15,de,MB081,42,SUCCESS,data\generated_images\phase2b\sd15\de\MB081_seed42.png,,2.6
2026-08-18T08:41:57.216686,sd15,de,MB082,42,SUCCESS,data\generated_images\phase2b\sd15\de\MB082_seed42.png,,2.6
2026-08-18T08:41:59.606388,sd15,de,MB083,42,SUCCESS,data\generated_images\phase2b\sd15\de\MB083_seed42.png,,2.4
2026-08-18T08:42:01.982460,sd15,de,MB085,42,SUCCESS,data\generated_images\phase2b\sd15\de\MB085_seed42.png,,2.4
2026-08-18T08:42:04.316733,sd15,de,MB086,42,SUCCESS,data\generated_images\phase2b\sd15\de\MB086_seed42.png,,2.3
2026-08-18T08:42:06.576725,sd15,de,MB087,42,SUCCESS,data\generated_images\phase2b\sd15\de\MB087_seed42.png,,2.3
2026-08-18T08:42:08.901723,sd15,de,MB088,42,SUCCESS,data\generated_images\phase2b\sd15\de\MB088_seed42.png,,2.3
2026-08-18T08:42:11.822802,sd15,de,MB089,42,SUCCESS,data\generated_images\phase2b\sd15\de\MB089_seed42.png,,2.9
2026-08-18T08:42:14.917089,sd15,de,MB090,42,SUCCESS,data\generated_images\phase2b\sd15\de\MB090_seed42.png,,2.9
2026-08-18T08:42:17.671692,sd15,de,MB091,42,SUCCESS,data\generated_images\phase2b\sd15\de\MB091_seed42.png,,2.3
2026-08-18T08:42:19.991767,sd15,de,MB092,42,SUCCESS,data\generated_images\phase2b\sd15\de\MB092_seed42.png,,2.3
2026-08-18T08:42:22.236638,sd15,de,MB093,42,SUCCESS,data\generated_images\phase2b\sd15\de\MB093_seed42.png,,2.2
2026-08-18T08:42:24.524995,sd15,de,MB095,42,SUCCESS,data\generated_images\phase2b\sd15\de\MB095_seed42.png,,2.3
2026-08-18T08:42:26.782135,sd15,de,MB096,42,SUCCESS,data\generated_images\phase2b\sd15\de\MB096_seed42.png,,2.3
2026-08-18T08:42:29.047158,sd15,de,MB097,42,SUCCESS,data\generated_images\phase2b\sd15\de\MB097_seed42.png,,2.3
2026-08-18T08:42:31.312046,sd15,de,MB098,42,SUCCESS,data\generated_images\phase2b\sd15\de\MB098_seed42.png,,2.3
2026-08-18T08:42:33.551642,sd15,de,MB099,42,SUCCESS,data\generated_images\phase2b\sd15\de\MB099_seed42.png,,2.2
2026-08-18T08:42:35.936870,sd15,de,MB100,42,SUCCESS,data\generated_images\phase2b\sd15\de\MB100_seed42.png,,2.4
2026-08-18T08:42:38.248003,sd15,de,MB101,42,SUCCESS,data\generated_images\phase2b\sd15\de\MB101_seed42.png,,2.3
2026-08-18T08:42:40.690705,sd15,de,MB102,42,SUCCESS,data\generated_images\phase2b\sd15\de\MB102_seed42.png,,2.4
2026-08-18T08:42:43.014598,sd15,de,MB103,42,SUCCESS,data\generated_images\phase2b\sd15\de\MB103_seed42.png,,2.3
2026-08-18T08:42:45.265715,sd15,de,MB104,42,SUCCESS,data\generated_images\phase2b\sd15\de\MB104_seed42.png,,2.3
2026-08-18T08:42:47.501851,sd15,de,MB105,42,SUCCESS,data\generated_images\phase2b\sd15\de\MB105_seed42.png,,2.2
2026-08-18T08:42:49.811874,sd15,de,MB106,42,SUCCESS,data\generated_images\phase2b\sd15\de\MB106_seed42.png,,2.3
2026-08-18T08:42:52.111725,sd15,de,MB107,42,SUCCESS,data\generated_images\phase2b\sd15\de\MB107_seed42.png,,2.3
2026-08-18T08:42:54.466806,sd15,de,MB108,42,SUCCESS,data\generated_images\phase2b\sd15\de\MB108_seed42.png,,2.4
2026-08-18T08:42:56.782050,sd15,de,MB109,42,SUCCESS,data\generated_images\phase2b\sd15\de\MB109_seed42.png,,2.3
2026-08-18T08:42:59.216791,sd15,de,MB110,42,SUCCESS,data\generated_images\phase2b\sd15\de\MB110_seed42.png,,2.4
2026-08-18T08:43:02.106771,sd15,de,MB112,42,SUCCESS,data\generated_images\phase2b\sd15\de\MB112_seed42.png,,2.9
2026-08-18T08:43:04.431750,sd15,de,MB113,42,SUCCESS,data\generated_images\phase2b\sd15\de\MB113_seed42.png,,2.3
2026-08-18T08:43:07.011739,sd15,de,MB114,42,SUCCESS,data\generated_images\phase2b\sd15\de\MB114_seed42.png,,2.6
2026-08-18T08:43:09.286977,sd15,de,MB115,42,SUCCESS,data\generated_images\phase2b\sd15\de\MB115_seed42.png,,2.3
2026-08-18T08:43:11.681994,sd15,de,MB116,42,SUCCESS,data\generated_images\phase2b\sd15\de\MB116_seed42.png,,2.4
2026-08-18T08:43:13.936744,sd15,de,MB117,42,SUCCESS,data\generated_images\phase2b\sd15\de\MB117_seed42.png,,2.2
2026-08-18T08:43:16.232119,sd15,de,MB118,42,SUCCESS,data\generated_images\phase2b\sd15\de\MB118_seed42.png,,2.3
2026-08-18T08:43:18.806928,sd15,de,MB119,42,SUCCESS,data\generated_images\phase2b\sd15\de\MB119_seed42.png,,2.6
2026-08-18T08:43:21.081674,sd15,de,MB120,42,SUCCESS,data\generated_images\phase2b\sd15\de\MB120_seed42.png,,2.3
2026-08-18T08:43:23.276612,sd15,de,MB121,42,SUCCESS,data\generated_images\phase2b\sd15\de\MB121_seed42.png,,2.2
2026-08-18T08:43:25.596626,sd15,de,MB122,42,SUCCESS,data\generated_images\phase2b\sd15\de\MB122_seed42.png,,2.3
2026-08-18T08:43:28.186684,sd15,de,MB123,42,SUCCESS,data\generated_images\phase2b\sd15\de\MB123_seed42.png,,2.6
2026-08-18T08:43:30.447019,sd15,de,MB124,42,SUCCESS,data\generated_images\phase2b\sd15\de\MB124_seed42.png,,2.3
2026-08-18T08:43:32.736828,sd15,de,MB126,42,SUCCESS,data\generated_images\phase2b\sd15\de\MB126_seed42.png,,2.3
2026-08-18T08:43:34.966601,sd15,de,MB127,42,SUCCESS,data\generated_images\phase2b\sd15\de\MB127_seed42.png,,2.2
2026-08-18T08:43:37.541589,sd15,de,MB129,42,SUCCESS,data\generated_images\phase2b\sd15\de\MB129_seed42.png,,2.6
2026-08-18T08:43:39.776558,sd15,de,MB130,42,SUCCESS,data\generated_images\phase2b\sd15\de\MB130_seed42.png,,2.2
2026-08-18T08:43:42.076565,sd15,de,MB131,42,SUCCESS,data\generated_images\phase2b\sd15\de\MB131_seed42.png,,2.3
2026-08-18T08:43:44.292007,sd15,de,MB132,42,SUCCESS,data\generated_images\phase2b\sd15\de\MB132_seed42.png,,2.2
2026-08-18T08:43:47.136738,sd15,de,MB133,42,SUCCESS,data\generated_images\phase2b\sd15\de\MB133_seed42.png,,2.8
2026-08-18T08:43:49.431809,sd15,de,MB134,42,SUCCESS,data\generated_images\phase2b\sd15\de\MB134_seed42.png,,2.3
2026-08-18T08:43:52.026593,sd15,de,MB135,42,SUCCESS,data\generated_images\phase2b\sd15\de\MB135_seed42.png,,2.6
2026-08-18T08:43:54.316790,sd15,de,MB136,42,SUCCESS,data\generated_images\phase2b\sd15\de\MB136_seed42.png,,2.3
2026-08-18T08:43:56.966472,sd15,de,MB137,42,SUCCESS,data\generated_images\phase2b\sd15\de\MB137_seed42.png,,2.6
2026-08-18T08:43:59.221667,sd15,de,MB138,42,SUCCESS,data\generated_images\phase2b\sd15\de\MB138_seed42.png,,2.3
2026-08-18T08:44:01.456541,sd15,de,MB139,42,SUCCESS,data\generated_images\phase2b\sd15\de\MB139_seed42.png,,2.2
2026-08-18T08:44:03.707308,sd15,de,MB140,42,SUCCESS,data\generated_images\phase2b\sd15\de\MB140_seed42.png,,2.3
2026-08-18T08:44:05.966423,sd15,de,MB141,42,SUCCESS,data\generated_images\phase2b\sd15\de\MB141_seed42.png,,2.3
2026-08-18T08:44:08.506830,sd15,de,MB142,42,SUCCESS,data\generated_images\phase2b\sd15\de\MB142_seed42.png,,2.5
2026-08-18T08:44:10.776744,sd15,de,MB143,42,SUCCESS,data\generated_images\phase2b\sd15\de\MB143_seed42.png,,2.3
2026-08-18T08:44:13.016649,sd15,de,MB144,42,SUCCESS,data\generated_images\phase2b\sd15\de\MB144_seed42.png,,2.2
2026-08-18T08:44:16.046483,sd15,de,MB145,42,SUCCESS,data\generated_images\phase2b\sd15\de\MB145_seed42.png,,3.0
2026-08-18T08:44:18.276614,sd15,de,MB146,42,SUCCESS,data\generated_images\phase2b\sd15\de\MB146_seed42.png,,2.2
2026-08-18T08:44:20.836590,sd15,de,MB147,42,SUCCESS,data\generated_images\phase2b\sd15\de\MB147_seed42.png,,2.6
2026-08-18T08:44:23.091559,sd15,de,MB148,42,SUCCESS,data\generated_images\phase2b\sd15\de\MB148_seed42.png,,2.3
2026-08-18T08:44:25.506726,sd15,de,MB149,42,SUCCESS,data\generated_images\phase2b\sd15\de\MB149_seed42.png,,2.4
2026-08-18T08:44:27.781370,sd15,de,MB150,42,SUCCESS,data\generated_images\phase2b\sd15\de\MB150_seed42.png,,2.3
2026-08-18T08:44:30.391510,sd15,fr,MB001,42,SUCCESS,data\generated_images\phase2b\sd15\fr\MB001_seed42.png,,2.6
2026-08-18T08:44:32.870527,sd15,fr,MB002,42,SUCCESS,data\generated_images\phase2b\sd15\fr\MB002_seed42.png,,2.5
2026-08-18T08:44:35.446395,sd15,fr,MB003,42,SUCCESS,data\generated_images\phase2b\sd15\fr\MB003_seed42.png,,2.6
2026-08-18T08:44:38.643181,sd15,fr,MB005,42,SUCCESS,data\generated_images\phase2b\sd15\fr\MB005_seed42.png,,2.5
2026-08-18T08:44:40.867211,sd15,fr,MB006,42,SUCCESS,data\generated_images\phase2b\sd15\fr\MB006_seed42.png,,2.2
2026-08-18T08:44:43.157745,sd15,fr,MB007,42,SUCCESS,data\generated_images\phase2b\sd15\fr\MB007_seed42.png,,2.3
2026-08-18T08:44:45.402203,sd15,fr,MB008,42,SUCCESS,data\generated_images\phase2b\sd15\fr\MB008_seed42.png,,2.2
2026-08-18T08:44:47.662521,sd15,fr,MB009,42,SUCCESS,data\generated_images\phase2b\sd15\fr\MB009_seed42.png,,2.3
2026-08-18T08:44:50.244588,sd15,fr,MB010,42,SUCCESS,data\generated_images\phase2b\sd15\fr\MB010_seed42.png,,2.6
2026-08-18T08:44:52.461515,sd15,fr,MB011,42,SUCCESS,data\generated_images\phase2b\sd15\fr\MB011_seed42.png,,2.2
2026-08-18T08:44:54.796136,sd15,fr,MB012,42,SUCCESS,data\generated_images\phase2b\sd15\fr\MB012_seed42.png,,2.3
2026-08-18T08:44:57.040409,sd15,fr,MB013,42,SUCCESS,data\generated_images\phase2b\sd15\fr\MB013_seed42.png,,2.2
2026-08-18T08:44:59.276645,sd15,fr,MB014,42,SUCCESS,data\generated_images\phase2b\sd15\fr\MB014_seed42.png,,2.2
2026-08-18T08:45:01.601671,sd15,fr,MB015,42,SUCCESS,data\generated_images\phase2b\sd15\fr\MB015_seed42.png,,2.3
2026-08-18T08:45:03.867384,sd15,fr,MB016,42,SUCCESS,data\generated_images\phase2b\sd15\fr\MB016_seed42.png,,2.3
2026-08-18T08:45:11.411325,sd15,fr,MB017,42,SUCCESS,data\generated_images\phase2b\sd15\fr\MB017_seed42.png,,7.5
2026-08-18T08:45:13.721375,sd15,fr,MB018,42,SUCCESS,data\generated_images\phase2b\sd15\fr\MB018_seed42.png,,2.3
2026-08-18T08:45:16.022332,sd15,fr,MB019,42,SUCCESS,data\generated_images\phase2b\sd15\fr\MB019_seed42.png,,2.3
2026-08-18T08:45:18.641260,sd15,fr,MB020,42,SUCCESS,data\generated_images\phase2b\sd15\fr\MB020_seed42.png,,2.6
2026-08-18T08:45:20.897573,sd15,fr,MB021,42,SUCCESS,data\generated_images\phase2b\sd15\fr\MB021_seed42.png,,2.3
2026-08-18T08:45:23.526462,sd15,fr,MB022,42,SUCCESS,data\generated_images\phase2b\sd15\fr\MB022_seed42.png,,2.6
2026-08-18T08:45:25.846402,sd15,fr,MB023,42,SUCCESS,data\generated_images\phase2b\sd15\fr\MB023_seed42.png,,2.3
2026-08-18T08:45:28.136308,sd15,fr,MB025,42,SUCCESS,data\generated_images\phase2b\sd15\fr\MB025_seed42.png,,2.3
2026-08-18T08:45:30.453039,sd15,fr,MB026,42,SUCCESS,data\generated_images\phase2b\sd15\fr\MB026_seed42.png,,2.3
2026-08-18T08:45:32.766589,sd15,fr,MB027,42,SUCCESS,data\generated_images\phase2b\sd15\fr\MB027_seed42.png,,2.3
2026-08-18T08:45:35.082061,sd15,fr,MB028,42,SUCCESS,data\generated_images\phase2b\sd15\fr\MB028_seed42.png,,2.3
2026-08-18T08:45:37.355694,sd15,fr,MB029,42,SUCCESS,data\generated_images\phase2b\sd15\fr\MB029_seed42.png,,2.3
2026-08-18T08:45:39.891349,sd15,fr,MB030,42,SUCCESS,data\generated_images\phase2b\sd15\fr\MB030_seed42.png,,2.5
2026-08-18T08:45:42.157745,sd15,fr,MB031,42,SUCCESS,data\generated_images\phase2b\sd15\fr\MB031_seed42.png,,2.3
2026-08-18T08:45:44.626364,sd15,fr,MB032,42,SUCCESS,data\generated_images\phase2b\sd15\fr\MB032_seed42.png,,2.5
2026-08-18T08:45:47.013869,sd15,fr,MB033,42,SUCCESS,data\generated_images\phase2b\sd15\fr\MB033_seed42.png,,2.4
2026-08-18T08:45:49.397525,sd15,fr,MB034,42,SUCCESS,data\generated_images\phase2b\sd15\fr\MB034_seed42.png,,2.4
2026-08-18T08:45:52.205211,sd15,fr,MB035,42,SUCCESS,data\generated_images\phase2b\sd15\fr\MB035_seed42.png,,2.8
2026-08-18T08:45:54.597611,sd15,fr,MB036,42,SUCCESS,data\generated_images\phase2b\sd15\fr\MB036_seed42.png,,2.4
2026-08-18T08:45:56.926633,sd15,fr,MB037,42,SUCCESS,data\generated_images\phase2b\sd15\fr\MB037_seed42.png,,2.3
2026-08-18T08:45:59.296436,sd15,fr,MB040,42,SUCCESS,data\generated_images\phase2b\sd15\fr\MB040_seed42.png,,2.4
2026-08-18T08:46:01.606307,sd15,fr,MB041,42,SUCCESS,data\generated_images\phase2b\sd15\fr\MB041_seed42.png,,2.3
2026-08-18T08:46:03.846504,sd15,fr,MB042,42,SUCCESS,data\generated_images\phase2b\sd15\fr\MB042_seed42.png,,2.2
2026-08-18T08:46:06.091447,sd15,fr,MB043,42,SUCCESS,data\generated_images\phase2b\sd15\fr\MB043_seed42.png,,2.2
2026-08-18T08:46:08.617192,sd15,fr,MB044,42,SUCCESS,data\generated_images\phase2b\sd15\fr\MB044_seed42.png,,2.5
2026-08-18T08:46:10.946227,sd15,fr,MB045,42,SUCCESS,data\generated_images\phase2b\sd15\fr\MB045_seed42.png,,2.3
2026-08-18T08:46:13.216497,sd15,fr,MB046,42,SUCCESS,data\generated_images\phase2b\sd15\fr\MB046_seed42.png,,2.3
2026-08-18T08:46:15.416212,sd15,fr,MB047,42,SUCCESS,data\generated_images\phase2b\sd15\fr\MB047_seed42.png,,2.2
2026-08-18T08:46:17.666241,sd15,fr,MB048,42,SUCCESS,data\generated_images\phase2b\sd15\fr\MB048_seed42.png,,2.3
2026-08-18T08:46:20.221172,sd15,fr,MB049,42,SUCCESS,data\generated_images\phase2b\sd15\fr\MB049_seed42.png,,2.6
2026-08-18T08:46:22.556306,sd15,fr,MB050,42,SUCCESS,data\generated_images\phase2b\sd15\fr\MB050_seed42.png,,2.3
2026-08-18T08:46:24.806524,sd15,fr,MB051,42,SUCCESS,data\generated_images\phase2b\sd15\fr\MB051_seed42.png,,2.3
2026-08-18T08:46:27.066321,sd15,fr,MB052,42,SUCCESS,data\generated_images\phase2b\sd15\fr\MB052_seed42.png,,2.3
2026-08-18T08:46:29.331321,sd15,fr,MB053,42,SUCCESS,data\generated_images\phase2b\sd15\fr\MB053_seed42.png,,2.3
2026-08-18T08:46:31.841203,sd15,fr,MB054,42,SUCCESS,data\generated_images\phase2b\sd15\fr\MB054_seed42.png,,2.5
2026-08-18T08:46:34.121096,sd15,fr,MB055,42,SUCCESS,data\generated_images\phase2b\sd15\fr\MB055_seed42.png,,2.3
2026-08-18T08:46:36.446481,sd15,fr,MB056,42,SUCCESS,data\generated_images\phase2b\sd15\fr\MB056_seed42.png,,2.3
2026-08-18T08:46:38.716492,sd15,fr,MB057,42,SUCCESS,data\generated_images\phase2b\sd15\fr\MB057_seed42.png,,2.3
2026-08-18T08:46:40.991700,sd15,fr,MB058,42,SUCCESS,data\generated_images\phase2b\sd15\fr\MB058_seed42.png,,2.3
2026-08-18T08:46:43.556262,sd15,fr,MB059,42,SUCCESS,data\generated_images\phase2b\sd15\fr\MB059_seed42.png,,2.6
2026-08-18T08:46:45.826240,sd15,fr,MB060,42,SUCCESS,data\generated_images\phase2b\sd15\fr\MB060_seed42.png,,2.3
2026-08-18T08:46:48.346491,sd15,fr,MB062,42,SUCCESS,data\generated_images\phase2b\sd15\fr\MB062_seed42.png,,2.5
2026-08-18T08:46:50.571236,sd15,fr,MB063,42,SUCCESS,data\generated_images\phase2b\sd15\fr\MB063_seed42.png,,2.2
2026-08-18T08:46:52.851527,sd15,fr,MB064,42,SUCCESS,data\generated_images\phase2b\sd15\fr\MB064_seed42.png,,2.3
2026-08-18T08:46:55.126453,sd15,fr,MB065,42,SUCCESS,data\generated_images\phase2b\sd15\fr\MB065_seed42.png,,2.3
2026-08-18T08:46:57.816337,sd15,fr,MB066,42,SUCCESS,data\generated_images\phase2b\sd15\fr\MB066_seed42.png,,2.7
2026-08-18T08:47:00.086136,sd15,fr,MB067,42,SUCCESS,data\generated_images\phase2b\sd15\fr\MB067_seed42.png,,2.3
2026-08-18T08:47:02.331436,sd15,fr,MB068,42,SUCCESS,data\generated_images\phase2b\sd15\fr\MB068_seed42.png,,2.2
2026-08-18T08:47:04.581401,sd15,fr,MB069,42,SUCCESS,data\generated_images\phase2b\sd15\fr\MB069_seed42.png,,2.2
2026-08-18T08:47:07.186503,sd15,fr,MB070,42,SUCCESS,data\generated_images\phase2b\sd15\fr\MB070_seed42.png,,2.6
2026-08-18T08:47:09.436104,sd15,fr,MB071,42,SUCCESS,data\generated_images\phase2b\sd15\fr\MB071_seed42.png,,2.2
2026-08-18T08:47:11.686285,sd15,fr,MB072,42,SUCCESS,data\generated_images\phase2b\sd15\fr\MB072_seed42.png,,2.3
2026-08-18T08:47:13.916131,sd15,fr,MB073,42,SUCCESS,data\generated_images\phase2b\sd15\fr\MB073_seed42.png,,2.2
2026-08-18T08:47:16.261180,sd15,fr,MB074,42,SUCCESS,data\generated_images\phase2b\sd15\fr\MB074_seed42.png,,2.3
2026-08-18T08:47:18.546253,sd15,fr,MB075,42,SUCCESS,data\generated_images\phase2b\sd15\fr\MB075_seed42.png,,2.3
2026-08-18T08:47:20.806419,sd15,fr,MB076,42,SUCCESS,data\generated_images\phase2b\sd15\fr\MB076_seed42.png,,2.3
2026-08-18T08:47:23.339214,sd15,fr,MB077,42,SUCCESS,data\generated_images\phase2b\sd15\fr\MB077_seed42.png,,2.5
2026-08-18T08:47:25.642418,sd15,fr,MB078,42,SUCCESS,data\generated_images\phase2b\sd15\fr\MB078_seed42.png,,2.3
2026-08-18T08:47:27.896273,sd15,fr,MB079,42,SUCCESS,data\generated_images\phase2b\sd15\fr\MB079_seed42.png,,2.2
2026-08-18T08:47:30.141310,sd15,fr,MB080,42,SUCCESS,data\generated_images\phase2b\sd15\fr\MB080_seed42.png,,2.2
2026-08-18T08:47:32.396391,sd15,fr,MB081,42,SUCCESS,data\generated_images\phase2b\sd15\fr\MB081_seed42.png,,2.3
2026-08-18T08:47:34.746027,sd15,fr,MB082,42,SUCCESS,data\generated_images\phase2b\sd15\fr\MB082_seed42.png,,2.3
2026-08-18T08:47:37.006370,sd15,fr,MB083,42,SUCCESS,data\generated_images\phase2b\sd15\fr\MB083_seed42.png,,2.3
2026-08-18T08:47:39.285999,sd15,fr,MB085,42,SUCCESS,data\generated_images\phase2b\sd15\fr\MB085_seed42.png,,2.3
2026-08-18T08:47:41.596004,sd15,fr,MB086,42,SUCCESS,data\generated_images\phase2b\sd15\fr\MB086_seed42.png,,2.3
2026-08-18T08:47:43.936218,sd15,fr,MB087,42,SUCCESS,data\generated_images\phase2b\sd15\fr\MB087_seed42.png,,2.3
2026-08-18T08:47:46.246301,sd15,fr,MB088,42,SUCCESS,data\generated_images\phase2b\sd15\fr\MB088_seed42.png,,2.3
2026-08-18T08:47:48.501253,sd15,fr,MB089,42,SUCCESS,data\generated_images\phase2b\sd15\fr\MB089_seed42.png,,2.3
2026-08-18T08:47:50.800952,sd15,fr,MB090,42,SUCCESS,data\generated_images\phase2b\sd15\fr\MB090_seed42.png,,2.3
2026-08-18T08:47:53.386113,sd15,fr,MB091,42,SUCCESS,data\generated_images\phase2b\sd15\fr\MB091_seed42.png,,2.6
2026-08-18T08:47:55.646253,sd15,fr,MB092,42,SUCCESS,data\generated_images\phase2b\sd15\fr\MB092_seed42.png,,2.3
2026-08-18T08:47:58.066139,sd15,fr,MB093,42,SUCCESS,data\generated_images\phase2b\sd15\fr\MB093_seed42.png,,2.4
2026-08-18T08:48:00.356299,sd15,fr,MB095,42,SUCCESS,data\generated_images\phase2b\sd15\fr\MB095_seed42.png,,2.3
2026-08-18T08:48:02.856444,sd15,fr,MB096,42,SUCCESS,data\generated_images\phase2b\sd15\fr\MB096_seed42.png,,2.5
2026-08-18T08:48:05.121046,sd15,fr,MB097,42,SUCCESS,data\generated_images\phase2b\sd15\fr\MB097_seed42.png,,2.3
2026-08-18T08:48:07.356364,sd15,fr,MB098,42,SUCCESS,data\generated_images\phase2b\sd15\fr\MB098_seed42.png,,2.2
2026-08-18T08:48:09.651187,sd15,fr,MB099,42,SUCCESS,data\generated_images\phase2b\sd15\fr\MB099_seed42.png,,2.3
2026-08-18T08:48:11.906418,sd15,fr,MB100,42,SUCCESS,data\generated_images\phase2b\sd15\fr\MB100_seed42.png,,2.3
2026-08-18T08:48:14.126349,sd15,fr,MB101,42,SUCCESS,data\generated_images\phase2b\sd15\fr\MB101_seed42.png,,2.2
2026-08-18T08:48:16.350980,sd15,fr,MB102,42,SUCCESS,data\generated_images\phase2b\sd15\fr\MB102_seed42.png,,2.2
2026-08-18T08:48:18.576255,sd15,fr,MB103,42,SUCCESS,data\generated_images\phase2b\sd15\fr\MB103_seed42.png,,2.2
2026-08-18T08:48:20.791282,sd15,fr,MB104,42,SUCCESS,data\generated_images\phase2b\sd15\fr\MB104_seed42.png,,2.2
2026-08-18T08:48:23.001789,sd15,fr,MB105,42,SUCCESS,data\generated_images\phase2b\sd15\fr\MB105_seed42.png,,2.2
2026-08-18T08:48:25.230939,sd15,fr,MB106,42,SUCCESS,data\generated_images\phase2b\sd15\fr\MB106_seed42.png,,2.2
2026-08-18T08:48:27.496111,sd15,fr,MB107,42,SUCCESS,data\generated_images\phase2b\sd15\fr\MB107_seed42.png,,2.3
2026-08-18T08:48:29.806080,sd15,fr,MB108,42,SUCCESS,data\generated_images\phase2b\sd15\fr\MB108_seed42.png,,2.3
2026-08-18T08:48:32.055911,sd15,fr,MB109,42,SUCCESS,data\generated_images\phase2b\sd15\fr\MB109_seed42.png,,2.2
2026-08-18T08:48:34.310875,sd15,fr,MB110,42,SUCCESS,data\generated_images\phase2b\sd15\fr\MB110_seed42.png,,2.3
2026-08-18T08:48:36.836288,sd15,fr,MB112,42,SUCCESS,data\generated_images\phase2b\sd15\fr\MB112_seed42.png,,2.5
2026-08-18T08:48:39.056052,sd15,fr,MB113,42,SUCCESS,data\generated_images\phase2b\sd15\fr\MB113_seed42.png,,2.2
2026-08-18T08:48:41.306340,sd15,fr,MB114,42,SUCCESS,data\generated_images\phase2b\sd15\fr\MB114_seed42.png,,2.3
2026-08-18T08:48:44.360850,sd15,fr,MB115,42,SUCCESS,data\generated_images\phase2b\sd15\fr\MB115_seed42.png,,3.1
2026-08-18T08:48:46.620853,sd15,fr,MB116,42,SUCCESS,data\generated_images\phase2b\sd15\fr\MB116_seed42.png,,2.3
2026-08-18T08:48:49.165907,sd15,fr,MB117,42,SUCCESS,data\generated_images\phase2b\sd15\fr\MB117_seed42.png,,2.5
2026-08-18T08:48:51.416087,sd15,fr,MB118,42,SUCCESS,data\generated_images\phase2b\sd15\fr\MB118_seed42.png,,2.3
2026-08-18T08:48:53.651114,sd15,fr,MB119,42,SUCCESS,data\generated_images\phase2b\sd15\fr\MB119_seed42.png,,2.2
2026-08-18T08:48:55.905853,sd15,fr,MB120,42,SUCCESS,data\generated_images\phase2b\sd15\fr\MB120_seed42.png,,2.3
2026-08-18T08:48:58.131180,sd15,fr,MB121,42,SUCCESS,data\generated_images\phase2b\sd15\fr\MB121_seed42.png,,2.2
2026-08-18T08:49:00.381089,sd15,fr,MB122,42,SUCCESS,data\generated_images\phase2b\sd15\fr\MB122_seed42.png,,2.2
2026-08-18T08:49:02.616020,sd15,fr,MB123,42,SUCCESS,data\generated_images\phase2b\sd15\fr\MB123_seed42.png,,2.2
2026-08-18T08:49:04.865857,sd15,fr,MB124,42,SUCCESS,data\generated_images\phase2b\sd15\fr\MB124_seed42.png,,2.2
2026-08-18T08:49:07.126225,sd15,fr,MB126,42,SUCCESS,data\generated_images\phase2b\sd15\fr\MB126_seed42.png,,2.3
2026-08-18T08:49:09.366180,sd15,fr,MB127,42,SUCCESS,data\generated_images\phase2b\sd15\fr\MB127_seed42.png,,2.2
2026-08-18T08:49:12.065887,sd15,fr,MB129,42,SUCCESS,data\generated_images\phase2b\sd15\fr\MB129_seed42.png,,2.7
2026-08-18T08:49:14.316487,sd15,fr,MB130,42,SUCCESS,data\generated_images\phase2b\sd15\fr\MB130_seed42.png,,2.3
2026-08-18T08:49:16.586108,sd15,fr,MB131,42,SUCCESS,data\generated_images\phase2b\sd15\fr\MB131_seed42.png,,2.3
2026-08-18T08:49:18.860763,sd15,fr,MB132,42,SUCCESS,data\generated_images\phase2b\sd15\fr\MB132_seed42.png,,2.3
2026-08-18T08:49:21.120820,sd15,fr,MB133,42,SUCCESS,data\generated_images\phase2b\sd15\fr\MB133_seed42.png,,2.3
2026-08-18T08:49:23.390786,sd15,fr,MB134,42,SUCCESS,data\generated_images\phase2b\sd15\fr\MB134_seed42.png,,2.3
2026-08-18T08:49:25.706042,sd15,fr,MB135,42,SUCCESS,data\generated_images\phase2b\sd15\fr\MB135_seed42.png,,2.3
2026-08-18T08:49:28.246117,sd15,fr,MB136,42,SUCCESS,data\generated_images\phase2b\sd15\fr\MB136_seed42.png,,2.5
2026-08-18T08:49:30.510962,sd15,fr,MB137,42,SUCCESS,data\generated_images\phase2b\sd15\fr\MB137_seed42.png,,2.3
2026-08-18T08:49:33.056071,sd15,fr,MB138,42,SUCCESS,data\generated_images\phase2b\sd15\fr\MB138_seed42.png,,2.5
2026-08-18T08:49:35.916200,sd15,fr,MB139,42,SUCCESS,data\generated_images\phase2b\sd15\fr\MB139_seed42.png,,2.9
2026-08-18T08:49:38.166201,sd15,fr,MB140,42,SUCCESS,data\generated_images\phase2b\sd15\fr\MB140_seed42.png,,2.3
2026-08-18T08:49:40.566086,sd15,fr,MB141,42,SUCCESS,data\generated_images\phase2b\sd15\fr\MB141_seed42.png,,2.4
2026-08-18T08:49:42.926197,sd15,fr,MB142,42,SUCCESS,data\generated_images\phase2b\sd15\fr\MB142_seed42.png,,2.4
2026-08-18T08:49:45.195983,sd15,fr,MB143,42,SUCCESS,data\generated_images\phase2b\sd15\fr\MB143_seed42.png,,2.3
2026-08-18T08:49:47.466118,sd15,fr,MB144,42,SUCCESS,data\generated_images\phase2b\sd15\fr\MB144_seed42.png,,2.3
2026-08-18T08:49:50.000739,sd15,fr,MB145,42,SUCCESS,data\generated_images\phase2b\sd15\fr\MB145_seed42.png,,2.5
2026-08-18T08:49:52.286129,sd15,fr,MB146,42,SUCCESS,data\generated_images\phase2b\sd15\fr\MB146_seed42.png,,2.3
2026-08-18T08:49:54.595856,sd15,fr,MB147,42,SUCCESS,data\generated_images\phase2b\sd15\fr\MB147_seed42.png,,2.3
2026-08-18T08:49:56.985922,sd15,fr,MB148,42,SUCCESS,data\generated_images\phase2b\sd15\fr\MB148_seed42.png,,2.4
2026-08-18T08:49:59.366042,sd15,fr,MB149,42,SUCCESS,data\generated_images\phase2b\sd15\fr\MB149_seed42.png,,2.4
2026-08-18T08:50:01.885711,sd15,fr,MB150,42,SUCCESS,data\generated_images\phase2b\sd15\fr\MB150_seed42.png,,2.5
2026-08-18T08:50:04.121955,sd15,es,MB001,42,SUCCESS,data\generated_images\phase2b\sd15\es\MB001_seed42.png,,2.2
2026-08-18T08:50:06.626154,sd15,es,MB002,42,SUCCESS,data\generated_images\phase2b\sd15\es\MB002_seed42.png,,2.5
2026-08-18T08:50:08.835997,sd15,es,MB003,42,SUCCESS,data\generated_images\phase2b\sd15\es\MB003_seed42.png,,2.2
2026-08-18T08:50:11.030941,sd15,es,MB005,42,SUCCESS,data\generated_images\phase2b\sd15\es\MB005_seed42.png,,2.2
2026-08-18T08:50:13.674570,sd15,es,MB006,42,SUCCESS,data\generated_images\phase2b\sd15\es\MB006_seed42.png,,2.6
2026-08-18T08:50:16.165768,sd15,es,MB007,42,SUCCESS,data\generated_images\phase2b\sd15\es\MB007_seed42.png,,2.5
2026-08-18T08:50:18.480819,sd15,es,MB008,42,SUCCESS,data\generated_images\phase2b\sd15\es\MB008_seed42.png,,2.3
2026-08-18T08:50:20.797658,sd15,es,MB009,42,SUCCESS,data\generated_images\phase2b\sd15\es\MB009_seed42.png,,2.3
2026-08-18T08:50:23.035904,sd15,es,MB010,42,SUCCESS,data\generated_images\phase2b\sd15\es\MB010_seed42.png,,2.2
2026-08-18T08:50:25.310110,sd15,es,MB011,42,SUCCESS,data\generated_images\phase2b\sd15\es\MB011_seed42.png,,2.3
2026-08-18T08:50:27.585745,sd15,es,MB012,42,SUCCESS,data\generated_images\phase2b\sd15\es\MB012_seed42.png,,2.3
2026-08-18T08:50:30.135988,sd15,es,MB013,42,SUCCESS,data\generated_images\phase2b\sd15\es\MB013_seed42.png,,2.6
2026-08-18T08:50:32.381922,sd15,es,MB014,42,SUCCESS,data\generated_images\phase2b\sd15\es\MB014_seed42.png,,2.2
2026-08-18T08:50:34.685862,sd15,es,MB015,42,SUCCESS,data\generated_images\phase2b\sd15\es\MB015_seed42.png,,2.3
2026-08-18T08:50:40.416020,sd15,es,MB016,42,SUCCESS,data\generated_images\phase2b\sd15\es\MB016_seed42.png,,5.7
2026-08-18T08:50:42.744342,sd15,es,MB017,42,SUCCESS,data\generated_images\phase2b\sd15\es\MB017_seed42.png,,2.3
2026-08-18T08:50:45.065694,sd15,es,MB018,42,SUCCESS,data\generated_images\phase2b\sd15\es\MB018_seed42.png,,2.3
2026-08-18T08:50:47.395938,sd15,es,MB019,42,SUCCESS,data\generated_images\phase2b\sd15\es\MB019_seed42.png,,2.3
2026-08-18T08:50:49.745786,sd15,es,MB020,42,SUCCESS,data\generated_images\phase2b\sd15\es\MB020_seed42.png,,2.3
2026-08-18T08:50:53.515813,sd15,es,MB021,42,SUCCESS,data\generated_images\phase2b\sd15\es\MB021_seed42.png,,3.8
2026-08-18T08:50:56.361152,sd15,es,MB022,42,SUCCESS,data\generated_images\phase2b\sd15\es\MB022_seed42.png,,2.8
2026-08-18T08:50:58.795626,sd15,es,MB023,42,SUCCESS,data\generated_images\phase2b\sd15\es\MB023_seed42.png,,2.4
2026-08-18T08:51:01.710705,sd15,es,MB025,42,SUCCESS,data\generated_images\phase2b\sd15\es\MB025_seed42.png,,2.9
2026-08-18T08:51:04.140626,sd15,es,MB026,42,SUCCESS,data\generated_images\phase2b\sd15\es\MB026_seed42.png,,2.4
2026-08-18T08:51:06.945815,sd15,es,MB027,42,SUCCESS,data\generated_images\phase2b\sd15\es\MB027_seed42.png,,2.8
2026-08-18T08:51:10.683274,sd15,es,MB028,42,SUCCESS,data\generated_images\phase2b\sd15\es\MB028_seed42.png,,3.7
2026-08-18T08:51:13.722284,sd15,es,MB029,42,SUCCESS,data\generated_images\phase2b\sd15\es\MB029_seed42.png,,3.0
2026-08-18T08:51:16.059151,sd15,es,MB030,42,SUCCESS,data\generated_images\phase2b\sd15\es\MB030_seed42.png,,2.3
2026-08-18T08:51:18.380562,sd15,es,MB031,42,SUCCESS,data\generated_images\phase2b\sd15\es\MB031_seed42.png,,2.3
2026-08-18T08:51:20.754855,sd15,es,MB032,42,SUCCESS,data\generated_images\phase2b\sd15\es\MB032_seed42.png,,2.4
2026-08-18T08:51:23.291913,sd15,es,MB033,42,SUCCESS,data\generated_images\phase2b\sd15\es\MB033_seed42.png,,2.5
2026-08-18T08:51:26.299965,sd15,es,MB034,42,SUCCESS,data\generated_images\phase2b\sd15\es\MB034_seed42.png,,3.0
2026-08-18T08:51:28.775855,sd15,es,MB035,42,SUCCESS,data\generated_images\phase2b\sd15\es\MB035_seed42.png,,2.5
2026-08-18T08:51:31.383757,sd15,es,MB036,42,SUCCESS,data\generated_images\phase2b\sd15\es\MB036_seed42.png,,2.6
2026-08-18T08:51:33.759097,sd15,es,MB037,42,SUCCESS,data\generated_images\phase2b\sd15\es\MB037_seed42.png,,2.4
2026-08-18T08:51:36.349361,sd15,es,MB040,42,SUCCESS,data\generated_images\phase2b\sd15\es\MB040_seed42.png,,2.6
2026-08-18T08:51:38.686262,sd15,es,MB041,42,SUCCESS,data\generated_images\phase2b\sd15\es\MB041_seed42.png,,2.3
2026-08-18T08:51:41.323955,sd15,es,MB042,42,SUCCESS,data\generated_images\phase2b\sd15\es\MB042_seed42.png,,2.6
2026-08-18T08:51:43.667659,sd15,es,MB043,42,SUCCESS,data\generated_images\phase2b\sd15\es\MB043_seed42.png,,2.3
2026-08-18T08:51:45.989279,sd15,es,MB044,42,SUCCESS,data\generated_images\phase2b\sd15\es\MB044_seed42.png,,2.3
2026-08-18T08:51:48.293866,sd15,es,MB045,42,SUCCESS,data\generated_images\phase2b\sd15\es\MB045_seed42.png,,2.3
2026-08-18T08:51:50.604819,sd15,es,MB046,42,SUCCESS,data\generated_images\phase2b\sd15\es\MB046_seed42.png,,2.3
2026-08-18T08:51:53.236791,sd15,es,MB047,42,SUCCESS,data\generated_images\phase2b\sd15\es\MB047_seed42.png,,2.6
2026-08-18T08:51:55.488831,sd15,es,MB048,42,SUCCESS,data\generated_images\phase2b\sd15\es\MB048_seed42.png,,2.3
2026-08-18T08:51:57.737129,sd15,es,MB049,42,SUCCESS,data\generated_images\phase2b\sd15\es\MB049_seed42.png,,2.2
2026-08-18T08:52:00.042939,sd15,es,MB050,42,SUCCESS,data\generated_images\phase2b\sd15\es\MB050_seed42.png,,2.3
2026-08-18T08:52:02.412339,sd15,es,MB051,42,SUCCESS,data\generated_images\phase2b\sd15\es\MB051_seed42.png,,2.4
2026-08-18T08:52:05.140654,sd15,es,MB052,42,SUCCESS,data\generated_images\phase2b\sd15\es\MB052_seed42.png,,2.7
2026-08-18T08:52:07.461381,sd15,es,MB053,42,SUCCESS,data\generated_images\phase2b\sd15\es\MB053_seed42.png,,2.3
2026-08-18T08:52:09.783211,sd15,es,MB054,42,SUCCESS,data\generated_images\phase2b\sd15\es\MB054_seed42.png,,2.3
2026-08-18T08:52:12.983878,sd15,es,MB055,42,SUCCESS,data\generated_images\phase2b\sd15\es\MB055_seed42.png,,3.2
2026-08-18T08:52:16.066132,sd15,es,MB056,42,SUCCESS,data\generated_images\phase2b\sd15\es\MB056_seed42.png,,2.8
2026-08-18T08:52:18.873951,sd15,es,MB057,42,SUCCESS,data\generated_images\phase2b\sd15\es\MB057_seed42.png,,2.8
2026-08-18T08:52:21.187476,sd15,es,MB058,42,SUCCESS,data\generated_images\phase2b\sd15\es\MB058_seed42.png,,2.3
2026-08-18T08:52:23.540890,sd15,es,MB059,42,SUCCESS,data\generated_images\phase2b\sd15\es\MB059_seed42.png,,2.4
2026-08-18T08:52:26.587581,sd15,es,MB060,42,SUCCESS,data\generated_images\phase2b\sd15\es\MB060_seed42.png,,3.0
2026-08-18T08:52:28.931237,sd15,es,MB062,42,SUCCESS,data\generated_images\phase2b\sd15\es\MB062_seed42.png,,2.3
2026-08-18T08:52:31.424250,sd15,es,MB063,42,SUCCESS,data\generated_images\phase2b\sd15\es\MB063_seed42.png,,2.5
2026-08-18T08:52:33.688713,sd15,es,MB064,42,SUCCESS,data\generated_images\phase2b\sd15\es\MB064_seed42.png,,2.3
2026-08-18T08:52:35.931477,sd15,es,MB065,42,SUCCESS,data\generated_images\phase2b\sd15\es\MB065_seed42.png,,2.2
2026-08-18T08:52:38.184333,sd15,es,MB066,42,SUCCESS,data\generated_images\phase2b\sd15\es\MB066_seed42.png,,2.3
2026-08-18T08:52:40.443619,sd15,es,MB067,42,SUCCESS,data\generated_images\phase2b\sd15\es\MB067_seed42.png,,2.3
2026-08-18T08:52:42.812050,sd15,es,MB068,42,SUCCESS,data\generated_images\phase2b\sd15\es\MB068_seed42.png,,2.4
2026-08-18T08:52:45.857155,sd15,es,MB069,42,SUCCESS,data\generated_images\phase2b\sd15\es\MB069_seed42.png,,3.0
2026-08-18T08:52:48.409773,sd15,es,MB070,42,SUCCESS,data\generated_images\phase2b\sd15\es\MB070_seed42.png,,2.6
2026-08-18T08:52:51.977461,sd15,es,MB071,42,SUCCESS,data\generated_images\phase2b\sd15\es\MB071_seed42.png,,3.6
2026-08-18T08:52:57.453087,sd15,es,MB072,42,SUCCESS,data\generated_images\phase2b\sd15\es\MB072_seed42.png,,5.5
2026-08-18T08:53:00.514065,sd15,es,MB073,42,SUCCESS,data\generated_images\phase2b\sd15\es\MB073_seed42.png,,3.1
2026-08-18T08:53:03.274275,sd15,es,MB074,42,SUCCESS,data\generated_images\phase2b\sd15\es\MB074_seed42.png,,2.8
2026-08-18T08:53:05.811613,sd15,es,MB075,42,SUCCESS,data\generated_images\phase2b\sd15\es\MB075_seed42.png,,2.5
2026-08-18T08:53:08.202058,sd15,es,MB076,42,SUCCESS,data\generated_images\phase2b\sd15\es\MB076_seed42.png,,2.4
2026-08-18T08:53:09.838996,sd15,es,MB077,42,FAIL,,"NSFW content detected. Try running it again, or try a different prompt.",1.6
2026-08-18T08:53:17.413052,sd15,es,MB078,42,SUCCESS,data\generated_images\phase2b\sd15\es\MB078_seed42.png,,2.6
2026-08-18T08:53:19.733579,sd15,es,MB079,42,SUCCESS,data\generated_images\phase2b\sd15\es\MB079_seed42.png,,2.3
2026-08-18T08:53:22.054484,sd15,es,MB080,42,SUCCESS,data\generated_images\phase2b\sd15\es\MB080_seed42.png,,2.3
2026-08-18T08:53:24.282084,sd15,es,MB081,42,SUCCESS,data\generated_images\phase2b\sd15\es\MB081_seed42.png,,2.2
2026-08-18T08:53:26.588199,sd15,es,MB082,42,SUCCESS,data\generated_images\phase2b\sd15\es\MB082_seed42.png,,2.3
2026-08-18T08:53:29.152000,sd15,es,MB083,42,SUCCESS,data\generated_images\phase2b\sd15\es\MB083_seed42.png,,2.6
2026-08-18T08:53:31.497694,sd15,es,MB085,42,SUCCESS,data\generated_images\phase2b\sd15\es\MB085_seed42.png,,2.3
2026-08-18T08:53:33.788804,sd15,es,MB086,42,SUCCESS,data\generated_images\phase2b\sd15\es\MB086_seed42.png,,2.3
2026-08-18T08:53:36.192216,sd15,es,MB087,42,SUCCESS,data\generated_images\phase2b\sd15\es\MB087_seed42.png,,2.4
2026-08-18T08:53:38.490339,sd15,es,MB088,42,SUCCESS,data\generated_images\phase2b\sd15\es\MB088_seed42.png,,2.3
2026-08-18T08:53:40.786022,sd15,es,MB089,42,SUCCESS,data\generated_images\phase2b\sd15\es\MB089_seed42.png,,2.3
2026-08-18T08:53:43.018683,sd15,es,MB090,42,SUCCESS,data\generated_images\phase2b\sd15\es\MB090_seed42.png,,2.2
2026-08-18T08:53:45.557142,sd15,es,MB091,42,SUCCESS,data\generated_images\phase2b\sd15\es\MB091_seed42.png,,2.5
2026-08-18T08:53:47.851461,sd15,es,MB092,42,SUCCESS,data\generated_images\phase2b\sd15\es\MB092_seed42.png,,2.3
2026-08-18T08:53:50.133004,sd15,es,MB093,42,SUCCESS,data\generated_images\phase2b\sd15\es\MB093_seed42.png,,2.3
2026-08-18T08:53:52.403549,sd15,es,MB095,42,SUCCESS,data\generated_images\phase2b\sd15\es\MB095_seed42.png,,2.3
2026-08-18T08:53:54.676893,sd15,es,MB096,42,SUCCESS,data\generated_images\phase2b\sd15\es\MB096_seed42.png,,2.3
2026-08-18T08:53:57.028315,sd15,es,MB097,42,SUCCESS,data\generated_images\phase2b\sd15\es\MB097_seed42.png,,2.4
2026-08-18T08:53:59.349431,sd15,es,MB098,42,SUCCESS,data\generated_images\phase2b\sd15\es\MB098_seed42.png,,2.3
2026-08-18T08:54:01.637449,sd15,es,MB099,42,SUCCESS,data\generated_images\phase2b\sd15\es\MB099_seed42.png,,2.3
2026-08-18T08:54:03.958274,sd15,es,MB100,42,SUCCESS,data\generated_images\phase2b\sd15\es\MB100_seed42.png,,2.3
2026-08-18T08:54:06.231235,sd15,es,MB101,42,SUCCESS,data\generated_images\phase2b\sd15\es\MB101_seed42.png,,2.3
2026-08-18T08:54:08.790050,sd15,es,MB102,42,SUCCESS,data\generated_images\phase2b\sd15\es\MB102_seed42.png,,2.6
2026-08-18T08:54:11.873538,sd15,es,MB103,42,SUCCESS,data\generated_images\phase2b\sd15\es\MB103_seed42.png,,3.1
2026-08-18T08:54:14.626792,sd15,es,MB104,42,SUCCESS,data\generated_images\phase2b\sd15\es\MB104_seed42.png,,2.8
2026-08-18T08:54:17.019413,sd15,es,MB105,42,SUCCESS,data\generated_images\phase2b\sd15\es\MB105_seed42.png,,2.4
2026-08-18T08:54:19.483436,sd15,es,MB106,42,SUCCESS,data\generated_images\phase2b\sd15\es\MB106_seed42.png,,2.5
2026-08-18T08:54:21.834787,sd15,es,MB107,42,SUCCESS,data\generated_images\phase2b\sd15\es\MB107_seed42.png,,2.4
2026-08-18T08:54:24.155077,sd15,es,MB108,42,SUCCESS,data\generated_images\phase2b\sd15\es\MB108_seed42.png,,2.3
2026-08-18T08:54:26.444855,sd15,es,MB109,42,SUCCESS,data\generated_images\phase2b\sd15\es\MB109_seed42.png,,2.3
2026-08-18T08:54:28.771813,sd15,es,MB110,42,SUCCESS,data\generated_images\phase2b\sd15\es\MB110_seed42.png,,2.3
2026-08-18T08:54:31.028911,sd15,es,MB112,42,SUCCESS,data\generated_images\phase2b\sd15\es\MB112_seed42.png,,2.3
2026-08-18T08:54:33.302355,sd15,es,MB113,42,SUCCESS,data\generated_images\phase2b\sd15\es\MB113_seed42.png,,2.3
2026-08-18T08:54:35.876988,sd15,es,MB114,42,SUCCESS,data\generated_images\phase2b\sd15\es\MB114_seed42.png,,2.6
2026-08-18T08:54:38.181863,sd15,es,MB115,42,SUCCESS,data\generated_images\phase2b\sd15\es\MB115_seed42.png,,2.3
2026-08-18T08:54:40.464145,sd15,es,MB116,42,SUCCESS,data\generated_images\phase2b\sd15\es\MB116_seed42.png,,2.3
2026-08-18T08:54:42.791434,sd15,es,MB117,42,SUCCESS,data\generated_images\phase2b\sd15\es\MB117_seed42.png,,2.3
2026-08-18T08:54:45.181544,sd15,es,MB118,42,SUCCESS,data\generated_images\phase2b\sd15\es\MB118_seed42.png,,2.4
2026-08-18T08:54:47.800182,sd15,es,MB119,42,SUCCESS,data\generated_images\phase2b\sd15\es\MB119_seed42.png,,2.6
2026-08-18T08:54:50.150006,sd15,es,MB120,42,SUCCESS,data\generated_images\phase2b\sd15\es\MB120_seed42.png,,2.3
2026-08-18T08:54:52.439339,sd15,es,MB121,42,SUCCESS,data\generated_images\phase2b\sd15\es\MB121_seed42.png,,2.3
2026-08-18T08:54:54.684186,sd15,es,MB122,42,SUCCESS,data\generated_images\phase2b\sd15\es\MB122_seed42.png,,2.2
2026-08-18T08:54:56.932438,sd15,es,MB123,42,SUCCESS,data\generated_images\phase2b\sd15\es\MB123_seed42.png,,2.2
2026-08-18T08:54:59.497751,sd15,es,MB124,42,SUCCESS,data\generated_images\phase2b\sd15\es\MB124_seed42.png,,2.6
2026-08-18T08:55:01.742432,sd15,es,MB126,42,SUCCESS,data\generated_images\phase2b\sd15\es\MB126_seed42.png,,2.2
2026-08-18T08:55:03.997662,sd15,es,MB127,42,SUCCESS,data\generated_images\phase2b\sd15\es\MB127_seed42.png,,2.3
2026-08-18T08:55:06.266545,sd15,es,MB129,42,SUCCESS,data\generated_images\phase2b\sd15\es\MB129_seed42.png,,2.3
2026-08-18T08:55:08.624614,sd15,es,MB130,42,SUCCESS,data\generated_images\phase2b\sd15\es\MB130_seed42.png,,2.4
2026-08-18T08:55:11.195905,sd15,es,MB131,42,SUCCESS,data\generated_images\phase2b\sd15\es\MB131_seed42.png,,2.6
2026-08-18T08:55:14.314566,sd15,es,MB132,42,SUCCESS,data\generated_images\phase2b\sd15\es\MB132_seed42.png,,3.1
2026-08-18T08:55:16.705291,sd15,es,MB133,42,SUCCESS,data\generated_images\phase2b\sd15\es\MB133_seed42.png,,2.4
2026-08-18T08:55:19.568352,sd15,es,MB134,42,SUCCESS,data\generated_images\phase2b\sd15\es\MB134_seed42.png,,2.9
2026-08-18T08:55:21.992362,sd15,es,MB135,42,SUCCESS,data\generated_images\phase2b\sd15\es\MB135_seed42.png,,2.4
2026-08-18T08:55:25.949351,sd15,es,MB136,42,SUCCESS,data\generated_images\phase2b\sd15\es\MB136_seed42.png,,4.0
2026-08-18T08:55:29.494604,sd15,es,MB137,42,SUCCESS,data\generated_images\phase2b\sd15\es\MB137_seed42.png,,3.5
2026-08-18T08:55:33.149156,sd15,es,MB138,42,SUCCESS,data\generated_images\phase2b\sd15\es\MB138_seed42.png,,3.7
2026-08-18T08:55:36.973933,sd15,es,MB139,42,SUCCESS,data\generated_images\phase2b\sd15\es\MB139_seed42.png,,3.8
2026-08-18T08:55:40.371774,sd15,es,MB140,42,SUCCESS,data\generated_images\phase2b\sd15\es\MB140_seed42.png,,3.4
2026-08-18T08:55:43.980779,sd15,es,MB141,42,SUCCESS,data\generated_images\phase2b\sd15\es\MB141_seed42.png,,3.6
2026-08-18T08:55:46.569788,sd15,es,MB142,42,SUCCESS,data\generated_images\phase2b\sd15\es\MB142_seed42.png,,2.6
2026-08-18T08:55:49.729005,sd15,es,MB143,42,SUCCESS,data\generated_images\phase2b\sd15\es\MB143_seed42.png,,3.2
2026-08-18T08:55:52.512303,sd15,es,MB144,42,SUCCESS,data\generated_images\phase2b\sd15\es\MB144_seed42.png,,2.8
2026-08-18T08:55:57.923453,sd15,es,MB145,42,SUCCESS,data\generated_images\phase2b\sd15\es\MB145_seed42.png,,5.4
2026-08-18T08:56:01.866350,sd15,es,MB146,42,SUCCESS,data\generated_images\phase2b\sd15\es\MB146_seed42.png,,3.9
2026-08-18T08:56:04.788393,sd15,es,MB147,42,SUCCESS,data\generated_images\phase2b\sd15\es\MB147_seed42.png,,2.9
2026-08-18T08:56:07.531440,sd15,es,MB148,42,SUCCESS,data\generated_images\phase2b\sd15\es\MB148_seed42.png,,2.7
2026-08-18T08:56:10.108570,sd15,es,MB149,42,SUCCESS,data\generated_images\phase2b\sd15\es\MB149_seed42.png,,2.6
2026-08-18T08:56:12.839839,sd15,es,MB150,42,SUCCESS,data\generated_images\phase2b\sd15\es\MB150_seed42.png,,2.7
2026-08-18T08:56:18.234312,flux,de,MB001,42,SUCCESS,data\generated_images\phase2b\flux\de\MB001_seed42.png,,5.4
2026-08-18T08:56:22.542295,flux,de,MB002,42,SUCCESS,data\generated_images\phase2b\flux\de\MB002_seed42.png,,4.3
2026-08-18T08:56:26.599680,flux,de,MB003,42,SUCCESS,data\generated_images\phase2b\flux\de\MB003_seed42.png,,4.1
2026-08-18T08:56:31.047079,flux,de,MB005,42,SUCCESS,data\generated_images\phase2b\flux\de\MB005_seed42.png,,4.4
2026-08-18T08:56:36.521465,flux,de,MB006,42,SUCCESS,data\generated_images\phase2b\flux\de\MB006_seed42.png,,5.5
2026-08-18T08:56:40.780743,flux,de,MB007,42,SUCCESS,data\generated_images\phase2b\flux\de\MB007_seed42.png,,4.2
2026-08-18T08:56:45.048465,flux,de,MB008,42,SUCCESS,data\generated_images\phase2b\flux\de\MB008_seed42.png,,4.3
2026-08-18T08:56:49.133627,flux,de,MB009,42,SUCCESS,data\generated_images\phase2b\flux\de\MB009_seed42.png,,4.1
2026-08-18T08:56:53.034648,flux,de,MB010,42,SUCCESS,data\generated_images\phase2b\flux\de\MB010_seed42.png,,3.9
2026-08-18T08:56:57.258243,flux,de,MB011,42,SUCCESS,data\generated_images\phase2b\flux\de\MB011_seed42.png,,4.2
2026-08-18T08:57:01.459330,flux,de,MB012,42,SUCCESS,data\generated_images\phase2b\flux\de\MB012_seed42.png,,4.2
2026-08-18T08:57:05.676278,flux,de,MB013,42,SUCCESS,data\generated_images\phase2b\flux\de\MB013_seed42.png,,4.2
2026-08-18T08:57:09.738208,flux,de,MB014,42,SUCCESS,data\generated_images\phase2b\flux\de\MB014_seed42.png,,4.1
2026-08-18T08:57:14.609703,flux,de,MB015,42,SUCCESS,data\generated_images\phase2b\flux\de\MB015_seed42.png,,4.9
2026-08-18T08:57:18.859638,flux,de,MB016,42,SUCCESS,data\generated_images\phase2b\flux\de\MB016_seed42.png,,4.2
2026-08-18T08:57:22.968711,flux,de,MB017,42,SUCCESS,data\generated_images\phase2b\flux\de\MB017_seed42.png,,4.1
2026-08-18T08:57:27.110555,flux,de,MB018,42,SUCCESS,data\generated_images\phase2b\flux\de\MB018_seed42.png,,4.1
2026-08-18T08:57:31.451294,flux,de,MB019,42,SUCCESS,data\generated_images\phase2b\flux\de\MB019_seed42.png,,4.3
2026-08-18T08:57:35.664829,flux,de,MB020,42,SUCCESS,data\generated_images\phase2b\flux\de\MB020_seed42.png,,4.2
2026-08-18T08:57:39.439854,flux,de,MB021,42,SUCCESS,data\generated_images\phase2b\flux\de\MB021_seed42.png,,3.8
2026-08-18T08:57:43.534732,flux,de,MB022,42,SUCCESS,data\generated_images\phase2b\flux\de\MB022_seed42.png,,4.1
2026-08-18T08:57:47.714260,flux,de,MB023,42,SUCCESS,data\generated_images\phase2b\flux\de\MB023_seed42.png,,4.2
2026-08-18T08:57:51.786130,flux,de,MB025,42,SUCCESS,data\generated_images\phase2b\flux\de\MB025_seed42.png,,4.1
2026-08-18T08:57:57.599526,flux,de,MB026,42,SUCCESS,data\generated_images\phase2b\flux\de\MB026_seed42.png,,5.8
2026-08-18T08:58:04.915760,flux,de,MB027,42,SUCCESS,data\generated_images\phase2b\flux\de\MB027_seed42.png,,7.3
2026-08-18T08:58:11.643630,flux,de,MB028,42,SUCCESS,data\generated_images\phase2b\flux\de\MB028_seed42.png,,6.7
2026-08-18T08:58:18.745078,flux,de,MB029,42,SUCCESS,data\generated_images\phase2b\flux\de\MB029_seed42.png,,7.1
2026-08-18T08:58:23.689166,flux,de,MB030,42,SUCCESS,data\generated_images\phase2b\flux\de\MB030_seed42.png,,4.9
2026-08-18T08:58:27.799650,flux,de,MB031,42,SUCCESS,data\generated_images\phase2b\flux\de\MB031_seed42.png,,4.1
2026-08-18T08:58:32.044740,flux,de,MB032,42,SUCCESS,data\generated_images\phase2b\flux\de\MB032_seed42.png,,4.2
2026-08-18T08:58:36.320431,flux,de,MB033,42,SUCCESS,data\generated_images\phase2b\flux\de\MB033_seed42.png,,4.3
2026-08-18T08:58:40.547224,flux,de,MB034,42,SUCCESS,data\generated_images\phase2b\flux\de\MB034_seed42.png,,4.2
2026-08-18T08:58:44.626267,flux,de,MB035,42,SUCCESS,data\generated_images\phase2b\flux\de\MB035_seed42.png,,4.1
2026-08-18T08:58:49.007945,flux,de,MB036,42,SUCCESS,data\generated_images\phase2b\flux\de\MB036_seed42.png,,4.4
2026-08-18T08:58:52.879556,flux,de,MB037,42,SUCCESS,data\generated_images\phase2b\flux\de\MB037_seed42.png,,3.9
2026-08-18T08:58:57.006411,flux,de,MB040,42,SUCCESS,data\generated_images\phase2b\flux\de\MB040_seed42.png,,4.1
2026-08-18T08:59:01.255346,flux,de,MB041,42,SUCCESS,data\generated_images\phase2b\flux\de\MB041_seed42.png,,4.2
2026-08-18T08:59:05.481104,flux,de,MB042,42,SUCCESS,data\generated_images\phase2b\flux\de\MB042_seed42.png,,4.2
2026-08-18T08:59:09.575991,flux,de,MB043,42,SUCCESS,data\generated_images\phase2b\flux\de\MB043_seed42.png,,4.1
2026-08-18T08:59:14.088629,flux,de,MB044,42,SUCCESS,data\generated_images\phase2b\flux\de\MB044_seed42.png,,4.5
2026-08-18T08:59:18.199861,flux,de,MB045,42,SUCCESS,data\generated_images\phase2b\flux\de\MB045_seed42.png,,4.1
2026-08-18T08:59:22.574336,flux,de,MB046,42,SUCCESS,data\generated_images\phase2b\flux\de\MB046_seed42.png,,4.4
2026-08-18T08:59:26.688156,flux,de,MB047,42,SUCCESS,data\generated_images\phase2b\flux\de\MB047_seed42.png,,4.1
2026-08-18T08:59:30.915126,flux,de,MB048,42,SUCCESS,data\generated_images\phase2b\flux\de\MB048_seed42.png,,4.2
2026-08-18T08:59:35.854873,flux,de,MB049,42,SUCCESS,data\generated_images\phase2b\flux\de\MB049_seed42.png,,4.9
2026-08-18T08:59:40.189501,flux,de,MB050,42,SUCCESS,data\generated_images\phase2b\flux\de\MB050_seed42.png,,4.3
2026-08-18T08:59:44.298352,flux,de,MB051,42,SUCCESS,data\generated_images\phase2b\flux\de\MB051_seed42.png,,4.1
2026-08-18T08:59:49.448539,flux,de,MB052,42,SUCCESS,data\generated_images\phase2b\flux\de\MB052_seed42.png,,5.2
2026-08-18T08:59:53.804020,flux,de,MB053,42,SUCCESS,data\generated_images\phase2b\flux\de\MB053_seed42.png,,4.4
2026-08-18T08:59:57.932495,flux,de,MB054,42,SUCCESS,data\generated_images\phase2b\flux\de\MB054_seed42.png,,4.1
2026-08-18T09:00:01.894108,flux,de,MB055,42,SUCCESS,data\generated_images\phase2b\flux\de\MB055_seed42.png,,4.0
2026-08-18T09:00:06.126376,flux,de,MB056,42,SUCCESS,data\generated_images\phase2b\flux\de\MB056_seed42.png,,4.2
2026-08-18T09:00:10.952644,flux,de,MB057,42,SUCCESS,data\generated_images\phase2b\flux\de\MB057_seed42.png,,4.8
2026-08-18T09:00:14.955305,flux,de,MB058,42,SUCCESS,data\generated_images\phase2b\flux\de\MB058_seed42.png,,4.0
2026-08-18T09:00:19.666385,flux,de,MB059,42,SUCCESS,data\generated_images\phase2b\flux\de\MB059_seed42.png,,4.7
2026-08-18T09:00:23.868224,flux,de,MB060,42,SUCCESS,data\generated_images\phase2b\flux\de\MB060_seed42.png,,4.2
2026-08-18T09:00:28.545674,flux,de,MB062,42,SUCCESS,data\generated_images\phase2b\flux\de\MB062_seed42.png,,4.7
2026-08-18T09:00:32.568278,flux,de,MB063,42,SUCCESS,data\generated_images\phase2b\flux\de\MB063_seed42.png,,4.0
2026-08-18T09:00:37.080852,flux,de,MB064,42,SUCCESS,data\generated_images\phase2b\flux\de\MB064_seed42.png,,4.5
2026-08-18T09:00:41.010388,flux,de,MB065,42,SUCCESS,data\generated_images\phase2b\flux\de\MB065_seed42.png,,3.9
2026-08-18T09:00:45.466179,flux,de,MB066,42,SUCCESS,data\generated_images\phase2b\flux\de\MB066_seed42.png,,4.5
2026-08-18T09:00:49.729917,flux,de,MB067,42,SUCCESS,data\generated_images\phase2b\flux\de\MB067_seed42.png,,4.3
2026-08-18T09:00:53.833450,flux,de,MB068,42,SUCCESS,data\generated_images\phase2b\flux\de\MB068_seed42.png,,4.1
2026-08-18T09:00:57.977972,flux,de,MB069,42,SUCCESS,data\generated_images\phase2b\flux\de\MB069_seed42.png,,4.1
2026-08-18T09:01:02.027373,flux,de,MB070,42,SUCCESS,data\generated_images\phase2b\flux\de\MB070_seed42.png,,4.0
2026-08-18T09:01:06.045048,flux,de,MB071,42,SUCCESS,data\generated_images\phase2b\flux\de\MB071_seed42.png,,4.0
2026-08-18T09:01:10.521959,flux,de,MB072,42,SUCCESS,data\generated_images\phase2b\flux\de\MB072_seed42.png,,4.5
2026-08-18T09:01:14.593556,flux,de,MB073,42,SUCCESS,data\generated_images\phase2b\flux\de\MB073_seed42.png,,4.1
2026-08-18T09:01:18.730898,flux,de,MB074,42,SUCCESS,data\generated_images\phase2b\flux\de\MB074_seed42.png,,4.1
2026-08-18T09:01:23.879320,flux,de,MB075,42,SUCCESS,data\generated_images\phase2b\flux\de\MB075_seed42.png,,5.1
2026-08-18T09:01:27.888751,flux,de,MB076,42,SUCCESS,data\generated_images\phase2b\flux\de\MB076_seed42.png,,4.0
2026-08-18T09:01:31.812945,flux,de,MB077,42,SUCCESS,data\generated_images\phase2b\flux\de\MB077_seed42.png,,3.9
2026-08-18T09:01:36.208385,flux,de,MB078,42,SUCCESS,data\generated_images\phase2b\flux\de\MB078_seed42.png,,4.4
2026-08-18T09:01:40.654199,flux,de,MB079,42,SUCCESS,data\generated_images\phase2b\flux\de\MB079_seed42.png,,4.4
2026-08-18T09:01:45.194688,flux,de,MB080,42,SUCCESS,data\generated_images\phase2b\flux\de\MB080_seed42.png,,4.5
2026-08-18T09:01:49.739085,flux,de,MB081,42,SUCCESS,data\generated_images\phase2b\flux\de\MB081_seed42.png,,4.5
2026-08-18T09:01:54.579209,flux,de,MB082,42,SUCCESS,data\generated_images\phase2b\flux\de\MB082_seed42.png,,4.8
2026-08-18T09:01:59.459159,flux,de,MB083,42,SUCCESS,data\generated_images\phase2b\flux\de\MB083_seed42.png,,4.9
2026-08-18T09:02:04.549771,flux,de,MB085,42,SUCCESS,data\generated_images\phase2b\flux\de\MB085_seed42.png,,5.1
2026-08-18T09:02:09.068942,flux,de,MB086,42,SUCCESS,data\generated_images\phase2b\flux\de\MB086_seed42.png,,4.5
2026-08-18T09:02:13.903919,flux,de,MB087,42,SUCCESS,data\generated_images\phase2b\flux\de\MB087_seed42.png,,4.8
2026-08-18T09:02:18.909384,flux,de,MB088,42,SUCCESS,data\generated_images\phase2b\flux\de\MB088_seed42.png,,4.5
2026-08-18T09:02:23.654058,flux,de,MB089,42,SUCCESS,data\generated_images\phase2b\flux\de\MB089_seed42.png,,4.7
2026-08-18T09:02:28.517371,flux,de,MB090,42,SUCCESS,data\generated_images\phase2b\flux\de\MB090_seed42.png,,4.9
2026-08-18T09:02:32.546922,flux,de,MB091,42,SUCCESS,data\generated_images\phase2b\flux\de\MB091_seed42.png,,4.0
2026-08-18T09:02:36.769063,flux,de,MB092,42,SUCCESS,data\generated_images\phase2b\flux\de\MB092_seed42.png,,4.2
2026-08-18T09:02:41.369048,flux,de,MB093,42,SUCCESS,data\generated_images\phase2b\flux\de\MB093_seed42.png,,4.6
2026-08-18T09:02:45.619117,flux,de,MB095,42,SUCCESS,data\generated_images\phase2b\flux\de\MB095_seed42.png,,4.2
2026-08-18T09:02:50.733960,flux,de,MB096,42,SUCCESS,data\generated_images\phase2b\flux\de\MB096_seed42.png,,5.1
2026-08-18T09:02:55.134157,flux,de,MB097,42,SUCCESS,data\generated_images\phase2b\flux\de\MB097_seed42.png,,4.3
2026-08-18T09:02:59.529144,flux,de,MB098,42,SUCCESS,data\generated_images\phase2b\flux\de\MB098_seed42.png,,4.4
2026-08-18T09:03:04.249165,flux,de,MB099,42,SUCCESS,data\generated_images\phase2b\flux\de\MB099_seed42.png,,4.7
2026-08-18T09:03:08.688964,flux,de,MB100,42,SUCCESS,data\generated_images\phase2b\flux\de\MB100_seed42.png,,4.4
2026-08-18T09:03:13.147765,flux,de,MB101,42,SUCCESS,data\generated_images\phase2b\flux\de\MB101_seed42.png,,4.4
2026-08-18T09:03:17.664104,flux,de,MB102,42,SUCCESS,data\generated_images\phase2b\flux\de\MB102_seed42.png,,4.5
2026-08-18T09:03:21.789232,flux,de,MB103,42,SUCCESS,data\generated_images\phase2b\flux\de\MB103_seed42.png,,4.1
2026-08-18T09:03:26.229048,flux,de,MB104,42,SUCCESS,data\generated_images\phase2b\flux\de\MB104_seed42.png,,4.4
2026-08-18T09:03:30.529162,flux,de,MB105,42,SUCCESS,data\generated_images\phase2b\flux\de\MB105_seed42.png,,4.3
2026-08-18T09:03:34.584193,flux,de,MB106,42,SUCCESS,data\generated_images\phase2b\flux\de\MB106_seed42.png,,4.1
2026-08-18T09:03:38.654028,flux,de,MB107,42,SUCCESS,data\generated_images\phase2b\flux\de\MB107_seed42.png,,4.1
2026-08-18T09:03:42.884043,flux,de,MB108,42,SUCCESS,data\generated_images\phase2b\flux\de\MB108_seed42.png,,4.2
2026-08-18T09:03:47.468733,flux,de,MB109,42,SUCCESS,data\generated_images\phase2b\flux\de\MB109_seed42.png,,4.6
2026-08-18T09:03:51.998903,flux,de,MB110,42,SUCCESS,data\generated_images\phase2b\flux\de\MB110_seed42.png,,4.5
2026-08-18T09:03:56.329086,flux,de,MB112,42,SUCCESS,data\generated_images\phase2b\flux\de\MB112_seed42.png,,4.3
2026-08-18T09:04:01.358975,flux,de,MB113,42,SUCCESS,data\generated_images\phase2b\flux\de\MB113_seed42.png,,5.0
2026-08-18T09:04:05.579012,flux,de,MB114,42,SUCCESS,data\generated_images\phase2b\flux\de\MB114_seed42.png,,4.2
2026-08-18T09:04:10.510411,flux,de,MB115,42,SUCCESS,data\generated_images\phase2b\flux\de\MB115_seed42.png,,4.9
2026-08-18T09:04:15.104159,flux,de,MB116,42,SUCCESS,data\generated_images\phase2b\flux\de\MB116_seed42.png,,4.6
2026-08-18T09:04:19.443412,flux,de,MB117,42,SUCCESS,data\generated_images\phase2b\flux\de\MB117_seed42.png,,4.3
2026-08-18T09:04:23.641558,flux,de,MB118,42,SUCCESS,data\generated_images\phase2b\flux\de\MB118_seed42.png,,4.2
2026-08-18T09:04:28.002892,flux,de,MB119,42,SUCCESS,data\generated_images\phase2b\flux\de\MB119_seed42.png,,4.4
2026-08-18T09:04:35.278728,flux,de,MB120,42,SUCCESS,data\generated_images\phase2b\flux\de\MB120_seed42.png,,7.3
2026-08-18T09:04:40.308791,flux,de,MB121,42,SUCCESS,data\generated_images\phase2b\flux\de\MB121_seed42.png,,5.0
2026-08-18T09:04:44.501773,flux,de,MB122,42,SUCCESS,data\generated_images\phase2b\flux\de\MB122_seed42.png,,4.2
2026-08-18T09:04:48.878641,flux,de,MB123,42,SUCCESS,data\generated_images\phase2b\flux\de\MB123_seed42.png,,4.4
2026-08-18T09:04:53.219908,flux,de,MB124,42,SUCCESS,data\generated_images\phase2b\flux\de\MB124_seed42.png,,4.3
2026-08-18T09:04:57.705652,flux,de,MB126,42,SUCCESS,data\generated_images\phase2b\flux\de\MB126_seed42.png,,4.5
2026-08-18T09:05:02.029625,flux,de,MB127,42,SUCCESS,data\generated_images\phase2b\flux\de\MB127_seed42.png,,4.3
2026-08-18T09:05:06.429008,flux,de,MB129,42,SUCCESS,data\generated_images\phase2b\flux\de\MB129_seed42.png,,4.4
2026-08-18T09:05:11.323186,flux,de,MB130,42,SUCCESS,data\generated_images\phase2b\flux\de\MB130_seed42.png,,4.9
2026-08-18T09:05:15.659086,flux,de,MB131,42,SUCCESS,data\generated_images\phase2b\flux\de\MB131_seed42.png,,4.3
2026-08-18T09:05:20.063589,flux,de,MB132,42,SUCCESS,data\generated_images\phase2b\flux\de\MB132_seed42.png,,4.4
2026-08-18T09:05:25.288703,flux,de,MB133,42,SUCCESS,data\generated_images\phase2b\flux\de\MB133_seed42.png,,5.2
2026-08-18T09:05:29.873840,flux,de,MB134,42,SUCCESS,data\generated_images\phase2b\flux\de\MB134_seed42.png,,4.6
2026-08-18T09:05:36.036372,flux,de,MB135,42,SUCCESS,data\generated_images\phase2b\flux\de\MB135_seed42.png,,6.2
2026-08-18T09:05:40.733815,flux,de,MB136,42,SUCCESS,data\generated_images\phase2b\flux\de\MB136_seed42.png,,4.7
2026-08-18T09:05:45.097054,flux,de,MB137,42,SUCCESS,data\generated_images\phase2b\flux\de\MB137_seed42.png,,4.4
2026-08-18T09:05:49.298537,flux,de,MB138,42,SUCCESS,data\generated_images\phase2b\flux\de\MB138_seed42.png,,4.2
2026-08-18T09:05:53.478700,flux,de,MB139,42,SUCCESS,data\generated_images\phase2b\flux\de\MB139_seed42.png,,4.2
2026-08-18T09:05:58.978936,flux,de,MB140,42,SUCCESS,data\generated_images\phase2b\flux\de\MB140_seed42.png,,5.5
2026-08-18T09:06:03.658529,flux,de,MB141,42,SUCCESS,data\generated_images\phase2b\flux\de\MB141_seed42.png,,4.7
2026-08-18T09:06:07.458782,flux,de,MB142,42,SUCCESS,data\generated_images\phase2b\flux\de\MB142_seed42.png,,3.8
2026-08-18T09:06:11.968572,flux,de,MB143,42,SUCCESS,data\generated_images\phase2b\flux\de\MB143_seed42.png,,4.5
2026-08-18T09:06:16.053880,flux,de,MB144,42,SUCCESS,data\generated_images\phase2b\flux\de\MB144_seed42.png,,4.1
2026-08-18T09:06:20.544581,flux,de,MB145,42,SUCCESS,data\generated_images\phase2b\flux\de\MB145_seed42.png,,4.5
2026-08-18T09:06:24.773691,flux,de,MB146,42,SUCCESS,data\generated_images\phase2b\flux\de\MB146_seed42.png,,4.2
2026-08-18T09:06:29.258454,flux,de,MB147,42,SUCCESS,data\generated_images\phase2b\flux\de\MB147_seed42.png,,4.5
2026-08-18T09:06:33.388665,flux,de,MB148,42,SUCCESS,data\generated_images\phase2b\flux\de\MB148_seed42.png,,4.1
2026-08-18T09:06:37.468658,flux,de,MB149,42,SUCCESS,data\generated_images\phase2b\flux\de\MB149_seed42.png,,4.1
2026-08-18T09:06:41.428701,flux,de,MB150,42,SUCCESS,data\generated_images\phase2b\flux\de\MB150_seed42.png,,3.9
2026-08-18T09:06:45.598668,flux,fr,MB001,42,SUCCESS,data\generated_images\phase2b\flux\fr\MB001_seed42.png,,4.2
2026-08-18T09:06:50.428480,flux,fr,MB002,42,SUCCESS,data\generated_images\phase2b\flux\fr\MB002_seed42.png,,4.8
2026-08-18T09:06:54.798298,flux,fr,MB003,42,SUCCESS,data\generated_images\phase2b\flux\fr\MB003_seed42.png,,4.4
2026-08-18T09:06:58.948569,flux,fr,MB005,42,SUCCESS,data\generated_images\phase2b\flux\fr\MB005_seed42.png,,4.1
2026-08-18T09:07:03.148767,flux,fr,MB006,42,SUCCESS,data\generated_images\phase2b\flux\fr\MB006_seed42.png,,4.2
2026-08-18T09:07:07.588395,flux,fr,MB007,42,SUCCESS,data\generated_images\phase2b\flux\fr\MB007_seed42.png,,4.4
2026-08-18T09:07:11.518319,flux,fr,MB008,42,SUCCESS,data\generated_images\phase2b\flux\fr\MB008_seed42.png,,3.9
2026-08-18T09:07:15.398668,flux,fr,MB009,42,SUCCESS,data\generated_images\phase2b\flux\fr\MB009_seed42.png,,3.9
2026-08-18T09:07:20.388665,flux,fr,MB010,42,SUCCESS,data\generated_images\phase2b\flux\fr\MB010_seed42.png,,5.0
2026-08-18T09:07:24.228255,flux,fr,MB011,42,SUCCESS,data\generated_images\phase2b\flux\fr\MB011_seed42.png,,3.8
2026-08-18T09:07:29.588537,flux,fr,MB012,42,SUCCESS,data\generated_images\phase2b\flux\fr\MB012_seed42.png,,5.4
2026-08-18T09:07:34.184546,flux,fr,MB013,42,SUCCESS,data\generated_images\phase2b\flux\fr\MB013_seed42.png,,4.6
2026-08-18T09:07:38.438717,flux,fr,MB014,42,SUCCESS,data\generated_images\phase2b\flux\fr\MB014_seed42.png,,4.3
2026-08-18T09:07:42.656511,flux,fr,MB015,42,SUCCESS,data\generated_images\phase2b\flux\fr\MB015_seed42.png,,4.2
2026-08-18T09:07:46.918454,flux,fr,MB016,42,SUCCESS,data\generated_images\phase2b\flux\fr\MB016_seed42.png,,4.3
2026-08-18T09:07:50.770167,flux,fr,MB017,42,SUCCESS,data\generated_images\phase2b\flux\fr\MB017_seed42.png,,3.9
2026-08-18T09:07:55.298536,flux,fr,MB018,42,SUCCESS,data\generated_images\phase2b\flux\fr\MB018_seed42.png,,4.5
2026-08-18T09:08:00.058378,flux,fr,MB019,42,SUCCESS,data\generated_images\phase2b\flux\fr\MB019_seed42.png,,4.8
2026-08-18T09:08:05.248609,flux,fr,MB020,42,SUCCESS,data\generated_images\phase2b\flux\fr\MB020_seed42.png,,5.2
2026-08-18T09:08:09.458586,flux,fr,MB021,42,SUCCESS,data\generated_images\phase2b\flux\fr\MB021_seed42.png,,4.2
2026-08-18T09:08:13.798206,flux,fr,MB022,42,SUCCESS,data\generated_images\phase2b\flux\fr\MB022_seed42.png,,4.3
2026-08-18T09:08:18.058430,flux,fr,MB023,42,SUCCESS,data\generated_images\phase2b\flux\fr\MB023_seed42.png,,4.3
2026-08-18T09:08:22.193469,flux,fr,MB025,42,SUCCESS,data\generated_images\phase2b\flux\fr\MB025_seed42.png,,4.1
2026-08-18T09:08:27.440530,flux,fr,MB026,42,SUCCESS,data\generated_images\phase2b\flux\fr\MB026_seed42.png,,5.2
2026-08-18T09:08:31.738295,flux,fr,MB027,42,SUCCESS,data\generated_images\phase2b\flux\fr\MB027_seed42.png,,4.3
2026-08-18T09:08:35.858357,flux,fr,MB028,42,SUCCESS,data\generated_images\phase2b\flux\fr\MB028_seed42.png,,4.1
2026-08-18T09:08:39.888187,flux,fr,MB029,42,SUCCESS,data\generated_images\phase2b\flux\fr\MB029_seed42.png,,4.0
2026-08-18T09:08:44.168558,flux,fr,MB030,42,SUCCESS,data\generated_images\phase2b\flux\fr\MB030_seed42.png,,4.3
2026-08-18T09:08:48.453265,flux,fr,MB031,42,SUCCESS,data\generated_images\phase2b\flux\fr\MB031_seed42.png,,4.3
2026-08-18T09:08:52.738416,flux,fr,MB032,42,SUCCESS,data\generated_images\phase2b\flux\fr\MB032_seed42.png,,4.3
2026-08-18T09:08:57.414455,flux,fr,MB033,42,SUCCESS,data\generated_images\phase2b\flux\fr\MB033_seed42.png,,4.7
2026-08-18T09:09:02.101442,flux,fr,MB034,42,SUCCESS,data\generated_images\phase2b\flux\fr\MB034_seed42.png,,4.6
2026-08-18T09:09:06.549561,flux,fr,MB035,42,SUCCESS,data\generated_images\phase2b\flux\fr\MB035_seed42.png,,4.4
2026-08-18T09:09:11.203038,flux,fr,MB036,42,SUCCESS,data\generated_images\phase2b\flux\fr\MB036_seed42.png,,4.7
2026-08-18T09:09:15.528019,flux,fr,MB037,42,SUCCESS,data\generated_images\phase2b\flux\fr\MB037_seed42.png,,4.3
2026-08-18T09:09:20.027959,flux,fr,MB040,42,SUCCESS,data\generated_images\phase2b\flux\fr\MB040_seed42.png,,4.5
2026-08-18T09:09:26.074354,flux,fr,MB041,42,SUCCESS,data\generated_images\phase2b\flux\fr\MB041_seed42.png,,6.0
2026-08-18T09:09:30.436157,flux,fr,MB042,42,SUCCESS,data\generated_images\phase2b\flux\fr\MB042_seed42.png,,4.4
2026-08-18T09:09:35.117995,flux,fr,MB043,42,SUCCESS,data\generated_images\phase2b\flux\fr\MB043_seed42.png,,4.7
2026-08-18T09:09:39.298165,flux,fr,MB044,42,SUCCESS,data\generated_images\phase2b\flux\fr\MB044_seed42.png,,4.2
2026-08-18T09:09:44.188111,flux,fr,MB045,42,SUCCESS,data\generated_images\phase2b\flux\fr\MB045_seed42.png,,4.9
2026-08-18T09:09:48.498196,flux,fr,MB046,42,SUCCESS,data\generated_images\phase2b\flux\fr\MB046_seed42.png,,4.3
2026-08-18T09:09:53.058263,flux,fr,MB047,42,SUCCESS,data\generated_images\phase2b\flux\fr\MB047_seed42.png,,4.6
2026-08-18T09:09:57.133229,flux,fr,MB048,42,SUCCESS,data\generated_images\phase2b\flux\fr\MB048_seed42.png,,4.1
2026-08-18T09:10:01.968236,flux,fr,MB049,42,SUCCESS,data\generated_images\phase2b\flux\fr\MB049_seed42.png,,4.8
2026-08-18T09:10:06.148117,flux,fr,MB050,42,SUCCESS,data\generated_images\phase2b\flux\fr\MB050_seed42.png,,4.2
2026-08-18T09:10:10.108073,flux,fr,MB051,42,SUCCESS,data\generated_images\phase2b\flux\fr\MB051_seed42.png,,4.0
2026-08-18T09:10:14.698282,flux,fr,MB052,42,SUCCESS,data\generated_images\phase2b\flux\fr\MB052_seed42.png,,4.6
2026-08-18T09:10:18.783053,flux,fr,MB053,42,SUCCESS,data\generated_images\phase2b\flux\fr\MB053_seed42.png,,4.1
2026-08-18T09:10:23.039138,flux,fr,MB054,42,SUCCESS,data\generated_images\phase2b\flux\fr\MB054_seed42.png,,4.3
2026-08-18T09:10:27.048238,flux,fr,MB055,42,SUCCESS,data\generated_images\phase2b\flux\fr\MB055_seed42.png,,4.0
2026-08-18T09:10:31.317919,flux,fr,MB056,42,SUCCESS,data\generated_images\phase2b\flux\fr\MB056_seed42.png,,4.3
2026-08-18T09:10:35.427753,flux,fr,MB057,42,SUCCESS,data\generated_images\phase2b\flux\fr\MB057_seed42.png,,4.1
2026-08-18T09:10:39.598269,flux,fr,MB058,42,SUCCESS,data\generated_images\phase2b\flux\fr\MB058_seed42.png,,4.2
2026-08-18T09:10:43.927959,flux,fr,MB059,42,SUCCESS,data\generated_images\phase2b\flux\fr\MB059_seed42.png,,4.3
2026-08-18T09:10:48.133179,flux,fr,MB060,42,SUCCESS,data\generated_images\phase2b\flux\fr\MB060_seed42.png,,4.2
2026-08-18T09:10:53.217990,flux,fr,MB062,42,SUCCESS,data\generated_images\phase2b\flux\fr\MB062_seed42.png,,5.1
2026-08-18T09:10:57.328118,flux,fr,MB063,42,SUCCESS,data\generated_images\phase2b\flux\fr\MB063_seed42.png,,4.1
2026-08-18T09:11:01.297819,flux,fr,MB064,42,SUCCESS,data\generated_images\phase2b\flux\fr\MB064_seed42.png,,4.0
2026-08-18T09:11:05.118028,flux,fr,MB065,42,SUCCESS,data\generated_images\phase2b\flux\fr\MB065_seed42.png,,3.8
2026-08-18T09:11:09.213164,flux,fr,MB066,42,SUCCESS,data\generated_images\phase2b\flux\fr\MB066_seed42.png,,4.1
2026-08-18T09:11:13.957870,flux,fr,MB067,42,SUCCESS,data\generated_images\phase2b\flux\fr\MB067_seed42.png,,4.7
2026-08-18T09:11:19.737893,flux,fr,MB068,42,SUCCESS,data\generated_images\phase2b\flux\fr\MB068_seed42.png,,5.8
2026-08-18T09:11:24.887723,flux,fr,MB069,42,SUCCESS,data\generated_images\phase2b\flux\fr\MB069_seed42.png,,5.1
2026-08-18T09:11:30.398065,flux,fr,MB070,42,SUCCESS,data\generated_images\phase2b\flux\fr\MB070_seed42.png,,5.5
2026-08-18T09:11:35.308169,flux,fr,MB071,42,SUCCESS,data\generated_images\phase2b\flux\fr\MB071_seed42.png,,4.9
2026-08-18T09:11:39.347634,flux,fr,MB072,42,SUCCESS,data\generated_images\phase2b\flux\fr\MB072_seed42.png,,4.0
2026-08-18T09:11:43.487943,flux,fr,MB073,42,SUCCESS,data\generated_images\phase2b\flux\fr\MB073_seed42.png,,4.1
2026-08-18T09:11:47.902935,flux,fr,MB074,42,SUCCESS,data\generated_images\phase2b\flux\fr\MB074_seed42.png,,4.4
2026-08-18T09:11:52.127912,flux,fr,MB075,42,SUCCESS,data\generated_images\phase2b\flux\fr\MB075_seed42.png,,4.2
2026-08-18T09:11:55.942883,flux,fr,MB076,42,SUCCESS,data\generated_images\phase2b\flux\fr\MB076_seed42.png,,3.8
2026-08-18T09:12:00.033073,flux,fr,MB077,42,SUCCESS,data\generated_images\phase2b\flux\fr\MB077_seed42.png,,4.1
2026-08-18T09:12:04.227751,flux,fr,MB078,42,SUCCESS,data\generated_images\phase2b\flux\fr\MB078_seed42.png,,4.2
2026-08-18T09:12:08.838027,flux,fr,MB079,42,SUCCESS,data\generated_images\phase2b\flux\fr\MB079_seed42.png,,4.6
2026-08-18T09:12:14.261237,flux,fr,MB080,42,SUCCESS,data\generated_images\phase2b\flux\fr\MB080_seed42.png,,5.4
2026-08-18T09:12:18.907781,flux,fr,MB081,42,SUCCESS,data\generated_images\phase2b\flux\fr\MB081_seed42.png,,4.4
2026-08-18T09:12:23.077625,flux,fr,MB082,42,SUCCESS,data\generated_images\phase2b\flux\fr\MB082_seed42.png,,4.2
2026-08-18T09:12:27.207684,flux,fr,MB083,42,SUCCESS,data\generated_images\phase2b\flux\fr\MB083_seed42.png,,4.1
2026-08-18T09:12:31.332885,flux,fr,MB085,42,SUCCESS,data\generated_images\phase2b\flux\fr\MB085_seed42.png,,4.1
2026-08-18T09:12:35.388002,flux,fr,MB086,42,SUCCESS,data\generated_images\phase2b\flux\fr\MB086_seed42.png,,4.1
2026-08-18T09:12:39.367728,flux,fr,MB087,42,SUCCESS,data\generated_images\phase2b\flux\fr\MB087_seed42.png,,4.0
2026-08-18T09:12:44.383086,flux,fr,MB088,42,SUCCESS,data\generated_images\phase2b\flux\fr\MB088_seed42.png,,5.0
2026-08-18T09:12:48.992833,flux,fr,MB089,42,SUCCESS,data\generated_images\phase2b\flux\fr\MB089_seed42.png,,4.6
2026-08-18T09:12:53.237677,flux,fr,MB090,42,SUCCESS,data\generated_images\phase2b\flux\fr\MB090_seed42.png,,4.2
2026-08-18T09:12:57.187868,flux,fr,MB091,42,SUCCESS,data\generated_images\phase2b\flux\fr\MB091_seed42.png,,4.0
2026-08-18T09:13:01.037744,flux,fr,MB092,42,SUCCESS,data\generated_images\phase2b\flux\fr\MB092_seed42.png,,3.8
2026-08-18T09:13:06.522623,flux,fr,MB093,42,SUCCESS,data\generated_images\phase2b\flux\fr\MB093_seed42.png,,5.5
2026-08-18T09:13:11.652869,flux,fr,MB095,42,SUCCESS,data\generated_images\phase2b\flux\fr\MB095_seed42.png,,5.1
2026-08-18T09:13:16.587739,flux,fr,MB096,42,SUCCESS,data\generated_images\phase2b\flux\fr\MB096_seed42.png,,4.9
2026-08-18T09:13:21.349995,flux,fr,MB097,42,SUCCESS,data\generated_images\phase2b\flux\fr\MB097_seed42.png,,4.8
2026-08-18T09:13:25.627565,flux,fr,MB098,42,SUCCESS,data\generated_images\phase2b\flux\fr\MB098_seed42.png,,4.3
2026-08-18T09:13:30.397803,flux,fr,MB099,42,SUCCESS,data\generated_images\phase2b\flux\fr\MB099_seed42.png,,4.8
2026-08-18T09:13:34.357862,flux,fr,MB100,42,SUCCESS,data\generated_images\phase2b\flux\fr\MB100_seed42.png,,4.0
2026-08-18T09:13:38.857817,flux,fr,MB101,42,SUCCESS,data\generated_images\phase2b\flux\fr\MB101_seed42.png,,4.5
2026-08-18T09:13:42.840596,flux,fr,MB102,42,SUCCESS,data\generated_images\phase2b\flux\fr\MB102_seed42.png,,4.0
2026-08-18T09:13:47.377536,flux,fr,MB103,42,SUCCESS,data\generated_images\phase2b\flux\fr\MB103_seed42.png,,4.5
2026-08-18T09:13:51.858763,flux,fr,MB104,42,SUCCESS,data\generated_images\phase2b\flux\fr\MB104_seed42.png,,4.5
2026-08-18T09:13:56.092588,flux,fr,MB105,42,SUCCESS,data\generated_images\phase2b\flux\fr\MB105_seed42.png,,4.2
2026-08-18T09:14:00.180422,flux,fr,MB106,42,SUCCESS,data\generated_images\phase2b\flux\fr\MB106_seed42.png,,4.1
2026-08-18T09:14:04.524872,flux,fr,MB107,42,SUCCESS,data\generated_images\phase2b\flux\fr\MB107_seed42.png,,4.3
2026-08-18T09:14:08.427246,flux,fr,MB108,42,SUCCESS,data\generated_images\phase2b\flux\fr\MB108_seed42.png,,3.9
2026-08-18T09:14:12.857073,flux,fr,MB109,42,SUCCESS,data\generated_images\phase2b\flux\fr\MB109_seed42.png,,4.4
2026-08-18T09:14:17.007670,flux,fr,MB110,42,SUCCESS,data\generated_images\phase2b\flux\fr\MB110_seed42.png,,4.1
2026-08-18T09:14:21.547308,flux,fr,MB112,42,SUCCESS,data\generated_images\phase2b\flux\fr\MB112_seed42.png,,4.5
2026-08-18T09:14:26.073800,flux,fr,MB113,42,SUCCESS,data\generated_images\phase2b\flux\fr\MB113_seed42.png,,4.5
2026-08-18T09:14:30.607792,flux,fr,MB114,42,SUCCESS,data\generated_images\phase2b\flux\fr\MB114_seed42.png,,4.5
2026-08-18T09:14:35.187501,flux,fr,MB115,42,SUCCESS,data\generated_images\phase2b\flux\fr\MB115_seed42.png,,4.6
2026-08-18T09:14:39.741421,flux,fr,MB116,42,SUCCESS,data\generated_images\phase2b\flux\fr\MB116_seed42.png,,4.6
2026-08-18T09:14:44.405194,flux,fr,MB117,42,SUCCESS,data\generated_images\phase2b\flux\fr\MB117_seed42.png,,4.7
2026-08-18T09:14:48.832429,flux,fr,MB118,42,SUCCESS,data\generated_images\phase2b\flux\fr\MB118_seed42.png,,4.4
2026-08-18T09:14:53.396409,flux,fr,MB119,42,SUCCESS,data\generated_images\phase2b\flux\fr\MB119_seed42.png,,4.6
2026-08-18T09:14:57.870800,flux,fr,MB120,42,SUCCESS,data\generated_images\phase2b\flux\fr\MB120_seed42.png,,4.5
2026-08-18T09:15:02.147573,flux,fr,MB121,42,SUCCESS,data\generated_images\phase2b\flux\fr\MB121_seed42.png,,4.3
2026-08-18T09:15:06.777163,flux,fr,MB122,42,SUCCESS,data\generated_images\phase2b\flux\fr\MB122_seed42.png,,4.6
2026-08-18T09:15:11.087698,flux,fr,MB123,42,SUCCESS,data\generated_images\phase2b\flux\fr\MB123_seed42.png,,4.3
2026-08-18T09:15:17.527198,flux,fr,MB124,42,SUCCESS,data\generated_images\phase2b\flux\fr\MB124_seed42.png,,6.4
2026-08-18T09:15:22.892297,flux,fr,MB126,42,SUCCESS,data\generated_images\phase2b\flux\fr\MB126_seed42.png,,5.4
2026-08-18T09:15:28.937494,flux,fr,MB127,42,SUCCESS,data\generated_images\phase2b\flux\fr\MB127_seed42.png,,6.0
2026-08-18T09:15:33.612399,flux,fr,MB129,42,SUCCESS,data\generated_images\phase2b\flux\fr\MB129_seed42.png,,4.7
2026-08-18T09:15:38.097229,flux,fr,MB130,42,SUCCESS,data\generated_images\phase2b\flux\fr\MB130_seed42.png,,4.5
2026-08-18T09:15:43.531852,flux,fr,MB131,42,SUCCESS,data\generated_images\phase2b\flux\fr\MB131_seed42.png,,5.4
2026-08-18T09:15:47.867358,flux,fr,MB132,42,SUCCESS,data\generated_images\phase2b\flux\fr\MB132_seed42.png,,4.3
2026-08-18T09:15:51.777449,flux,fr,MB133,42,SUCCESS,data\generated_images\phase2b\flux\fr\MB133_seed42.png,,3.9
2026-08-18T09:15:55.977452,flux,fr,MB134,42,SUCCESS,data\generated_images\phase2b\flux\fr\MB134_seed42.png,,4.2
2026-08-18T09:16:00.332478,flux,fr,MB135,42,SUCCESS,data\generated_images\phase2b\flux\fr\MB135_seed42.png,,4.4
2026-08-18T09:16:04.772210,flux,fr,MB136,42,SUCCESS,data\generated_images\phase2b\flux\fr\MB136_seed42.png,,4.4
2026-08-18T09:16:10.047342,flux,fr,MB137,42,SUCCESS,data\generated_images\phase2b\flux\fr\MB137_seed42.png,,5.3
2026-08-18T09:16:14.147043,flux,fr,MB138,42,SUCCESS,data\generated_images\phase2b\flux\fr\MB138_seed42.png,,4.1
2026-08-18T09:16:18.282035,flux,fr,MB139,42,SUCCESS,data\generated_images\phase2b\flux\fr\MB139_seed42.png,,4.1
2026-08-18T09:16:22.887134,flux,fr,MB140,42,SUCCESS,data\generated_images\phase2b\flux\fr\MB140_seed42.png,,4.6
2026-08-18T09:16:27.632038,flux,fr,MB141,42,SUCCESS,data\generated_images\phase2b\flux\fr\MB141_seed42.png,,4.7
2026-08-18T09:16:31.747257,flux,fr,MB142,42,SUCCESS,data\generated_images\phase2b\flux\fr\MB142_seed42.png,,4.1
2026-08-18T09:16:36.052302,flux,fr,MB143,42,SUCCESS,data\generated_images\phase2b\flux\fr\MB143_seed42.png,,4.3
2026-08-18T09:16:40.277705,flux,fr,MB144,42,SUCCESS,data\generated_images\phase2b\flux\fr\MB144_seed42.png,,4.2
2026-08-18T09:16:44.567220,flux,fr,MB145,42,SUCCESS,data\generated_images\phase2b\flux\fr\MB145_seed42.png,,4.3
2026-08-18T09:16:48.877308,flux,fr,MB146,42,SUCCESS,data\generated_images\phase2b\flux\fr\MB146_seed42.png,,4.3
2026-08-18T09:16:52.832057,flux,fr,MB147,42,SUCCESS,data\generated_images\phase2b\flux\fr\MB147_seed42.png,,3.9
2026-08-18T09:16:56.982150,flux,fr,MB148,42,SUCCESS,data\generated_images\phase2b\flux\fr\MB148_seed42.png,,4.2
2026-08-18T09:17:01.187023,flux,fr,MB149,42,SUCCESS,data\generated_images\phase2b\flux\fr\MB149_seed42.png,,4.2
2026-08-18T09:17:05.412029,flux,fr,MB150,42,SUCCESS,data\generated_images\phase2b\flux\fr\MB150_seed42.png,,4.2
2026-08-18T09:17:09.807415,flux,es,MB001,42,SUCCESS,data\generated_images\phase2b\flux\es\MB001_seed42.png,,4.4
2026-08-18T09:17:14.087074,flux,es,MB002,42,SUCCESS,data\generated_images\phase2b\flux\es\MB002_seed42.png,,4.3
2026-08-18T09:17:17.957178,flux,es,MB003,42,SUCCESS,data\generated_images\phase2b\flux\es\MB003_seed42.png,,3.9
2026-08-18T09:17:22.537005,flux,es,MB005,42,SUCCESS,data\generated_images\phase2b\flux\es\MB005_seed42.png,,4.6
2026-08-18T09:17:27.017300,flux,es,MB006,42,SUCCESS,data\generated_images\phase2b\flux\es\MB006_seed42.png,,4.5
2026-08-18T09:17:31.167049,flux,es,MB007,42,SUCCESS,data\generated_images\phase2b\flux\es\MB007_seed42.png,,4.1
2026-08-18T09:17:35.277373,flux,es,MB008,42,SUCCESS,data\generated_images\phase2b\flux\es\MB008_seed42.png,,4.1
2026-08-18T09:17:39.197188,flux,es,MB009,42,SUCCESS,data\generated_images\phase2b\flux\es\MB009_seed42.png,,3.9
2026-08-18T09:17:43.216890,flux,es,MB010,42,SUCCESS,data\generated_images\phase2b\flux\es\MB010_seed42.png,,4.0
2026-08-18T09:17:47.136985,flux,es,MB011,42,SUCCESS,data\generated_images\phase2b\flux\es\MB011_seed42.png,,3.9
2026-08-18T09:17:51.467174,flux,es,MB012,42,SUCCESS,data\generated_images\phase2b\flux\es\MB012_seed42.png,,4.3
2026-08-18T09:17:55.597486,flux,es,MB013,42,SUCCESS,data\generated_images\phase2b\flux\es\MB013_seed42.png,,4.1
2026-08-18T09:17:59.711970,flux,es,MB014,42,SUCCESS,data\generated_images\phase2b\flux\es\MB014_seed42.png,,4.1
2026-08-18T09:18:03.752481,flux,es,MB015,42,SUCCESS,data\generated_images\phase2b\flux\es\MB015_seed42.png,,4.0
2026-08-18T09:18:07.971879,flux,es,MB016,42,SUCCESS,data\generated_images\phase2b\flux\es\MB016_seed42.png,,4.2
2026-08-18T09:18:12.017155,flux,es,MB017,42,SUCCESS,data\generated_images\phase2b\flux\es\MB017_seed42.png,,4.0
2026-08-18T09:18:16.147119,flux,es,MB018,42,SUCCESS,data\generated_images\phase2b\flux\es\MB018_seed42.png,,4.1
2026-08-18T09:18:20.407162,flux,es,MB019,42,SUCCESS,data\generated_images\phase2b\flux\es\MB019_seed42.png,,4.3
2026-08-18T09:18:24.387247,flux,es,MB020,42,SUCCESS,data\generated_images\phase2b\flux\es\MB020_seed42.png,,4.0
2026-08-18T09:18:29.107196,flux,es,MB021,42,SUCCESS,data\generated_images\phase2b\flux\es\MB021_seed42.png,,4.7
2026-08-18T09:18:33.041785,flux,es,MB022,42,SUCCESS,data\generated_images\phase2b\flux\es\MB022_seed42.png,,3.9
2026-08-18T09:18:37.466918,flux,es,MB023,42,SUCCESS,data\generated_images\phase2b\flux\es\MB023_seed42.png,,4.4
2026-08-18T09:18:41.967222,flux,es,MB025,42,SUCCESS,data\generated_images\phase2b\flux\es\MB025_seed42.png,,4.5
2026-08-18T09:18:46.736938,flux,es,MB026,42,SUCCESS,data\generated_images\phase2b\flux\es\MB026_seed42.png,,4.8
2026-08-18T09:18:51.962110,flux,es,MB027,42,SUCCESS,data\generated_images\phase2b\flux\es\MB027_seed42.png,,5.2
2026-08-18T09:18:56.511987,flux,es,MB028,42,SUCCESS,data\generated_images\phase2b\flux\es\MB028_seed42.png,,4.5
2026-08-18T09:19:00.667070,flux,es,MB029,42,SUCCESS,data\generated_images\phase2b\flux\es\MB029_seed42.png,,4.1
2026-08-18T09:19:05.022008,flux,es,MB030,42,SUCCESS,data\generated_images\phase2b\flux\es\MB030_seed42.png,,4.4
2026-08-18T09:19:09.336872,flux,es,MB031,42,SUCCESS,data\generated_images\phase2b\flux\es\MB031_seed42.png,,4.3
2026-08-18T09:19:13.941946,flux,es,MB032,42,SUCCESS,data\generated_images\phase2b\flux\es\MB032_seed42.png,,4.6
2026-08-18T09:19:18.296673,flux,es,MB033,42,SUCCESS,data\generated_images\phase2b\flux\es\MB033_seed42.png,,4.4
2026-08-18T09:19:22.746673,flux,es,MB034,42,SUCCESS,data\generated_images\phase2b\flux\es\MB034_seed42.png,,4.4
2026-08-18T09:19:26.896576,flux,es,MB035,42,SUCCESS,data\generated_images\phase2b\flux\es\MB035_seed42.png,,4.1
2026-08-18T09:19:31.126934,flux,es,MB036,42,SUCCESS,data\generated_images\phase2b\flux\es\MB036_seed42.png,,4.2
2026-08-18T09:19:35.291629,flux,es,MB037,42,SUCCESS,data\generated_images\phase2b\flux\es\MB037_seed42.png,,4.2
2026-08-18T09:19:39.501248,flux,es,MB040,42,SUCCESS,data\generated_images\phase2b\flux\es\MB040_seed42.png,,4.2
2026-08-18T09:19:43.576758,flux,es,MB041,42,SUCCESS,data\generated_images\phase2b\flux\es\MB041_seed42.png,,4.1
2026-08-18T09:19:47.956881,flux,es,MB042,42,SUCCESS,data\generated_images\phase2b\flux\es\MB042_seed42.png,,4.4
2026-08-18T09:19:52.316807,flux,es,MB043,42,SUCCESS,data\generated_images\phase2b\flux\es\MB043_seed42.png,,4.4
2026-08-18T09:19:56.286967,flux,es,MB044,42,SUCCESS,data\generated_images\phase2b\flux\es\MB044_seed42.png,,4.0
2026-08-18T09:20:00.576670,flux,es,MB045,42,SUCCESS,data\generated_images\phase2b\flux\es\MB045_seed42.png,,4.3
2026-08-18T09:20:04.736863,flux,es,MB046,42,SUCCESS,data\generated_images\phase2b\flux\es\MB046_seed42.png,,4.2
2026-08-18T09:20:09.386546,flux,es,MB047,42,SUCCESS,data\generated_images\phase2b\flux\es\MB047_seed42.png,,4.6
2026-08-18T09:20:13.626838,flux,es,MB048,42,SUCCESS,data\generated_images\phase2b\flux\es\MB048_seed42.png,,4.2
2026-08-18T09:20:18.371712,flux,es,MB049,42,SUCCESS,data\generated_images\phase2b\flux\es\MB049_seed42.png,,4.7
2026-08-18T09:20:22.551713,flux,es,MB050,42,SUCCESS,data\generated_images\phase2b\flux\es\MB050_seed42.png,,4.2
2026-08-18T09:20:26.501548,flux,es,MB051,42,SUCCESS,data\generated_images\phase2b\flux\es\MB051_seed42.png,,3.9
2026-08-18T09:20:30.657869,flux,es,MB052,42,SUCCESS,data\generated_images\phase2b\flux\es\MB052_seed42.png,,4.2
2026-08-18T09:20:34.636542,flux,es,MB053,42,SUCCESS,data\generated_images\phase2b\flux\es\MB053_seed42.png,,4.0
2026-08-18T09:20:38.841821,flux,es,MB054,42,SUCCESS,data\generated_images\phase2b\flux\es\MB054_seed42.png,,4.2
2026-08-18T09:20:42.986647,flux,es,MB055,42,SUCCESS,data\generated_images\phase2b\flux\es\MB055_seed42.png,,4.1
2026-08-18T09:20:47.426854,flux,es,MB056,42,SUCCESS,data\generated_images\phase2b\flux\es\MB056_seed42.png,,4.4
2026-08-18T09:20:53.356823,flux,es,MB057,42,SUCCESS,data\generated_images\phase2b\flux\es\MB057_seed42.png,,5.9
2026-08-18T09:20:57.836716,flux,es,MB058,42,SUCCESS,data\generated_images\phase2b\flux\es\MB058_seed42.png,,4.5
2026-08-18T09:21:02.056474,flux,es,MB059,42,SUCCESS,data\generated_images\phase2b\flux\es\MB059_seed42.png,,4.2
2026-08-18T09:21:06.731515,flux,es,MB060,42,SUCCESS,data\generated_images\phase2b\flux\es\MB060_seed42.png,,4.7
2026-08-18T09:21:10.806558,flux,es,MB062,42,SUCCESS,data\generated_images\phase2b\flux\es\MB062_seed42.png,,4.1
2026-08-18T09:21:14.986521,flux,es,MB063,42,SUCCESS,data\generated_images\phase2b\flux\es\MB063_seed42.png,,4.2
2026-08-18T09:21:18.956694,flux,es,MB064,42,SUCCESS,data\generated_images\phase2b\flux\es\MB064_seed42.png,,4.0
2026-08-18T09:21:23.646350,flux,es,MB065,42,SUCCESS,data\generated_images\phase2b\flux\es\MB065_seed42.png,,4.7
2026-08-18T09:21:28.151347,flux,es,MB066,42,SUCCESS,data\generated_images\phase2b\flux\es\MB066_seed42.png,,4.5
2026-08-18T09:21:32.796794,flux,es,MB067,42,SUCCESS,data\generated_images\phase2b\flux\es\MB067_seed42.png,,4.6
2026-08-18T09:21:36.971373,flux,es,MB068,42,SUCCESS,data\generated_images\phase2b\flux\es\MB068_seed42.png,,4.2
2026-08-18T09:21:42.046583,flux,es,MB069,42,SUCCESS,data\generated_images\phase2b\flux\es\MB069_seed42.png,,5.1
2026-08-18T09:21:46.402199,flux,es,MB070,42,SUCCESS,data\generated_images\phase2b\flux\es\MB070_seed42.png,,4.4
2026-08-18T09:21:50.656526,flux,es,MB071,42,SUCCESS,data\generated_images\phase2b\flux\es\MB071_seed42.png,,4.2
2026-08-18T09:21:54.771374,flux,es,MB072,42,SUCCESS,data\generated_images\phase2b\flux\es\MB072_seed42.png,,4.1
2026-08-18T09:21:59.356611,flux,es,MB073,42,SUCCESS,data\generated_images\phase2b\flux\es\MB073_seed42.png,,4.6
2026-08-18T09:22:04.071591,flux,es,MB074,42,SUCCESS,data\generated_images\phase2b\flux\es\MB074_seed42.png,,4.7
2026-08-18T09:22:08.536459,flux,es,MB075,42,SUCCESS,data\generated_images\phase2b\flux\es\MB075_seed42.png,,4.5
2026-08-18T09:22:13.251652,flux,es,MB076,42,SUCCESS,data\generated_images\phase2b\flux\es\MB076_seed42.png,,4.7
2026-08-18T09:22:17.281509,flux,es,MB077,42,SUCCESS,data\generated_images\phase2b\flux\es\MB077_seed42.png,,4.0
2026-08-18T09:22:22.416448,flux,es,MB078,42,SUCCESS,data\generated_images\phase2b\flux\es\MB078_seed42.png,,5.1
2026-08-18T09:22:27.566413,flux,es,MB079,42,SUCCESS,data\generated_images\phase2b\flux\es\MB079_seed42.png,,5.1
2026-08-18T09:22:32.036296,flux,es,MB080,42,SUCCESS,data\generated_images\phase2b\flux\es\MB080_seed42.png,,4.5
2026-08-18T09:22:36.446446,flux,es,MB081,42,SUCCESS,data\generated_images\phase2b\flux\es\MB081_seed42.png,,4.4
2026-08-18T09:22:41.561576,flux,es,MB082,42,SUCCESS,data\generated_images\phase2b\flux\es\MB082_seed42.png,,5.1
2026-08-18T09:22:45.696656,flux,es,MB083,42,SUCCESS,data\generated_images\phase2b\flux\es\MB083_seed42.png,,4.1
2026-08-18T09:22:50.631128,flux,es,MB085,42,SUCCESS,data\generated_images\phase2b\flux\es\MB085_seed42.png,,4.9
2026-08-18T09:22:55.239291,flux,es,MB086,42,SUCCESS,data\generated_images\phase2b\flux\es\MB086_seed42.png,,4.6
2026-08-18T09:23:00.143454,flux,es,MB087,42,SUCCESS,data\generated_images\phase2b\flux\es\MB087_seed42.png,,4.9
2026-08-18T09:23:04.846328,flux,es,MB088,42,SUCCESS,data\generated_images\phase2b\flux\es\MB088_seed42.png,,4.7
2026-08-18T09:23:09.396536,flux,es,MB089,42,SUCCESS,data\generated_images\phase2b\flux\es\MB089_seed42.png,,4.6
2026-08-18T09:23:13.941518,flux,es,MB090,42,SUCCESS,data\generated_images\phase2b\flux\es\MB090_seed42.png,,4.5
2026-08-18T09:23:19.006540,flux,es,MB091,42,SUCCESS,data\generated_images\phase2b\flux\es\MB091_seed42.png,,5.1
2026-08-18T09:23:23.336375,flux,es,MB092,42,SUCCESS,data\generated_images\phase2b\flux\es\MB092_seed42.png,,4.3
2026-08-18T09:23:28.276510,flux,es,MB093,42,SUCCESS,data\generated_images\phase2b\flux\es\MB093_seed42.png,,4.9
2026-08-18T09:23:33.186407,flux,es,MB095,42,SUCCESS,data\generated_images\phase2b\flux\es\MB095_seed42.png,,4.9
2026-08-18T09:23:38.046146,flux,es,MB096,42,SUCCESS,data\generated_images\phase2b\flux\es\MB096_seed42.png,,4.9
2026-08-18T09:23:43.726685,flux,es,MB097,42,SUCCESS,data\generated_images\phase2b\flux\es\MB097_seed42.png,,5.7
2026-08-18T09:23:48.291045,flux,es,MB098,42,SUCCESS,data\generated_images\phase2b\flux\es\MB098_seed42.png,,4.6
2026-08-18T09:23:53.806024,flux,es,MB099,42,SUCCESS,data\generated_images\phase2b\flux\es\MB099_seed42.png,,5.5
2026-08-18T09:23:58.081082,flux,es,MB100,42,SUCCESS,data\generated_images\phase2b\flux\es\MB100_seed42.png,,4.3
2026-08-18T09:24:02.426207,flux,es,MB101,42,SUCCESS,data\generated_images\phase2b\flux\es\MB101_seed42.png,,4.3
2026-08-18T09:24:07.016146,flux,es,MB102,42,SUCCESS,data\generated_images\phase2b\flux\es\MB102_seed42.png,,4.6
2026-08-18T09:24:11.351273,flux,es,MB103,42,SUCCESS,data\generated_images\phase2b\flux\es\MB103_seed42.png,,4.3
2026-08-18T09:24:16.451358,flux,es,MB104,42,SUCCESS,data\generated_images\phase2b\flux\es\MB104_seed42.png,,5.1
2026-08-18T09:24:21.006014,flux,es,MB105,42,SUCCESS,data\generated_images\phase2b\flux\es\MB105_seed42.png,,4.6
2026-08-18T09:24:25.941002,flux,es,MB106,42,SUCCESS,data\generated_images\phase2b\flux\es\MB106_seed42.png,,4.9
2026-08-18T09:24:30.306108,flux,es,MB107,42,SUCCESS,data\generated_images\phase2b\flux\es\MB107_seed42.png,,4.4
2026-08-18T09:24:34.845977,flux,es,MB108,42,SUCCESS,data\generated_images\phase2b\flux\es\MB108_seed42.png,,4.5
2026-08-18T09:24:39.886218,flux,es,MB109,42,SUCCESS,data\generated_images\phase2b\flux\es\MB109_seed42.png,,5.0
2026-08-18T09:24:44.411062,flux,es,MB110,42,SUCCESS,data\generated_images\phase2b\flux\es\MB110_seed42.png,,4.5
2026-08-18T09:24:48.996402,flux,es,MB112,42,SUCCESS,data\generated_images\phase2b\flux\es\MB112_seed42.png,,4.6
2026-08-18T09:24:53.716159,flux,es,MB113,42,SUCCESS,data\generated_images\phase2b\flux\es\MB113_seed42.png,,4.7
2026-08-18T09:24:59.346218,flux,es,MB114,42,SUCCESS,data\generated_images\phase2b\flux\es\MB114_seed42.png,,5.6
2026-08-18T09:25:04.466193,flux,es,MB115,42,SUCCESS,data\generated_images\phase2b\flux\es\MB115_seed42.png,,5.1
2026-08-18T09:25:09.445896,flux,es,MB116,42,SUCCESS,data\generated_images\phase2b\flux\es\MB116_seed42.png,,5.0
2026-08-18T09:25:15.120840,flux,es,MB117,42,SUCCESS,data\generated_images\phase2b\flux\es\MB117_seed42.png,,5.7
2026-08-18T09:25:20.376000,flux,es,MB118,42,SUCCESS,data\generated_images\phase2b\flux\es\MB118_seed42.png,,5.3
2026-08-18T09:25:26.237570,flux,es,MB119,42,SUCCESS,data\generated_images\phase2b\flux\es\MB119_seed42.png,,5.9
2026-08-18T09:25:31.270908,flux,es,MB120,42,SUCCESS,data\generated_images\phase2b\flux\es\MB120_seed42.png,,5.0
2026-08-18T09:25:36.520811,flux,es,MB121,42,SUCCESS,data\generated_images\phase2b\flux\es\MB121_seed42.png,,5.2
2026-08-18T09:25:42.695987,flux,es,MB122,42,SUCCESS,data\generated_images\phase2b\flux\es\MB122_seed42.png,,6.2
2026-08-18T09:25:53.690812,flux,es,MB123,42,SUCCESS,data\generated_images\phase2b\flux\es\MB123_seed42.png,,11.0
2026-08-18T09:26:01.516213,flux,es,MB124,42,SUCCESS,data\generated_images\phase2b\flux\es\MB124_seed42.png,,7.8
2026-08-18T09:26:07.525794,flux,es,MB126,42,SUCCESS,data\generated_images\phase2b\flux\es\MB126_seed42.png,,6.0
2026-08-18T09:26:12.690869,flux,es,MB127,42,SUCCESS,data\generated_images\phase2b\flux\es\MB127_seed42.png,,5.2
2026-08-18T09:26:17.865901,flux,es,MB129,42,SUCCESS,data\generated_images\phase2b\flux\es\MB129_seed42.png,,5.2
2026-08-18T09:26:23.507393,flux,es,MB130,42,SUCCESS,data\generated_images\phase2b\flux\es\MB130_seed42.png,,5.6
2026-08-18T09:26:30.880767,flux,es,MB131,42,SUCCESS,data\generated_images\phase2b\flux\es\MB131_seed42.png,,7.4
2026-08-18T09:26:37.725537,flux,es,MB132,42,SUCCESS,data\generated_images\phase2b\flux\es\MB132_seed42.png,,6.8
2026-08-18T09:26:42.060388,flux,es,MB133,42,SUCCESS,data\generated_images\phase2b\flux\es\MB133_seed42.png,,4.3
2026-08-18T09:26:46.382674,flux,es,MB134,42,SUCCESS,data\generated_images\phase2b\flux\es\MB134_seed42.png,,4.3
2026-08-18T09:26:53.775808,flux,es,MB135,42,SUCCESS,data\generated_images\phase2b\flux\es\MB135_seed42.png,,7.4
2026-08-18T09:26:59.095320,flux,es,MB136,42,SUCCESS,data\generated_images\phase2b\flux\es\MB136_seed42.png,,5.3
2026-08-18T09:27:05.150984,flux,es,MB137,42,SUCCESS,data\generated_images\phase2b\flux\es\MB137_seed42.png,,6.1
2026-08-18T09:27:10.120973,flux,es,MB138,42,SUCCESS,data\generated_images\phase2b\flux\es\MB138_seed42.png,,5.0
2026-08-18T09:27:19.324198,flux,es,MB139,42,SUCCESS,data\generated_images\phase2b\flux\es\MB139_seed42.png,,9.2
2026-08-18T09:27:24.121178,flux,es,MB140,42,SUCCESS,data\generated_images\phase2b\flux\es\MB140_seed42.png,,4.8
2026-08-18T09:27:28.975880,flux,es,MB141,42,SUCCESS,data\generated_images\phase2b\flux\es\MB141_seed42.png,,4.9
2026-08-18T09:27:33.880655,flux,es,MB142,42,SUCCESS,data\generated_images\phase2b\flux\es\MB142_seed42.png,,4.9
2026-08-18T09:27:39.185604,flux,es,MB143,42,SUCCESS,data\generated_images\phase2b\flux\es\MB143_seed42.png,,5.3
2026-08-18T09:27:44.326218,flux,es,MB144,42,SUCCESS,data\generated_images\phase2b\flux\es\MB144_seed42.png,,5.1
2026-08-18T09:27:50.860567,flux,es,MB145,42,SUCCESS,data\generated_images\phase2b\flux\es\MB145_seed42.png,,6.5
2026-08-18T09:27:55.805671,flux,es,MB146,42,SUCCESS,data\generated_images\phase2b\flux\es\MB146_seed42.png,,4.9
2026-08-18T09:28:02.350634,flux,es,MB147,42,SUCCESS,data\generated_images\phase2b\flux\es\MB147_seed42.png,,6.5
2026-08-18T09:28:07.305915,flux,es,MB148,42,SUCCESS,data\generated_images\phase2b\flux\es\MB148_seed42.png,,5.0
2026-08-18T09:28:12.140566,flux,es,MB149,42,SUCCESS,data\generated_images\phase2b\flux\es\MB149_seed42.png,,4.8
2026-08-18T09:28:18.592203,flux,es,MB150,42,SUCCESS,data\generated_images\phase2b\flux\es\MB150_seed42.png,,6.5
2026-08-18T09:29:20.256670,sd15,de,MB006,42,FAIL,,"NSFW content detected. Try running it again, or try a different prompt.",20.9
2026-08-18T09:29:27.505648,sd15,es,MB077,42,FAIL,,"NSFW content detected. Try running it again, or try a different prompt.",2.1
2026-08-18T09:47:24.533104,sd15,de,MB006,42,SUCCESS,data\generated_images\phase2b\sd15\de\MB006_seed42.png,,3.7
2026-08-18T09:47:26.252889,sd15,es,MB077,42,FAIL,,"NSFW content detected. Try running it again, or try a different prompt.",1.7
2026-08-18T09:47:43.386701,sd15,es,MB077,42,FAIL,,"NSFW content detected. Try running it again, or try a different prompt.",2.5
2026-08-18T09:48:25.820140,sd15,es,MB077,42,FAIL,,"NSFW content detected. Try running it again, or try a different prompt.",2.3
2026-08-18T09:58:09.718074,sd15,es,MB077,42,FAIL,,"NSFW content detected. Try running it again, or try a different prompt.",2.5
2026-08-18T09:59:35.588238,sd15,es,MB077,42,SUCCESS,data\generated_images\phase2b\sd15\es\MB077_seed42.png,,4.4
