brief_id,model,language,node1_pass,node1_score,node1_short_circuit,node2_pass,node2_score,node2_skipped,node3_pass,node3_score,node3_skipped,node4_pass,node4_score,node4_skipped,node4_skipped_reason,node4_clcg_interpretable,node5_pass,node5_score,compliance_score,failure_diagnosis
MB001,sd15,de,False,0.0,True,,0.0,True,,0.0,True,,0.0,True,short_circuit,False,,0.0,0.0,[MB001] NON-COMPLIANT — Node1: required objects absent (short-circuit triggered); Node2/Node3: skipped — object presence failed upstream
MB001,flux,de,True,1.0,False,False,0.0,False,True,1.0,False,False,0.0,False,,True,True,0.6181,0.5618,[MB001] NON-COMPLIANT — Node2: spatial constraints not satisfied; Node4: required text not legibly rendered
MB002,sd15,de,False,0.0,True,,0.0,True,,0.0,True,,0.0,True,short_circuit,False,,0.0,0.0,[MB002] NON-COMPLIANT — Node1: required objects absent (short-circuit triggered); Node2/Node3: skipped — object presence failed upstream
MB002,flux,de,True,1.0,False,True,1.0,False,False,0.5,False,False,0.0,False,,True,True,0.6136,0.6614,[MB002] NON-COMPLIANT — Node3: colour attributes not satisfied; Node4: required text not legibly rendered
MB003,sd15,de,False,0.0,True,,0.0,True,,0.0,True,,0.0,True,short_circuit,False,,0.0,0.0,[MB003] NON-COMPLIANT — Node1: required objects absent (short-circuit triggered); Node2/Node3: skipped — object presence failed upstream
MB003,flux,de,True,1.0,False,False,0.0,False,True,1.0,False,True,1.0,False,,True,True,0.6169,0.7617,[MB003] NON-COMPLIANT — Node2: spatial constraints not satisfied
MB004,sd15,de,False,0.5,True,,0.0,True,,0.0,True,,0.0,True,short_circuit,False,,0.0,0.15,[MB004] NON-COMPLIANT — Node1: required objects absent (short-circuit triggered); Node2/Node3: skipped — object presence failed upstream
MB004,flux,de,False,0.5,True,,0.0,True,,0.0,True,,0.0,True,short_circuit,True,,0.0,0.15,[MB004] NON-COMPLIANT — Node1: required objects absent (short-circuit triggered); Node2/Node3: skipped — object presence failed upstream
MB005,sd15,de,True,1.0,False,True,1.0,False,False,0.5,False,,0.0,True,sd15_architectural,False,True,0.604,0.6604,[MB005] NON-COMPLIANT — Node3: colour attributes not satisfied; Node4: SD v1.5 architectural limitation — text rendering unreliable (Phase 1C accuracy=0.1667); scored as 0.0 in compliance score; excluded from CLCG heatmap in Phase 2B
MB005,flux,de,True,1.0,False,True,1.0,False,True,1.0,False,False,0.1667,False,,True,True,0.6221,0.7955,[MB005] NON-COMPLIANT — Node4: required text not legibly rendered
MB006,sd15,de,False,0.5,True,,0.0,True,,0.0,True,,0.0,True,short_circuit,False,,0.0,0.15,[MB006] NON-COMPLIANT — Node1: required objects absent (short-circuit triggered); Node2/Node3: skipped — object presence failed upstream
MB006,flux,de,False,0.5,True,,0.0,True,,0.0,True,,0.0,True,short_circuit,True,,0.0,0.15,[MB006] NON-COMPLIANT — Node1: required objects absent (short-circuit triggered); Node2/Node3: skipped — object presence failed upstream
MB007,sd15,de,False,0.5,True,,0.0,True,,0.0,True,,0.0,True,short_circuit,False,,0.0,0.15,[MB007] NON-COMPLIANT — Node1: required objects absent (short-circuit triggered); Node2/Node3: skipped — object presence failed upstream
MB007,flux,de,True,1.0,False,True,1.0,False,True,1.0,False,True,0.5455,False,,True,True,0.6219,0.8713,[MB007] COMPLIANT — all constraints satisfied
MB008,sd15,de,False,0.5,True,,0.0,True,,0.0,True,,0.0,True,short_circuit,False,,0.0,0.15,[MB008] NON-COMPLIANT — Node1: required objects absent (short-circuit triggered); Node2/Node3: skipped — object presence failed upstream
MB008,flux,de,True,1.0,False,True,1.0,False,False,0.5,False,True,0.5,False,,True,True,0.5999,0.76,[MB008] NON-COMPLIANT — Node3: colour attributes not satisfied
MB009,sd15,de,False,0.5,True,,0.0,True,,0.0,True,,0.0,True,short_circuit,False,,0.0,0.15,[MB009] NON-COMPLIANT — Node1: required objects absent (short-circuit triggered); Node2/Node3: skipped — object presence failed upstream
MB009,flux,de,True,1.0,False,False,0.0,False,True,1.0,False,False,0.0,False,,True,True,0.6173,0.5617,[MB009] NON-COMPLIANT — Node2: spatial constraints not satisfied; Node4: required text not legibly rendered
MB010,sd15,de,False,0.5,True,,0.0,True,,0.0,True,,0.0,True,short_circuit,False,,0.0,0.15,[MB010] NON-COMPLIANT — Node1: required objects absent (short-circuit triggered); Node2/Node3: skipped — object presence failed upstream
MB010,flux,de,True,1.0,False,True,1.0,False,False,0.0,False,True,1.0,False,,True,True,0.61,0.761,[MB010] NON-COMPLIANT — Node3: colour attributes not satisfied
MB011,sd15,de,True,1.0,False,True,1.0,False,False,0.5,False,,0.0,True,sd15_architectural,False,True,0.6003,0.66,[MB011] NON-COMPLIANT — Node3: colour attributes not satisfied; Node4: SD v1.5 architectural limitation — text rendering unreliable (Phase 1C accuracy=0.1667); scored as 0.0 in compliance score; excluded from CLCG heatmap in Phase 2B
MB011,flux,de,True,1.0,False,True,1.0,False,False,0.5,False,True,1.0,False,,True,True,0.6242,0.8624,[MB011] NON-COMPLIANT — Node3: colour attributes not satisfied
MB012,sd15,de,True,1.0,False,False,0.0,False,True,1.0,False,,0.0,True,sd15_architectural,False,True,0.5963,0.5596,[MB012] NON-COMPLIANT — Node2: spatial constraints not satisfied; Node4: SD v1.5 architectural limitation — text rendering unreliable (Phase 1C accuracy=0.1667); scored as 0.0 in compliance score; excluded from CLCG heatmap in Phase 2B
MB012,flux,de,True,1.0,False,True,1.0,False,True,1.0,False,True,1.0,False,,True,True,0.6221,0.9622,[MB012] COMPLIANT — all constraints satisfied
MB013,sd15,de,False,0.5,True,,0.0,True,,0.0,True,,0.0,True,short_circuit,False,,0.0,0.15,[MB013] NON-COMPLIANT — Node1: required objects absent (short-circuit triggered); Node2/Node3: skipped — object presence failed upstream
MB013,flux,de,True,1.0,False,False,0.0,False,True,1.0,False,True,1.0,False,,True,True,0.6246,0.7625,[MB013] NON-COMPLIANT — Node2: spatial constraints not satisfied
MB014,sd15,de,False,0.5,True,,0.0,True,,0.0,True,,0.0,True,short_circuit,False,,0.0,0.15,[MB014] NON-COMPLIANT — Node1: required objects absent (short-circuit triggered); Node2/Node3: skipped — object presence failed upstream
MB014,flux,de,True,1.0,False,False,0.0,False,False,0.5,False,True,1.0,False,,True,True,0.6293,0.6629,[MB014] NON-COMPLIANT — Node2: spatial constraints not satisfied; Node3: colour attributes not satisfied
MB015,sd15,de,False,0.5,True,,0.0,True,,0.0,True,,0.0,True,short_circuit,False,,0.0,0.15,[MB015] NON-COMPLIANT — Node1: required objects absent (short-circuit triggered); Node2/Node3: skipped — object presence failed upstream
MB015,flux,de,True,1.0,False,True,1.0,False,True,1.0,False,True,0.9091,False,,True,True,0.6188,0.9437,[MB015] COMPLIANT — all constraints satisfied
MB016,sd15,de,True,1.0,False,False,0.0,False,False,0.5,False,,0.0,True,sd15_architectural,False,True,0.5992,0.4599,[MB016] NON-COMPLIANT — Node2: spatial constraints not satisfied; Node3: colour attributes not satisfied; Node4: SD v1.5 architectural limitation — text rendering unreliable (Phase 1C accuracy=0.1667); scored as 0.0 in compliance score; excluded from CLCG heatmap in Phase 2B
MB016,flux,de,True,1.0,False,True,1.0,False,True,1.0,False,True,1.0,False,,True,True,0.6158,0.9616,[MB016] COMPLIANT — all constraints satisfied
MB017,sd15,de,False,0.0,True,,0.0,True,,0.0,True,,0.0,True,short_circuit,False,,0.0,0.0,[MB017] NON-COMPLIANT — Node1: required objects absent (short-circuit triggered); Node2/Node3: skipped — object presence failed upstream
MB017,flux,de,False,0.5,True,,0.0,True,,0.0,True,,0.0,True,short_circuit,True,,0.0,0.15,[MB017] NON-COMPLIANT — Node1: required objects absent (short-circuit triggered); Node2/Node3: skipped — object presence failed upstream
MB018,sd15,de,False,0.5,True,,0.0,True,,0.0,True,,0.0,True,short_circuit,False,,0.0,0.15,[MB018] NON-COMPLIANT — Node1: required objects absent (short-circuit triggered); Node2/Node3: skipped — object presence failed upstream
MB018,flux,de,False,0.5,True,,0.0,True,,0.0,True,,0.0,True,short_circuit,True,,0.0,0.15,[MB018] NON-COMPLIANT — Node1: required objects absent (short-circuit triggered); Node2/Node3: skipped — object presence failed upstream
MB019,sd15,de,False,0.5,True,,0.0,True,,0.0,True,,0.0,True,short_circuit,False,,0.0,0.15,[MB019] NON-COMPLIANT — Node1: required objects absent (short-circuit triggered); Node2/Node3: skipped — object presence failed upstream
MB019,flux,de,True,1.0,False,False,0.0,False,True,1.0,False,True,1.0,False,,True,True,0.6144,0.7614,[MB019] NON-COMPLIANT — Node2: spatial constraints not satisfied
MB020,sd15,de,False,0.5,True,,0.0,True,,0.0,True,,0.0,True,short_circuit,False,,0.0,0.15,[MB020] NON-COMPLIANT — Node1: required objects absent (short-circuit triggered); Node2/Node3: skipped — object presence failed upstream
MB020,flux,de,False,0.5,True,,0.0,True,,0.0,True,,0.0,True,short_circuit,True,,0.0,0.15,[MB020] NON-COMPLIANT — Node1: required objects absent (short-circuit triggered); Node2/Node3: skipped — object presence failed upstream
MB021,sd15,de,False,0.5,True,,0.0,True,,0.0,True,,0.0,True,short_circuit,False,,0.0,0.15,[MB021] NON-COMPLIANT — Node1: required objects absent (short-circuit triggered); Node2/Node3: skipped — object presence failed upstream
MB021,flux,de,True,1.0,False,False,0.0,False,True,1.0,False,True,1.0,False,,True,True,0.6204,0.762,[MB021] NON-COMPLIANT — Node2: spatial constraints not satisfied
MB022,sd15,de,False,0.0,True,,0.0,True,,0.0,True,,0.0,True,short_circuit,False,,0.0,0.0,[MB022] NON-COMPLIANT — Node1: required objects absent (short-circuit triggered); Node2/Node3: skipped — object presence failed upstream
MB022,flux,de,True,1.0,False,True,1.0,False,True,1.0,False,True,0.8,False,,True,True,0.6184,0.9218,[MB022] COMPLIANT — all constraints satisfied
MB023,sd15,de,False,0.0,True,,0.0,True,,0.0,True,,0.0,True,short_circuit,False,,0.0,0.0,[MB023] NON-COMPLIANT — Node1: required objects absent (short-circuit triggered); Node2/Node3: skipped — object presence failed upstream
MB023,flux,de,True,1.0,False,True,1.0,False,True,1.0,False,True,1.0,False,,True,True,0.626,0.9626,[MB023] COMPLIANT — all constraints satisfied
MB024,sd15,de,False,0.5,True,,0.0,True,,0.0,True,,0.0,True,short_circuit,False,,0.0,0.15,[MB024] NON-COMPLIANT — Node1: required objects absent (short-circuit triggered); Node2/Node3: skipped — object presence failed upstream
MB024,flux,de,False,0.5,True,,0.0,True,,0.0,True,,0.0,True,short_circuit,True,,0.0,0.15,[MB024] NON-COMPLIANT — Node1: required objects absent (short-circuit triggered); Node2/Node3: skipped — object presence failed upstream
MB025,sd15,de,False,0.0,True,,0.0,True,,0.0,True,,0.0,True,short_circuit,False,,0.0,0.0,[MB025] NON-COMPLIANT — Node1: required objects absent (short-circuit triggered); Node2/Node3: skipped — object presence failed upstream
MB025,flux,de,False,0.5,True,,0.0,True,,0.0,True,,0.0,True,short_circuit,True,,0.0,0.15,[MB025] NON-COMPLIANT — Node1: required objects absent (short-circuit triggered); Node2/Node3: skipped — object presence failed upstream
MB026,sd15,de,False,0.5,True,,0.0,True,,0.0,True,,0.0,True,short_circuit,False,,0.0,0.15,[MB026] NON-COMPLIANT — Node1: required objects absent (short-circuit triggered); Node2/Node3: skipped — object presence failed upstream
MB026,flux,de,True,1.0,False,True,1.0,False,False,0.5,False,True,0.9091,False,,True,True,0.6165,0.8435,[MB026] NON-COMPLIANT — Node3: colour attributes not satisfied
MB027,sd15,de,False,0.0,True,,0.0,True,,0.0,True,,0.0,True,short_circuit,False,,0.0,0.0,[MB027] NON-COMPLIANT — Node1: required objects absent (short-circuit triggered); Node2/Node3: skipped — object presence failed upstream
MB027,flux,de,True,1.0,False,False,0.0,False,True,1.0,False,True,1.0,False,,True,True,0.6203,0.762,[MB027] NON-COMPLIANT — Node2: spatial constraints not satisfied
MB028,sd15,de,False,0.5,True,,0.0,True,,0.0,True,,0.0,True,short_circuit,False,,0.0,0.15,[MB028] NON-COMPLIANT — Node1: required objects absent (short-circuit triggered); Node2/Node3: skipped — object presence failed upstream
MB028,flux,de,False,0.5,True,,0.0,True,,0.0,True,,0.0,True,short_circuit,True,,0.0,0.15,[MB028] NON-COMPLIANT — Node1: required objects absent (short-circuit triggered); Node2/Node3: skipped — object presence failed upstream
MB029,sd15,de,True,1.0,False,True,1.0,False,False,0.5,False,,0.0,True,sd15_architectural,False,True,0.6006,0.6601,[MB029] NON-COMPLIANT — Node3: colour attributes not satisfied; Node4: SD v1.5 architectural limitation — text rendering unreliable (Phase 1C accuracy=0.1667); scored as 0.0 in compliance score; excluded from CLCG heatmap in Phase 2B
MB029,flux,de,False,0.5,True,,0.0,True,,0.0,True,,0.0,True,short_circuit,True,,0.0,0.15,[MB029] NON-COMPLIANT — Node1: required objects absent (short-circuit triggered); Node2/Node3: skipped — object presence failed upstream
MB030,sd15,de,True,1.0,False,True,1.0,False,False,0.0,False,,0.0,True,sd15_architectural,False,True,0.5955,0.5595,[MB030] NON-COMPLIANT — Node3: colour attributes not satisfied; Node4: SD v1.5 architectural limitation — text rendering unreliable (Phase 1C accuracy=0.1667); scored as 0.0 in compliance score; excluded from CLCG heatmap in Phase 2B
MB030,flux,de,True,1.0,False,False,0.0,False,True,1.0,False,False,0.0,False,,True,True,0.6196,0.562,[MB030] NON-COMPLIANT — Node2: spatial constraints not satisfied; Node4: required text not legibly rendered
MB031,sd15,de,False,0.5,True,,0.0,True,,0.0,True,,0.0,True,short_circuit,False,,0.0,0.15,[MB031] NON-COMPLIANT — Node1: required objects absent (short-circuit triggered); Node2/Node3: skipped — object presence failed upstream
MB031,flux,de,False,0.5,True,,0.0,True,,0.0,True,,0.0,True,short_circuit,True,,0.0,0.15,[MB031] NON-COMPLIANT — Node1: required objects absent (short-circuit triggered); Node2/Node3: skipped — object presence failed upstream
MB032,sd15,de,False,0.5,True,,0.0,True,,0.0,True,,0.0,True,short_circuit,False,,0.0,0.15,[MB032] NON-COMPLIANT — Node1: required objects absent (short-circuit triggered); Node2/Node3: skipped — object presence failed upstream
MB032,flux,de,True,1.0,False,True,1.0,False,True,1.0,False,True,1.0,False,,True,True,0.6091,0.9609,[MB032] COMPLIANT — all constraints satisfied
MB033,sd15,de,False,0.0,True,,0.0,True,,0.0,True,,0.0,True,short_circuit,False,,0.0,0.0,[MB033] NON-COMPLIANT — Node1: required objects absent (short-circuit triggered); Node2/Node3: skipped — object presence failed upstream
MB033,flux,de,False,0.5,True,,0.0,True,,0.0,True,,0.0,True,short_circuit,True,,0.0,0.15,[MB033] NON-COMPLIANT — Node1: required objects absent (short-circuit triggered); Node2/Node3: skipped — object presence failed upstream
MB034,sd15,de,False,0.0,True,,0.0,True,,0.0,True,,0.0,True,short_circuit,False,,0.0,0.0,[MB034] NON-COMPLIANT — Node1: required objects absent (short-circuit triggered); Node2/Node3: skipped — object presence failed upstream
MB034,flux,de,False,0.5,True,,0.0,True,,0.0,True,,0.0,True,short_circuit,True,,0.0,0.15,[MB034] NON-COMPLIANT — Node1: required objects absent (short-circuit triggered); Node2/Node3: skipped — object presence failed upstream
MB035,sd15,de,False,0.5,True,,0.0,True,,0.0,True,,0.0,True,short_circuit,False,,0.0,0.15,[MB035] NON-COMPLIANT — Node1: required objects absent (short-circuit triggered); Node2/Node3: skipped — object presence failed upstream
MB035,flux,de,True,1.0,False,False,0.0,False,True,1.0,False,True,1.0,False,,True,True,0.6172,0.7617,[MB035] NON-COMPLIANT — Node2: spatial constraints not satisfied
MB036,sd15,de,False,0.5,True,,0.0,True,,0.0,True,,0.0,True,short_circuit,False,,0.0,0.15,[MB036] NON-COMPLIANT — Node1: required objects absent (short-circuit triggered); Node2/Node3: skipped — object presence failed upstream
MB036,flux,de,False,0.5,True,,0.0,True,,0.0,True,,0.0,True,short_circuit,True,,0.0,0.15,[MB036] NON-COMPLIANT — Node1: required objects absent (short-circuit triggered); Node2/Node3: skipped — object presence failed upstream
MB037,sd15,de,False,0.0,True,,0.0,True,,0.0,True,,0.0,True,short_circuit,False,,0.0,0.0,[MB037] NON-COMPLIANT — Node1: required objects absent (short-circuit triggered); Node2/Node3: skipped — object presence failed upstream
MB037,flux,de,False,0.0,True,,0.0,True,,0.0,True,,0.0,True,short_circuit,True,,0.0,0.0,[MB037] NON-COMPLIANT — Node1: required objects absent (short-circuit triggered); Node2/Node3: skipped — object presence failed upstream
MB038,sd15,de,True,1.0,False,False,0.0,False,True,1.0,False,,0.0,True,sd15_architectural,False,True,0.602,0.5602,[MB038] NON-COMPLIANT — Node2: spatial constraints not satisfied; Node4: SD v1.5 architectural limitation — text rendering unreliable (Phase 1C accuracy=0.1667); scored as 0.0 in compliance score; excluded from CLCG heatmap in Phase 2B
MB038,flux,de,False,0.5,True,,0.0,True,,0.0,True,,0.0,True,short_circuit,True,,0.0,0.15,[MB038] NON-COMPLIANT — Node1: required objects absent (short-circuit triggered); Node2/Node3: skipped — object presence failed upstream
MB039,sd15,de,True,1.0,False,True,1.0,False,False,0.5,False,,0.0,True,sd15_architectural,False,True,0.6011,0.6601,[MB039] NON-COMPLIANT — Node3: colour attributes not satisfied; Node4: SD v1.5 architectural limitation — text rendering unreliable (Phase 1C accuracy=0.1667); scored as 0.0 in compliance score; excluded from CLCG heatmap in Phase 2B
MB039,flux,de,False,0.5,True,,0.0,True,,0.0,True,,0.0,True,short_circuit,True,,0.0,0.15,[MB039] NON-COMPLIANT — Node1: required objects absent (short-circuit triggered); Node2/Node3: skipped — object presence failed upstream
MB040,sd15,de,False,0.0,True,,0.0,True,,0.0,True,,0.0,True,short_circuit,False,,0.0,0.0,[MB040] NON-COMPLIANT — Node1: required objects absent (short-circuit triggered); Node2/Node3: skipped — object presence failed upstream
MB040,flux,de,False,0.5,True,,0.0,True,,0.0,True,,0.0,True,short_circuit,True,,0.0,0.15,[MB040] NON-COMPLIANT — Node1: required objects absent (short-circuit triggered); Node2/Node3: skipped — object presence failed upstream
MB041,sd15,de,False,0.0,True,,0.0,True,,0.0,True,,0.0,True,short_circuit,False,,0.0,0.0,[MB041] NON-COMPLIANT — Node1: required objects absent (short-circuit triggered); Node2/Node3: skipped — object presence failed upstream
MB041,flux,de,False,0.0,True,,0.0,True,,0.0,True,,0.0,True,short_circuit,True,,0.0,0.0,[MB041] NON-COMPLIANT — Node1: required objects absent (short-circuit triggered); Node2/Node3: skipped — object presence failed upstream
MB042,sd15,de,False,0.0,True,,0.0,True,,0.0,True,,0.0,True,short_circuit,False,,0.0,0.0,[MB042] NON-COMPLIANT — Node1: required objects absent (short-circuit triggered); Node2/Node3: skipped — object presence failed upstream
MB042,flux,de,True,1.0,False,True,1.0,False,True,1.0,False,False,0.0,False,,True,True,0.6193,0.7619,[MB042] NON-COMPLIANT — Node4: required text not legibly rendered
MB043,sd15,de,False,0.5,True,,0.0,True,,0.0,True,,0.0,True,short_circuit,False,,0.0,0.15,[MB043] NON-COMPLIANT — Node1: required objects absent (short-circuit triggered); Node2/Node3: skipped — object presence failed upstream
MB043,flux,de,False,0.5,True,,0.0,True,,0.0,True,,0.0,True,short_circuit,True,,0.0,0.15,[MB043] NON-COMPLIANT — Node1: required objects absent (short-circuit triggered); Node2/Node3: skipped — object presence failed upstream
MB044,sd15,de,False,0.0,True,,0.0,True,,0.0,True,,0.0,True,short_circuit,False,,0.0,0.0,[MB044] NON-COMPLIANT — Node1: required objects absent (short-circuit triggered); Node2/Node3: skipped — object presence failed upstream
MB044,flux,de,False,0.5,True,,0.0,True,,0.0,True,,0.0,True,short_circuit,True,,0.0,0.15,[MB044] NON-COMPLIANT — Node1: required objects absent (short-circuit triggered); Node2/Node3: skipped — object presence failed upstream
MB045,sd15,de,False,0.5,True,,0.0,True,,0.0,True,,0.0,True,short_circuit,False,,0.0,0.15,[MB045] NON-COMPLIANT — Node1: required objects absent (short-circuit triggered); Node2/Node3: skipped — object presence failed upstream
MB045,flux,de,False,0.0,True,,0.0,True,,0.0,True,,0.0,True,short_circuit,True,,0.0,0.0,[MB045] NON-COMPLIANT — Node1: required objects absent (short-circuit triggered); Node2/Node3: skipped — object presence failed upstream
MB046,sd15,de,False,0.0,True,,0.0,True,,0.0,True,,0.0,True,short_circuit,False,,0.0,0.0,[MB046] NON-COMPLIANT — Node1: required objects absent (short-circuit triggered); Node2/Node3: skipped — object presence failed upstream
MB046,flux,de,False,0.5,True,,0.0,True,,0.0,True,,0.0,True,short_circuit,True,,0.0,0.15,[MB046] NON-COMPLIANT — Node1: required objects absent (short-circuit triggered); Node2/Node3: skipped — object presence failed upstream
MB047,sd15,de,False,0.0,True,,0.0,True,,0.0,True,,0.0,True,short_circuit,False,,0.0,0.0,[MB047] NON-COMPLIANT — Node1: required objects absent (short-circuit triggered); Node2/Node3: skipped — object presence failed upstream
MB047,flux,de,False,0.5,True,,0.0,True,,0.0,True,,0.0,True,short_circuit,True,,0.0,0.15,[MB047] NON-COMPLIANT — Node1: required objects absent (short-circuit triggered); Node2/Node3: skipped — object presence failed upstream
MB048,sd15,de,True,1.0,False,True,1.0,False,True,1.0,False,,0.0,True,sd15_architectural,False,True,0.6116,0.7612,[MB048] NON-COMPLIANT — Node4: SD v1.5 architectural limitation — text rendering unreliable (Phase 1C accuracy=0.1667); scored as 0.0 in compliance score; excluded from CLCG heatmap in Phase 2B
MB048,flux,de,True,1.0,False,True,1.0,False,True,1.0,False,True,0.75,False,,True,True,0.6177,0.9118,[MB048] COMPLIANT — all constraints satisfied
MB049,sd15,de,False,0.0,True,,0.0,True,,0.0,True,,0.0,True,short_circuit,False,,0.0,0.0,[MB049] NON-COMPLIANT — Node1: required objects absent (short-circuit triggered); Node2/Node3: skipped — object presence failed upstream
MB049,flux,de,False,0.0,True,,0.0,True,,0.0,True,,0.0,True,short_circuit,True,,0.0,0.0,[MB049] NON-COMPLIANT — Node1: required objects absent (short-circuit triggered); Node2/Node3: skipped — object presence failed upstream
MB050,sd15,de,False,0.5,True,,0.0,True,,0.0,True,,0.0,True,short_circuit,False,,0.0,0.15,[MB050] NON-COMPLIANT — Node1: required objects absent (short-circuit triggered); Node2/Node3: skipped — object presence failed upstream
MB050,flux,de,False,0.5,True,,0.0,True,,0.0,True,,0.0,True,short_circuit,True,,0.0,0.15,[MB050] NON-COMPLIANT — Node1: required objects absent (short-circuit triggered); Node2/Node3: skipped — object presence failed upstream
MB051,sd15,de,False,0.5,True,,0.0,True,,0.0,True,,0.0,True,short_circuit,False,,0.0,0.15,[MB051] NON-COMPLIANT — Node1: required objects absent (short-circuit triggered); Node2/Node3: skipped — object presence failed upstream
MB051,flux,de,False,0.0,True,,0.0,True,,0.0,True,,0.0,True,short_circuit,True,,0.0,0.0,[MB051] NON-COMPLIANT — Node1: required objects absent (short-circuit triggered); Node2/Node3: skipped — object presence failed upstream
MB052,sd15,de,False,0.5,True,,0.0,True,,0.0,True,,0.0,True,short_circuit,False,,0.0,0.15,[MB052] NON-COMPLIANT — Node1: required objects absent (short-circuit triggered); Node2/Node3: skipped — object presence failed upstream
MB052,flux,de,False,0.0,True,,0.0,True,,0.0,True,,0.0,True,short_circuit,True,,0.0,0.0,[MB052] NON-COMPLIANT — Node1: required objects absent (short-circuit triggered); Node2/Node3: skipped — object presence failed upstream
MB053,sd15,de,False,0.5,True,,0.0,True,,0.0,True,,0.0,True,short_circuit,False,,0.0,0.15,[MB053] NON-COMPLIANT — Node1: required objects absent (short-circuit triggered); Node2/Node3: skipped — object presence failed upstream
MB053,flux,de,False,0.5,True,,0.0,True,,0.0,True,,0.0,True,short_circuit,True,,0.0,0.15,[MB053] NON-COMPLIANT — Node1: required objects absent (short-circuit triggered); Node2/Node3: skipped — object presence failed upstream
MB054,sd15,de,False,0.0,True,,0.0,True,,0.0,True,,0.0,True,short_circuit,False,,0.0,0.0,[MB054] NON-COMPLIANT — Node1: required objects absent (short-circuit triggered); Node2/Node3: skipped — object presence failed upstream
MB054,flux,de,True,1.0,False,False,0.0,False,True,1.0,False,True,0.8889,False,,True,True,0.6112,0.7389,[MB054] NON-COMPLIANT — Node2: spatial constraints not satisfied
MB055,sd15,de,False,0.5,True,,0.0,True,,0.0,True,,0.0,True,short_circuit,False,,0.0,0.15,[MB055] NON-COMPLIANT — Node1: required objects absent (short-circuit triggered); Node2/Node3: skipped — object presence failed upstream
MB055,flux,de,False,0.0,True,,0.0,True,,0.0,True,,0.0,True,short_circuit,True,,0.0,0.0,[MB055] NON-COMPLIANT — Node1: required objects absent (short-circuit triggered); Node2/Node3: skipped — object presence failed upstream
MB056,sd15,de,False,0.0,True,,0.0,True,,0.0,True,,0.0,True,short_circuit,False,,0.0,0.0,[MB056] NON-COMPLIANT — Node1: required objects absent (short-circuit triggered); Node2/Node3: skipped — object presence failed upstream
MB056,flux,de,False,0.5,True,,0.0,True,,0.0,True,,0.0,True,short_circuit,True,,0.0,0.15,[MB056] NON-COMPLIANT — Node1: required objects absent (short-circuit triggered); Node2/Node3: skipped — object presence failed upstream
MB057,sd15,de,False,0.0,True,,0.0,True,,0.0,True,,0.0,True,short_circuit,False,,0.0,0.0,[MB057] NON-COMPLIANT — Node1: required objects absent (short-circuit triggered); Node2/Node3: skipped — object presence failed upstream
MB057,flux,de,False,0.0,True,,0.0,True,,0.0,True,,0.0,True,short_circuit,True,,0.0,0.0,[MB057] NON-COMPLIANT — Node1: required objects absent (short-circuit triggered); Node2/Node3: skipped — object presence failed upstream
MB058,sd15,de,False,0.0,True,,0.0,True,,0.0,True,,0.0,True,short_circuit,False,,0.0,0.0,[MB058] NON-COMPLIANT — Node1: required objects absent (short-circuit triggered); Node2/Node3: skipped — object presence failed upstream
MB058,flux,de,False,0.5,True,,0.0,True,,0.0,True,,0.0,True,short_circuit,True,,0.0,0.15,[MB058] NON-COMPLIANT — Node1: required objects absent (short-circuit triggered); Node2/Node3: skipped — object presence failed upstream
MB059,sd15,de,False,0.0,True,,0.0,True,,0.0,True,,0.0,True,short_circuit,False,,0.0,0.0,[MB059] NON-COMPLIANT — Node1: required objects absent (short-circuit triggered); Node2/Node3: skipped — object presence failed upstream
MB059,flux,de,False,0.0,True,,0.0,True,,0.0,True,,0.0,True,short_circuit,True,,0.0,0.0,[MB059] NON-COMPLIANT — Node1: required objects absent (short-circuit triggered); Node2/Node3: skipped — object presence failed upstream
MB060,sd15,de,False,0.5,True,,0.0,True,,0.0,True,,0.0,True,short_circuit,False,,0.0,0.15,[MB060] NON-COMPLIANT — Node1: required objects absent (short-circuit triggered); Node2/Node3: skipped — object presence failed upstream
MB060,flux,de,False,0.5,True,,0.0,True,,0.0,True,,0.0,True,short_circuit,True,,0.0,0.15,[MB060] NON-COMPLIANT — Node1: required objects absent (short-circuit triggered); Node2/Node3: skipped — object presence failed upstream
MB061,sd15,de,False,0.5,True,,0.0,True,,0.0,True,,0.0,True,short_circuit,False,,0.0,0.15,[MB061] NON-COMPLIANT — Node1: required objects absent (short-circuit triggered); Node2/Node3: skipped — object presence failed upstream
MB061,flux,de,True,1.0,False,True,1.0,False,True,1.0,False,False,0.0,False,,True,True,0.624,0.7624,[MB061] NON-COMPLIANT — Node4: required text not legibly rendered
MB062,sd15,de,False,0.5,True,,0.0,True,,0.0,True,,0.0,True,short_circuit,False,,0.0,0.15,[MB062] NON-COMPLIANT — Node1: required objects absent (short-circuit triggered); Node2/Node3: skipped — object presence failed upstream
MB062,flux,de,True,1.0,False,True,1.0,False,False,0.5,False,False,0.1667,False,,True,True,0.6183,0.6952,[MB062] NON-COMPLIANT — Node3: colour attributes not satisfied; Node4: required text not legibly rendered
MB063,sd15,de,False,0.5,True,,0.0,True,,0.0,True,,0.0,True,short_circuit,False,,0.0,0.15,[MB063] NON-COMPLIANT — Node1: required objects absent (short-circuit triggered); Node2/Node3: skipped — object presence failed upstream
MB063,flux,de,True,1.0,False,True,1.0,False,True,1.0,False,True,1.0,False,,True,True,0.6237,0.9624,[MB063] COMPLIANT — all constraints satisfied
MB064,sd15,de,False,0.5,True,,0.0,True,,0.0,True,,0.0,True,short_circuit,False,,0.0,0.15,[MB064] NON-COMPLIANT — Node1: required objects absent (short-circuit triggered); Node2/Node3: skipped — object presence failed upstream
MB064,flux,de,True,1.0,False,True,1.0,False,False,0.5,False,True,1.0,False,,True,True,0.6205,0.8621,[MB064] NON-COMPLIANT — Node3: colour attributes not satisfied
MB065,sd15,de,False,0.0,True,,0.0,True,,0.0,True,,0.0,True,short_circuit,False,,0.0,0.0,[MB065] NON-COMPLIANT — Node1: required objects absent (short-circuit triggered); Node2/Node3: skipped — object presence failed upstream
MB065,flux,de,True,1.0,False,True,1.0,False,True,1.0,False,False,0.2857,False,,True,True,0.6113,0.8183,[MB065] NON-COMPLIANT — Node4: required text not legibly rendered
MB066,sd15,de,True,1.0,False,True,1.0,False,False,0.5,False,,0.0,True,sd15_architectural,False,True,0.6035,0.6603,[MB066] NON-COMPLIANT — Node3: colour attributes not satisfied; Node4: SD v1.5 architectural limitation — text rendering unreliable (Phase 1C accuracy=0.1667); scored as 0.0 in compliance score; excluded from CLCG heatmap in Phase 2B
MB066,flux,de,True,1.0,False,True,1.0,False,True,1.0,False,True,1.0,False,,True,True,0.6152,0.9615,[MB066] COMPLIANT — all constraints satisfied
MB067,sd15,de,False,0.5,True,,0.0,True,,0.0,True,,0.0,True,short_circuit,False,,0.0,0.15,[MB067] NON-COMPLIANT — Node1: required objects absent (short-circuit triggered); Node2/Node3: skipped — object presence failed upstream
MB067,flux,de,True,1.0,False,True,1.0,False,True,1.0,False,True,1.0,False,,True,True,0.6207,0.9621,[MB067] COMPLIANT — all constraints satisfied
MB068,sd15,de,False,0.0,True,,0.0,True,,0.0,True,,0.0,True,short_circuit,False,,0.0,0.0,[MB068] NON-COMPLIANT — Node1: required objects absent (short-circuit triggered); Node2/Node3: skipped — object presence failed upstream
MB068,flux,de,False,0.0,True,,0.0,True,,0.0,True,,0.0,True,short_circuit,True,,0.0,0.0,[MB068] NON-COMPLIANT — Node1: required objects absent (short-circuit triggered); Node2/Node3: skipped — object presence failed upstream
MB069,sd15,de,False,0.5,True,,0.0,True,,0.0,True,,0.0,True,short_circuit,False,,0.0,0.15,[MB069] NON-COMPLIANT — Node1: required objects absent (short-circuit triggered); Node2/Node3: skipped — object presence failed upstream
MB069,flux,de,True,1.0,False,True,1.0,False,True,1.0,False,False,0.0,False,,True,True,0.6172,0.7617,[MB069] NON-COMPLIANT — Node4: required text not legibly rendered
MB070,sd15,de,False,0.5,True,,0.0,True,,0.0,True,,0.0,True,short_circuit,False,,0.0,0.15,[MB070] NON-COMPLIANT — Node1: required objects absent (short-circuit triggered); Node2/Node3: skipped — object presence failed upstream
MB070,flux,de,False,0.5,True,,0.0,True,,0.0,True,,0.0,True,short_circuit,True,,0.0,0.15,[MB070] NON-COMPLIANT — Node1: required objects absent (short-circuit triggered); Node2/Node3: skipped — object presence failed upstream
MB071,sd15,de,False,0.0,True,,0.0,True,,0.0,True,,0.0,True,short_circuit,False,,0.0,0.0,[MB071] NON-COMPLIANT — Node1: required objects absent (short-circuit triggered); Node2/Node3: skipped — object presence failed upstream
MB071,flux,de,True,1.0,False,True,1.0,False,True,1.0,False,True,1.0,False,,True,True,0.6156,0.9616,[MB071] COMPLIANT — all constraints satisfied
MB072,sd15,de,False,0.0,True,,0.0,True,,0.0,True,,0.0,True,short_circuit,False,,0.0,0.0,[MB072] NON-COMPLIANT — Node1: required objects absent (short-circuit triggered); Node2/Node3: skipped — object presence failed upstream
MB072,flux,de,False,0.5,True,,0.0,True,,0.0,True,,0.0,True,short_circuit,True,,0.0,0.15,[MB072] NON-COMPLIANT — Node1: required objects absent (short-circuit triggered); Node2/Node3: skipped — object presence failed upstream
MB073,sd15,de,False,0.0,True,,0.0,True,,0.0,True,,0.0,True,short_circuit,False,,0.0,0.0,[MB073] NON-COMPLIANT — Node1: required objects absent (short-circuit triggered); Node2/Node3: skipped — object presence failed upstream
MB073,flux,de,False,0.5,True,,0.0,True,,0.0,True,,0.0,True,short_circuit,True,,0.0,0.15,[MB073] NON-COMPLIANT — Node1: required objects absent (short-circuit triggered); Node2/Node3: skipped — object presence failed upstream
MB074,sd15,de,False,0.5,True,,0.0,True,,0.0,True,,0.0,True,short_circuit,False,,0.0,0.15,[MB074] NON-COMPLIANT — Node1: required objects absent (short-circuit triggered); Node2/Node3: skipped — object presence failed upstream
MB074,flux,de,False,0.0,True,,0.0,True,,0.0,True,,0.0,True,short_circuit,True,,0.0,0.0,[MB074] NON-COMPLIANT — Node1: required objects absent (short-circuit triggered); Node2/Node3: skipped — object presence failed upstream
MB075,sd15,de,False,0.5,True,,0.0,True,,0.0,True,,0.0,True,short_circuit,False,,0.0,0.15,[MB075] NON-COMPLIANT — Node1: required objects absent (short-circuit triggered); Node2/Node3: skipped — object presence failed upstream
MB075,flux,de,True,1.0,False,True,1.0,False,True,1.0,False,True,1.0,False,,True,True,0.611,0.9611,[MB075] COMPLIANT — all constraints satisfied
MB076,sd15,de,True,1.0,False,False,0.0,False,False,0.0,False,,0.0,True,sd15_architectural,False,True,0.5837,0.3584,[MB076] NON-COMPLIANT — Node2: spatial constraints not satisfied; Node3: colour attributes not satisfied; Node4: SD v1.5 architectural limitation — text rendering unreliable (Phase 1C accuracy=0.1667); scored as 0.0 in compliance score; excluded from CLCG heatmap in Phase 2B
MB076,flux,de,True,1.0,False,True,1.0,False,False,0.0,False,False,0.2222,False,,True,True,0.6115,0.6056,[MB076] NON-COMPLIANT — Node3: colour attributes not satisfied; Node4: required text not legibly rendered
MB077,sd15,de,True,1.0,False,True,1.0,False,True,1.0,False,,0.0,True,sd15_architectural,False,True,0.6041,0.7604,[MB077] NON-COMPLIANT — Node4: SD v1.5 architectural limitation — text rendering unreliable (Phase 1C accuracy=0.1667); scored as 0.0 in compliance score; excluded from CLCG heatmap in Phase 2B
MB077,flux,de,True,1.0,False,True,1.0,False,True,1.0,False,False,0.0,False,,True,True,0.6162,0.7616,[MB077] NON-COMPLIANT — Node4: required text not legibly rendered
MB078,sd15,de,False,0.0,True,,0.0,True,,0.0,True,,0.0,True,short_circuit,False,,0.0,0.0,[MB078] NON-COMPLIANT — Node1: required objects absent (short-circuit triggered); Node2/Node3: skipped — object presence failed upstream
MB078,flux,de,False,0.5,True,,0.0,True,,0.0,True,,0.0,True,short_circuit,True,,0.0,0.15,[MB078] NON-COMPLIANT — Node1: required objects absent (short-circuit triggered); Node2/Node3: skipped — object presence failed upstream
MB079,sd15,de,True,1.0,False,True,1.0,False,False,0.0,False,,0.0,True,sd15_architectural,False,True,0.5965,0.5596,[MB079] NON-COMPLIANT — Node3: colour attributes not satisfied; Node4: SD v1.5 architectural limitation — text rendering unreliable (Phase 1C accuracy=0.1667); scored as 0.0 in compliance score; excluded from CLCG heatmap in Phase 2B
MB079,flux,de,True,1.0,False,False,0.0,False,True,1.0,False,False,0.0,False,,True,True,0.6144,0.5614,[MB079] NON-COMPLIANT — Node2: spatial constraints not satisfied; Node4: required text not legibly rendered
MB080,sd15,de,False,0.5,True,,0.0,True,,0.0,True,,0.0,True,short_circuit,False,,0.0,0.15,[MB080] NON-COMPLIANT — Node1: required objects absent (short-circuit triggered); Node2/Node3: skipped — object presence failed upstream
MB080,flux,de,True,1.0,False,True,1.0,False,True,1.0,False,True,1.0,False,,True,True,0.6239,0.9624,[MB080] COMPLIANT — all constraints satisfied
MB081,sd15,de,False,0.0,True,,0.0,True,,0.0,True,,0.0,True,short_circuit,False,,0.0,0.0,[MB081] NON-COMPLIANT — Node1: required objects absent (short-circuit triggered); Node2/Node3: skipped — object presence failed upstream
MB081,flux,de,True,1.0,False,True,1.0,False,True,1.0,False,False,0.3636,False,,True,True,0.6009,0.8328,[MB081] NON-COMPLIANT — Node4: required text not legibly rendered
MB082,sd15,de,False,0.5,True,,0.0,True,,0.0,True,,0.0,True,short_circuit,False,,0.0,0.15,[MB082] NON-COMPLIANT — Node1: required objects absent (short-circuit triggered); Node2/Node3: skipped — object presence failed upstream
MB082,flux,de,False,0.5,True,,0.0,True,,0.0,True,,0.0,True,short_circuit,True,,0.0,0.15,[MB082] NON-COMPLIANT — Node1: required objects absent (short-circuit triggered); Node2/Node3: skipped — object presence failed upstream
MB083,sd15,de,False,0.0,True,,0.0,True,,0.0,True,,0.0,True,short_circuit,False,,0.0,0.0,[MB083] NON-COMPLIANT — Node1: required objects absent (short-circuit triggered); Node2/Node3: skipped — object presence failed upstream
MB083,flux,de,False,0.5,True,,0.0,True,,0.0,True,,0.0,True,short_circuit,True,,0.0,0.15,[MB083] NON-COMPLIANT — Node1: required objects absent (short-circuit triggered); Node2/Node3: skipped — object presence failed upstream
MB084,sd15,de,False,0.5,True,,0.0,True,,0.0,True,,0.0,True,short_circuit,False,,0.0,0.15,[MB084] NON-COMPLIANT — Node1: required objects absent (short-circuit triggered); Node2/Node3: skipped — object presence failed upstream
MB084,flux,de,True,1.0,False,True,1.0,False,False,0.5,False,True,1.0,False,,True,True,0.6077,0.8608,[MB084] NON-COMPLIANT — Node3: colour attributes not satisfied
MB085,sd15,de,False,0.5,True,,0.0,True,,0.0,True,,0.0,True,short_circuit,False,,0.0,0.15,[MB085] NON-COMPLIANT — Node1: required objects absent (short-circuit triggered); Node2/Node3: skipped — object presence failed upstream
MB085,flux,de,False,0.5,True,,0.0,True,,0.0,True,,0.0,True,short_circuit,True,,0.0,0.15,[MB085] NON-COMPLIANT — Node1: required objects absent (short-circuit triggered); Node2/Node3: skipped — object presence failed upstream
MB086,sd15,de,False,0.0,True,,0.0,True,,0.0,True,,0.0,True,short_circuit,False,,0.0,0.0,[MB086] NON-COMPLIANT — Node1: required objects absent (short-circuit triggered); Node2/Node3: skipped — object presence failed upstream
MB086,flux,de,False,0.5,True,,0.0,True,,0.0,True,,0.0,True,short_circuit,True,,0.0,0.15,[MB086] NON-COMPLIANT — Node1: required objects absent (short-circuit triggered); Node2/Node3: skipped — object presence failed upstream
MB087,sd15,de,False,0.0,True,,0.0,True,,0.0,True,,0.0,True,short_circuit,False,,0.0,0.0,[MB087] NON-COMPLIANT — Node1: required objects absent (short-circuit triggered); Node2/Node3: skipped — object presence failed upstream
MB087,flux,de,True,1.0,False,True,1.0,False,True,1.0,False,False,0.0,False,,True,True,0.6161,0.7616,[MB087] NON-COMPLIANT — Node4: required text not legibly rendered
MB088,sd15,de,False,0.5,True,,0.0,True,,0.0,True,,0.0,True,short_circuit,False,,0.0,0.15,[MB088] NON-COMPLIANT — Node1: required objects absent (short-circuit triggered); Node2/Node3: skipped — object presence failed upstream
MB088,flux,de,False,0.0,True,,0.0,True,,0.0,True,,0.0,True,short_circuit,True,,0.0,0.0,[MB088] NON-COMPLIANT — Node1: required objects absent (short-circuit triggered); Node2/Node3: skipped — object presence failed upstream
MB089,sd15,de,False,0.5,True,,0.0,True,,0.0,True,,0.0,True,short_circuit,False,,0.0,0.15,[MB089] NON-COMPLIANT — Node1: required objects absent (short-circuit triggered); Node2/Node3: skipped — object presence failed upstream
MB089,flux,de,True,1.0,False,False,0.0,False,True,1.0,False,True,1.0,False,,True,True,0.623,0.7623,[MB089] NON-COMPLIANT — Node2: spatial constraints not satisfied
MB090,sd15,de,False,0.5,True,,0.0,True,,0.0,True,,0.0,True,short_circuit,False,,0.0,0.15,[MB090] NON-COMPLIANT — Node1: required objects absent (short-circuit triggered); Node2/Node3: skipped — object presence failed upstream
MB090,flux,de,False,0.5,True,,0.0,True,,0.0,True,,0.0,True,short_circuit,True,,0.0,0.15,[MB090] NON-COMPLIANT — Node1: required objects absent (short-circuit triggered); Node2/Node3: skipped — object presence failed upstream
MB091,sd15,de,False,0.5,True,,0.0,True,,0.0,True,,0.0,True,short_circuit,False,,0.0,0.15,[MB091] NON-COMPLIANT — Node1: required objects absent (short-circuit triggered); Node2/Node3: skipped — object presence failed upstream
MB091,flux,de,True,1.0,False,True,1.0,False,True,1.0,False,True,1.0,False,,True,True,0.6168,0.9617,[MB091] COMPLIANT — all constraints satisfied
MB092,sd15,de,False,0.0,True,,0.0,True,,0.0,True,,0.0,True,short_circuit,False,,0.0,0.0,[MB092] NON-COMPLIANT — Node1: required objects absent (short-circuit triggered); Node2/Node3: skipped — object presence failed upstream
MB092,flux,de,True,1.0,False,False,0.0,False,True,1.0,False,True,0.6667,False,,True,True,0.6197,0.6953,[MB092] NON-COMPLIANT — Node2: spatial constraints not satisfied
MB093,sd15,de,False,0.5,True,,0.0,True,,0.0,True,,0.0,True,short_circuit,False,,0.0,0.15,[MB093] NON-COMPLIANT — Node1: required objects absent (short-circuit triggered); Node2/Node3: skipped — object presence failed upstream
MB093,flux,de,False,0.5,True,,0.0,True,,0.0,True,,0.0,True,short_circuit,True,,0.0,0.15,[MB093] NON-COMPLIANT — Node1: required objects absent (short-circuit triggered); Node2/Node3: skipped — object presence failed upstream
MB094,sd15,de,False,0.5,True,,0.0,True,,0.0,True,,0.0,True,short_circuit,False,,0.0,0.15,[MB094] NON-COMPLIANT — Node1: required objects absent (short-circuit triggered); Node2/Node3: skipped — object presence failed upstream
MB094,flux,de,True,1.0,False,True,1.0,False,True,1.0,False,True,0.7273,False,,True,True,0.6234,0.9078,[MB094] COMPLIANT — all constraints satisfied
MB095,sd15,de,False,0.5,True,,0.0,True,,0.0,True,,0.0,True,short_circuit,False,,0.0,0.15,[MB095] NON-COMPLIANT — Node1: required objects absent (short-circuit triggered); Node2/Node3: skipped — object presence failed upstream
MB095,flux,de,True,1.0,False,True,1.0,False,True,1.0,False,False,0.0,False,,True,True,0.6099,0.761,[MB095] NON-COMPLIANT — Node4: required text not legibly rendered
MB096,sd15,de,False,0.5,True,,0.0,True,,0.0,True,,0.0,True,short_circuit,False,,0.0,0.15,[MB096] NON-COMPLIANT — Node1: required objects absent (short-circuit triggered); Node2/Node3: skipped — object presence failed upstream
MB096,flux,de,False,0.5,True,,0.0,True,,0.0,True,,0.0,True,short_circuit,True,,0.0,0.15,[MB096] NON-COMPLIANT — Node1: required objects absent (short-circuit triggered); Node2/Node3: skipped — object presence failed upstream
MB097,sd15,de,False,0.0,True,,0.0,True,,0.0,True,,0.0,True,short_circuit,False,,0.0,0.0,[MB097] NON-COMPLIANT — Node1: required objects absent (short-circuit triggered); Node2/Node3: skipped — object presence failed upstream
MB097,flux,de,True,1.0,False,True,1.0,False,True,1.0,False,False,0.0,False,,True,True,0.6047,0.7605,[MB097] NON-COMPLIANT — Node4: required text not legibly rendered
MB098,sd15,de,False,0.0,True,,0.0,True,,0.0,True,,0.0,True,short_circuit,False,,0.0,0.0,[MB098] NON-COMPLIANT — Node1: required objects absent (short-circuit triggered); Node2/Node3: skipped — object presence failed upstream
MB098,flux,de,False,0.5,True,,0.0,True,,0.0,True,,0.0,True,short_circuit,True,,0.0,0.15,[MB098] NON-COMPLIANT — Node1: required objects absent (short-circuit triggered); Node2/Node3: skipped — object presence failed upstream
MB099,sd15,de,False,0.5,True,,0.0,True,,0.0,True,,0.0,True,short_circuit,False,,0.0,0.15,[MB099] NON-COMPLIANT — Node1: required objects absent (short-circuit triggered); Node2/Node3: skipped — object presence failed upstream
MB099,flux,de,False,0.5,True,,0.0,True,,0.0,True,,0.0,True,short_circuit,True,,0.0,0.15,[MB099] NON-COMPLIANT — Node1: required objects absent (short-circuit triggered); Node2/Node3: skipped — object presence failed upstream
MB100,sd15,de,False,0.5,True,,0.0,True,,0.0,True,,0.0,True,short_circuit,False,,0.0,0.15,[MB100] NON-COMPLIANT — Node1: required objects absent (short-circuit triggered); Node2/Node3: skipped — object presence failed upstream
MB100,flux,de,False,0.5,True,,0.0,True,,0.0,True,,0.0,True,short_circuit,True,,0.0,0.15,[MB100] NON-COMPLIANT — Node1: required objects absent (short-circuit triggered); Node2/Node3: skipped — object presence failed upstream
MB101,sd15,de,False,0.5,True,,0.0,True,,0.0,True,,0.0,True,short_circuit,False,,0.0,0.15,[MB101] NON-COMPLIANT — Node1: required objects absent (short-circuit triggered); Node2/Node3: skipped — object presence failed upstream
MB101,flux,de,False,0.5,True,,0.0,True,,0.0,True,,0.0,True,short_circuit,True,,0.0,0.15,[MB101] NON-COMPLIANT — Node1: required objects absent (short-circuit triggered); Node2/Node3: skipped — object presence failed upstream
MB102,sd15,de,False,0.0,True,,0.0,True,,0.0,True,,0.0,True,short_circuit,False,,0.0,0.0,[MB102] NON-COMPLIANT — Node1: required objects absent (short-circuit triggered); Node2/Node3: skipped — object presence failed upstream
MB102,flux,de,False,0.5,True,,0.0,True,,0.0,True,,0.0,True,short_circuit,True,,0.0,0.15,[MB102] NON-COMPLIANT — Node1: required objects absent (short-circuit triggered); Node2/Node3: skipped — object presence failed upstream
MB103,sd15,de,False,0.0,True,,0.0,True,,0.0,True,,0.0,True,short_circuit,False,,0.0,0.0,[MB103] NON-COMPLIANT — Node1: required objects absent (short-circuit triggered); Node2/Node3: skipped — object presence failed upstream
MB103,flux,de,False,0.5,True,,0.0,True,,0.0,True,,0.0,True,short_circuit,True,,0.0,0.15,[MB103] NON-COMPLIANT — Node1: required objects absent (short-circuit triggered); Node2/Node3: skipped — object presence failed upstream
MB104,sd15,de,True,1.0,False,True,1.0,False,False,0.0,False,,0.0,True,sd15_architectural,False,True,0.5989,0.5599,[MB104] NON-COMPLIANT — Node3: colour attributes not satisfied; Node4: SD v1.5 architectural limitation — text rendering unreliable (Phase 1C accuracy=0.1667); scored as 0.0 in compliance score; excluded from CLCG heatmap in Phase 2B
MB104,flux,de,False,0.5,True,,0.0,True,,0.0,True,,0.0,True,short_circuit,True,,0.0,0.15,[MB104] NON-COMPLIANT — Node1: required objects absent (short-circuit triggered); Node2/Node3: skipped — object presence failed upstream
MB105,sd15,de,False,0.0,True,,0.0,True,,0.0,True,,0.0,True,short_circuit,False,,0.0,0.0,[MB105] NON-COMPLIANT — Node1: required objects absent (short-circuit triggered); Node2/Node3: skipped — object presence failed upstream
MB105,flux,de,False,0.5,True,,0.0,True,,0.0,True,,0.0,True,short_circuit,True,,0.0,0.15,[MB105] NON-COMPLIANT — Node1: required objects absent (short-circuit triggered); Node2/Node3: skipped — object presence failed upstream
MB106,sd15,de,False,0.5,True,,0.0,True,,0.0,True,,0.0,True,short_circuit,False,,0.0,0.15,[MB106] NON-COMPLIANT — Node1: required objects absent (short-circuit triggered); Node2/Node3: skipped — object presence failed upstream
MB106,flux,de,False,0.5,True,,0.0,True,,0.0,True,,0.0,True,short_circuit,True,,0.0,0.15,[MB106] NON-COMPLIANT — Node1: required objects absent (short-circuit triggered); Node2/Node3: skipped — object presence failed upstream
MB107,sd15,de,False,0.5,True,,0.0,True,,0.0,True,,0.0,True,short_circuit,False,,0.0,0.15,[MB107] NON-COMPLIANT — Node1: required objects absent (short-circuit triggered); Node2/Node3: skipped — object presence failed upstream
MB107,flux,de,True,1.0,False,True,1.0,False,True,1.0,False,False,0.0,False,,True,True,0.623,0.7623,[MB107] NON-COMPLIANT — Node4: required text not legibly rendered
MB108,sd15,de,False,0.0,True,,0.0,True,,0.0,True,,0.0,True,short_circuit,False,,0.0,0.0,[MB108] NON-COMPLIANT — Node1: required objects absent (short-circuit triggered); Node2/Node3: skipped — object presence failed upstream
MB108,flux,de,True,1.0,False,True,1.0,False,True,1.0,False,False,0.0,False,,True,True,0.614,0.7614,[MB108] NON-COMPLIANT — Node4: required text not legibly rendered
MB109,sd15,de,False,0.5,True,,0.0,True,,0.0,True,,0.0,True,short_circuit,False,,0.0,0.15,[MB109] NON-COMPLIANT — Node1: required objects absent (short-circuit triggered); Node2/Node3: skipped — object presence failed upstream
MB109,flux,de,True,1.0,False,True,1.0,False,False,0.5,False,False,0.3077,False,,True,True,0.6137,0.7229,[MB109] NON-COMPLIANT — Node3: colour attributes not satisfied; Node4: required text not legibly rendered
MB110,sd15,de,False,0.5,True,,0.0,True,,0.0,True,,0.0,True,short_circuit,False,,0.0,0.15,[MB110] NON-COMPLIANT — Node1: required objects absent (short-circuit triggered); Node2/Node3: skipped — object presence failed upstream
MB110,flux,de,False,0.5,True,,0.0,True,,0.0,True,,0.0,True,short_circuit,True,,0.0,0.15,[MB110] NON-COMPLIANT — Node1: required objects absent (short-circuit triggered); Node2/Node3: skipped — object presence failed upstream
MB111,sd15,de,False,0.0,True,,0.0,True,,0.0,True,,0.0,True,short_circuit,False,,0.0,0.0,[MB111] NON-COMPLIANT — Node1: required objects absent (short-circuit triggered); Node2/Node3: skipped — object presence failed upstream
MB111,flux,de,False,0.5,True,,0.0,True,,0.0,True,,0.0,True,short_circuit,True,,0.0,0.15,[MB111] NON-COMPLIANT — Node1: required objects absent (short-circuit triggered); Node2/Node3: skipped — object presence failed upstream
MB112,sd15,de,True,1.0,False,True,1.0,False,True,1.0,False,,0.0,True,sd15_architectural,False,True,0.5943,0.7594,[MB112] NON-COMPLIANT — Node4: SD v1.5 architectural limitation — text rendering unreliable (Phase 1C accuracy=0.1667); scored as 0.0 in compliance score; excluded from CLCG heatmap in Phase 2B
MB112,flux,de,True,1.0,False,True,1.0,False,True,1.0,False,True,0.5,False,,True,True,0.6126,0.8613,[MB112] COMPLIANT — all constraints satisfied
MB113,sd15,de,False,0.0,True,,0.0,True,,0.0,True,,0.0,True,short_circuit,False,,0.0,0.0,[MB113] NON-COMPLIANT — Node1: required objects absent (short-circuit triggered); Node2/Node3: skipped — object presence failed upstream
MB113,flux,de,False,0.0,True,,0.0,True,,0.0,True,,0.0,True,short_circuit,True,,0.0,0.0,[MB113] NON-COMPLIANT — Node1: required objects absent (short-circuit triggered); Node2/Node3: skipped — object presence failed upstream
MB114,sd15,de,False,0.0,True,,0.0,True,,0.0,True,,0.0,True,short_circuit,False,,0.0,0.0,[MB114] NON-COMPLIANT — Node1: required objects absent (short-circuit triggered); Node2/Node3: skipped — object presence failed upstream
MB114,flux,de,False,0.0,True,,0.0,True,,0.0,True,,0.0,True,short_circuit,True,,0.0,0.0,[MB114] NON-COMPLIANT — Node1: required objects absent (short-circuit triggered); Node2/Node3: skipped — object presence failed upstream
MB115,sd15,de,True,1.0,False,True,1.0,False,True,1.0,False,,0.0,True,sd15_architectural,False,True,0.6051,0.7605,[MB115] NON-COMPLIANT — Node4: SD v1.5 architectural limitation — text rendering unreliable (Phase 1C accuracy=0.1667); scored as 0.0 in compliance score; excluded from CLCG heatmap in Phase 2B
MB115,flux,de,True,1.0,False,True,1.0,False,True,1.0,False,True,1.0,False,,True,True,0.6121,0.9612,[MB115] COMPLIANT — all constraints satisfied
MB116,sd15,de,False,0.5,True,,0.0,True,,0.0,True,,0.0,True,short_circuit,False,,0.0,0.15,[MB116] NON-COMPLIANT — Node1: required objects absent (short-circuit triggered); Node2/Node3: skipped — object presence failed upstream
MB116,flux,de,False,0.5,True,,0.0,True,,0.0,True,,0.0,True,short_circuit,True,,0.0,0.15,[MB116] NON-COMPLIANT — Node1: required objects absent (short-circuit triggered); Node2/Node3: skipped — object presence failed upstream
MB117,sd15,de,False,0.5,True,,0.0,True,,0.0,True,,0.0,True,short_circuit,False,,0.0,0.15,[MB117] NON-COMPLIANT — Node1: required objects absent (short-circuit triggered); Node2/Node3: skipped — object presence failed upstream
MB117,flux,de,False,0.5,True,,0.0,True,,0.0,True,,0.0,True,short_circuit,True,,0.0,0.15,[MB117] NON-COMPLIANT — Node1: required objects absent (short-circuit triggered); Node2/Node3: skipped — object presence failed upstream
MB118,sd15,de,True,1.0,False,True,1.0,False,False,0.5,False,,0.0,True,sd15_architectural,False,True,0.5967,0.6597,[MB118] NON-COMPLIANT — Node3: colour attributes not satisfied; Node4: SD v1.5 architectural limitation — text rendering unreliable (Phase 1C accuracy=0.1667); scored as 0.0 in compliance score; excluded from CLCG heatmap in Phase 2B
MB118,flux,de,False,0.0,True,,0.0,True,,0.0,True,,0.0,True,short_circuit,True,,0.0,0.0,[MB118] NON-COMPLIANT — Node1: required objects absent (short-circuit triggered); Node2/Node3: skipped — object presence failed upstream
MB119,sd15,de,False,0.0,True,,0.0,True,,0.0,True,,0.0,True,short_circuit,False,,0.0,0.0,[MB119] NON-COMPLIANT — Node1: required objects absent (short-circuit triggered); Node2/Node3: skipped — object presence failed upstream
MB119,flux,de,True,1.0,False,True,1.0,False,True,1.0,False,True,1.0,False,,True,True,0.6129,0.9613,[MB119] COMPLIANT — all constraints satisfied
MB120,sd15,de,False,0.5,True,,0.0,True,,0.0,True,,0.0,True,short_circuit,False,,0.0,0.15,[MB120] NON-COMPLIANT — Node1: required objects absent (short-circuit triggered); Node2/Node3: skipped — object presence failed upstream
MB120,flux,de,False,0.5,True,,0.0,True,,0.0,True,,0.0,True,short_circuit,True,,0.0,0.15,[MB120] NON-COMPLIANT — Node1: required objects absent (short-circuit triggered); Node2/Node3: skipped — object presence failed upstream
MB121,sd15,de,False,0.0,True,,0.0,True,,0.0,True,,0.0,True,short_circuit,False,,0.0,0.0,[MB121] NON-COMPLIANT — Node1: required objects absent (short-circuit triggered); Node2/Node3: skipped — object presence failed upstream
MB121,flux,de,False,0.5,True,,0.0,True,,0.0,True,,0.0,True,short_circuit,True,,0.0,0.15,[MB121] NON-COMPLIANT — Node1: required objects absent (short-circuit triggered); Node2/Node3: skipped — object presence failed upstream
MB122,sd15,de,False,0.5,True,,0.0,True,,0.0,True,,0.0,True,short_circuit,False,,0.0,0.15,[MB122] NON-COMPLIANT — Node1: required objects absent (short-circuit triggered); Node2/Node3: skipped — object presence failed upstream
MB122,flux,de,True,1.0,False,True,1.0,False,True,1.0,False,True,1.0,False,,True,True,0.6206,0.9621,[MB122] COMPLIANT — all constraints satisfied
MB123,sd15,de,False,0.5,True,,0.0,True,,0.0,True,,0.0,True,short_circuit,False,,0.0,0.15,[MB123] NON-COMPLIANT — Node1: required objects absent (short-circuit triggered); Node2/Node3: skipped — object presence failed upstream
MB123,flux,de,True,1.0,False,True,1.0,False,True,1.0,False,True,0.6,False,,True,True,0.6241,0.8824,[MB123] COMPLIANT — all constraints satisfied
MB124,sd15,de,False,0.5,True,,0.0,True,,0.0,True,,0.0,True,short_circuit,False,,0.0,0.15,[MB124] NON-COMPLIANT — Node1: required objects absent (short-circuit triggered); Node2/Node3: skipped — object presence failed upstream
MB124,flux,de,True,1.0,False,False,0.0,False,True,1.0,False,True,1.0,False,,True,True,0.6178,0.7618,[MB124] NON-COMPLIANT — Node2: spatial constraints not satisfied
MB125,sd15,de,False,0.5,True,,0.0,True,,0.0,True,,0.0,True,short_circuit,False,,0.0,0.15,[MB125] NON-COMPLIANT — Node1: required objects absent (short-circuit triggered); Node2/Node3: skipped — object presence failed upstream
MB125,flux,de,False,0.5,True,,0.0,True,,0.0,True,,0.0,True,short_circuit,True,,0.0,0.15,[MB125] NON-COMPLIANT — Node1: required objects absent (short-circuit triggered); Node2/Node3: skipped — object presence failed upstream
MB126,sd15,de,False,0.5,True,,0.0,True,,0.0,True,,0.0,True,short_circuit,False,,0.0,0.15,[MB126] NON-COMPLIANT — Node1: required objects absent (short-circuit triggered); Node2/Node3: skipped — object presence failed upstream
MB126,flux,de,False,0.5,True,,0.0,True,,0.0,True,,0.0,True,short_circuit,True,,0.0,0.15,[MB126] NON-COMPLIANT — Node1: required objects absent (short-circuit triggered); Node2/Node3: skipped — object presence failed upstream
MB127,sd15,de,False,0.0,True,,0.0,True,,0.0,True,,0.0,True,short_circuit,False,,0.0,0.0,[MB127] NON-COMPLIANT — Node1: required objects absent (short-circuit triggered); Node2/Node3: skipped — object presence failed upstream
MB127,flux,de,False,0.5,True,,0.0,True,,0.0,True,,0.0,True,short_circuit,True,,0.0,0.15,[MB127] NON-COMPLIANT — Node1: required objects absent (short-circuit triggered); Node2/Node3: skipped — object presence failed upstream
MB128,sd15,de,False,0.5,True,,0.0,True,,0.0,True,,0.0,True,short_circuit,False,,0.0,0.15,[MB128] NON-COMPLIANT — Node1: required objects absent (short-circuit triggered); Node2/Node3: skipped — object presence failed upstream
MB128,flux,de,False,0.5,True,,0.0,True,,0.0,True,,0.0,True,short_circuit,True,,0.0,0.15,[MB128] NON-COMPLIANT — Node1: required objects absent (short-circuit triggered); Node2/Node3: skipped — object presence failed upstream
MB129,sd15,de,False,0.5,True,,0.0,True,,0.0,True,,0.0,True,short_circuit,False,,0.0,0.15,[MB129] NON-COMPLIANT — Node1: required objects absent (short-circuit triggered); Node2/Node3: skipped — object presence failed upstream
MB129,flux,de,False,0.5,True,,0.0,True,,0.0,True,,0.0,True,short_circuit,True,,0.0,0.15,[MB129] NON-COMPLIANT — Node1: required objects absent (short-circuit triggered); Node2/Node3: skipped — object presence failed upstream
MB130,sd15,de,True,1.0,False,False,0.0,False,False,0.5,False,,0.0,True,sd15_architectural,False,True,0.6004,0.46,[MB130] NON-COMPLIANT — Node2: spatial constraints not satisfied; Node3: colour attributes not satisfied; Node4: SD v1.5 architectural limitation — text rendering unreliable (Phase 1C accuracy=0.1667); scored as 0.0 in compliance score; excluded from CLCG heatmap in Phase 2B
MB130,flux,de,True,1.0,False,True,1.0,False,True,1.0,False,True,1.0,False,,True,True,0.6138,0.9614,[MB130] COMPLIANT — all constraints satisfied
MB131,sd15,de,True,1.0,False,True,1.0,False,True,1.0,False,,0.0,True,sd15_architectural,False,True,0.5906,0.7591,[MB131] NON-COMPLIANT — Node4: SD v1.5 architectural limitation — text rendering unreliable (Phase 1C accuracy=0.1667); scored as 0.0 in compliance score; excluded from CLCG heatmap in Phase 2B
MB131,flux,de,True,1.0,False,True,1.0,False,True,1.0,False,False,0.4615,False,,True,True,0.6112,0.8534,[MB131] NON-COMPLIANT — Node4: required text not legibly rendered
MB132,sd15,de,False,0.5,True,,0.0,True,,0.0,True,,0.0,True,short_circuit,False,,0.0,0.15,[MB132] NON-COMPLIANT — Node1: required objects absent (short-circuit triggered); Node2/Node3: skipped — object presence failed upstream
MB132,flux,de,True,1.0,False,True,1.0,False,True,1.0,False,False,0.0,False,,True,True,0.6066,0.7607,[MB132] NON-COMPLIANT — Node4: required text not legibly rendered
MB133,sd15,de,False,0.5,True,,0.0,True,,0.0,True,,0.0,True,short_circuit,False,,0.0,0.15,[MB133] NON-COMPLIANT — Node1: required objects absent (short-circuit triggered); Node2/Node3: skipped — object presence failed upstream
MB133,flux,de,True,1.0,False,False,0.0,False,False,0.5,False,True,1.0,False,,True,True,0.6149,0.6615,[MB133] NON-COMPLIANT — Node2: spatial constraints not satisfied; Node3: colour attributes not satisfied
MB134,sd15,de,False,0.0,True,,0.0,True,,0.0,True,,0.0,True,short_circuit,False,,0.0,0.0,[MB134] NON-COMPLIANT — Node1: required objects absent (short-circuit triggered); Node2/Node3: skipped — object presence failed upstream
MB134,flux,de,False,0.5,True,,0.0,True,,0.0,True,,0.0,True,short_circuit,True,,0.0,0.15,[MB134] NON-COMPLIANT — Node1: required objects absent (short-circuit triggered); Node2/Node3: skipped — object presence failed upstream
MB135,sd15,de,False,0.5,True,,0.0,True,,0.0,True,,0.0,True,short_circuit,False,,0.0,0.15,[MB135] NON-COMPLIANT — Node1: required objects absent (short-circuit triggered); Node2/Node3: skipped — object presence failed upstream
MB135,flux,de,False,0.0,True,,0.0,True,,0.0,True,,0.0,True,short_circuit,True,,0.0,0.0,[MB135] NON-COMPLIANT — Node1: required objects absent (short-circuit triggered); Node2/Node3: skipped — object presence failed upstream
MB136,sd15,de,False,0.0,True,,0.0,True,,0.0,True,,0.0,True,short_circuit,False,,0.0,0.0,[MB136] NON-COMPLIANT — Node1: required objects absent (short-circuit triggered); Node2/Node3: skipped — object presence failed upstream
MB136,flux,de,False,0.0,True,,0.0,True,,0.0,True,,0.0,True,short_circuit,True,,0.0,0.0,[MB136] NON-COMPLIANT — Node1: required objects absent (short-circuit triggered); Node2/Node3: skipped — object presence failed upstream
MB137,sd15,de,False,0.0,True,,0.0,True,,0.0,True,,0.0,True,short_circuit,False,,0.0,0.0,[MB137] NON-COMPLIANT — Node1: required objects absent (short-circuit triggered); Node2/Node3: skipped — object presence failed upstream
MB137,flux,de,True,1.0,False,False,0.0,False,True,1.0,False,False,0.0,False,,True,True,0.6106,0.5611,[MB137] NON-COMPLIANT — Node2: spatial constraints not satisfied; Node4: required text not legibly rendered
MB138,sd15,de,False,0.0,True,,0.0,True,,0.0,True,,0.0,True,short_circuit,False,,0.0,0.0,[MB138] NON-COMPLIANT — Node1: required objects absent (short-circuit triggered); Node2/Node3: skipped — object presence failed upstream
MB138,flux,de,True,1.0,False,True,1.0,False,True,1.0,False,False,0.0,False,,True,True,0.6062,0.7606,[MB138] NON-COMPLIANT — Node4: required text not legibly rendered
MB139,sd15,de,False,0.0,True,,0.0,True,,0.0,True,,0.0,True,short_circuit,False,,0.0,0.0,[MB139] NON-COMPLIANT — Node1: required objects absent (short-circuit triggered); Node2/Node3: skipped — object presence failed upstream
MB139,flux,de,True,1.0,False,True,1.0,False,True,1.0,False,True,0.75,False,,True,True,0.6185,0.9118,[MB139] COMPLIANT — all constraints satisfied
MB140,sd15,de,False,0.5,True,,0.0,True,,0.0,True,,0.0,True,short_circuit,False,,0.0,0.15,[MB140] NON-COMPLIANT — Node1: required objects absent (short-circuit triggered); Node2/Node3: skipped — object presence failed upstream
MB140,flux,de,False,0.0,True,,0.0,True,,0.0,True,,0.0,True,short_circuit,True,,0.0,0.0,[MB140] NON-COMPLIANT — Node1: required objects absent (short-circuit triggered); Node2/Node3: skipped — object presence failed upstream
MB141,sd15,de,False,0.5,True,,0.0,True,,0.0,True,,0.0,True,short_circuit,False,,0.0,0.15,[MB141] NON-COMPLIANT — Node1: required objects absent (short-circuit triggered); Node2/Node3: skipped — object presence failed upstream
MB141,flux,de,False,0.5,True,,0.0,True,,0.0,True,,0.0,True,short_circuit,True,,0.0,0.15,[MB141] NON-COMPLIANT — Node1: required objects absent (short-circuit triggered); Node2/Node3: skipped — object presence failed upstream
MB142,sd15,de,False,0.5,True,,0.0,True,,0.0,True,,0.0,True,short_circuit,False,,0.0,0.15,[MB142] NON-COMPLIANT — Node1: required objects absent (short-circuit triggered); Node2/Node3: skipped — object presence failed upstream
MB142,flux,de,True,1.0,False,False,0.0,False,True,1.0,False,False,0.2857,False,,True,True,0.6099,0.6181,[MB142] NON-COMPLIANT — Node2: spatial constraints not satisfied; Node4: required text not legibly rendered
MB143,sd15,de,False,0.0,True,,0.0,True,,0.0,True,,0.0,True,short_circuit,False,,0.0,0.0,[MB143] NON-COMPLIANT — Node1: required objects absent (short-circuit triggered); Node2/Node3: skipped — object presence failed upstream
MB143,flux,de,False,0.5,True,,0.0,True,,0.0,True,,0.0,True,short_circuit,True,,0.0,0.15,[MB143] NON-COMPLIANT — Node1: required objects absent (short-circuit triggered); Node2/Node3: skipped — object presence failed upstream
MB144,sd15,de,False,0.0,True,,0.0,True,,0.0,True,,0.0,True,short_circuit,False,,0.0,0.0,[MB144] NON-COMPLIANT — Node1: required objects absent (short-circuit triggered); Node2/Node3: skipped — object presence failed upstream
MB144,flux,de,True,1.0,False,False,0.0,False,True,1.0,False,False,0.0,False,,True,True,0.6213,0.5621,[MB144] NON-COMPLIANT — Node2: spatial constraints not satisfied; Node4: required text not legibly rendered
MB145,sd15,de,False,0.5,True,,0.0,True,,0.0,True,,0.0,True,short_circuit,False,,0.0,0.15,[MB145] NON-COMPLIANT — Node1: required objects absent (short-circuit triggered); Node2/Node3: skipped — object presence failed upstream
MB145,flux,de,False,0.5,True,,0.0,True,,0.0,True,,0.0,True,short_circuit,True,,0.0,0.15,[MB145] NON-COMPLIANT — Node1: required objects absent (short-circuit triggered); Node2/Node3: skipped — object presence failed upstream
MB146,sd15,de,False,0.0,True,,0.0,True,,0.0,True,,0.0,True,short_circuit,False,,0.0,0.0,[MB146] NON-COMPLIANT — Node1: required objects absent (short-circuit triggered); Node2/Node3: skipped — object presence failed upstream
MB146,flux,de,True,1.0,False,False,0.0,False,True,1.0,False,False,0.4444,False,,True,True,0.6195,0.6508,[MB146] NON-COMPLIANT — Node2: spatial constraints not satisfied; Node4: required text not legibly rendered
MB147,sd15,de,False,0.0,True,,0.0,True,,0.0,True,,0.0,True,short_circuit,False,,0.0,0.0,[MB147] NON-COMPLIANT — Node1: required objects absent (short-circuit triggered); Node2/Node3: skipped — object presence failed upstream
MB147,flux,de,True,1.0,False,True,1.0,False,False,0.5,False,True,1.0,False,,True,True,0.6099,0.861,[MB147] NON-COMPLIANT — Node3: colour attributes not satisfied
MB148,sd15,de,False,0.0,True,,0.0,True,,0.0,True,,0.0,True,short_circuit,False,,0.0,0.0,[MB148] NON-COMPLIANT — Node1: required objects absent (short-circuit triggered); Node2/Node3: skipped — object presence failed upstream
MB148,flux,de,False,0.5,True,,0.0,True,,0.0,True,,0.0,True,short_circuit,True,,0.0,0.15,[MB148] NON-COMPLIANT — Node1: required objects absent (short-circuit triggered); Node2/Node3: skipped — object presence failed upstream
MB149,sd15,de,False,0.0,True,,0.0,True,,0.0,True,,0.0,True,short_circuit,False,,0.0,0.0,[MB149] NON-COMPLIANT — Node1: required objects absent (short-circuit triggered); Node2/Node3: skipped — object presence failed upstream
MB149,flux,de,False,0.5,True,,0.0,True,,0.0,True,,0.0,True,short_circuit,True,,0.0,0.15,[MB149] NON-COMPLIANT — Node1: required objects absent (short-circuit triggered); Node2/Node3: skipped — object presence failed upstream
MB150,sd15,de,False,0.5,True,,0.0,True,,0.0,True,,0.0,True,short_circuit,False,,0.0,0.15,[MB150] NON-COMPLIANT — Node1: required objects absent (short-circuit triggered); Node2/Node3: skipped — object presence failed upstream
MB150,flux,de,False,0.5,True,,0.0,True,,0.0,True,,0.0,True,short_circuit,True,,0.0,0.15,[MB150] NON-COMPLIANT — Node1: required objects absent (short-circuit triggered); Node2/Node3: skipped — object presence failed upstream
MB001,sd15,fr,False,0.0,True,,0.0,True,,0.0,True,,0.0,True,short_circuit,False,,0.0,0.0,[MB001] NON-COMPLIANT — Node1: required objects absent (short-circuit triggered); Node2/Node3: skipped — object presence failed upstream
MB001,flux,fr,False,0.5,True,,0.0,True,,0.0,True,,0.0,True,short_circuit,True,,0.0,0.15,[MB001] NON-COMPLIANT — Node1: required objects absent (short-circuit triggered); Node2/Node3: skipped — object presence failed upstream
MB002,sd15,fr,False,0.5,True,,0.0,True,,0.0,True,,0.0,True,short_circuit,False,,0.0,0.15,[MB002] NON-COMPLIANT — Node1: required objects absent (short-circuit triggered); Node2/Node3: skipped — object presence failed upstream
MB002,flux,fr,False,0.5,True,,0.0,True,,0.0,True,,0.0,True,short_circuit,True,,0.0,0.15,[MB002] NON-COMPLIANT — Node1: required objects absent (short-circuit triggered); Node2/Node3: skipped — object presence failed upstream
MB003,sd15,fr,False,0.5,True,,0.0,True,,0.0,True,,0.0,True,short_circuit,False,,0.0,0.15,[MB003] NON-COMPLIANT — Node1: required objects absent (short-circuit triggered); Node2/Node3: skipped — object presence failed upstream
MB003,flux,fr,True,1.0,False,True,1.0,False,True,1.0,False,True,1.0,False,,True,True,0.6175,0.9617,[MB003] COMPLIANT — all constraints satisfied
MB004,sd15,fr,False,0.5,True,,0.0,True,,0.0,True,,0.0,True,short_circuit,False,,0.0,0.15,[MB004] NON-COMPLIANT — Node1: required objects absent (short-circuit triggered); Node2/Node3: skipped — object presence failed upstream
MB004,flux,fr,True,1.0,False,True,1.0,False,True,1.0,False,True,1.0,False,,True,True,0.6174,0.9617,[MB004] COMPLIANT — all constraints satisfied
MB005,sd15,fr,True,1.0,False,True,1.0,False,False,0.0,False,,0.0,True,sd15_architectural,False,True,0.6048,0.5605,[MB005] NON-COMPLIANT — Node3: colour attributes not satisfied; Node4: SD v1.5 architectural limitation — text rendering unreliable (Phase 1C accuracy=0.1667); scored as 0.0 in compliance score; excluded from CLCG heatmap in Phase 2B
MB005,flux,fr,True,1.0,False,True,1.0,False,True,1.0,False,False,0.0,False,,True,True,0.6205,0.7621,[MB005] NON-COMPLIANT — Node4: required text not legibly rendered
MB006,sd15,fr,False,0.5,True,,0.0,True,,0.0,True,,0.0,True,short_circuit,False,,0.0,0.15,[MB006] NON-COMPLIANT — Node1: required objects absent (short-circuit triggered); Node2/Node3: skipped — object presence failed upstream
MB006,flux,fr,True,1.0,False,True,1.0,False,False,0.5,False,False,0.0,False,,True,True,0.6163,0.6616,[MB006] NON-COMPLIANT — Node3: colour attributes not satisfied; Node4: required text not legibly rendered
MB007,sd15,fr,False,0.5,True,,0.0,True,,0.0,True,,0.0,True,short_circuit,False,,0.0,0.15,[MB007] NON-COMPLIANT — Node1: required objects absent (short-circuit triggered); Node2/Node3: skipped — object presence failed upstream
MB007,flux,fr,True,1.0,False,True,1.0,False,True,1.0,False,True,1.0,False,,True,True,0.6251,0.9625,[MB007] COMPLIANT — all constraints satisfied
MB008,sd15,fr,False,0.5,True,,0.0,True,,0.0,True,,0.0,True,short_circuit,False,,0.0,0.15,[MB008] NON-COMPLIANT — Node1: required objects absent (short-circuit triggered); Node2/Node3: skipped — object presence failed upstream
MB008,flux,fr,True,1.0,False,True,1.0,False,True,1.0,False,True,1.0,False,,True,True,0.6025,0.9602,[MB008] COMPLIANT — all constraints satisfied
MB009,sd15,fr,False,0.5,True,,0.0,True,,0.0,True,,0.0,True,short_circuit,False,,0.0,0.15,[MB009] NON-COMPLIANT — Node1: required objects absent (short-circuit triggered); Node2/Node3: skipped — object presence failed upstream
MB009,flux,fr,False,0.5,True,,0.0,True,,0.0,True,,0.0,True,short_circuit,True,,0.0,0.15,[MB009] NON-COMPLIANT — Node1: required objects absent (short-circuit triggered); Node2/Node3: skipped — object presence failed upstream
MB010,sd15,fr,False,0.5,True,,0.0,True,,0.0,True,,0.0,True,short_circuit,False,,0.0,0.15,[MB010] NON-COMPLIANT — Node1: required objects absent (short-circuit triggered); Node2/Node3: skipped — object presence failed upstream
MB010,flux,fr,True,1.0,False,True,1.0,False,False,0.5,False,True,1.0,False,,True,True,0.6102,0.861,[MB010] NON-COMPLIANT — Node3: colour attributes not satisfied
MB011,sd15,fr,False,0.5,True,,0.0,True,,0.0,True,,0.0,True,short_circuit,False,,0.0,0.15,[MB011] NON-COMPLIANT — Node1: required objects absent (short-circuit triggered); Node2/Node3: skipped — object presence failed upstream
MB011,flux,fr,True,1.0,False,True,1.0,False,True,1.0,False,True,1.0,False,,True,True,0.6294,0.9629,[MB011] COMPLIANT — all constraints satisfied
MB012,sd15,fr,False,0.5,True,,0.0,True,,0.0,True,,0.0,True,short_circuit,False,,0.0,0.15,[MB012] NON-COMPLIANT — Node1: required objects absent (short-circuit triggered); Node2/Node3: skipped — object presence failed upstream
MB012,flux,fr,True,1.0,False,True,1.0,False,True,1.0,False,True,1.0,False,,True,True,0.6203,0.962,[MB012] COMPLIANT — all constraints satisfied
MB013,sd15,fr,False,0.0,True,,0.0,True,,0.0,True,,0.0,True,short_circuit,False,,0.0,0.0,[MB013] NON-COMPLIANT — Node1: required objects absent (short-circuit triggered); Node2/Node3: skipped — object presence failed upstream
MB013,flux,fr,True,1.0,False,False,0.0,False,True,1.0,False,True,1.0,False,,True,True,0.6256,0.7626,[MB013] NON-COMPLIANT — Node2: spatial constraints not satisfied
MB014,sd15,fr,False,0.5,True,,0.0,True,,0.0,True,,0.0,True,short_circuit,False,,0.0,0.15,[MB014] NON-COMPLIANT — Node1: required objects absent (short-circuit triggered); Node2/Node3: skipped — object presence failed upstream
MB014,flux,fr,True,1.0,False,True,1.0,False,True,1.0,False,True,1.0,False,,True,True,0.6146,0.9615,[MB014] COMPLIANT — all constraints satisfied
MB015,sd15,fr,False,0.5,True,,0.0,True,,0.0,True,,0.0,True,short_circuit,False,,0.0,0.15,[MB015] NON-COMPLIANT — Node1: required objects absent (short-circuit triggered); Node2/Node3: skipped — object presence failed upstream
MB015,flux,fr,True,1.0,False,True,1.0,False,True,1.0,False,False,0.0,False,,True,True,0.6258,0.7626,[MB015] NON-COMPLIANT — Node4: required text not legibly rendered
MB016,sd15,fr,False,0.0,True,,0.0,True,,0.0,True,,0.0,True,short_circuit,False,,0.0,0.0,[MB016] NON-COMPLIANT — Node1: required objects absent (short-circuit triggered); Node2/Node3: skipped — object presence failed upstream
MB016,flux,fr,False,0.5,True,,0.0,True,,0.0,True,,0.0,True,short_circuit,True,,0.0,0.15,[MB016] NON-COMPLIANT — Node1: required objects absent (short-circuit triggered); Node2/Node3: skipped — object presence failed upstream
MB017,sd15,fr,False,0.5,True,,0.0,True,,0.0,True,,0.0,True,short_circuit,False,,0.0,0.15,[MB017] NON-COMPLIANT — Node1: required objects absent (short-circuit triggered); Node2/Node3: skipped — object presence failed upstream
MB017,flux,fr,False,0.5,True,,0.0,True,,0.0,True,,0.0,True,short_circuit,True,,0.0,0.15,[MB017] NON-COMPLIANT — Node1: required objects absent (short-circuit triggered); Node2/Node3: skipped — object presence failed upstream
MB018,sd15,fr,False,0.5,True,,0.0,True,,0.0,True,,0.0,True,short_circuit,False,,0.0,0.15,[MB018] NON-COMPLIANT — Node1: required objects absent (short-circuit triggered); Node2/Node3: skipped — object presence failed upstream
MB018,flux,fr,False,0.5,True,,0.0,True,,0.0,True,,0.0,True,short_circuit,True,,0.0,0.15,[MB018] NON-COMPLIANT — Node1: required objects absent (short-circuit triggered); Node2/Node3: skipped — object presence failed upstream
MB019,sd15,fr,True,1.0,False,True,1.0,False,False,0.5,False,,0.0,True,sd15_architectural,False,True,0.5919,0.6592,[MB019] NON-COMPLIANT — Node3: colour attributes not satisfied; Node4: SD v1.5 architectural limitation — text rendering unreliable (Phase 1C accuracy=0.1667); scored as 0.0 in compliance score; excluded from CLCG heatmap in Phase 2B
MB019,flux,fr,True,1.0,False,True,1.0,False,True,1.0,False,True,1.0,False,,True,True,0.6128,0.9613,[MB019] COMPLIANT — all constraints satisfied
MB020,sd15,fr,True,1.0,False,True,1.0,False,False,0.5,False,,0.0,True,sd15_architectural,False,True,0.604,0.6604,[MB020] NON-COMPLIANT — Node3: colour attributes not satisfied; Node4: SD v1.5 architectural limitation — text rendering unreliable (Phase 1C accuracy=0.1667); scored as 0.0 in compliance score; excluded from CLCG heatmap in Phase 2B
MB020,flux,fr,True,1.0,False,False,0.0,False,True,1.0,False,True,0.8889,False,,True,True,0.6149,0.7393,[MB020] NON-COMPLIANT — Node2: spatial constraints not satisfied
MB021,sd15,fr,False,0.0,True,,0.0,True,,0.0,True,,0.0,True,short_circuit,False,,0.0,0.0,[MB021] NON-COMPLIANT — Node1: required objects absent (short-circuit triggered); Node2/Node3: skipped — object presence failed upstream
MB021,flux,fr,True,1.0,False,True,1.0,False,True,1.0,False,True,1.0,False,,True,True,0.6197,0.962,[MB021] COMPLIANT — all constraints satisfied
MB022,sd15,fr,False,0.5,True,,0.0,True,,0.0,True,,0.0,True,short_circuit,False,,0.0,0.15,[MB022] NON-COMPLIANT — Node1: required objects absent (short-circuit triggered); Node2/Node3: skipped — object presence failed upstream
MB022,flux,fr,True,1.0,False,True,1.0,False,True,1.0,False,True,1.0,False,,True,True,0.6228,0.9623,[MB022] COMPLIANT — all constraints satisfied
MB023,sd15,fr,False,0.5,True,,0.0,True,,0.0,True,,0.0,True,short_circuit,False,,0.0,0.15,[MB023] NON-COMPLIANT — Node1: required objects absent (short-circuit triggered); Node2/Node3: skipped — object presence failed upstream
MB023,flux,fr,True,1.0,False,True,1.0,False,True,1.0,False,True,1.0,False,,True,True,0.6231,0.9623,[MB023] COMPLIANT — all constraints satisfied
MB024,sd15,fr,False,0.5,True,,0.0,True,,0.0,True,,0.0,True,short_circuit,False,,0.0,0.15,[MB024] NON-COMPLIANT — Node1: required objects absent (short-circuit triggered); Node2/Node3: skipped — object presence failed upstream
MB024,flux,fr,True,1.0,False,True,1.0,False,True,1.0,False,False,0.0,False,,True,True,0.6208,0.7621,[MB024] NON-COMPLIANT — Node4: required text not legibly rendered
MB025,sd15,fr,False,0.5,True,,0.0,True,,0.0,True,,0.0,True,short_circuit,False,,0.0,0.15,[MB025] NON-COMPLIANT — Node1: required objects absent (short-circuit triggered); Node2/Node3: skipped — object presence failed upstream
MB025,flux,fr,False,0.5,True,,0.0,True,,0.0,True,,0.0,True,short_circuit,True,,0.0,0.15,[MB025] NON-COMPLIANT — Node1: required objects absent (short-circuit triggered); Node2/Node3: skipped — object presence failed upstream
MB026,sd15,fr,False,0.5,True,,0.0,True,,0.0,True,,0.0,True,short_circuit,False,,0.0,0.15,[MB026] NON-COMPLIANT — Node1: required objects absent (short-circuit triggered); Node2/Node3: skipped — object presence failed upstream
MB026,flux,fr,True,1.0,False,True,1.0,False,True,1.0,False,True,1.0,False,,True,True,0.6185,0.9618,[MB026] COMPLIANT — all constraints satisfied
MB027,sd15,fr,False,0.5,True,,0.0,True,,0.0,True,,0.0,True,short_circuit,False,,0.0,0.15,[MB027] NON-COMPLIANT — Node1: required objects absent (short-circuit triggered); Node2/Node3: skipped — object presence failed upstream
MB027,flux,fr,True,1.0,False,False,0.0,False,True,1.0,False,True,1.0,False,,True,True,0.6181,0.7618,[MB027] NON-COMPLIANT — Node2: spatial constraints not satisfied
MB028,sd15,fr,False,0.5,True,,0.0,True,,0.0,True,,0.0,True,short_circuit,False,,0.0,0.15,[MB028] NON-COMPLIANT — Node1: required objects absent (short-circuit triggered); Node2/Node3: skipped — object presence failed upstream
MB028,flux,fr,False,0.5,True,,0.0,True,,0.0,True,,0.0,True,short_circuit,True,,0.0,0.15,[MB028] NON-COMPLIANT — Node1: required objects absent (short-circuit triggered); Node2/Node3: skipped — object presence failed upstream
MB029,sd15,fr,False,0.0,True,,0.0,True,,0.0,True,,0.0,True,short_circuit,False,,0.0,0.0,[MB029] NON-COMPLIANT — Node1: required objects absent (short-circuit triggered); Node2/Node3: skipped — object presence failed upstream
MB029,flux,fr,False,0.5,True,,0.0,True,,0.0,True,,0.0,True,short_circuit,True,,0.0,0.15,[MB029] NON-COMPLIANT — Node1: required objects absent (short-circuit triggered); Node2/Node3: skipped — object presence failed upstream
MB030,sd15,fr,True,1.0,False,False,0.0,False,False,0.0,False,,0.0,True,sd15_architectural,False,True,0.5963,0.3596,[MB030] NON-COMPLIANT — Node2: spatial constraints not satisfied; Node3: colour attributes not satisfied; Node4: SD v1.5 architectural limitation — text rendering unreliable (Phase 1C accuracy=0.1667); scored as 0.0 in compliance score; excluded from CLCG heatmap in Phase 2B
MB030,flux,fr,True,1.0,False,False,0.0,False,True,1.0,False,False,0.0,False,,True,True,0.6187,0.5619,[MB030] NON-COMPLIANT — Node2: spatial constraints not satisfied; Node4: required text not legibly rendered
MB031,sd15,fr,False,0.0,True,,0.0,True,,0.0,True,,0.0,True,short_circuit,False,,0.0,0.0,[MB031] NON-COMPLIANT — Node1: required objects absent (short-circuit triggered); Node2/Node3: skipped — object presence failed upstream
MB031,flux,fr,True,1.0,False,True,1.0,False,True,1.0,False,True,1.0,False,,True,True,0.6165,0.9616,[MB031] COMPLIANT — all constraints satisfied
MB032,sd15,fr,False,0.5,True,,0.0,True,,0.0,True,,0.0,True,short_circuit,False,,0.0,0.15,[MB032] NON-COMPLIANT — Node1: required objects absent (short-circuit triggered); Node2/Node3: skipped — object presence failed upstream
MB032,flux,fr,True,1.0,False,False,0.0,False,False,0.5,False,True,1.0,False,,True,True,0.6052,0.6605,[MB032] NON-COMPLIANT — Node2: spatial constraints not satisfied; Node3: colour attributes not satisfied
MB033,sd15,fr,False,0.5,True,,0.0,True,,0.0,True,,0.0,True,short_circuit,False,,0.0,0.15,[MB033] NON-COMPLIANT — Node1: required objects absent (short-circuit triggered); Node2/Node3: skipped — object presence failed upstream
MB033,flux,fr,False,0.5,True,,0.0,True,,0.0,True,,0.0,True,short_circuit,True,,0.0,0.15,[MB033] NON-COMPLIANT — Node1: required objects absent (short-circuit triggered); Node2/Node3: skipped — object presence failed upstream
MB034,sd15,fr,False,0.0,True,,0.0,True,,0.0,True,,0.0,True,short_circuit,False,,0.0,0.0,[MB034] NON-COMPLIANT — Node1: required objects absent (short-circuit triggered); Node2/Node3: skipped — object presence failed upstream
MB034,flux,fr,True,1.0,False,True,1.0,False,True,1.0,False,True,1.0,False,,True,True,0.616,0.9616,[MB034] COMPLIANT — all constraints satisfied
MB035,sd15,fr,True,1.0,False,True,1.0,False,False,0.5,False,,0.0,True,sd15_architectural,False,True,0.6155,0.6615,[MB035] NON-COMPLIANT — Node3: colour attributes not satisfied; Node4: SD v1.5 architectural limitation — text rendering unreliable (Phase 1C accuracy=0.1667); scored as 0.0 in compliance score; excluded from CLCG heatmap in Phase 2B
MB035,flux,fr,False,0.5,True,,0.0,True,,0.0,True,,0.0,True,short_circuit,True,,0.0,0.15,[MB035] NON-COMPLIANT — Node1: required objects absent (short-circuit triggered); Node2/Node3: skipped — object presence failed upstream
MB036,sd15,fr,False,0.5,True,,0.0,True,,0.0,True,,0.0,True,short_circuit,False,,0.0,0.15,[MB036] NON-COMPLIANT — Node1: required objects absent (short-circuit triggered); Node2/Node3: skipped — object presence failed upstream
MB036,flux,fr,False,0.5,True,,0.0,True,,0.0,True,,0.0,True,short_circuit,True,,0.0,0.15,[MB036] NON-COMPLIANT — Node1: required objects absent (short-circuit triggered); Node2/Node3: skipped — object presence failed upstream
MB037,sd15,fr,False,0.0,True,,0.0,True,,0.0,True,,0.0,True,short_circuit,False,,0.0,0.0,[MB037] NON-COMPLIANT — Node1: required objects absent (short-circuit triggered); Node2/Node3: skipped — object presence failed upstream
MB037,flux,fr,False,0.5,True,,0.0,True,,0.0,True,,0.0,True,short_circuit,True,,0.0,0.15,[MB037] NON-COMPLIANT — Node1: required objects absent (short-circuit triggered); Node2/Node3: skipped — object presence failed upstream
MB038,sd15,fr,False,0.5,True,,0.0,True,,0.0,True,,0.0,True,short_circuit,False,,0.0,0.15,[MB038] NON-COMPLIANT — Node1: required objects absent (short-circuit triggered); Node2/Node3: skipped — object presence failed upstream
MB038,flux,fr,False,0.5,True,,0.0,True,,0.0,True,,0.0,True,short_circuit,True,,0.0,0.15,[MB038] NON-COMPLIANT — Node1: required objects absent (short-circuit triggered); Node2/Node3: skipped — object presence failed upstream
MB039,sd15,fr,True,1.0,False,False,0.0,False,False,0.5,False,,0.0,True,sd15_architectural,False,True,0.6023,0.4602,[MB039] NON-COMPLIANT — Node2: spatial constraints not satisfied; Node3: colour attributes not satisfied; Node4: SD v1.5 architectural limitation — text rendering unreliable (Phase 1C accuracy=0.1667); scored as 0.0 in compliance score; excluded from CLCG heatmap in Phase 2B
MB039,flux,fr,False,0.5,True,,0.0,True,,0.0,True,,0.0,True,short_circuit,True,,0.0,0.15,[MB039] NON-COMPLIANT — Node1: required objects absent (short-circuit triggered); Node2/Node3: skipped — object presence failed upstream
MB040,sd15,fr,False,0.0,True,,0.0,True,,0.0,True,,0.0,True,short_circuit,False,,0.0,0.0,[MB040] NON-COMPLIANT — Node1: required objects absent (short-circuit triggered); Node2/Node3: skipped — object presence failed upstream
MB040,flux,fr,False,0.5,True,,0.0,True,,0.0,True,,0.0,True,short_circuit,True,,0.0,0.15,[MB040] NON-COMPLIANT — Node1: required objects absent (short-circuit triggered); Node2/Node3: skipped — object presence failed upstream
MB041,sd15,fr,False,0.5,True,,0.0,True,,0.0,True,,0.0,True,short_circuit,False,,0.0,0.15,[MB041] NON-COMPLIANT — Node1: required objects absent (short-circuit triggered); Node2/Node3: skipped — object presence failed upstream
MB041,flux,fr,False,0.5,True,,0.0,True,,0.0,True,,0.0,True,short_circuit,True,,0.0,0.15,[MB041] NON-COMPLIANT — Node1: required objects absent (short-circuit triggered); Node2/Node3: skipped — object presence failed upstream
MB042,sd15,fr,False,0.0,True,,0.0,True,,0.0,True,,0.0,True,short_circuit,False,,0.0,0.0,[MB042] NON-COMPLIANT — Node1: required objects absent (short-circuit triggered); Node2/Node3: skipped — object presence failed upstream
MB042,flux,fr,True,1.0,False,False,0.0,False,True,1.0,False,True,1.0,False,,True,True,0.619,0.7619,[MB042] NON-COMPLIANT — Node2: spatial constraints not satisfied
MB043,sd15,fr,False,0.5,True,,0.0,True,,0.0,True,,0.0,True,short_circuit,False,,0.0,0.15,[MB043] NON-COMPLIANT — Node1: required objects absent (short-circuit triggered); Node2/Node3: skipped — object presence failed upstream
MB043,flux,fr,False,0.5,True,,0.0,True,,0.0,True,,0.0,True,short_circuit,True,,0.0,0.15,[MB043] NON-COMPLIANT — Node1: required objects absent (short-circuit triggered); Node2/Node3: skipped — object presence failed upstream
MB044,sd15,fr,False,0.0,True,,0.0,True,,0.0,True,,0.0,True,short_circuit,False,,0.0,0.0,[MB044] NON-COMPLIANT — Node1: required objects absent (short-circuit triggered); Node2/Node3: skipped — object presence failed upstream
MB044,flux,fr,True,1.0,False,False,0.0,False,True,1.0,False,False,0.2353,False,,True,True,0.6135,0.6084,[MB044] NON-COMPLIANT — Node2: spatial constraints not satisfied; Node4: required text not legibly rendered
MB045,sd15,fr,False,0.5,True,,0.0,True,,0.0,True,,0.0,True,short_circuit,False,,0.0,0.15,[MB045] NON-COMPLIANT — Node1: required objects absent (short-circuit triggered); Node2/Node3: skipped — object presence failed upstream
MB045,flux,fr,False,0.0,True,,0.0,True,,0.0,True,,0.0,True,short_circuit,True,,0.0,0.0,[MB045] NON-COMPLIANT — Node1: required objects absent (short-circuit triggered); Node2/Node3: skipped — object presence failed upstream
MB046,sd15,fr,False,0.0,True,,0.0,True,,0.0,True,,0.0,True,short_circuit,False,,0.0,0.0,[MB046] NON-COMPLIANT — Node1: required objects absent (short-circuit triggered); Node2/Node3: skipped — object presence failed upstream
MB046,flux,fr,False,0.5,True,,0.0,True,,0.0,True,,0.0,True,short_circuit,True,,0.0,0.15,[MB046] NON-COMPLIANT — Node1: required objects absent (short-circuit triggered); Node2/Node3: skipped — object presence failed upstream
MB047,sd15,fr,True,1.0,False,False,0.0,False,True,1.0,False,,0.0,True,sd15_architectural,False,True,0.5975,0.5597,[MB047] NON-COMPLIANT — Node2: spatial constraints not satisfied; Node4: SD v1.5 architectural limitation — text rendering unreliable (Phase 1C accuracy=0.1667); scored as 0.0 in compliance score; excluded from CLCG heatmap in Phase 2B
MB047,flux,fr,False,0.5,True,,0.0,True,,0.0,True,,0.0,True,short_circuit,True,,0.0,0.15,[MB047] NON-COMPLIANT — Node1: required objects absent (short-circuit triggered); Node2/Node3: skipped — object presence failed upstream
MB048,sd15,fr,False,0.5,True,,0.0,True,,0.0,True,,0.0,True,short_circuit,False,,0.0,0.15,[MB048] NON-COMPLIANT — Node1: required objects absent (short-circuit triggered); Node2/Node3: skipped — object presence failed upstream
MB048,flux,fr,True,1.0,False,False,0.0,False,True,1.0,False,False,0.0,False,,True,True,0.6198,0.562,[MB048] NON-COMPLIANT — Node2: spatial constraints not satisfied; Node4: required text not legibly rendered
MB049,sd15,fr,False,0.5,True,,0.0,True,,0.0,True,,0.0,True,short_circuit,False,,0.0,0.15,[MB049] NON-COMPLIANT — Node1: required objects absent (short-circuit triggered); Node2/Node3: skipped — object presence failed upstream
MB049,flux,fr,False,0.0,True,,0.0,True,,0.0,True,,0.0,True,short_circuit,True,,0.0,0.0,[MB049] NON-COMPLIANT — Node1: required objects absent (short-circuit triggered); Node2/Node3: skipped — object presence failed upstream
MB050,sd15,fr,False,0.0,True,,0.0,True,,0.0,True,,0.0,True,short_circuit,False,,0.0,0.0,[MB050] NON-COMPLIANT — Node1: required objects absent (short-circuit triggered); Node2/Node3: skipped — object presence failed upstream
MB050,flux,fr,False,0.5,True,,0.0,True,,0.0,True,,0.0,True,short_circuit,True,,0.0,0.15,[MB050] NON-COMPLIANT — Node1: required objects absent (short-circuit triggered); Node2/Node3: skipped — object presence failed upstream
MB051,sd15,fr,False,0.0,True,,0.0,True,,0.0,True,,0.0,True,short_circuit,False,,0.0,0.0,[MB051] NON-COMPLIANT — Node1: required objects absent (short-circuit triggered); Node2/Node3: skipped — object presence failed upstream
MB051,flux,fr,False,0.5,True,,0.0,True,,0.0,True,,0.0,True,short_circuit,True,,0.0,0.15,[MB051] NON-COMPLIANT — Node1: required objects absent (short-circuit triggered); Node2/Node3: skipped — object presence failed upstream
MB052,sd15,fr,False,0.0,True,,0.0,True,,0.0,True,,0.0,True,short_circuit,False,,0.0,0.0,[MB052] NON-COMPLIANT — Node1: required objects absent (short-circuit triggered); Node2/Node3: skipped — object presence failed upstream
MB052,flux,fr,False,0.5,True,,0.0,True,,0.0,True,,0.0,True,short_circuit,True,,0.0,0.15,[MB052] NON-COMPLIANT — Node1: required objects absent (short-circuit triggered); Node2/Node3: skipped — object presence failed upstream
MB053,sd15,fr,False,0.0,True,,0.0,True,,0.0,True,,0.0,True,short_circuit,False,,0.0,0.0,[MB053] NON-COMPLIANT — Node1: required objects absent (short-circuit triggered); Node2/Node3: skipped — object presence failed upstream
MB053,flux,fr,False,0.5,True,,0.0,True,,0.0,True,,0.0,True,short_circuit,True,,0.0,0.15,[MB053] NON-COMPLIANT — Node1: required objects absent (short-circuit triggered); Node2/Node3: skipped — object presence failed upstream
MB054,sd15,fr,False,0.0,True,,0.0,True,,0.0,True,,0.0,True,short_circuit,False,,0.0,0.0,[MB054] NON-COMPLIANT — Node1: required objects absent (short-circuit triggered); Node2/Node3: skipped — object presence failed upstream
MB054,flux,fr,False,0.5,True,,0.0,True,,0.0,True,,0.0,True,short_circuit,True,,0.0,0.15,[MB054] NON-COMPLIANT — Node1: required objects absent (short-circuit triggered); Node2/Node3: skipped — object presence failed upstream
MB055,sd15,fr,False,0.5,True,,0.0,True,,0.0,True,,0.0,True,short_circuit,False,,0.0,0.15,[MB055] NON-COMPLIANT — Node1: required objects absent (short-circuit triggered); Node2/Node3: skipped — object presence failed upstream
MB055,flux,fr,False,0.0,True,,0.0,True,,0.0,True,,0.0,True,short_circuit,True,,0.0,0.0,[MB055] NON-COMPLIANT — Node1: required objects absent (short-circuit triggered); Node2/Node3: skipped — object presence failed upstream
MB056,sd15,fr,False,0.5,True,,0.0,True,,0.0,True,,0.0,True,short_circuit,False,,0.0,0.15,[MB056] NON-COMPLIANT — Node1: required objects absent (short-circuit triggered); Node2/Node3: skipped — object presence failed upstream
MB056,flux,fr,True,1.0,False,True,1.0,False,True,1.0,False,True,1.0,False,,True,True,0.6066,0.9607,[MB056] COMPLIANT — all constraints satisfied
MB057,sd15,fr,False,0.0,True,,0.0,True,,0.0,True,,0.0,True,short_circuit,False,,0.0,0.0,[MB057] NON-COMPLIANT — Node1: required objects absent (short-circuit triggered); Node2/Node3: skipped — object presence failed upstream
MB057,flux,fr,True,1.0,False,True,1.0,False,True,1.0,False,True,1.0,False,,True,True,0.6106,0.9611,[MB057] COMPLIANT — all constraints satisfied
MB058,sd15,fr,False,0.5,True,,0.0,True,,0.0,True,,0.0,True,short_circuit,False,,0.0,0.15,[MB058] NON-COMPLIANT — Node1: required objects absent (short-circuit triggered); Node2/Node3: skipped — object presence failed upstream
MB058,flux,fr,False,0.5,True,,0.0,True,,0.0,True,,0.0,True,short_circuit,True,,0.0,0.15,[MB058] NON-COMPLIANT — Node1: required objects absent (short-circuit triggered); Node2/Node3: skipped — object presence failed upstream
MB059,sd15,fr,False,0.0,True,,0.0,True,,0.0,True,,0.0,True,short_circuit,False,,0.0,0.0,[MB059] NON-COMPLIANT — Node1: required objects absent (short-circuit triggered); Node2/Node3: skipped — object presence failed upstream
MB059,flux,fr,False,0.0,True,,0.0,True,,0.0,True,,0.0,True,short_circuit,True,,0.0,0.0,[MB059] NON-COMPLIANT — Node1: required objects absent (short-circuit triggered); Node2/Node3: skipped — object presence failed upstream
MB060,sd15,fr,True,1.0,False,False,0.0,False,True,1.0,False,,0.0,True,sd15_architectural,False,True,0.6045,0.5605,[MB060] NON-COMPLIANT — Node2: spatial constraints not satisfied; Node4: SD v1.5 architectural limitation — text rendering unreliable (Phase 1C accuracy=0.1667); scored as 0.0 in compliance score; excluded from CLCG heatmap in Phase 2B
MB060,flux,fr,False,0.5,True,,0.0,True,,0.0,True,,0.0,True,short_circuit,True,,0.0,0.15,[MB060] NON-COMPLIANT — Node1: required objects absent (short-circuit triggered); Node2/Node3: skipped — object presence failed upstream
MB061,sd15,fr,False,0.5,True,,0.0,True,,0.0,True,,0.0,True,short_circuit,False,,0.0,0.15,[MB061] NON-COMPLIANT — Node1: required objects absent (short-circuit triggered); Node2/Node3: skipped — object presence failed upstream
MB061,flux,fr,True,1.0,False,True,1.0,False,True,1.0,False,True,0.5714,False,,True,True,0.6244,0.8767,[MB061] COMPLIANT — all constraints satisfied
MB062,sd15,fr,False,0.5,True,,0.0,True,,0.0,True,,0.0,True,short_circuit,False,,0.0,0.15,[MB062] NON-COMPLIANT — Node1: required objects absent (short-circuit triggered); Node2/Node3: skipped — object presence failed upstream
MB062,flux,fr,True,1.0,False,True,1.0,False,True,1.0,False,True,1.0,False,,True,True,0.6186,0.9619,[MB062] COMPLIANT — all constraints satisfied
MB063,sd15,fr,False,0.5,True,,0.0,True,,0.0,True,,0.0,True,short_circuit,False,,0.0,0.15,[MB063] NON-COMPLIANT — Node1: required objects absent (short-circuit triggered); Node2/Node3: skipped — object presence failed upstream
MB063,flux,fr,True,1.0,False,True,1.0,False,True,1.0,False,False,0.2857,False,,True,True,0.626,0.8197,[MB063] NON-COMPLIANT — Node4: required text not legibly rendered
MB064,sd15,fr,True,1.0,False,False,0.0,False,True,1.0,False,,0.0,True,sd15_architectural,False,True,0.6111,0.5611,[MB064] NON-COMPLIANT — Node2: spatial constraints not satisfied; Node4: SD v1.5 architectural limitation — text rendering unreliable (Phase 1C accuracy=0.1667); scored as 0.0 in compliance score; excluded from CLCG heatmap in Phase 2B
MB064,flux,fr,True,1.0,False,False,0.0,False,True,1.0,False,True,1.0,False,,True,True,0.6214,0.7621,[MB064] NON-COMPLIANT — Node2: spatial constraints not satisfied
MB065,sd15,fr,False,0.5,True,,0.0,True,,0.0,True,,0.0,True,short_circuit,False,,0.0,0.15,[MB065] NON-COMPLIANT — Node1: required objects absent (short-circuit triggered); Node2/Node3: skipped — object presence failed upstream
MB065,flux,fr,True,1.0,False,True,1.0,False,False,0.5,False,True,0.9091,False,,True,True,0.6135,0.8432,[MB065] NON-COMPLIANT — Node3: colour attributes not satisfied
MB066,sd15,fr,False,0.5,True,,0.0,True,,0.0,True,,0.0,True,short_circuit,False,,0.0,0.15,[MB066] NON-COMPLIANT — Node1: required objects absent (short-circuit triggered); Node2/Node3: skipped — object presence failed upstream
MB066,flux,fr,True,1.0,False,True,1.0,False,True,1.0,False,True,1.0,False,,True,True,0.6073,0.9607,[MB066] COMPLIANT — all constraints satisfied
MB067,sd15,fr,False,0.5,True,,0.0,True,,0.0,True,,0.0,True,short_circuit,False,,0.0,0.15,[MB067] NON-COMPLIANT — Node1: required objects absent (short-circuit triggered); Node2/Node3: skipped — object presence failed upstream
MB067,flux,fr,True,1.0,False,True,1.0,False,True,1.0,False,True,1.0,False,,True,True,0.622,0.9622,[MB067] COMPLIANT — all constraints satisfied
MB068,sd15,fr,False,0.0,True,,0.0,True,,0.0,True,,0.0,True,short_circuit,False,,0.0,0.0,[MB068] NON-COMPLIANT — Node1: required objects absent (short-circuit triggered); Node2/Node3: skipped — object presence failed upstream
MB068,flux,fr,False,0.5,True,,0.0,True,,0.0,True,,0.0,True,short_circuit,True,,0.0,0.15,[MB068] NON-COMPLIANT — Node1: required objects absent (short-circuit triggered); Node2/Node3: skipped — object presence failed upstream
MB069,sd15,fr,False,0.5,True,,0.0,True,,0.0,True,,0.0,True,short_circuit,False,,0.0,0.15,[MB069] NON-COMPLIANT — Node1: required objects absent (short-circuit triggered); Node2/Node3: skipped — object presence failed upstream
MB069,flux,fr,False,0.5,True,,0.0,True,,0.0,True,,0.0,True,short_circuit,True,,0.0,0.15,[MB069] NON-COMPLIANT — Node1: required objects absent (short-circuit triggered); Node2/Node3: skipped — object presence failed upstream
MB070,sd15,fr,False,0.5,True,,0.0,True,,0.0,True,,0.0,True,short_circuit,False,,0.0,0.15,[MB070] NON-COMPLIANT — Node1: required objects absent (short-circuit triggered); Node2/Node3: skipped — object presence failed upstream
MB070,flux,fr,False,0.5,True,,0.0,True,,0.0,True,,0.0,True,short_circuit,True,,0.0,0.15,[MB070] NON-COMPLIANT — Node1: required objects absent (short-circuit triggered); Node2/Node3: skipped — object presence failed upstream
MB071,sd15,fr,False,0.5,True,,0.0,True,,0.0,True,,0.0,True,short_circuit,False,,0.0,0.15,[MB071] NON-COMPLIANT — Node1: required objects absent (short-circuit triggered); Node2/Node3: skipped — object presence failed upstream
MB071,flux,fr,True,1.0,False,True,1.0,False,True,1.0,False,True,1.0,False,,True,True,0.6164,0.9616,[MB071] COMPLIANT — all constraints satisfied
MB072,sd15,fr,False,0.0,True,,0.0,True,,0.0,True,,0.0,True,short_circuit,False,,0.0,0.0,[MB072] NON-COMPLIANT — Node1: required objects absent (short-circuit triggered); Node2/Node3: skipped — object presence failed upstream
MB072,flux,fr,False,0.5,True,,0.0,True,,0.0,True,,0.0,True,short_circuit,True,,0.0,0.15,[MB072] NON-COMPLIANT — Node1: required objects absent (short-circuit triggered); Node2/Node3: skipped — object presence failed upstream
MB073,sd15,fr,False,0.5,True,,0.0,True,,0.0,True,,0.0,True,short_circuit,False,,0.0,0.15,[MB073] NON-COMPLIANT — Node1: required objects absent (short-circuit triggered); Node2/Node3: skipped — object presence failed upstream
MB073,flux,fr,False,0.5,True,,0.0,True,,0.0,True,,0.0,True,short_circuit,True,,0.0,0.15,[MB073] NON-COMPLIANT — Node1: required objects absent (short-circuit triggered); Node2/Node3: skipped — object presence failed upstream
MB074,sd15,fr,True,1.0,False,True,1.0,False,False,0.0,False,,0.0,True,sd15_architectural,False,True,0.6033,0.5603,[MB074] NON-COMPLIANT — Node3: colour attributes not satisfied; Node4: SD v1.5 architectural limitation — text rendering unreliable (Phase 1C accuracy=0.1667); scored as 0.0 in compliance score; excluded from CLCG heatmap in Phase 2B
MB074,flux,fr,False,0.0,True,,0.0,True,,0.0,True,,0.0,True,short_circuit,True,,0.0,0.0,[MB074] NON-COMPLIANT — Node1: required objects absent (short-circuit triggered); Node2/Node3: skipped — object presence failed upstream
MB075,sd15,fr,False,0.0,True,,0.0,True,,0.0,True,,0.0,True,short_circuit,False,,0.0,0.0,[MB075] NON-COMPLIANT — Node1: required objects absent (short-circuit triggered); Node2/Node3: skipped — object presence failed upstream
MB075,flux,fr,True,1.0,False,True,1.0,False,True,1.0,False,False,0.3333,False,,True,True,0.6164,0.8283,[MB075] NON-COMPLIANT — Node4: required text not legibly rendered
MB076,sd15,fr,False,0.5,True,,0.0,True,,0.0,True,,0.0,True,short_circuit,False,,0.0,0.15,[MB076] NON-COMPLIANT — Node1: required objects absent (short-circuit triggered); Node2/Node3: skipped — object presence failed upstream
MB076,flux,fr,False,0.0,True,,0.0,True,,0.0,True,,0.0,True,short_circuit,True,,0.0,0.0,[MB076] NON-COMPLIANT — Node1: required objects absent (short-circuit triggered); Node2/Node3: skipped — object presence failed upstream
MB077,sd15,fr,True,1.0,False,True,1.0,False,False,0.5,False,,0.0,True,sd15_architectural,False,True,0.6065,0.6606,[MB077] NON-COMPLIANT — Node3: colour attributes not satisfied; Node4: SD v1.5 architectural limitation — text rendering unreliable (Phase 1C accuracy=0.1667); scored as 0.0 in compliance score; excluded from CLCG heatmap in Phase 2B
MB077,flux,fr,True,1.0,False,False,0.0,False,True,1.0,False,True,1.0,False,,True,True,0.623,0.7623,[MB077] NON-COMPLIANT — Node2: spatial constraints not satisfied
MB078,sd15,fr,False,0.5,True,,0.0,True,,0.0,True,,0.0,True,short_circuit,False,,0.0,0.15,[MB078] NON-COMPLIANT — Node1: required objects absent (short-circuit triggered); Node2/Node3: skipped — object presence failed upstream
MB078,flux,fr,False,0.5,True,,0.0,True,,0.0,True,,0.0,True,short_circuit,True,,0.0,0.15,[MB078] NON-COMPLIANT — Node1: required objects absent (short-circuit triggered); Node2/Node3: skipped — object presence failed upstream
MB079,sd15,fr,False,0.5,True,,0.0,True,,0.0,True,,0.0,True,short_circuit,False,,0.0,0.15,[MB079] NON-COMPLIANT — Node1: required objects absent (short-circuit triggered); Node2/Node3: skipped — object presence failed upstream
MB079,flux,fr,True,1.0,False,False,0.0,False,True,1.0,False,True,0.6,False,,True,True,0.6135,0.6814,[MB079] NON-COMPLIANT — Node2: spatial constraints not satisfied
MB080,sd15,fr,False,0.5,True,,0.0,True,,0.0,True,,0.0,True,short_circuit,False,,0.0,0.15,[MB080] NON-COMPLIANT — Node1: required objects absent (short-circuit triggered); Node2/Node3: skipped — object presence failed upstream
MB080,flux,fr,True,1.0,False,True,1.0,False,True,1.0,False,True,0.75,False,,True,True,0.6201,0.912,[MB080] COMPLIANT — all constraints satisfied
MB081,sd15,fr,False,0.5,True,,0.0,True,,0.0,True,,0.0,True,short_circuit,False,,0.0,0.15,[MB081] NON-COMPLIANT — Node1: required objects absent (short-circuit triggered); Node2/Node3: skipped — object presence failed upstream
MB081,flux,fr,True,1.0,False,True,1.0,False,True,1.0,False,False,0.2857,False,,True,True,0.6081,0.8179,[MB081] NON-COMPLIANT — Node4: required text not legibly rendered
MB082,sd15,fr,False,0.5,True,,0.0,True,,0.0,True,,0.0,True,short_circuit,False,,0.0,0.15,[MB082] NON-COMPLIANT — Node1: required objects absent (short-circuit triggered); Node2/Node3: skipped — object presence failed upstream
MB082,flux,fr,False,0.5,True,,0.0,True,,0.0,True,,0.0,True,short_circuit,True,,0.0,0.15,[MB082] NON-COMPLIANT — Node1: required objects absent (short-circuit triggered); Node2/Node3: skipped — object presence failed upstream
MB083,sd15,fr,True,1.0,False,True,1.0,False,False,0.5,False,,0.0,True,sd15_architectural,False,True,0.5786,0.6579,[MB083] NON-COMPLIANT — Node3: colour attributes not satisfied; Node4: SD v1.5 architectural limitation — text rendering unreliable (Phase 1C accuracy=0.1667); scored as 0.0 in compliance score; excluded from CLCG heatmap in Phase 2B
MB083,flux,fr,False,0.5,True,,0.0,True,,0.0,True,,0.0,True,short_circuit,True,,0.0,0.15,[MB083] NON-COMPLIANT — Node1: required objects absent (short-circuit triggered); Node2/Node3: skipped — object presence failed upstream
MB084,sd15,fr,False,0.5,True,,0.0,True,,0.0,True,,0.0,True,short_circuit,False,,0.0,0.15,[MB084] NON-COMPLIANT — Node1: required objects absent (short-circuit triggered); Node2/Node3: skipped — object presence failed upstream
MB084,flux,fr,True,1.0,False,True,1.0,False,True,1.0,False,True,1.0,False,,True,True,0.6155,0.9615,[MB084] COMPLIANT — all constraints satisfied
MB085,sd15,fr,True,1.0,False,True,1.0,False,False,0.5,False,,0.0,True,sd15_architectural,False,True,0.5993,0.6599,[MB085] NON-COMPLIANT — Node3: colour attributes not satisfied; Node4: SD v1.5 architectural limitation — text rendering unreliable (Phase 1C accuracy=0.1667); scored as 0.0 in compliance score; excluded from CLCG heatmap in Phase 2B
MB085,flux,fr,True,1.0,False,False,0.0,False,True,1.0,False,True,0.6667,False,,True,True,0.6103,0.6944,[MB085] NON-COMPLIANT — Node2: spatial constraints not satisfied
MB086,sd15,fr,False,0.0,True,,0.0,True,,0.0,True,,0.0,True,short_circuit,False,,0.0,0.0,[MB086] NON-COMPLIANT — Node1: required objects absent (short-circuit triggered); Node2/Node3: skipped — object presence failed upstream
MB086,flux,fr,False,0.5,True,,0.0,True,,0.0,True,,0.0,True,short_circuit,True,,0.0,0.15,[MB086] NON-COMPLIANT — Node1: required objects absent (short-circuit triggered); Node2/Node3: skipped — object presence failed upstream
MB087,sd15,fr,False,0.5,True,,0.0,True,,0.0,True,,0.0,True,short_circuit,False,,0.0,0.15,[MB087] NON-COMPLIANT — Node1: required objects absent (short-circuit triggered); Node2/Node3: skipped — object presence failed upstream
MB087,flux,fr,True,1.0,False,True,1.0,False,True,1.0,False,False,0.2857,False,,True,True,0.6204,0.8192,[MB087] NON-COMPLIANT — Node4: required text not legibly rendered
MB088,sd15,fr,True,1.0,False,True,1.0,False,False,0.0,False,,0.0,True,sd15_architectural,False,True,0.5975,0.5597,[MB088] NON-COMPLIANT — Node3: colour attributes not satisfied; Node4: SD v1.5 architectural limitation — text rendering unreliable (Phase 1C accuracy=0.1667); scored as 0.0 in compliance score; excluded from CLCG heatmap in Phase 2B
MB088,flux,fr,False,0.5,True,,0.0,True,,0.0,True,,0.0,True,short_circuit,True,,0.0,0.15,[MB088] NON-COMPLIANT — Node1: required objects absent (short-circuit triggered); Node2/Node3: skipped — object presence failed upstream
MB089,sd15,fr,False,0.5,True,,0.0,True,,0.0,True,,0.0,True,short_circuit,False,,0.0,0.15,[MB089] NON-COMPLIANT — Node1: required objects absent (short-circuit triggered); Node2/Node3: skipped — object presence failed upstream
MB089,flux,fr,True,1.0,False,False,0.0,False,True,1.0,False,True,1.0,False,,True,True,0.6233,0.7623,[MB089] NON-COMPLIANT — Node2: spatial constraints not satisfied
MB090,sd15,fr,False,0.5,True,,0.0,True,,0.0,True,,0.0,True,short_circuit,False,,0.0,0.15,[MB090] NON-COMPLIANT — Node1: required objects absent (short-circuit triggered); Node2/Node3: skipped — object presence failed upstream
MB090,flux,fr,True,1.0,False,False,0.0,False,False,0.5,False,False,0.0,False,,True,True,0.6152,0.4615,[MB090] NON-COMPLIANT — Node2: spatial constraints not satisfied; Node3: colour attributes not satisfied; Node4: required text not legibly rendered
MB091,sd15,fr,False,0.0,True,,0.0,True,,0.0,True,,0.0,True,short_circuit,False,,0.0,0.0,[MB091] NON-COMPLIANT — Node1: required objects absent (short-circuit triggered); Node2/Node3: skipped — object presence failed upstream
MB091,flux,fr,True,1.0,False,True,1.0,False,True,1.0,False,True,1.0,False,,True,True,0.6156,0.9616,[MB091] COMPLIANT — all constraints satisfied
MB092,sd15,fr,True,1.0,False,True,1.0,False,True,1.0,False,,0.0,True,sd15_architectural,False,True,0.6038,0.7604,[MB092] NON-COMPLIANT — Node4: SD v1.5 architectural limitation — text rendering unreliable (Phase 1C accuracy=0.1667); scored as 0.0 in compliance score; excluded from CLCG heatmap in Phase 2B
MB092,flux,fr,True,1.0,False,True,1.0,False,True,1.0,False,True,1.0,False,,True,True,0.6225,0.9622,[MB092] COMPLIANT — all constraints satisfied
MB093,sd15,fr,False,0.5,True,,0.0,True,,0.0,True,,0.0,True,short_circuit,False,,0.0,0.15,[MB093] NON-COMPLIANT — Node1: required objects absent (short-circuit triggered); Node2/Node3: skipped — object presence failed upstream
MB093,flux,fr,True,1.0,False,True,1.0,False,False,0.5,False,False,0.0,False,,True,True,0.614,0.6614,[MB093] NON-COMPLIANT — Node3: colour attributes not satisfied; Node4: required text not legibly rendered
MB094,sd15,fr,False,0.5,True,,0.0,True,,0.0,True,,0.0,True,short_circuit,False,,0.0,0.15,[MB094] NON-COMPLIANT — Node1: required objects absent (short-circuit triggered); Node2/Node3: skipped — object presence failed upstream
MB094,flux,fr,True,1.0,False,True,1.0,False,True,1.0,False,False,0.4,False,,True,True,0.6203,0.842,[MB094] NON-COMPLIANT — Node4: required text not legibly rendered
MB095,sd15,fr,False,0.5,True,,0.0,True,,0.0,True,,0.0,True,short_circuit,False,,0.0,0.15,[MB095] NON-COMPLIANT — Node1: required objects absent (short-circuit triggered); Node2/Node3: skipped — object presence failed upstream
MB095,flux,fr,False,0.5,True,,0.0,True,,0.0,True,,0.0,True,short_circuit,True,,0.0,0.15,[MB095] NON-COMPLIANT — Node1: required objects absent (short-circuit triggered); Node2/Node3: skipped — object presence failed upstream
MB096,sd15,fr,False,0.0,True,,0.0,True,,0.0,True,,0.0,True,short_circuit,False,,0.0,0.0,[MB096] NON-COMPLIANT — Node1: required objects absent (short-circuit triggered); Node2/Node3: skipped — object presence failed upstream
MB096,flux,fr,False,0.0,True,,0.0,True,,0.0,True,,0.0,True,short_circuit,True,,0.0,0.0,[MB096] NON-COMPLIANT — Node1: required objects absent (short-circuit triggered); Node2/Node3: skipped — object presence failed upstream
MB097,sd15,fr,False,0.0,True,,0.0,True,,0.0,True,,0.0,True,short_circuit,False,,0.0,0.0,[MB097] NON-COMPLIANT — Node1: required objects absent (short-circuit triggered); Node2/Node3: skipped — object presence failed upstream
MB097,flux,fr,True,1.0,False,True,1.0,False,True,1.0,False,False,0.0,False,,True,True,0.6131,0.7613,[MB097] NON-COMPLIANT — Node4: required text not legibly rendered
MB098,sd15,fr,False,0.0,True,,0.0,True,,0.0,True,,0.0,True,short_circuit,False,,0.0,0.0,[MB098] NON-COMPLIANT — Node1: required objects absent (short-circuit triggered); Node2/Node3: skipped — object presence failed upstream
MB098,flux,fr,False,0.5,True,,0.0,True,,0.0,True,,0.0,True,short_circuit,True,,0.0,0.15,[MB098] NON-COMPLIANT — Node1: required objects absent (short-circuit triggered); Node2/Node3: skipped — object presence failed upstream
MB099,sd15,fr,False,0.0,True,,0.0,True,,0.0,True,,0.0,True,short_circuit,False,,0.0,0.0,[MB099] NON-COMPLIANT — Node1: required objects absent (short-circuit triggered); Node2/Node3: skipped — object presence failed upstream
MB099,flux,fr,False,0.0,True,,0.0,True,,0.0,True,,0.0,True,short_circuit,True,,0.0,0.0,[MB099] NON-COMPLIANT — Node1: required objects absent (short-circuit triggered); Node2/Node3: skipped — object presence failed upstream
MB100,sd15,fr,False,0.0,True,,0.0,True,,0.0,True,,0.0,True,short_circuit,False,,0.0,0.0,[MB100] NON-COMPLIANT — Node1: required objects absent (short-circuit triggered); Node2/Node3: skipped — object presence failed upstream
MB100,flux,fr,True,1.0,False,False,0.0,False,False,0.5,False,False,0.1818,False,,True,True,0.6124,0.4976,[MB100] NON-COMPLIANT — Node2: spatial constraints not satisfied; Node3: colour attributes not satisfied; Node4: required text not legibly rendered
MB101,sd15,fr,False,0.5,True,,0.0,True,,0.0,True,,0.0,True,short_circuit,False,,0.0,0.15,[MB101] NON-COMPLIANT — Node1: required objects absent (short-circuit triggered); Node2/Node3: skipped — object presence failed upstream
MB101,flux,fr,False,0.5,True,,0.0,True,,0.0,True,,0.0,True,short_circuit,True,,0.0,0.15,[MB101] NON-COMPLIANT — Node1: required objects absent (short-circuit triggered); Node2/Node3: skipped — object presence failed upstream
MB102,sd15,fr,False,0.5,True,,0.0,True,,0.0,True,,0.0,True,short_circuit,False,,0.0,0.15,[MB102] NON-COMPLIANT — Node1: required objects absent (short-circuit triggered); Node2/Node3: skipped — object presence failed upstream
MB102,flux,fr,True,1.0,False,True,1.0,False,True,1.0,False,True,0.6667,False,,True,True,0.6143,0.8948,[MB102] COMPLIANT — all constraints satisfied
MB103,sd15,fr,False,0.5,True,,0.0,True,,0.0,True,,0.0,True,short_circuit,False,,0.0,0.15,[MB103] NON-COMPLIANT — Node1: required objects absent (short-circuit triggered); Node2/Node3: skipped — object presence failed upstream
MB103,flux,fr,False,0.0,True,,0.0,True,,0.0,True,,0.0,True,short_circuit,True,,0.0,0.0,[MB103] NON-COMPLIANT — Node1: required objects absent (short-circuit triggered); Node2/Node3: skipped — object presence failed upstream
MB104,sd15,fr,False,0.5,True,,0.0,True,,0.0,True,,0.0,True,short_circuit,False,,0.0,0.15,[MB104] NON-COMPLIANT — Node1: required objects absent (short-circuit triggered); Node2/Node3: skipped — object presence failed upstream
MB104,flux,fr,False,0.5,True,,0.0,True,,0.0,True,,0.0,True,short_circuit,True,,0.0,0.15,[MB104] NON-COMPLIANT — Node1: required objects absent (short-circuit triggered); Node2/Node3: skipped — object presence failed upstream
MB105,sd15,fr,False,0.5,True,,0.0,True,,0.0,True,,0.0,True,short_circuit,False,,0.0,0.15,[MB105] NON-COMPLIANT — Node1: required objects absent (short-circuit triggered); Node2/Node3: skipped — object presence failed upstream
MB105,flux,fr,False,0.5,True,,0.0,True,,0.0,True,,0.0,True,short_circuit,True,,0.0,0.15,[MB105] NON-COMPLIANT — Node1: required objects absent (short-circuit triggered); Node2/Node3: skipped — object presence failed upstream
MB106,sd15,fr,False,0.0,True,,0.0,True,,0.0,True,,0.0,True,short_circuit,False,,0.0,0.0,[MB106] NON-COMPLIANT — Node1: required objects absent (short-circuit triggered); Node2/Node3: skipped — object presence failed upstream
MB106,flux,fr,False,0.5,True,,0.0,True,,0.0,True,,0.0,True,short_circuit,True,,0.0,0.15,[MB106] NON-COMPLIANT — Node1: required objects absent (short-circuit triggered); Node2/Node3: skipped — object presence failed upstream
MB107,sd15,fr,False,0.5,True,,0.0,True,,0.0,True,,0.0,True,short_circuit,False,,0.0,0.15,[MB107] NON-COMPLIANT — Node1: required objects absent (short-circuit triggered); Node2/Node3: skipped — object presence failed upstream
MB107,flux,fr,False,0.0,True,,0.0,True,,0.0,True,,0.0,True,short_circuit,True,,0.0,0.0,[MB107] NON-COMPLIANT — Node1: required objects absent (short-circuit triggered); Node2/Node3: skipped — object presence failed upstream
MB108,sd15,fr,False,0.5,True,,0.0,True,,0.0,True,,0.0,True,short_circuit,False,,0.0,0.15,[MB108] NON-COMPLIANT — Node1: required objects absent (short-circuit triggered); Node2/Node3: skipped — object presence failed upstream
MB108,flux,fr,True,1.0,False,False,0.0,False,True,1.0,False,False,0.0,False,,True,True,0.6158,0.5616,[MB108] NON-COMPLIANT — Node2: spatial constraints not satisfied; Node4: required text not legibly rendered
MB109,sd15,fr,False,0.5,True,,0.0,True,,0.0,True,,0.0,True,short_circuit,False,,0.0,0.15,[MB109] NON-COMPLIANT — Node1: required objects absent (short-circuit triggered); Node2/Node3: skipped — object presence failed upstream
MB109,flux,fr,True,1.0,False,True,1.0,False,False,0.5,False,False,0.4444,False,,True,True,0.6132,0.7502,[MB109] NON-COMPLIANT — Node3: colour attributes not satisfied; Node4: required text not legibly rendered
MB110,sd15,fr,False,0.5,True,,0.0,True,,0.0,True,,0.0,True,short_circuit,False,,0.0,0.15,[MB110] NON-COMPLIANT — Node1: required objects absent (short-circuit triggered); Node2/Node3: skipped — object presence failed upstream
MB110,flux,fr,False,0.5,True,,0.0,True,,0.0,True,,0.0,True,short_circuit,True,,0.0,0.15,[MB110] NON-COMPLIANT — Node1: required objects absent (short-circuit triggered); Node2/Node3: skipped — object presence failed upstream
MB111,sd15,fr,False,0.0,True,,0.0,True,,0.0,True,,0.0,True,short_circuit,False,,0.0,0.0,[MB111] NON-COMPLIANT — Node1: required objects absent (short-circuit triggered); Node2/Node3: skipped — object presence failed upstream
MB111,flux,fr,False,0.0,True,,0.0,True,,0.0,True,,0.0,True,short_circuit,True,,0.0,0.0,[MB111] NON-COMPLIANT — Node1: required objects absent (short-circuit triggered); Node2/Node3: skipped — object presence failed upstream
MB112,sd15,fr,True,1.0,False,True,1.0,False,False,0.5,False,,0.0,True,sd15_architectural,False,True,0.6014,0.6601,[MB112] NON-COMPLIANT — Node3: colour attributes not satisfied; Node4: SD v1.5 architectural limitation — text rendering unreliable (Phase 1C accuracy=0.1667); scored as 0.0 in compliance score; excluded from CLCG heatmap in Phase 2B
MB112,flux,fr,True,1.0,False,True,1.0,False,True,1.0,False,False,0.1818,False,,True,True,0.6132,0.7977,[MB112] NON-COMPLIANT — Node4: required text not legibly rendered
MB113,sd15,fr,False,0.5,True,,0.0,True,,0.0,True,,0.0,True,short_circuit,False,,0.0,0.15,[MB113] NON-COMPLIANT — Node1: required objects absent (short-circuit triggered); Node2/Node3: skipped — object presence failed upstream
MB113,flux,fr,True,1.0,False,True,1.0,False,True,1.0,False,True,1.0,False,,True,True,0.6182,0.9618,[MB113] COMPLIANT — all constraints satisfied
MB114,sd15,fr,False,0.0,True,,0.0,True,,0.0,True,,0.0,True,short_circuit,False,,0.0,0.0,[MB114] NON-COMPLIANT — Node1: required objects absent (short-circuit triggered); Node2/Node3: skipped — object presence failed upstream
MB114,flux,fr,False,0.5,True,,0.0,True,,0.0,True,,0.0,True,short_circuit,True,,0.0,0.15,[MB114] NON-COMPLIANT — Node1: required objects absent (short-circuit triggered); Node2/Node3: skipped — object presence failed upstream
MB115,sd15,fr,True,1.0,False,True,1.0,False,True,1.0,False,,0.0,True,sd15_architectural,False,True,0.604,0.7604,[MB115] NON-COMPLIANT — Node4: SD v1.5 architectural limitation — text rendering unreliable (Phase 1C accuracy=0.1667); scored as 0.0 in compliance score; excluded from CLCG heatmap in Phase 2B
MB115,flux,fr,False,0.0,True,,0.0,True,,0.0,True,,0.0,True,short_circuit,True,,0.0,0.0,[MB115] NON-COMPLIANT — Node1: required objects absent (short-circuit triggered); Node2/Node3: skipped — object presence failed upstream
MB116,sd15,fr,False,0.0,True,,0.0,True,,0.0,True,,0.0,True,short_circuit,False,,0.0,0.0,[MB116] NON-COMPLIANT — Node1: required objects absent (short-circuit triggered); Node2/Node3: skipped — object presence failed upstream
MB116,flux,fr,False,0.5,True,,0.0,True,,0.0,True,,0.0,True,short_circuit,True,,0.0,0.15,[MB116] NON-COMPLIANT — Node1: required objects absent (short-circuit triggered); Node2/Node3: skipped — object presence failed upstream
MB117,sd15,fr,True,1.0,False,True,1.0,False,False,0.5,False,,0.0,True,sd15_architectural,False,True,0.6043,0.6604,[MB117] NON-COMPLIANT — Node3: colour attributes not satisfied; Node4: SD v1.5 architectural limitation — text rendering unreliable (Phase 1C accuracy=0.1667); scored as 0.0 in compliance score; excluded from CLCG heatmap in Phase 2B
MB117,flux,fr,True,1.0,False,True,1.0,False,True,1.0,False,False,0.3636,False,,True,True,0.617,0.8344,[MB117] NON-COMPLIANT — Node4: required text not legibly rendered
MB118,sd15,fr,False,0.5,True,,0.0,True,,0.0,True,,0.0,True,short_circuit,False,,0.0,0.15,[MB118] NON-COMPLIANT — Node1: required objects absent (short-circuit triggered); Node2/Node3: skipped — object presence failed upstream
MB118,flux,fr,False,0.5,True,,0.0,True,,0.0,True,,0.0,True,short_circuit,True,,0.0,0.15,[MB118] NON-COMPLIANT — Node1: required objects absent (short-circuit triggered); Node2/Node3: skipped — object presence failed upstream
MB119,sd15,fr,False,0.0,True,,0.0,True,,0.0,True,,0.0,True,short_circuit,False,,0.0,0.0,[MB119] NON-COMPLIANT — Node1: required objects absent (short-circuit triggered); Node2/Node3: skipped — object presence failed upstream
MB119,flux,fr,True,1.0,False,True,1.0,False,False,0.5,False,True,1.0,False,,True,True,0.6169,0.8617,[MB119] NON-COMPLIANT — Node3: colour attributes not satisfied
MB120,sd15,fr,False,0.5,True,,0.0,True,,0.0,True,,0.0,True,short_circuit,False,,0.0,0.15,[MB120] NON-COMPLIANT — Node1: required objects absent (short-circuit triggered); Node2/Node3: skipped — object presence failed upstream
MB120,flux,fr,False,0.5,True,,0.0,True,,0.0,True,,0.0,True,short_circuit,True,,0.0,0.15,[MB120] NON-COMPLIANT — Node1: required objects absent (short-circuit triggered); Node2/Node3: skipped — object presence failed upstream
MB121,sd15,fr,False,0.5,True,,0.0,True,,0.0,True,,0.0,True,short_circuit,False,,0.0,0.15,[MB121] NON-COMPLIANT — Node1: required objects absent (short-circuit triggered); Node2/Node3: skipped — object presence failed upstream
MB121,flux,fr,True,1.0,False,False,0.0,False,True,1.0,False,True,1.0,False,,True,True,0.6251,0.7625,[MB121] NON-COMPLIANT — Node2: spatial constraints not satisfied
MB122,sd15,fr,False,0.5,True,,0.0,True,,0.0,True,,0.0,True,short_circuit,False,,0.0,0.15,[MB122] NON-COMPLIANT — Node1: required objects absent (short-circuit triggered); Node2/Node3: skipped — object presence failed upstream
MB122,flux,fr,True,1.0,False,True,1.0,False,True,1.0,False,True,1.0,False,,True,True,0.6197,0.962,[MB122] COMPLIANT — all constraints satisfied
MB123,sd15,fr,False,0.5,True,,0.0,True,,0.0,True,,0.0,True,short_circuit,False,,0.0,0.15,[MB123] NON-COMPLIANT — Node1: required objects absent (short-circuit triggered); Node2/Node3: skipped — object presence failed upstream
MB123,flux,fr,True,1.0,False,False,0.0,False,True,1.0,False,True,1.0,False,,True,True,0.6189,0.7619,[MB123] NON-COMPLIANT — Node2: spatial constraints not satisfied
MB124,sd15,fr,True,1.0,False,True,1.0,False,False,0.5,False,,0.0,True,sd15_architectural,False,True,0.5925,0.6593,[MB124] NON-COMPLIANT — Node3: colour attributes not satisfied; Node4: SD v1.5 architectural limitation — text rendering unreliable (Phase 1C accuracy=0.1667); scored as 0.0 in compliance score; excluded from CLCG heatmap in Phase 2B
MB124,flux,fr,True,1.0,False,True,1.0,False,True,1.0,False,True,1.0,False,,True,True,0.6132,0.9613,[MB124] COMPLIANT — all constraints satisfied
MB125,sd15,fr,False,0.5,True,,0.0,True,,0.0,True,,0.0,True,short_circuit,False,,0.0,0.15,[MB125] NON-COMPLIANT — Node1: required objects absent (short-circuit triggered); Node2/Node3: skipped — object presence failed upstream
MB125,flux,fr,False,0.5,True,,0.0,True,,0.0,True,,0.0,True,short_circuit,True,,0.0,0.15,[MB125] NON-COMPLIANT — Node1: required objects absent (short-circuit triggered); Node2/Node3: skipped — object presence failed upstream
MB126,sd15,fr,False,0.0,True,,0.0,True,,0.0,True,,0.0,True,short_circuit,False,,0.0,0.0,[MB126] NON-COMPLIANT — Node1: required objects absent (short-circuit triggered); Node2/Node3: skipped — object presence failed upstream
MB126,flux,fr,True,1.0,False,True,1.0,False,True,1.0,False,False,0.0,False,,True,True,0.6199,0.762,[MB126] NON-COMPLIANT — Node4: required text not legibly rendered
MB127,sd15,fr,False,0.5,True,,0.0,True,,0.0,True,,0.0,True,short_circuit,False,,0.0,0.15,[MB127] NON-COMPLIANT — Node1: required objects absent (short-circuit triggered); Node2/Node3: skipped — object presence failed upstream
MB127,flux,fr,False,0.5,True,,0.0,True,,0.0,True,,0.0,True,short_circuit,True,,0.0,0.15,[MB127] NON-COMPLIANT — Node1: required objects absent (short-circuit triggered); Node2/Node3: skipped — object presence failed upstream
MB128,sd15,fr,False,0.0,True,,0.0,True,,0.0,True,,0.0,True,short_circuit,False,,0.0,0.0,[MB128] NON-COMPLIANT — Node1: required objects absent (short-circuit triggered); Node2/Node3: skipped — object presence failed upstream
MB128,flux,fr,True,1.0,False,True,1.0,False,True,1.0,False,True,1.0,False,,True,True,0.6183,0.9618,[MB128] COMPLIANT — all constraints satisfied
MB129,sd15,fr,False,0.0,True,,0.0,True,,0.0,True,,0.0,True,short_circuit,False,,0.0,0.0,[MB129] NON-COMPLIANT — Node1: required objects absent (short-circuit triggered); Node2/Node3: skipped — object presence failed upstream
MB129,flux,fr,False,0.5,True,,0.0,True,,0.0,True,,0.0,True,short_circuit,True,,0.0,0.15,[MB129] NON-COMPLIANT — Node1: required objects absent (short-circuit triggered); Node2/Node3: skipped — object presence failed upstream
MB130,sd15,fr,False,0.5,True,,0.0,True,,0.0,True,,0.0,True,short_circuit,False,,0.0,0.15,[MB130] NON-COMPLIANT — Node1: required objects absent (short-circuit triggered); Node2/Node3: skipped — object presence failed upstream
MB130,flux,fr,True,1.0,False,True,1.0,False,True,1.0,False,True,1.0,False,,True,True,0.6139,0.9614,[MB130] COMPLIANT — all constraints satisfied
MB131,sd15,fr,True,1.0,False,True,1.0,False,False,0.5,False,,0.0,True,sd15_architectural,False,True,0.6006,0.6601,[MB131] NON-COMPLIANT — Node3: colour attributes not satisfied; Node4: SD v1.5 architectural limitation — text rendering unreliable (Phase 1C accuracy=0.1667); scored as 0.0 in compliance score; excluded from CLCG heatmap in Phase 2B
MB131,flux,fr,True,1.0,False,True,1.0,False,True,1.0,False,True,1.0,False,,True,True,0.6174,0.9617,[MB131] COMPLIANT — all constraints satisfied
MB132,sd15,fr,False,0.5,True,,0.0,True,,0.0,True,,0.0,True,short_circuit,False,,0.0,0.15,[MB132] NON-COMPLIANT — Node1: required objects absent (short-circuit triggered); Node2/Node3: skipped — object presence failed upstream
MB132,flux,fr,True,1.0,False,True,1.0,False,True,1.0,False,True,1.0,False,,True,True,0.6129,0.9613,[MB132] COMPLIANT — all constraints satisfied
MB133,sd15,fr,False,0.5,True,,0.0,True,,0.0,True,,0.0,True,short_circuit,False,,0.0,0.15,[MB133] NON-COMPLIANT — Node1: required objects absent (short-circuit triggered); Node2/Node3: skipped — object presence failed upstream
MB133,flux,fr,True,1.0,False,True,1.0,False,True,1.0,False,True,1.0,False,,True,True,0.6212,0.9621,[MB133] COMPLIANT — all constraints satisfied
MB134,sd15,fr,False,0.5,True,,0.0,True,,0.0,True,,0.0,True,short_circuit,False,,0.0,0.15,[MB134] NON-COMPLIANT — Node1: required objects absent (short-circuit triggered); Node2/Node3: skipped — object presence failed upstream
MB134,flux,fr,False,0.5,True,,0.0,True,,0.0,True,,0.0,True,short_circuit,True,,0.0,0.15,[MB134] NON-COMPLIANT — Node1: required objects absent (short-circuit triggered); Node2/Node3: skipped — object presence failed upstream
MB135,sd15,fr,False,0.5,True,,0.0,True,,0.0,True,,0.0,True,short_circuit,False,,0.0,0.15,[MB135] NON-COMPLIANT — Node1: required objects absent (short-circuit triggered); Node2/Node3: skipped — object presence failed upstream
MB135,flux,fr,False,0.5,True,,0.0,True,,0.0,True,,0.0,True,short_circuit,True,,0.0,0.15,[MB135] NON-COMPLIANT — Node1: required objects absent (short-circuit triggered); Node2/Node3: skipped — object presence failed upstream
MB136,sd15,fr,False,0.0,True,,0.0,True,,0.0,True,,0.0,True,short_circuit,False,,0.0,0.0,[MB136] NON-COMPLIANT — Node1: required objects absent (short-circuit triggered); Node2/Node3: skipped — object presence failed upstream
MB136,flux,fr,False,0.0,True,,0.0,True,,0.0,True,,0.0,True,short_circuit,True,,0.0,0.0,[MB136] NON-COMPLIANT — Node1: required objects absent (short-circuit triggered); Node2/Node3: skipped — object presence failed upstream
MB137,sd15,fr,True,1.0,False,True,1.0,False,True,1.0,False,,0.0,True,sd15_architectural,False,True,0.5973,0.7597,[MB137] NON-COMPLIANT — Node4: SD v1.5 architectural limitation — text rendering unreliable (Phase 1C accuracy=0.1667); scored as 0.0 in compliance score; excluded from CLCG heatmap in Phase 2B
MB137,flux,fr,True,1.0,False,False,0.0,False,True,1.0,False,True,1.0,False,,True,True,0.6125,0.7612,[MB137] NON-COMPLIANT — Node2: spatial constraints not satisfied
MB138,sd15,fr,False,0.0,True,,0.0,True,,0.0,True,,0.0,True,short_circuit,False,,0.0,0.0,[MB138] NON-COMPLIANT — Node1: required objects absent (short-circuit triggered); Node2/Node3: skipped — object presence failed upstream
MB138,flux,fr,True,1.0,False,True,1.0,False,True,1.0,False,False,0.0,False,,True,True,0.6039,0.7604,[MB138] NON-COMPLIANT — Node4: required text not legibly rendered
MB139,sd15,fr,False,0.5,True,,0.0,True,,0.0,True,,0.0,True,short_circuit,False,,0.0,0.15,[MB139] NON-COMPLIANT — Node1: required objects absent (short-circuit triggered); Node2/Node3: skipped — object presence failed upstream
MB139,flux,fr,True,1.0,False,True,1.0,False,False,0.5,False,False,0.0,False,,True,True,0.6103,0.661,[MB139] NON-COMPLIANT — Node3: colour attributes not satisfied; Node4: required text not legibly rendered
MB140,sd15,fr,False,0.0,True,,0.0,True,,0.0,True,,0.0,True,short_circuit,False,,0.0,0.0,[MB140] NON-COMPLIANT — Node1: required objects absent (short-circuit triggered); Node2/Node3: skipped — object presence failed upstream
MB140,flux,fr,True,1.0,False,False,0.0,False,False,0.5,False,False,0.4,False,,True,True,0.6055,0.5406,[MB140] NON-COMPLIANT — Node2: spatial constraints not satisfied; Node3: colour attributes not satisfied; Node4: required text not legibly rendered
MB141,sd15,fr,False,0.5,True,,0.0,True,,0.0,True,,0.0,True,short_circuit,False,,0.0,0.15,[MB141] NON-COMPLIANT — Node1: required objects absent (short-circuit triggered); Node2/Node3: skipped — object presence failed upstream
MB141,flux,fr,False,0.5,True,,0.0,True,,0.0,True,,0.0,True,short_circuit,True,,0.0,0.15,[MB141] NON-COMPLIANT — Node1: required objects absent (short-circuit triggered); Node2/Node3: skipped — object presence failed upstream
MB142,sd15,fr,False,0.0,True,,0.0,True,,0.0,True,,0.0,True,short_circuit,False,,0.0,0.0,[MB142] NON-COMPLIANT — Node1: required objects absent (short-circuit triggered); Node2/Node3: skipped — object presence failed upstream
MB142,flux,fr,False,0.5,True,,0.0,True,,0.0,True,,0.0,True,short_circuit,True,,0.0,0.15,[MB142] NON-COMPLIANT — Node1: required objects absent (short-circuit triggered); Node2/Node3: skipped — object presence failed upstream
MB143,sd15,fr,False,0.5,True,,0.0,True,,0.0,True,,0.0,True,short_circuit,False,,0.0,0.15,[MB143] NON-COMPLIANT — Node1: required objects absent (short-circuit triggered); Node2/Node3: skipped — object presence failed upstream
MB143,flux,fr,True,1.0,False,False,0.0,False,False,0.5,False,True,0.75,False,,True,True,0.6079,0.6108,[MB143] NON-COMPLIANT — Node2: spatial constraints not satisfied; Node3: colour attributes not satisfied
MB144,sd15,fr,False,0.0,True,,0.0,True,,0.0,True,,0.0,True,short_circuit,False,,0.0,0.0,[MB144] NON-COMPLIANT — Node1: required objects absent (short-circuit triggered); Node2/Node3: skipped — object presence failed upstream
MB144,flux,fr,True,1.0,False,False,0.0,False,True,1.0,False,True,1.0,False,,True,True,0.6215,0.7621,[MB144] NON-COMPLIANT — Node2: spatial constraints not satisfied
MB145,sd15,fr,False,0.0,True,,0.0,True,,0.0,True,,0.0,True,short_circuit,False,,0.0,0.0,[MB145] NON-COMPLIANT — Node1: required objects absent (short-circuit triggered); Node2/Node3: skipped — object presence failed upstream
MB145,flux,fr,False,0.5,True,,0.0,True,,0.0,True,,0.0,True,short_circuit,True,,0.0,0.15,[MB145] NON-COMPLIANT — Node1: required objects absent (short-circuit triggered); Node2/Node3: skipped — object presence failed upstream
MB146,sd15,fr,True,1.0,False,False,0.0,False,True,1.0,False,,0.0,True,sd15_architectural,False,True,0.6093,0.5609,[MB146] NON-COMPLIANT — Node2: spatial constraints not satisfied; Node4: SD v1.5 architectural limitation — text rendering unreliable (Phase 1C accuracy=0.1667); scored as 0.0 in compliance score; excluded from CLCG heatmap in Phase 2B
MB146,flux,fr,False,0.5,True,,0.0,True,,0.0,True,,0.0,True,short_circuit,True,,0.0,0.15,[MB146] NON-COMPLIANT — Node1: required objects absent (short-circuit triggered); Node2/Node3: skipped — object presence failed upstream
MB147,sd15,fr,False,0.0,True,,0.0,True,,0.0,True,,0.0,True,short_circuit,False,,0.0,0.0,[MB147] NON-COMPLIANT — Node1: required objects absent (short-circuit triggered); Node2/Node3: skipped — object presence failed upstream
MB147,flux,fr,True,1.0,False,True,1.0,False,False,0.5,False,True,0.8889,False,,True,True,0.6169,0.8395,[MB147] NON-COMPLIANT — Node3: colour attributes not satisfied
MB148,sd15,fr,False,0.5,True,,0.0,True,,0.0,True,,0.0,True,short_circuit,False,,0.0,0.15,[MB148] NON-COMPLIANT — Node1: required objects absent (short-circuit triggered); Node2/Node3: skipped — object presence failed upstream
MB148,flux,fr,True,1.0,False,True,1.0,False,True,1.0,False,False,0.3333,False,,True,True,0.6158,0.8282,[MB148] NON-COMPLIANT — Node4: required text not legibly rendered
MB149,sd15,fr,False,0.5,True,,0.0,True,,0.0,True,,0.0,True,short_circuit,False,,0.0,0.15,[MB149] NON-COMPLIANT — Node1: required objects absent (short-circuit triggered); Node2/Node3: skipped — object presence failed upstream
MB149,flux,fr,False,0.0,True,,0.0,True,,0.0,True,,0.0,True,short_circuit,True,,0.0,0.0,[MB149] NON-COMPLIANT — Node1: required objects absent (short-circuit triggered); Node2/Node3: skipped — object presence failed upstream
MB150,sd15,fr,False,0.5,True,,0.0,True,,0.0,True,,0.0,True,short_circuit,False,,0.0,0.15,[MB150] NON-COMPLIANT — Node1: required objects absent (short-circuit triggered); Node2/Node3: skipped — object presence failed upstream
MB150,flux,fr,False,0.0,True,,0.0,True,,0.0,True,,0.0,True,short_circuit,True,,0.0,0.0,[MB150] NON-COMPLIANT — Node1: required objects absent (short-circuit triggered); Node2/Node3: skipped — object presence failed upstream
MB001,sd15,es,False,0.0,True,,0.0,True,,0.0,True,,0.0,True,short_circuit,False,,0.0,0.0,[MB001] NON-COMPLIANT — Node1: required objects absent (short-circuit triggered); Node2/Node3: skipped — object presence failed upstream
MB001,flux,es,True,1.0,False,False,0.0,False,False,0.5,False,True,1.0,False,,True,True,0.6202,0.662,[MB001] NON-COMPLIANT — Node2: spatial constraints not satisfied; Node3: colour attributes not satisfied
MB002,sd15,es,False,0.5,True,,0.0,True,,0.0,True,,0.0,True,short_circuit,False,,0.0,0.15,[MB002] NON-COMPLIANT — Node1: required objects absent (short-circuit triggered); Node2/Node3: skipped — object presence failed upstream
MB002,flux,es,False,0.5,True,,0.0,True,,0.0,True,,0.0,True,short_circuit,True,,0.0,0.15,[MB002] NON-COMPLIANT — Node1: required objects absent (short-circuit triggered); Node2/Node3: skipped — object presence failed upstream
MB003,sd15,es,False,0.5,True,,0.0,True,,0.0,True,,0.0,True,short_circuit,False,,0.0,0.15,[MB003] NON-COMPLIANT — Node1: required objects absent (short-circuit triggered); Node2/Node3: skipped — object presence failed upstream
MB003,flux,es,False,0.5,True,,0.0,True,,0.0,True,,0.0,True,short_circuit,True,,0.0,0.15,[MB003] NON-COMPLIANT — Node1: required objects absent (short-circuit triggered); Node2/Node3: skipped — object presence failed upstream
MB004,sd15,es,False,0.0,True,,0.0,True,,0.0,True,,0.0,True,short_circuit,False,,0.0,0.0,[MB004] NON-COMPLIANT — Node1: required objects absent (short-circuit triggered); Node2/Node3: skipped — object presence failed upstream
MB004,flux,es,True,1.0,False,True,1.0,False,False,0.5,False,True,1.0,False,,True,True,0.6195,0.8619,[MB004] NON-COMPLIANT — Node3: colour attributes not satisfied
MB005,sd15,es,False,0.0,True,,0.0,True,,0.0,True,,0.0,True,short_circuit,False,,0.0,0.0,[MB005] NON-COMPLIANT — Node1: required objects absent (short-circuit triggered); Node2/Node3: skipped — object presence failed upstream
MB005,flux,es,False,0.5,True,,0.0,True,,0.0,True,,0.0,True,short_circuit,True,,0.0,0.15,[MB005] NON-COMPLIANT — Node1: required objects absent (short-circuit triggered); Node2/Node3: skipped — object presence failed upstream
MB006,sd15,es,False,0.5,True,,0.0,True,,0.0,True,,0.0,True,short_circuit,False,,0.0,0.15,[MB006] NON-COMPLIANT — Node1: required objects absent (short-circuit triggered); Node2/Node3: skipped — object presence failed upstream
MB006,flux,es,True,1.0,False,True,1.0,False,False,0.5,False,False,0.25,False,,True,True,0.6177,0.7118,[MB006] NON-COMPLIANT — Node3: colour attributes not satisfied; Node4: required text not legibly rendered
MB007,sd15,es,False,0.0,True,,0.0,True,,0.0,True,,0.0,True,short_circuit,False,,0.0,0.0,[MB007] NON-COMPLIANT — Node1: required objects absent (short-circuit triggered); Node2/Node3: skipped — object presence failed upstream
MB007,flux,es,True,1.0,False,False,0.0,False,True,1.0,False,True,0.8,False,,True,True,0.6123,0.7212,[MB007] NON-COMPLIANT — Node2: spatial constraints not satisfied
MB008,sd15,es,True,1.0,False,False,0.0,False,False,0.0,False,,0.0,True,sd15_architectural,False,True,0.5822,0.3582,[MB008] NON-COMPLIANT — Node2: spatial constraints not satisfied; Node3: colour attributes not satisfied; Node4: SD v1.5 architectural limitation — text rendering unreliable (Phase 1C accuracy=0.1667); scored as 0.0 in compliance score; excluded from CLCG heatmap in Phase 2B
MB008,flux,es,True,1.0,False,True,1.0,False,False,0.5,False,True,0.9091,False,,True,True,0.6006,0.8419,[MB008] NON-COMPLIANT — Node3: colour attributes not satisfied
MB009,sd15,es,False,0.5,True,,0.0,True,,0.0,True,,0.0,True,short_circuit,False,,0.0,0.15,[MB009] NON-COMPLIANT — Node1: required objects absent (short-circuit triggered); Node2/Node3: skipped — object presence failed upstream
MB009,flux,es,True,1.0,False,False,0.0,False,True,1.0,False,False,0.0,False,,True,True,0.6146,0.5615,[MB009] NON-COMPLIANT — Node2: spatial constraints not satisfied; Node4: required text not legibly rendered
MB010,sd15,es,False,0.5,True,,0.0,True,,0.0,True,,0.0,True,short_circuit,False,,0.0,0.15,[MB010] NON-COMPLIANT — Node1: required objects absent (short-circuit triggered); Node2/Node3: skipped — object presence failed upstream
MB010,flux,es,False,0.5,True,,0.0,True,,0.0,True,,0.0,True,short_circuit,True,,0.0,0.15,[MB010] NON-COMPLIANT — Node1: required objects absent (short-circuit triggered); Node2/Node3: skipped — object presence failed upstream
MB011,sd15,es,False,0.5,True,,0.0,True,,0.0,True,,0.0,True,short_circuit,False,,0.0,0.15,[MB011] NON-COMPLIANT — Node1: required objects absent (short-circuit triggered); Node2/Node3: skipped — object presence failed upstream
MB011,flux,es,True,1.0,False,True,1.0,False,True,1.0,False,True,0.9091,False,,True,True,0.6271,0.9445,[MB011] COMPLIANT — all constraints satisfied
MB012,sd15,es,True,1.0,False,False,0.0,False,True,1.0,False,,0.0,True,sd15_architectural,False,True,0.5941,0.5594,[MB012] NON-COMPLIANT — Node2: spatial constraints not satisfied; Node4: SD v1.5 architectural limitation — text rendering unreliable (Phase 1C accuracy=0.1667); scored as 0.0 in compliance score; excluded from CLCG heatmap in Phase 2B
MB012,flux,es,True,1.0,False,True,1.0,False,True,1.0,False,True,1.0,False,,True,True,0.6174,0.9617,[MB012] COMPLIANT — all constraints satisfied
MB013,sd15,es,False,0.0,True,,0.0,True,,0.0,True,,0.0,True,short_circuit,False,,0.0,0.0,[MB013] NON-COMPLIANT — Node1: required objects absent (short-circuit triggered); Node2/Node3: skipped — object presence failed upstream
MB013,flux,es,True,1.0,False,False,0.0,False,True,1.0,False,True,0.8,False,,True,True,0.6245,0.7225,[MB013] NON-COMPLIANT — Node2: spatial constraints not satisfied
MB014,sd15,es,True,1.0,False,True,1.0,False,False,0.5,False,,0.0,True,sd15_architectural,False,True,0.6051,0.6605,[MB014] NON-COMPLIANT — Node3: colour attributes not satisfied; Node4: SD v1.5 architectural limitation — text rendering unreliable (Phase 1C accuracy=0.1667); scored as 0.0 in compliance score; excluded from CLCG heatmap in Phase 2B
MB014,flux,es,True,1.0,False,False,0.0,False,False,0.5,False,True,1.0,False,,True,True,0.6192,0.6619,[MB014] NON-COMPLIANT — Node2: spatial constraints not satisfied; Node3: colour attributes not satisfied
MB015,sd15,es,False,0.0,True,,0.0,True,,0.0,True,,0.0,True,short_circuit,False,,0.0,0.0,[MB015] NON-COMPLIANT — Node1: required objects absent (short-circuit triggered); Node2/Node3: skipped — object presence failed upstream
MB015,flux,es,False,0.5,True,,0.0,True,,0.0,True,,0.0,True,short_circuit,True,,0.0,0.15,[MB015] NON-COMPLIANT — Node1: required objects absent (short-circuit triggered); Node2/Node3: skipped — object presence failed upstream
MB016,sd15,es,False,0.0,True,,0.0,True,,0.0,True,,0.0,True,short_circuit,False,,0.0,0.0,[MB016] NON-COMPLIANT — Node1: required objects absent (short-circuit triggered); Node2/Node3: skipped — object presence failed upstream
MB016,flux,es,False,0.0,True,,0.0,True,,0.0,True,,0.0,True,short_circuit,True,,0.0,0.0,[MB016] NON-COMPLIANT — Node1: required objects absent (short-circuit triggered); Node2/Node3: skipped — object presence failed upstream
MB017,sd15,es,False,0.0,True,,0.0,True,,0.0,True,,0.0,True,short_circuit,False,,0.0,0.0,[MB017] NON-COMPLIANT — Node1: required objects absent (short-circuit triggered); Node2/Node3: skipped — object presence failed upstream
MB017,flux,es,False,0.5,True,,0.0,True,,0.0,True,,0.0,True,short_circuit,True,,0.0,0.15,[MB017] NON-COMPLIANT — Node1: required objects absent (short-circuit triggered); Node2/Node3: skipped — object presence failed upstream
MB018,sd15,es,False,0.5,True,,0.0,True,,0.0,True,,0.0,True,short_circuit,False,,0.0,0.15,[MB018] NON-COMPLIANT — Node1: required objects absent (short-circuit triggered); Node2/Node3: skipped — object presence failed upstream
MB018,flux,es,True,1.0,False,True,1.0,False,False,0.5,False,True,1.0,False,,True,True,0.6252,0.8625,[MB018] NON-COMPLIANT — Node3: colour attributes not satisfied
MB019,sd15,es,False,0.5,True,,0.0,True,,0.0,True,,0.0,True,short_circuit,False,,0.0,0.15,[MB019] NON-COMPLIANT — Node1: required objects absent (short-circuit triggered); Node2/Node3: skipped — object presence failed upstream
MB019,flux,es,True,1.0,False,False,0.0,False,False,0.5,False,False,0.0,False,,True,True,0.6119,0.4612,[MB019] NON-COMPLIANT — Node2: spatial constraints not satisfied; Node3: colour attributes not satisfied; Node4: required text not legibly rendered
MB020,sd15,es,False,0.0,True,,0.0,True,,0.0,True,,0.0,True,short_circuit,False,,0.0,0.0,[MB020] NON-COMPLIANT — Node1: required objects absent (short-circuit triggered); Node2/Node3: skipped — object presence failed upstream
MB020,flux,es,True,1.0,False,False,0.0,False,True,1.0,False,True,1.0,False,,True,True,0.6162,0.7616,[MB020] NON-COMPLIANT — Node2: spatial constraints not satisfied
MB021,sd15,es,False,0.0,True,,0.0,True,,0.0,True,,0.0,True,short_circuit,False,,0.0,0.0,[MB021] NON-COMPLIANT — Node1: required objects absent (short-circuit triggered); Node2/Node3: skipped — object presence failed upstream
MB021,flux,es,False,0.5,True,,0.0,True,,0.0,True,,0.0,True,short_circuit,True,,0.0,0.15,[MB021] NON-COMPLIANT — Node1: required objects absent (short-circuit triggered); Node2/Node3: skipped — object presence failed upstream
MB022,sd15,es,True,1.0,False,True,1.0,False,True,1.0,False,,0.0,True,sd15_architectural,False,True,0.5915,0.7591,[MB022] NON-COMPLIANT — Node4: SD v1.5 architectural limitation — text rendering unreliable (Phase 1C accuracy=0.1667); scored as 0.0 in compliance score; excluded from CLCG heatmap in Phase 2B
MB022,flux,es,True,1.0,False,True,1.0,False,True,1.0,False,True,0.6667,False,,True,True,0.6185,0.8952,[MB022] COMPLIANT — all constraints satisfied
MB023,sd15,es,False,0.0,True,,0.0,True,,0.0,True,,0.0,True,short_circuit,False,,0.0,0.0,[MB023] NON-COMPLIANT — Node1: required objects absent (short-circuit triggered); Node2/Node3: skipped — object presence failed upstream
MB023,flux,es,True,1.0,False,True,1.0,False,True,1.0,False,True,1.0,False,,True,True,0.6191,0.9619,[MB023] COMPLIANT — all constraints satisfied
MB024,sd15,es,True,1.0,False,False,0.0,False,False,0.5,False,,0.0,True,sd15_architectural,False,True,0.6028,0.4603,[MB024] NON-COMPLIANT — Node2: spatial constraints not satisfied; Node3: colour attributes not satisfied; Node4: SD v1.5 architectural limitation — text rendering unreliable (Phase 1C accuracy=0.1667); scored as 0.0 in compliance score; excluded from CLCG heatmap in Phase 2B
MB024,flux,es,False,0.5,True,,0.0,True,,0.0,True,,0.0,True,short_circuit,True,,0.0,0.15,[MB024] NON-COMPLIANT — Node1: required objects absent (short-circuit triggered); Node2/Node3: skipped — object presence failed upstream
MB025,sd15,es,False,0.5,True,,0.0,True,,0.0,True,,0.0,True,short_circuit,False,,0.0,0.15,[MB025] NON-COMPLIANT — Node1: required objects absent (short-circuit triggered); Node2/Node3: skipped — object presence failed upstream
MB025,flux,es,False,0.5,True,,0.0,True,,0.0,True,,0.0,True,short_circuit,True,,0.0,0.15,[MB025] NON-COMPLIANT — Node1: required objects absent (short-circuit triggered); Node2/Node3: skipped — object presence failed upstream
MB026,sd15,es,True,1.0,False,True,1.0,False,False,0.5,False,,0.0,True,sd15_architectural,False,True,0.5919,0.6592,[MB026] NON-COMPLIANT — Node3: colour attributes not satisfied; Node4: SD v1.5 architectural limitation — text rendering unreliable (Phase 1C accuracy=0.1667); scored as 0.0 in compliance score; excluded from CLCG heatmap in Phase 2B
MB026,flux,es,True,1.0,False,False,0.0,False,False,0.5,False,True,1.0,False,,True,True,0.6111,0.6611,[MB026] NON-COMPLIANT — Node2: spatial constraints not satisfied; Node3: colour attributes not satisfied
MB027,sd15,es,False,0.0,True,,0.0,True,,0.0,True,,0.0,True,short_circuit,False,,0.0,0.0,[MB027] NON-COMPLIANT — Node1: required objects absent (short-circuit triggered); Node2/Node3: skipped — object presence failed upstream
MB027,flux,es,True,1.0,False,False,0.0,False,True,1.0,False,True,0.75,False,,True,True,0.6226,0.7123,[MB027] NON-COMPLIANT — Node2: spatial constraints not satisfied
MB028,sd15,es,False,0.0,True,,0.0,True,,0.0,True,,0.0,True,short_circuit,False,,0.0,0.0,[MB028] NON-COMPLIANT — Node1: required objects absent (short-circuit triggered); Node2/Node3: skipped — object presence failed upstream
MB028,flux,es,False,0.0,True,,0.0,True,,0.0,True,,0.0,True,short_circuit,True,,0.0,0.0,[MB028] NON-COMPLIANT — Node1: required objects absent (short-circuit triggered); Node2/Node3: skipped — object presence failed upstream
MB029,sd15,es,True,1.0,False,True,1.0,False,True,1.0,False,,0.0,True,sd15_architectural,False,True,0.6092,0.7609,[MB029] NON-COMPLIANT — Node4: SD v1.5 architectural limitation — text rendering unreliable (Phase 1C accuracy=0.1667); scored as 0.0 in compliance score; excluded from CLCG heatmap in Phase 2B
MB029,flux,es,True,1.0,False,True,1.0,False,True,1.0,False,True,1.0,False,,True,True,0.6129,0.9613,[MB029] COMPLIANT — all constraints satisfied
MB030,sd15,es,False,0.0,True,,0.0,True,,0.0,True,,0.0,True,short_circuit,False,,0.0,0.0,[MB030] NON-COMPLIANT — Node1: required objects absent (short-circuit triggered); Node2/Node3: skipped — object presence failed upstream
MB030,flux,es,True,1.0,False,False,0.0,False,True,1.0,False,False,0.0,False,,True,True,0.6165,0.5616,[MB030] NON-COMPLIANT — Node2: spatial constraints not satisfied; Node4: required text not legibly rendered
MB031,sd15,es,False,0.0,True,,0.0,True,,0.0,True,,0.0,True,short_circuit,False,,0.0,0.0,[MB031] NON-COMPLIANT — Node1: required objects absent (short-circuit triggered); Node2/Node3: skipped — object presence failed upstream
MB031,flux,es,False,0.5,True,,0.0,True,,0.0,True,,0.0,True,short_circuit,True,,0.0,0.15,[MB031] NON-COMPLIANT — Node1: required objects absent (short-circuit triggered); Node2/Node3: skipped — object presence failed upstream
MB032,sd15,es,True,1.0,False,False,0.0,False,False,0.5,False,,0.0,True,sd15_architectural,False,True,0.5926,0.4593,[MB032] NON-COMPLIANT — Node2: spatial constraints not satisfied; Node3: colour attributes not satisfied; Node4: SD v1.5 architectural limitation — text rendering unreliable (Phase 1C accuracy=0.1667); scored as 0.0 in compliance score; excluded from CLCG heatmap in Phase 2B
MB032,flux,es,True,1.0,False,True,1.0,False,True,1.0,False,True,1.0,False,,True,True,0.6204,0.962,[MB032] COMPLIANT — all constraints satisfied
MB033,sd15,es,False,0.0,True,,0.0,True,,0.0,True,,0.0,True,short_circuit,False,,0.0,0.0,[MB033] NON-COMPLIANT — Node1: required objects absent (short-circuit triggered); Node2/Node3: skipped — object presence failed upstream
MB033,flux,es,True,1.0,False,False,0.0,False,False,0.5,False,True,1.0,False,,True,True,0.6121,0.6612,[MB033] NON-COMPLIANT — Node2: spatial constraints not satisfied; Node3: colour attributes not satisfied
MB034,sd15,es,False,0.5,True,,0.0,True,,0.0,True,,0.0,True,short_circuit,False,,0.0,0.15,[MB034] NON-COMPLIANT — Node1: required objects absent (short-circuit triggered); Node2/Node3: skipped — object presence failed upstream
MB034,flux,es,True,1.0,False,True,1.0,False,False,0.5,False,True,0.9091,False,,True,True,0.6138,0.8432,[MB034] NON-COMPLIANT — Node3: colour attributes not satisfied
MB035,sd15,es,False,0.5,True,,0.0,True,,0.0,True,,0.0,True,short_circuit,False,,0.0,0.15,[MB035] NON-COMPLIANT — Node1: required objects absent (short-circuit triggered); Node2/Node3: skipped — object presence failed upstream
MB035,flux,es,True,1.0,False,False,0.0,False,False,0.5,False,False,0.0,False,,True,True,0.6152,0.4615,[MB035] NON-COMPLIANT — Node2: spatial constraints not satisfied; Node3: colour attributes not satisfied; Node4: required text not legibly rendered
MB036,sd15,es,False,0.5,True,,0.0,True,,0.0,True,,0.0,True,short_circuit,False,,0.0,0.15,[MB036] NON-COMPLIANT — Node1: required objects absent (short-circuit triggered); Node2/Node3: skipped — object presence failed upstream
MB036,flux,es,False,0.5,True,,0.0,True,,0.0,True,,0.0,True,short_circuit,True,,0.0,0.15,[MB036] NON-COMPLIANT — Node1: required objects absent (short-circuit triggered); Node2/Node3: skipped — object presence failed upstream
MB037,sd15,es,False,0.0,True,,0.0,True,,0.0,True,,0.0,True,short_circuit,False,,0.0,0.0,[MB037] NON-COMPLIANT — Node1: required objects absent (short-circuit triggered); Node2/Node3: skipped — object presence failed upstream
MB037,flux,es,False,0.0,True,,0.0,True,,0.0,True,,0.0,True,short_circuit,True,,0.0,0.0,[MB037] NON-COMPLIANT — Node1: required objects absent (short-circuit triggered); Node2/Node3: skipped — object presence failed upstream
MB038,sd15,es,True,1.0,False,False,0.0,False,True,1.0,False,,0.0,True,sd15_architectural,False,True,0.6028,0.5603,[MB038] NON-COMPLIANT — Node2: spatial constraints not satisfied; Node4: SD v1.5 architectural limitation — text rendering unreliable (Phase 1C accuracy=0.1667); scored as 0.0 in compliance score; excluded from CLCG heatmap in Phase 2B
MB038,flux,es,True,1.0,False,False,0.0,False,True,1.0,False,True,1.0,False,,True,True,0.6207,0.7621,[MB038] NON-COMPLIANT — Node2: spatial constraints not satisfied
MB039,sd15,es,True,1.0,False,True,1.0,False,False,0.5,False,,0.0,True,sd15_architectural,False,True,0.5978,0.6598,[MB039] NON-COMPLIANT — Node3: colour attributes not satisfied; Node4: SD v1.5 architectural limitation — text rendering unreliable (Phase 1C accuracy=0.1667); scored as 0.0 in compliance score; excluded from CLCG heatmap in Phase 2B
MB039,flux,es,True,1.0,False,False,0.0,False,True,1.0,False,True,1.0,False,,True,True,0.6161,0.7616,[MB039] NON-COMPLIANT — Node2: spatial constraints not satisfied
MB040,sd15,es,False,0.0,True,,0.0,True,,0.0,True,,0.0,True,short_circuit,False,,0.0,0.0,[MB040] NON-COMPLIANT — Node1: required objects absent (short-circuit triggered); Node2/Node3: skipped — object presence failed upstream
MB040,flux,es,False,0.0,True,,0.0,True,,0.0,True,,0.0,True,short_circuit,True,,0.0,0.0,[MB040] NON-COMPLIANT — Node1: required objects absent (short-circuit triggered); Node2/Node3: skipped — object presence failed upstream
MB041,sd15,es,False,0.5,True,,0.0,True,,0.0,True,,0.0,True,short_circuit,False,,0.0,0.15,[MB041] NON-COMPLIANT — Node1: required objects absent (short-circuit triggered); Node2/Node3: skipped — object presence failed upstream
MB041,flux,es,False,0.0,True,,0.0,True,,0.0,True,,0.0,True,short_circuit,True,,0.0,0.0,[MB041] NON-COMPLIANT — Node1: required objects absent (short-circuit triggered); Node2/Node3: skipped — object presence failed upstream
MB042,sd15,es,False,0.0,True,,0.0,True,,0.0,True,,0.0,True,short_circuit,False,,0.0,0.0,[MB042] NON-COMPLIANT — Node1: required objects absent (short-circuit triggered); Node2/Node3: skipped — object presence failed upstream
MB042,flux,es,False,0.5,True,,0.0,True,,0.0,True,,0.0,True,short_circuit,True,,0.0,0.15,[MB042] NON-COMPLIANT — Node1: required objects absent (short-circuit triggered); Node2/Node3: skipped — object presence failed upstream
MB043,sd15,es,False,0.5,True,,0.0,True,,0.0,True,,0.0,True,short_circuit,False,,0.0,0.15,[MB043] NON-COMPLIANT — Node1: required objects absent (short-circuit triggered); Node2/Node3: skipped — object presence failed upstream
MB043,flux,es,False,0.0,True,,0.0,True,,0.0,True,,0.0,True,short_circuit,True,,0.0,0.0,[MB043] NON-COMPLIANT — Node1: required objects absent (short-circuit triggered); Node2/Node3: skipped — object presence failed upstream
MB044,sd15,es,False,0.0,True,,0.0,True,,0.0,True,,0.0,True,short_circuit,False,,0.0,0.0,[MB044] NON-COMPLIANT — Node1: required objects absent (short-circuit triggered); Node2/Node3: skipped — object presence failed upstream
MB044,flux,es,False,0.5,True,,0.0,True,,0.0,True,,0.0,True,short_circuit,True,,0.0,0.15,[MB044] NON-COMPLIANT — Node1: required objects absent (short-circuit triggered); Node2/Node3: skipped — object presence failed upstream
MB045,sd15,es,False,0.5,True,,0.0,True,,0.0,True,,0.0,True,short_circuit,False,,0.0,0.15,[MB045] NON-COMPLIANT — Node1: required objects absent (short-circuit triggered); Node2/Node3: skipped — object presence failed upstream
MB045,flux,es,False,0.5,True,,0.0,True,,0.0,True,,0.0,True,short_circuit,True,,0.0,0.15,[MB045] NON-COMPLIANT — Node1: required objects absent (short-circuit triggered); Node2/Node3: skipped — object presence failed upstream
MB046,sd15,es,False,0.0,True,,0.0,True,,0.0,True,,0.0,True,short_circuit,False,,0.0,0.0,[MB046] NON-COMPLIANT — Node1: required objects absent (short-circuit triggered); Node2/Node3: skipped — object presence failed upstream
MB046,flux,es,False,0.5,True,,0.0,True,,0.0,True,,0.0,True,short_circuit,True,,0.0,0.15,[MB046] NON-COMPLIANT — Node1: required objects absent (short-circuit triggered); Node2/Node3: skipped — object presence failed upstream
MB047,sd15,es,True,1.0,False,True,1.0,False,False,0.5,False,,0.0,True,sd15_architectural,False,True,0.5994,0.6599,[MB047] NON-COMPLIANT — Node3: colour attributes not satisfied; Node4: SD v1.5 architectural limitation — text rendering unreliable (Phase 1C accuracy=0.1667); scored as 0.0 in compliance score; excluded from CLCG heatmap in Phase 2B
MB047,flux,es,True,1.0,False,False,0.0,False,True,1.0,False,False,0.0,False,,True,True,0.612,0.5612,[MB047] NON-COMPLIANT — Node2: spatial constraints not satisfied; Node4: required text not legibly rendered
MB048,sd15,es,False,0.0,True,,0.0,True,,0.0,True,,0.0,True,short_circuit,False,,0.0,0.0,[MB048] NON-COMPLIANT — Node1: required objects absent (short-circuit triggered); Node2/Node3: skipped — object presence failed upstream
MB048,flux,es,False,0.5,True,,0.0,True,,0.0,True,,0.0,True,short_circuit,True,,0.0,0.15,[MB048] NON-COMPLIANT — Node1: required objects absent (short-circuit triggered); Node2/Node3: skipped — object presence failed upstream
MB049,sd15,es,False,0.5,True,,0.0,True,,0.0,True,,0.0,True,short_circuit,False,,0.0,0.15,[MB049] NON-COMPLIANT — Node1: required objects absent (short-circuit triggered); Node2/Node3: skipped — object presence failed upstream
MB049,flux,es,False,0.5,True,,0.0,True,,0.0,True,,0.0,True,short_circuit,True,,0.0,0.15,[MB049] NON-COMPLIANT — Node1: required objects absent (short-circuit triggered); Node2/Node3: skipped — object presence failed upstream
MB050,sd15,es,True,1.0,False,False,0.0,False,True,1.0,False,,0.0,True,sd15_architectural,False,True,0.5937,0.5594,[MB050] NON-COMPLIANT — Node2: spatial constraints not satisfied; Node4: SD v1.5 architectural limitation — text rendering unreliable (Phase 1C accuracy=0.1667); scored as 0.0 in compliance score; excluded from CLCG heatmap in Phase 2B
MB050,flux,es,True,1.0,False,False,0.0,False,True,1.0,False,True,1.0,False,,True,True,0.6148,0.7615,[MB050] NON-COMPLIANT — Node2: spatial constraints not satisfied
MB051,sd15,es,False,0.0,True,,0.0,True,,0.0,True,,0.0,True,short_circuit,False,,0.0,0.0,[MB051] NON-COMPLIANT — Node1: required objects absent (short-circuit triggered); Node2/Node3: skipped — object presence failed upstream
MB051,flux,es,False,0.0,True,,0.0,True,,0.0,True,,0.0,True,short_circuit,True,,0.0,0.0,[MB051] NON-COMPLIANT — Node1: required objects absent (short-circuit triggered); Node2/Node3: skipped — object presence failed upstream
MB052,sd15,es,False,0.0,True,,0.0,True,,0.0,True,,0.0,True,short_circuit,False,,0.0,0.0,[MB052] NON-COMPLIANT — Node1: required objects absent (short-circuit triggered); Node2/Node3: skipped — object presence failed upstream
MB052,flux,es,False,0.0,True,,0.0,True,,0.0,True,,0.0,True,short_circuit,True,,0.0,0.0,[MB052] NON-COMPLIANT — Node1: required objects absent (short-circuit triggered); Node2/Node3: skipped — object presence failed upstream
MB053,sd15,es,False,0.0,True,,0.0,True,,0.0,True,,0.0,True,short_circuit,False,,0.0,0.0,[MB053] NON-COMPLIANT — Node1: required objects absent (short-circuit triggered); Node2/Node3: skipped — object presence failed upstream
MB053,flux,es,False,0.5,True,,0.0,True,,0.0,True,,0.0,True,short_circuit,True,,0.0,0.15,[MB053] NON-COMPLIANT — Node1: required objects absent (short-circuit triggered); Node2/Node3: skipped — object presence failed upstream
MB054,sd15,es,False,0.5,True,,0.0,True,,0.0,True,,0.0,True,short_circuit,False,,0.0,0.15,[MB054] NON-COMPLIANT — Node1: required objects absent (short-circuit triggered); Node2/Node3: skipped — object presence failed upstream
MB054,flux,es,True,1.0,False,False,0.0,False,True,1.0,False,False,0.0,False,,True,True,0.6118,0.5612,[MB054] NON-COMPLIANT — Node2: spatial constraints not satisfied; Node4: required text not legibly rendered
MB055,sd15,es,False,0.0,True,,0.0,True,,0.0,True,,0.0,True,short_circuit,False,,0.0,0.0,[MB055] NON-COMPLIANT — Node1: required objects absent (short-circuit triggered); Node2/Node3: skipped — object presence failed upstream
MB055,flux,es,False,0.5,True,,0.0,True,,0.0,True,,0.0,True,short_circuit,True,,0.0,0.15,[MB055] NON-COMPLIANT — Node1: required objects absent (short-circuit triggered); Node2/Node3: skipped — object presence failed upstream
MB056,sd15,es,False,0.5,True,,0.0,True,,0.0,True,,0.0,True,short_circuit,False,,0.0,0.15,[MB056] NON-COMPLIANT — Node1: required objects absent (short-circuit triggered); Node2/Node3: skipped — object presence failed upstream
MB056,flux,es,False,0.5,True,,0.0,True,,0.0,True,,0.0,True,short_circuit,True,,0.0,0.15,[MB056] NON-COMPLIANT — Node1: required objects absent (short-circuit triggered); Node2/Node3: skipped — object presence failed upstream
MB057,sd15,es,False,0.0,True,,0.0,True,,0.0,True,,0.0,True,short_circuit,False,,0.0,0.0,[MB057] NON-COMPLIANT — Node1: required objects absent (short-circuit triggered); Node2/Node3: skipped — object presence failed upstream
MB057,flux,es,False,0.5,True,,0.0,True,,0.0,True,,0.0,True,short_circuit,True,,0.0,0.15,[MB057] NON-COMPLIANT — Node1: required objects absent (short-circuit triggered); Node2/Node3: skipped — object presence failed upstream
MB058,sd15,es,False,0.5,True,,0.0,True,,0.0,True,,0.0,True,short_circuit,False,,0.0,0.15,[MB058] NON-COMPLIANT — Node1: required objects absent (short-circuit triggered); Node2/Node3: skipped — object presence failed upstream
MB058,flux,es,False,0.5,True,,0.0,True,,0.0,True,,0.0,True,short_circuit,True,,0.0,0.15,[MB058] NON-COMPLIANT — Node1: required objects absent (short-circuit triggered); Node2/Node3: skipped — object presence failed upstream
MB059,sd15,es,False,0.5,True,,0.0,True,,0.0,True,,0.0,True,short_circuit,False,,0.0,0.15,[MB059] NON-COMPLIANT — Node1: required objects absent (short-circuit triggered); Node2/Node3: skipped — object presence failed upstream
MB059,flux,es,True,1.0,False,True,1.0,False,False,0.5,False,False,0.0,False,,True,True,0.6135,0.6613,[MB059] NON-COMPLIANT — Node3: colour attributes not satisfied; Node4: required text not legibly rendered
MB060,sd15,es,False,0.5,True,,0.0,True,,0.0,True,,0.0,True,short_circuit,False,,0.0,0.15,[MB060] NON-COMPLIANT — Node1: required objects absent (short-circuit triggered); Node2/Node3: skipped — object presence failed upstream
MB060,flux,es,False,0.5,True,,0.0,True,,0.0,True,,0.0,True,short_circuit,True,,0.0,0.15,[MB060] NON-COMPLIANT — Node1: required objects absent (short-circuit triggered); Node2/Node3: skipped — object presence failed upstream
MB061,sd15,es,True,1.0,False,False,0.0,False,True,1.0,False,,0.0,True,sd15_architectural,False,True,0.6126,0.5613,[MB061] NON-COMPLIANT — Node2: spatial constraints not satisfied; Node4: SD v1.5 architectural limitation — text rendering unreliable (Phase 1C accuracy=0.1667); scored as 0.0 in compliance score; excluded from CLCG heatmap in Phase 2B
MB061,flux,es,True,1.0,False,False,0.0,False,True,1.0,False,False,0.0,False,,True,True,0.6237,0.5624,[MB061] NON-COMPLIANT — Node2: spatial constraints not satisfied; Node4: required text not legibly rendered
MB062,sd15,es,False,0.5,True,,0.0,True,,0.0,True,,0.0,True,short_circuit,False,,0.0,0.15,[MB062] NON-COMPLIANT — Node1: required objects absent (short-circuit triggered); Node2/Node3: skipped — object presence failed upstream
MB062,flux,es,False,0.5,True,,0.0,True,,0.0,True,,0.0,True,short_circuit,True,,0.0,0.15,[MB062] NON-COMPLIANT — Node1: required objects absent (short-circuit triggered); Node2/Node3: skipped — object presence failed upstream
MB063,sd15,es,False,0.5,True,,0.0,True,,0.0,True,,0.0,True,short_circuit,False,,0.0,0.15,[MB063] NON-COMPLIANT — Node1: required objects absent (short-circuit triggered); Node2/Node3: skipped — object presence failed upstream
MB063,flux,es,True,1.0,False,True,1.0,False,False,0.5,False,False,0.0,False,,True,True,0.6163,0.6616,[MB063] NON-COMPLIANT — Node3: colour attributes not satisfied; Node4: required text not legibly rendered
MB064,sd15,es,True,1.0,False,False,0.0,False,True,1.0,False,,0.0,True,sd15_architectural,False,True,0.6073,0.5607,[MB064] NON-COMPLIANT — Node2: spatial constraints not satisfied; Node4: SD v1.5 architectural limitation — text rendering unreliable (Phase 1C accuracy=0.1667); scored as 0.0 in compliance score; excluded from CLCG heatmap in Phase 2B
MB064,flux,es,False,0.5,True,,0.0,True,,0.0,True,,0.0,True,short_circuit,True,,0.0,0.15,[MB064] NON-COMPLIANT — Node1: required objects absent (short-circuit triggered); Node2/Node3: skipped — object presence failed upstream
MB065,sd15,es,True,1.0,False,True,1.0,False,False,0.0,False,,0.0,True,sd15_architectural,False,True,0.595,0.5595,[MB065] NON-COMPLIANT — Node3: colour attributes not satisfied; Node4: SD v1.5 architectural limitation — text rendering unreliable (Phase 1C accuracy=0.1667); scored as 0.0 in compliance score; excluded from CLCG heatmap in Phase 2B
MB065,flux,es,True,1.0,False,True,1.0,False,True,1.0,False,True,1.0,False,,True,True,0.6196,0.962,[MB065] COMPLIANT — all constraints satisfied
MB066,sd15,es,False,0.5,True,,0.0,True,,0.0,True,,0.0,True,short_circuit,False,,0.0,0.15,[MB066] NON-COMPLIANT — Node1: required objects absent (short-circuit triggered); Node2/Node3: skipped — object presence failed upstream
MB066,flux,es,True,1.0,False,True,1.0,False,True,1.0,False,False,0.4444,False,,True,True,0.6121,0.8501,[MB066] NON-COMPLIANT — Node4: required text not legibly rendered
MB067,sd15,es,False,0.5,True,,0.0,True,,0.0,True,,0.0,True,short_circuit,False,,0.0,0.15,[MB067] NON-COMPLIANT — Node1: required objects absent (short-circuit triggered); Node2/Node3: skipped — object presence failed upstream
MB067,flux,es,False,0.5,True,,0.0,True,,0.0,True,,0.0,True,short_circuit,True,,0.0,0.15,[MB067] NON-COMPLIANT — Node1: required objects absent (short-circuit triggered); Node2/Node3: skipped — object presence failed upstream
MB068,sd15,es,False,0.5,True,,0.0,True,,0.0,True,,0.0,True,short_circuit,False,,0.0,0.15,[MB068] NON-COMPLIANT — Node1: required objects absent (short-circuit triggered); Node2/Node3: skipped — object presence failed upstream
MB068,flux,es,False,0.5,True,,0.0,True,,0.0,True,,0.0,True,short_circuit,True,,0.0,0.15,[MB068] NON-COMPLIANT — Node1: required objects absent (short-circuit triggered); Node2/Node3: skipped — object presence failed upstream
MB069,sd15,es,False,0.5,True,,0.0,True,,0.0,True,,0.0,True,short_circuit,False,,0.0,0.15,[MB069] NON-COMPLIANT — Node1: required objects absent (short-circuit triggered); Node2/Node3: skipped — object presence failed upstream
MB069,flux,es,False,0.5,True,,0.0,True,,0.0,True,,0.0,True,short_circuit,True,,0.0,0.15,[MB069] NON-COMPLIANT — Node1: required objects absent (short-circuit triggered); Node2/Node3: skipped — object presence failed upstream
MB070,sd15,es,False,0.0,True,,0.0,True,,0.0,True,,0.0,True,short_circuit,False,,0.0,0.0,[MB070] NON-COMPLIANT — Node1: required objects absent (short-circuit triggered); Node2/Node3: skipped — object presence failed upstream
MB070,flux,es,False,0.5,True,,0.0,True,,0.0,True,,0.0,True,short_circuit,True,,0.0,0.15,[MB070] NON-COMPLIANT — Node1: required objects absent (short-circuit triggered); Node2/Node3: skipped — object presence failed upstream
MB071,sd15,es,False,0.0,True,,0.0,True,,0.0,True,,0.0,True,short_circuit,False,,0.0,0.0,[MB071] NON-COMPLIANT — Node1: required objects absent (short-circuit triggered); Node2/Node3: skipped — object presence failed upstream
MB071,flux,es,True,1.0,False,True,1.0,False,True,1.0,False,True,0.8889,False,,True,True,0.6202,0.9398,[MB071] COMPLIANT — all constraints satisfied
MB072,sd15,es,False,0.5,True,,0.0,True,,0.0,True,,0.0,True,short_circuit,False,,0.0,0.15,[MB072] NON-COMPLIANT — Node1: required objects absent (short-circuit triggered); Node2/Node3: skipped — object presence failed upstream
MB072,flux,es,False,0.5,True,,0.0,True,,0.0,True,,0.0,True,short_circuit,True,,0.0,0.15,[MB072] NON-COMPLIANT — Node1: required objects absent (short-circuit triggered); Node2/Node3: skipped — object presence failed upstream
MB073,sd15,es,False,0.5,True,,0.0,True,,0.0,True,,0.0,True,short_circuit,False,,0.0,0.15,[MB073] NON-COMPLIANT — Node1: required objects absent (short-circuit triggered); Node2/Node3: skipped — object presence failed upstream
MB073,flux,es,False,0.0,True,,0.0,True,,0.0,True,,0.0,True,short_circuit,True,,0.0,0.0,[MB073] NON-COMPLIANT — Node1: required objects absent (short-circuit triggered); Node2/Node3: skipped — object presence failed upstream
MB074,sd15,es,False,0.5,True,,0.0,True,,0.0,True,,0.0,True,short_circuit,False,,0.0,0.15,[MB074] NON-COMPLIANT — Node1: required objects absent (short-circuit triggered); Node2/Node3: skipped — object presence failed upstream
MB074,flux,es,False,0.0,True,,0.0,True,,0.0,True,,0.0,True,short_circuit,True,,0.0,0.0,[MB074] NON-COMPLIANT — Node1: required objects absent (short-circuit triggered); Node2/Node3: skipped — object presence failed upstream
MB075,sd15,es,False,0.0,True,,0.0,True,,0.0,True,,0.0,True,short_circuit,False,,0.0,0.0,[MB075] NON-COMPLIANT — Node1: required objects absent (short-circuit triggered); Node2/Node3: skipped — object presence failed upstream
MB075,flux,es,False,0.0,True,,0.0,True,,0.0,True,,0.0,True,short_circuit,True,,0.0,0.0,[MB075] NON-COMPLIANT — Node1: required objects absent (short-circuit triggered); Node2/Node3: skipped — object presence failed upstream
MB076,sd15,es,False,0.5,True,,0.0,True,,0.0,True,,0.0,True,short_circuit,False,,0.0,0.15,[MB076] NON-COMPLIANT — Node1: required objects absent (short-circuit triggered); Node2/Node3: skipped — object presence failed upstream
MB076,flux,es,True,1.0,False,True,1.0,False,False,0.0,False,True,1.0,False,,True,True,0.603,0.7603,[MB076] NON-COMPLIANT — Node3: colour attributes not satisfied
MB077,sd15,es,True,1.0,False,True,1.0,False,True,1.0,False,,0.0,True,sd15_architectural,False,True,0.6095,0.761,[MB077] NON-COMPLIANT — Node4: SD v1.5 architectural limitation — text rendering unreliable (Phase 1C accuracy=0.1667); scored as 0.0 in compliance score; excluded from CLCG heatmap in Phase 2B
MB077,flux,es,False,0.5,True,,0.0,True,,0.0,True,,0.0,True,short_circuit,True,,0.0,0.15,[MB077] NON-COMPLIANT — Node1: required objects absent (short-circuit triggered); Node2/Node3: skipped — object presence failed upstream
MB078,sd15,es,False,0.5,True,,0.0,True,,0.0,True,,0.0,True,short_circuit,False,,0.0,0.15,[MB078] NON-COMPLIANT — Node1: required objects absent (short-circuit triggered); Node2/Node3: skipped — object presence failed upstream
MB078,flux,es,False,0.5,True,,0.0,True,,0.0,True,,0.0,True,short_circuit,True,,0.0,0.15,[MB078] NON-COMPLIANT — Node1: required objects absent (short-circuit triggered); Node2/Node3: skipped — object presence failed upstream
MB079,sd15,es,False,0.5,True,,0.0,True,,0.0,True,,0.0,True,short_circuit,False,,0.0,0.15,[MB079] NON-COMPLIANT — Node1: required objects absent (short-circuit triggered); Node2/Node3: skipped — object presence failed upstream
MB079,flux,es,True,1.0,False,False,0.0,False,True,1.0,False,True,1.0,False,,True,True,0.6133,0.7613,[MB079] NON-COMPLIANT — Node2: spatial constraints not satisfied
MB080,sd15,es,False,0.0,True,,0.0,True,,0.0,True,,0.0,True,short_circuit,False,,0.0,0.0,[MB080] NON-COMPLIANT — Node1: required objects absent (short-circuit triggered); Node2/Node3: skipped — object presence failed upstream
MB080,flux,es,True,1.0,False,True,1.0,False,True,1.0,False,True,1.0,False,,True,True,0.6203,0.962,[MB080] COMPLIANT — all constraints satisfied
MB081,sd15,es,True,1.0,False,False,0.0,False,False,0.5,False,,0.0,True,sd15_architectural,False,True,0.5915,0.4592,[MB081] NON-COMPLIANT — Node2: spatial constraints not satisfied; Node3: colour attributes not satisfied; Node4: SD v1.5 architectural limitation — text rendering unreliable (Phase 1C accuracy=0.1667); scored as 0.0 in compliance score; excluded from CLCG heatmap in Phase 2B
MB081,flux,es,True,1.0,False,True,1.0,False,True,1.0,False,True,0.8889,False,,True,True,0.6054,0.9383,[MB081] COMPLIANT — all constraints satisfied
MB082,sd15,es,False,0.5,True,,0.0,True,,0.0,True,,0.0,True,short_circuit,False,,0.0,0.15,[MB082] NON-COMPLIANT — Node1: required objects absent (short-circuit triggered); Node2/Node3: skipped — object presence failed upstream
MB082,flux,es,False,0.0,True,,0.0,True,,0.0,True,,0.0,True,short_circuit,True,,0.0,0.0,[MB082] NON-COMPLIANT — Node1: required objects absent (short-circuit triggered); Node2/Node3: skipped — object presence failed upstream
MB083,sd15,es,False,0.0,True,,0.0,True,,0.0,True,,0.0,True,short_circuit,False,,0.0,0.0,[MB083] NON-COMPLIANT — Node1: required objects absent (short-circuit triggered); Node2/Node3: skipped — object presence failed upstream
MB083,flux,es,False,0.5,True,,0.0,True,,0.0,True,,0.0,True,short_circuit,True,,0.0,0.15,[MB083] NON-COMPLIANT — Node1: required objects absent (short-circuit triggered); Node2/Node3: skipped — object presence failed upstream
MB084,sd15,es,False,0.5,True,,0.0,True,,0.0,True,,0.0,True,short_circuit,False,,0.0,0.15,[MB084] NON-COMPLIANT — Node1: required objects absent (short-circuit triggered); Node2/Node3: skipped — object presence failed upstream
MB084,flux,es,False,0.5,True,,0.0,True,,0.0,True,,0.0,True,short_circuit,True,,0.0,0.15,[MB084] NON-COMPLIANT — Node1: required objects absent (short-circuit triggered); Node2/Node3: skipped — object presence failed upstream
MB085,sd15,es,True,1.0,False,True,1.0,False,False,0.0,False,,0.0,True,sd15_architectural,False,True,0.5937,0.5594,[MB085] NON-COMPLIANT — Node3: colour attributes not satisfied; Node4: SD v1.5 architectural limitation — text rendering unreliable (Phase 1C accuracy=0.1667); scored as 0.0 in compliance score; excluded from CLCG heatmap in Phase 2B
MB085,flux,es,False,0.5,True,,0.0,True,,0.0,True,,0.0,True,short_circuit,True,,0.0,0.15,[MB085] NON-COMPLIANT — Node1: required objects absent (short-circuit triggered); Node2/Node3: skipped — object presence failed upstream
MB086,sd15,es,False,0.0,True,,0.0,True,,0.0,True,,0.0,True,short_circuit,False,,0.0,0.0,[MB086] NON-COMPLIANT — Node1: required objects absent (short-circuit triggered); Node2/Node3: skipped — object presence failed upstream
MB086,flux,es,True,1.0,False,False,0.0,False,True,1.0,False,False,0.0,False,,True,True,0.6152,0.5615,[MB086] NON-COMPLIANT — Node2: spatial constraints not satisfied; Node4: required text not legibly rendered
MB087,sd15,es,True,1.0,False,True,1.0,False,True,1.0,False,,0.0,True,sd15_architectural,False,True,0.6053,0.7605,[MB087] NON-COMPLIANT — Node4: SD v1.5 architectural limitation — text rendering unreliable (Phase 1C accuracy=0.1667); scored as 0.0 in compliance score; excluded from CLCG heatmap in Phase 2B
MB087,flux,es,False,0.5,True,,0.0,True,,0.0,True,,0.0,True,short_circuit,True,,0.0,0.15,[MB087] NON-COMPLIANT — Node1: required objects absent (short-circuit triggered); Node2/Node3: skipped — object presence failed upstream
MB088,sd15,es,False,0.0,True,,0.0,True,,0.0,True,,0.0,True,short_circuit,False,,0.0,0.0,[MB088] NON-COMPLIANT — Node1: required objects absent (short-circuit triggered); Node2/Node3: skipped — object presence failed upstream
MB088,flux,es,False,0.5,True,,0.0,True,,0.0,True,,0.0,True,short_circuit,True,,0.0,0.15,[MB088] NON-COMPLIANT — Node1: required objects absent (short-circuit triggered); Node2/Node3: skipped — object presence failed upstream
MB089,sd15,es,False,0.5,True,,0.0,True,,0.0,True,,0.0,True,short_circuit,False,,0.0,0.15,[MB089] NON-COMPLIANT — Node1: required objects absent (short-circuit triggered); Node2/Node3: skipped — object presence failed upstream
MB089,flux,es,True,1.0,False,False,0.0,False,False,0.5,False,False,0.0,False,,True,True,0.6028,0.4603,[MB089] NON-COMPLIANT — Node2: spatial constraints not satisfied; Node3: colour attributes not satisfied; Node4: required text not legibly rendered
MB090,sd15,es,False,0.5,True,,0.0,True,,0.0,True,,0.0,True,short_circuit,False,,0.0,0.15,[MB090] NON-COMPLIANT — Node1: required objects absent (short-circuit triggered); Node2/Node3: skipped — object presence failed upstream
MB090,flux,es,True,1.0,False,True,1.0,False,True,1.0,False,False,0.2857,False,,True,True,0.6115,0.8183,[MB090] NON-COMPLIANT — Node4: required text not legibly rendered
MB091,sd15,es,False,0.5,True,,0.0,True,,0.0,True,,0.0,True,short_circuit,False,,0.0,0.15,[MB091] NON-COMPLIANT — Node1: required objects absent (short-circuit triggered); Node2/Node3: skipped — object presence failed upstream
MB091,flux,es,False,0.5,True,,0.0,True,,0.0,True,,0.0,True,short_circuit,True,,0.0,0.15,[MB091] NON-COMPLIANT — Node1: required objects absent (short-circuit triggered); Node2/Node3: skipped — object presence failed upstream
MB092,sd15,es,True,1.0,False,True,1.0,False,True,1.0,False,,0.0,True,sd15_architectural,False,True,0.6008,0.7601,[MB092] NON-COMPLIANT — Node4: SD v1.5 architectural limitation — text rendering unreliable (Phase 1C accuracy=0.1667); scored as 0.0 in compliance score; excluded from CLCG heatmap in Phase 2B
MB092,flux,es,True,1.0,False,True,1.0,False,True,1.0,False,True,1.0,False,,True,True,0.6294,0.9629,[MB092] COMPLIANT — all constraints satisfied
MB093,sd15,es,False,0.5,True,,0.0,True,,0.0,True,,0.0,True,short_circuit,False,,0.0,0.15,[MB093] NON-COMPLIANT — Node1: required objects absent (short-circuit triggered); Node2/Node3: skipped — object presence failed upstream
MB093,flux,es,True,1.0,False,True,1.0,False,False,0.5,False,False,0.2857,False,,True,True,0.6146,0.7186,[MB093] NON-COMPLIANT — Node3: colour attributes not satisfied; Node4: required text not legibly rendered
MB094,sd15,es,False,0.5,True,,0.0,True,,0.0,True,,0.0,True,short_circuit,False,,0.0,0.15,[MB094] NON-COMPLIANT — Node1: required objects absent (short-circuit triggered); Node2/Node3: skipped — object presence failed upstream
MB094,flux,es,True,1.0,False,True,1.0,False,False,0.5,False,False,0.2857,False,,True,True,0.6208,0.7192,[MB094] NON-COMPLIANT — Node3: colour attributes not satisfied; Node4: required text not legibly rendered
MB095,sd15,es,False,0.0,True,,0.0,True,,0.0,True,,0.0,True,short_circuit,False,,0.0,0.0,[MB095] NON-COMPLIANT — Node1: required objects absent (short-circuit triggered); Node2/Node3: skipped — object presence failed upstream
MB095,flux,es,False,0.5,True,,0.0,True,,0.0,True,,0.0,True,short_circuit,True,,0.0,0.15,[MB095] NON-COMPLIANT — Node1: required objects absent (short-circuit triggered); Node2/Node3: skipped — object presence failed upstream
MB096,sd15,es,False,0.5,True,,0.0,True,,0.0,True,,0.0,True,short_circuit,False,,0.0,0.15,[MB096] NON-COMPLIANT — Node1: required objects absent (short-circuit triggered); Node2/Node3: skipped — object presence failed upstream
MB096,flux,es,False,0.0,True,,0.0,True,,0.0,True,,0.0,True,short_circuit,True,,0.0,0.0,[MB096] NON-COMPLIANT — Node1: required objects absent (short-circuit triggered); Node2/Node3: skipped — object presence failed upstream
MB097,sd15,es,False,0.5,True,,0.0,True,,0.0,True,,0.0,True,short_circuit,False,,0.0,0.15,[MB097] NON-COMPLIANT — Node1: required objects absent (short-circuit triggered); Node2/Node3: skipped — object presence failed upstream
MB097,flux,es,False,0.0,True,,0.0,True,,0.0,True,,0.0,True,short_circuit,True,,0.0,0.0,[MB097] NON-COMPLIANT — Node1: required objects absent (short-circuit triggered); Node2/Node3: skipped — object presence failed upstream
MB098,sd15,es,False,0.5,True,,0.0,True,,0.0,True,,0.0,True,short_circuit,False,,0.0,0.15,[MB098] NON-COMPLIANT — Node1: required objects absent (short-circuit triggered); Node2/Node3: skipped — object presence failed upstream
MB098,flux,es,False,0.5,True,,0.0,True,,0.0,True,,0.0,True,short_circuit,True,,0.0,0.15,[MB098] NON-COMPLIANT — Node1: required objects absent (short-circuit triggered); Node2/Node3: skipped — object presence failed upstream
MB099,sd15,es,False,0.0,True,,0.0,True,,0.0,True,,0.0,True,short_circuit,False,,0.0,0.0,[MB099] NON-COMPLIANT — Node1: required objects absent (short-circuit triggered); Node2/Node3: skipped — object presence failed upstream
MB099,flux,es,False,0.0,True,,0.0,True,,0.0,True,,0.0,True,short_circuit,True,,0.0,0.0,[MB099] NON-COMPLIANT — Node1: required objects absent (short-circuit triggered); Node2/Node3: skipped — object presence failed upstream
MB100,sd15,es,False,0.0,True,,0.0,True,,0.0,True,,0.0,True,short_circuit,False,,0.0,0.0,[MB100] NON-COMPLIANT — Node1: required objects absent (short-circuit triggered); Node2/Node3: skipped — object presence failed upstream
MB100,flux,es,False,0.5,True,,0.0,True,,0.0,True,,0.0,True,short_circuit,True,,0.0,0.15,[MB100] NON-COMPLIANT — Node1: required objects absent (short-circuit triggered); Node2/Node3: skipped — object presence failed upstream
MB101,sd15,es,False,0.5,True,,0.0,True,,0.0,True,,0.0,True,short_circuit,False,,0.0,0.15,[MB101] NON-COMPLIANT — Node1: required objects absent (short-circuit triggered); Node2/Node3: skipped — object presence failed upstream
MB101,flux,es,False,0.5,True,,0.0,True,,0.0,True,,0.0,True,short_circuit,True,,0.0,0.15,[MB101] NON-COMPLIANT — Node1: required objects absent (short-circuit triggered); Node2/Node3: skipped — object presence failed upstream
MB102,sd15,es,False,0.5,True,,0.0,True,,0.0,True,,0.0,True,short_circuit,False,,0.0,0.15,[MB102] NON-COMPLIANT — Node1: required objects absent (short-circuit triggered); Node2/Node3: skipped — object presence failed upstream
MB102,flux,es,True,1.0,False,True,1.0,False,True,1.0,False,True,1.0,False,,True,True,0.6119,0.9612,[MB102] COMPLIANT — all constraints satisfied
MB103,sd15,es,False,0.0,True,,0.0,True,,0.0,True,,0.0,True,short_circuit,False,,0.0,0.0,[MB103] NON-COMPLIANT — Node1: required objects absent (short-circuit triggered); Node2/Node3: skipped — object presence failed upstream
MB103,flux,es,False,0.0,True,,0.0,True,,0.0,True,,0.0,True,short_circuit,True,,0.0,0.0,[MB103] NON-COMPLIANT — Node1: required objects absent (short-circuit triggered); Node2/Node3: skipped — object presence failed upstream
MB104,sd15,es,False,0.0,True,,0.0,True,,0.0,True,,0.0,True,short_circuit,False,,0.0,0.0,[MB104] NON-COMPLIANT — Node1: required objects absent (short-circuit triggered); Node2/Node3: skipped — object presence failed upstream
MB104,flux,es,False,0.0,True,,0.0,True,,0.0,True,,0.0,True,short_circuit,True,,0.0,0.0,[MB104] NON-COMPLIANT — Node1: required objects absent (short-circuit triggered); Node2/Node3: skipped — object presence failed upstream
MB105,sd15,es,False,0.0,True,,0.0,True,,0.0,True,,0.0,True,short_circuit,False,,0.0,0.0,[MB105] NON-COMPLIANT — Node1: required objects absent (short-circuit triggered); Node2/Node3: skipped — object presence failed upstream
MB105,flux,es,False,0.0,True,,0.0,True,,0.0,True,,0.0,True,short_circuit,True,,0.0,0.0,[MB105] NON-COMPLIANT — Node1: required objects absent (short-circuit triggered); Node2/Node3: skipped — object presence failed upstream
MB106,sd15,es,False,0.0,True,,0.0,True,,0.0,True,,0.0,True,short_circuit,False,,0.0,0.0,[MB106] NON-COMPLIANT — Node1: required objects absent (short-circuit triggered); Node2/Node3: skipped — object presence failed upstream
MB106,flux,es,False,0.5,True,,0.0,True,,0.0,True,,0.0,True,short_circuit,True,,0.0,0.15,[MB106] NON-COMPLIANT — Node1: required objects absent (short-circuit triggered); Node2/Node3: skipped — object presence failed upstream
MB107,sd15,es,False,0.0,True,,0.0,True,,0.0,True,,0.0,True,short_circuit,False,,0.0,0.0,[MB107] NON-COMPLIANT — Node1: required objects absent (short-circuit triggered); Node2/Node3: skipped — object presence failed upstream
MB107,flux,es,True,1.0,False,True,1.0,False,True,1.0,False,False,0.0,False,,True,True,0.624,0.7624,[MB107] NON-COMPLIANT — Node4: required text not legibly rendered
MB108,sd15,es,False,0.5,True,,0.0,True,,0.0,True,,0.0,True,short_circuit,False,,0.0,0.15,[MB108] NON-COMPLIANT — Node1: required objects absent (short-circuit triggered); Node2/Node3: skipped — object presence failed upstream
MB108,flux,es,False,0.5,True,,0.0,True,,0.0,True,,0.0,True,short_circuit,True,,0.0,0.15,[MB108] NON-COMPLIANT — Node1: required objects absent (short-circuit triggered); Node2/Node3: skipped — object presence failed upstream
MB109,sd15,es,False,0.5,True,,0.0,True,,0.0,True,,0.0,True,short_circuit,False,,0.0,0.15,[MB109] NON-COMPLIANT — Node1: required objects absent (short-circuit triggered); Node2/Node3: skipped — object presence failed upstream
MB109,flux,es,False,0.5,True,,0.0,True,,0.0,True,,0.0,True,short_circuit,True,,0.0,0.15,[MB109] NON-COMPLIANT — Node1: required objects absent (short-circuit triggered); Node2/Node3: skipped — object presence failed upstream
MB110,sd15,es,False,0.5,True,,0.0,True,,0.0,True,,0.0,True,short_circuit,False,,0.0,0.15,[MB110] NON-COMPLIANT — Node1: required objects absent (short-circuit triggered); Node2/Node3: skipped — object presence failed upstream
MB110,flux,es,True,1.0,False,True,1.0,False,False,0.5,False,True,1.0,False,,True,True,0.606,0.8606,[MB110] NON-COMPLIANT — Node3: colour attributes not satisfied
MB111,sd15,es,False,0.0,True,,0.0,True,,0.0,True,,0.0,True,short_circuit,False,,0.0,0.0,[MB111] NON-COMPLIANT — Node1: required objects absent (short-circuit triggered); Node2/Node3: skipped — object presence failed upstream
MB111,flux,es,True,1.0,False,False,0.0,False,False,0.5,False,True,1.0,False,,True,True,0.6196,0.662,[MB111] NON-COMPLIANT — Node2: spatial constraints not satisfied; Node3: colour attributes not satisfied
MB112,sd15,es,False,0.5,True,,0.0,True,,0.0,True,,0.0,True,short_circuit,False,,0.0,0.15,[MB112] NON-COMPLIANT — Node1: required objects absent (short-circuit triggered); Node2/Node3: skipped — object presence failed upstream
MB112,flux,es,True,1.0,False,True,1.0,False,True,1.0,False,True,0.9091,False,,True,True,0.6214,0.944,[MB112] COMPLIANT — all constraints satisfied
MB113,sd15,es,False,0.0,True,,0.0,True,,0.0,True,,0.0,True,short_circuit,False,,0.0,0.0,[MB113] NON-COMPLIANT — Node1: required objects absent (short-circuit triggered); Node2/Node3: skipped — object presence failed upstream
MB113,flux,es,True,1.0,False,True,1.0,False,True,1.0,False,True,1.0,False,,True,True,0.6198,0.962,[MB113] COMPLIANT — all constraints satisfied
MB114,sd15,es,False,0.0,True,,0.0,True,,0.0,True,,0.0,True,short_circuit,False,,0.0,0.0,[MB114] NON-COMPLIANT — Node1: required objects absent (short-circuit triggered); Node2/Node3: skipped — object presence failed upstream
MB114,flux,es,False,0.5,True,,0.0,True,,0.0,True,,0.0,True,short_circuit,True,,0.0,0.15,[MB114] NON-COMPLIANT — Node1: required objects absent (short-circuit triggered); Node2/Node3: skipped — object presence failed upstream
MB115,sd15,es,False,0.0,True,,0.0,True,,0.0,True,,0.0,True,short_circuit,False,,0.0,0.0,[MB115] NON-COMPLIANT — Node1: required objects absent (short-circuit triggered); Node2/Node3: skipped — object presence failed upstream
MB115,flux,es,False,0.5,True,,0.0,True,,0.0,True,,0.0,True,short_circuit,True,,0.0,0.15,[MB115] NON-COMPLIANT — Node1: required objects absent (short-circuit triggered); Node2/Node3: skipped — object presence failed upstream
MB116,sd15,es,False,0.0,True,,0.0,True,,0.0,True,,0.0,True,short_circuit,False,,0.0,0.0,[MB116] NON-COMPLIANT — Node1: required objects absent (short-circuit triggered); Node2/Node3: skipped — object presence failed upstream
MB116,flux,es,False,0.5,True,,0.0,True,,0.0,True,,0.0,True,short_circuit,True,,0.0,0.15,[MB116] NON-COMPLIANT — Node1: required objects absent (short-circuit triggered); Node2/Node3: skipped — object presence failed upstream
MB117,sd15,es,False,0.5,True,,0.0,True,,0.0,True,,0.0,True,short_circuit,False,,0.0,0.15,[MB117] NON-COMPLIANT — Node1: required objects absent (short-circuit triggered); Node2/Node3: skipped — object presence failed upstream
MB117,flux,es,False,0.5,True,,0.0,True,,0.0,True,,0.0,True,short_circuit,True,,0.0,0.15,[MB117] NON-COMPLIANT — Node1: required objects absent (short-circuit triggered); Node2/Node3: skipped — object presence failed upstream
MB118,sd15,es,False,0.0,True,,0.0,True,,0.0,True,,0.0,True,short_circuit,False,,0.0,0.0,[MB118] NON-COMPLIANT — Node1: required objects absent (short-circuit triggered); Node2/Node3: skipped — object presence failed upstream
MB118,flux,es,False,0.5,True,,0.0,True,,0.0,True,,0.0,True,short_circuit,True,,0.0,0.15,[MB118] NON-COMPLIANT — Node1: required objects absent (short-circuit triggered); Node2/Node3: skipped — object presence failed upstream
MB119,sd15,es,False,0.0,True,,0.0,True,,0.0,True,,0.0,True,short_circuit,False,,0.0,0.0,[MB119] NON-COMPLIANT — Node1: required objects absent (short-circuit triggered); Node2/Node3: skipped — object presence failed upstream
MB119,flux,es,True,1.0,False,True,1.0,False,True,1.0,False,True,1.0,False,,True,True,0.6174,0.9617,[MB119] COMPLIANT — all constraints satisfied
MB120,sd15,es,False,0.5,True,,0.0,True,,0.0,True,,0.0,True,short_circuit,False,,0.0,0.15,[MB120] NON-COMPLIANT — Node1: required objects absent (short-circuit triggered); Node2/Node3: skipped — object presence failed upstream
MB120,flux,es,False,0.5,True,,0.0,True,,0.0,True,,0.0,True,short_circuit,True,,0.0,0.15,[MB120] NON-COMPLIANT — Node1: required objects absent (short-circuit triggered); Node2/Node3: skipped — object presence failed upstream
MB121,sd15,es,False,0.0,True,,0.0,True,,0.0,True,,0.0,True,short_circuit,False,,0.0,0.0,[MB121] NON-COMPLIANT — Node1: required objects absent (short-circuit triggered); Node2/Node3: skipped — object presence failed upstream
MB121,flux,es,False,0.5,True,,0.0,True,,0.0,True,,0.0,True,short_circuit,True,,0.0,0.15,[MB121] NON-COMPLIANT — Node1: required objects absent (short-circuit triggered); Node2/Node3: skipped — object presence failed upstream
MB122,sd15,es,False,0.5,True,,0.0,True,,0.0,True,,0.0,True,short_circuit,False,,0.0,0.15,[MB122] NON-COMPLIANT — Node1: required objects absent (short-circuit triggered); Node2/Node3: skipped — object presence failed upstream
MB122,flux,es,True,1.0,False,True,1.0,False,True,1.0,False,False,0.0,False,,True,True,0.6198,0.762,[MB122] NON-COMPLIANT — Node4: required text not legibly rendered
MB123,sd15,es,False,0.0,True,,0.0,True,,0.0,True,,0.0,True,short_circuit,False,,0.0,0.0,[MB123] NON-COMPLIANT — Node1: required objects absent (short-circuit triggered); Node2/Node3: skipped — object presence failed upstream
MB123,flux,es,True,1.0,False,False,0.0,False,True,1.0,False,False,0.2,False,,True,True,0.6143,0.6014,[MB123] NON-COMPLIANT — Node2: spatial constraints not satisfied; Node4: required text not legibly rendered
MB124,sd15,es,False,0.0,True,,0.0,True,,0.0,True,,0.0,True,short_circuit,False,,0.0,0.0,[MB124] NON-COMPLIANT — Node1: required objects absent (short-circuit triggered); Node2/Node3: skipped — object presence failed upstream
MB124,flux,es,True,1.0,False,False,0.0,False,True,1.0,False,True,1.0,False,,True,True,0.6212,0.7621,[MB124] NON-COMPLIANT — Node2: spatial constraints not satisfied
MB125,sd15,es,False,0.0,True,,0.0,True,,0.0,True,,0.0,True,short_circuit,False,,0.0,0.0,[MB125] NON-COMPLIANT — Node1: required objects absent (short-circuit triggered); Node2/Node3: skipped — object presence failed upstream
MB125,flux,es,False,0.0,True,,0.0,True,,0.0,True,,0.0,True,short_circuit,True,,0.0,0.0,[MB125] NON-COMPLIANT — Node1: required objects absent (short-circuit triggered); Node2/Node3: skipped — object presence failed upstream
MB126,sd15,es,False,0.5,True,,0.0,True,,0.0,True,,0.0,True,short_circuit,False,,0.0,0.15,[MB126] NON-COMPLIANT — Node1: required objects absent (short-circuit triggered); Node2/Node3: skipped — object presence failed upstream
MB126,flux,es,False,0.5,True,,0.0,True,,0.0,True,,0.0,True,short_circuit,True,,0.0,0.15,[MB126] NON-COMPLIANT — Node1: required objects absent (short-circuit triggered); Node2/Node3: skipped — object presence failed upstream
MB127,sd15,es,False,0.5,True,,0.0,True,,0.0,True,,0.0,True,short_circuit,False,,0.0,0.15,[MB127] NON-COMPLIANT — Node1: required objects absent (short-circuit triggered); Node2/Node3: skipped — object presence failed upstream
MB127,flux,es,False,0.0,True,,0.0,True,,0.0,True,,0.0,True,short_circuit,True,,0.0,0.0,[MB127] NON-COMPLIANT — Node1: required objects absent (short-circuit triggered); Node2/Node3: skipped — object presence failed upstream
MB128,sd15,es,False,0.0,True,,0.0,True,,0.0,True,,0.0,True,short_circuit,False,,0.0,0.0,[MB128] NON-COMPLIANT — Node1: required objects absent (short-circuit triggered); Node2/Node3: skipped — object presence failed upstream
MB128,flux,es,False,0.5,True,,0.0,True,,0.0,True,,0.0,True,short_circuit,True,,0.0,0.15,[MB128] NON-COMPLIANT — Node1: required objects absent (short-circuit triggered); Node2/Node3: skipped — object presence failed upstream
MB129,sd15,es,False,0.0,True,,0.0,True,,0.0,True,,0.0,True,short_circuit,False,,0.0,0.0,[MB129] NON-COMPLIANT — Node1: required objects absent (short-circuit triggered); Node2/Node3: skipped — object presence failed upstream
MB129,flux,es,False,0.0,True,,0.0,True,,0.0,True,,0.0,True,short_circuit,True,,0.0,0.0,[MB129] NON-COMPLIANT — Node1: required objects absent (short-circuit triggered); Node2/Node3: skipped — object presence failed upstream
MB130,sd15,es,False,0.5,True,,0.0,True,,0.0,True,,0.0,True,short_circuit,False,,0.0,0.15,[MB130] NON-COMPLIANT — Node1: required objects absent (short-circuit triggered); Node2/Node3: skipped — object presence failed upstream
MB130,flux,es,False,0.5,True,,0.0,True,,0.0,True,,0.0,True,short_circuit,True,,0.0,0.15,[MB130] NON-COMPLIANT — Node1: required objects absent (short-circuit triggered); Node2/Node3: skipped — object presence failed upstream
MB131,sd15,es,True,1.0,False,False,0.0,False,True,1.0,False,,0.0,True,sd15_architectural,False,True,0.5937,0.5594,[MB131] NON-COMPLIANT — Node2: spatial constraints not satisfied; Node4: SD v1.5 architectural limitation — text rendering unreliable (Phase 1C accuracy=0.1667); scored as 0.0 in compliance score; excluded from CLCG heatmap in Phase 2B
MB131,flux,es,False,0.5,True,,0.0,True,,0.0,True,,0.0,True,short_circuit,True,,0.0,0.15,[MB131] NON-COMPLIANT — Node1: required objects absent (short-circuit triggered); Node2/Node3: skipped — object presence failed upstream
MB132,sd15,es,False,0.0,True,,0.0,True,,0.0,True,,0.0,True,short_circuit,False,,0.0,0.0,[MB132] NON-COMPLIANT — Node1: required objects absent (short-circuit triggered); Node2/Node3: skipped — object presence failed upstream
MB132,flux,es,True,1.0,False,False,0.0,False,True,1.0,False,False,0.0,False,,True,True,0.6126,0.5613,[MB132] NON-COMPLIANT — Node2: spatial constraints not satisfied; Node4: required text not legibly rendered
MB133,sd15,es,False,0.0,True,,0.0,True,,0.0,True,,0.0,True,short_circuit,False,,0.0,0.0,[MB133] NON-COMPLIANT — Node1: required objects absent (short-circuit triggered); Node2/Node3: skipped — object presence failed upstream
MB133,flux,es,False,0.0,True,,0.0,True,,0.0,True,,0.0,True,short_circuit,True,,0.0,0.0,[MB133] NON-COMPLIANT — Node1: required objects absent (short-circuit triggered); Node2/Node3: skipped — object presence failed upstream
MB134,sd15,es,False,0.5,True,,0.0,True,,0.0,True,,0.0,True,short_circuit,False,,0.0,0.15,[MB134] NON-COMPLIANT — Node1: required objects absent (short-circuit triggered); Node2/Node3: skipped — object presence failed upstream
MB134,flux,es,False,0.5,True,,0.0,True,,0.0,True,,0.0,True,short_circuit,True,,0.0,0.15,[MB134] NON-COMPLIANT — Node1: required objects absent (short-circuit triggered); Node2/Node3: skipped — object presence failed upstream
MB135,sd15,es,False,0.0,True,,0.0,True,,0.0,True,,0.0,True,short_circuit,False,,0.0,0.0,[MB135] NON-COMPLIANT — Node1: required objects absent (short-circuit triggered); Node2/Node3: skipped — object presence failed upstream
MB135,flux,es,False,0.0,True,,0.0,True,,0.0,True,,0.0,True,short_circuit,True,,0.0,0.0,[MB135] NON-COMPLIANT — Node1: required objects absent (short-circuit triggered); Node2/Node3: skipped — object presence failed upstream
MB136,sd15,es,False,0.0,True,,0.0,True,,0.0,True,,0.0,True,short_circuit,False,,0.0,0.0,[MB136] NON-COMPLIANT — Node1: required objects absent (short-circuit triggered); Node2/Node3: skipped — object presence failed upstream
MB136,flux,es,False,0.0,True,,0.0,True,,0.0,True,,0.0,True,short_circuit,True,,0.0,0.0,[MB136] NON-COMPLIANT — Node1: required objects absent (short-circuit triggered); Node2/Node3: skipped — object presence failed upstream
MB137,sd15,es,False,0.5,True,,0.0,True,,0.0,True,,0.0,True,short_circuit,False,,0.0,0.15,[MB137] NON-COMPLIANT — Node1: required objects absent (short-circuit triggered); Node2/Node3: skipped — object presence failed upstream
MB137,flux,es,True,1.0,False,False,0.0,False,True,1.0,False,False,0.4,False,,True,True,0.603,0.6403,[MB137] NON-COMPLIANT — Node2: spatial constraints not satisfied; Node4: required text not legibly rendered
MB138,sd15,es,False,0.0,True,,0.0,True,,0.0,True,,0.0,True,short_circuit,False,,0.0,0.0,[MB138] NON-COMPLIANT — Node1: required objects absent (short-circuit triggered); Node2/Node3: skipped — object presence failed upstream
MB138,flux,es,False,0.5,True,,0.0,True,,0.0,True,,0.0,True,short_circuit,True,,0.0,0.15,[MB138] NON-COMPLIANT — Node1: required objects absent (short-circuit triggered); Node2/Node3: skipped — object presence failed upstream
MB139,sd15,es,False,0.0,True,,0.0,True,,0.0,True,,0.0,True,short_circuit,False,,0.0,0.0,[MB139] NON-COMPLIANT — Node1: required objects absent (short-circuit triggered); Node2/Node3: skipped — object presence failed upstream
MB139,flux,es,False,0.5,True,,0.0,True,,0.0,True,,0.0,True,short_circuit,True,,0.0,0.15,[MB139] NON-COMPLIANT — Node1: required objects absent (short-circuit triggered); Node2/Node3: skipped — object presence failed upstream
MB140,sd15,es,False,0.5,True,,0.0,True,,0.0,True,,0.0,True,short_circuit,False,,0.0,0.15,[MB140] NON-COMPLIANT — Node1: required objects absent (short-circuit triggered); Node2/Node3: skipped — object presence failed upstream
MB140,flux,es,False,0.5,True,,0.0,True,,0.0,True,,0.0,True,short_circuit,True,,0.0,0.15,[MB140] NON-COMPLIANT — Node1: required objects absent (short-circuit triggered); Node2/Node3: skipped — object presence failed upstream
MB141,sd15,es,True,1.0,False,True,1.0,False,False,0.5,False,,0.0,True,sd15_architectural,False,True,0.6027,0.6603,[MB141] NON-COMPLIANT — Node3: colour attributes not satisfied; Node4: SD v1.5 architectural limitation — text rendering unreliable (Phase 1C accuracy=0.1667); scored as 0.0 in compliance score; excluded from CLCG heatmap in Phase 2B
MB141,flux,es,True,1.0,False,False,0.0,False,True,1.0,False,True,1.0,False,,True,True,0.6127,0.7613,[MB141] NON-COMPLIANT — Node2: spatial constraints not satisfied
MB142,sd15,es,False,0.5,True,,0.0,True,,0.0,True,,0.0,True,short_circuit,False,,0.0,0.15,[MB142] NON-COMPLIANT — Node1: required objects absent (short-circuit triggered); Node2/Node3: skipped — object presence failed upstream
MB142,flux,es,False,0.5,True,,0.0,True,,0.0,True,,0.0,True,short_circuit,True,,0.0,0.15,[MB142] NON-COMPLIANT — Node1: required objects absent (short-circuit triggered); Node2/Node3: skipped — object presence failed upstream
MB143,sd15,es,False,0.5,True,,0.0,True,,0.0,True,,0.0,True,short_circuit,False,,0.0,0.15,[MB143] NON-COMPLIANT — Node1: required objects absent (short-circuit triggered); Node2/Node3: skipped — object presence failed upstream
MB143,flux,es,False,0.5,True,,0.0,True,,0.0,True,,0.0,True,short_circuit,True,,0.0,0.15,[MB143] NON-COMPLIANT — Node1: required objects absent (short-circuit triggered); Node2/Node3: skipped — object presence failed upstream
MB144,sd15,es,False,0.0,True,,0.0,True,,0.0,True,,0.0,True,short_circuit,False,,0.0,0.0,[MB144] NON-COMPLIANT — Node1: required objects absent (short-circuit triggered); Node2/Node3: skipped — object presence failed upstream
MB144,flux,es,True,1.0,False,False,0.0,False,True,1.0,False,True,1.0,False,,True,True,0.6224,0.7622,[MB144] NON-COMPLIANT — Node2: spatial constraints not satisfied
MB145,sd15,es,False,0.0,True,,0.0,True,,0.0,True,,0.0,True,short_circuit,False,,0.0,0.0,[MB145] NON-COMPLIANT — Node1: required objects absent (short-circuit triggered); Node2/Node3: skipped — object presence failed upstream
MB145,flux,es,False,0.5,True,,0.0,True,,0.0,True,,0.0,True,short_circuit,True,,0.0,0.15,[MB145] NON-COMPLIANT — Node1: required objects absent (short-circuit triggered); Node2/Node3: skipped — object presence failed upstream
MB146,sd15,es,False,0.5,True,,0.0,True,,0.0,True,,0.0,True,short_circuit,False,,0.0,0.15,[MB146] NON-COMPLIANT — Node1: required objects absent (short-circuit triggered); Node2/Node3: skipped — object presence failed upstream
MB146,flux,es,False,0.0,True,,0.0,True,,0.0,True,,0.0,True,short_circuit,True,,0.0,0.0,[MB146] NON-COMPLIANT — Node1: required objects absent (short-circuit triggered); Node2/Node3: skipped — object presence failed upstream
MB147,sd15,es,False,0.0,True,,0.0,True,,0.0,True,,0.0,True,short_circuit,False,,0.0,0.0,[MB147] NON-COMPLIANT — Node1: required objects absent (short-circuit triggered); Node2/Node3: skipped — object presence failed upstream
MB147,flux,es,False,0.5,True,,0.0,True,,0.0,True,,0.0,True,short_circuit,True,,0.0,0.15,[MB147] NON-COMPLIANT — Node1: required objects absent (short-circuit triggered); Node2/Node3: skipped — object presence failed upstream
MB148,sd15,es,False,0.5,True,,0.0,True,,0.0,True,,0.0,True,short_circuit,False,,0.0,0.15,[MB148] NON-COMPLIANT — Node1: required objects absent (short-circuit triggered); Node2/Node3: skipped — object presence failed upstream
MB148,flux,es,False,0.5,True,,0.0,True,,0.0,True,,0.0,True,short_circuit,True,,0.0,0.15,[MB148] NON-COMPLIANT — Node1: required objects absent (short-circuit triggered); Node2/Node3: skipped — object presence failed upstream
MB149,sd15,es,False,0.5,True,,0.0,True,,0.0,True,,0.0,True,short_circuit,False,,0.0,0.15,[MB149] NON-COMPLIANT — Node1: required objects absent (short-circuit triggered); Node2/Node3: skipped — object presence failed upstream
MB149,flux,es,False,0.0,True,,0.0,True,,0.0,True,,0.0,True,short_circuit,True,,0.0,0.0,[MB149] NON-COMPLIANT — Node1: required objects absent (short-circuit triggered); Node2/Node3: skipped — object presence failed upstream
MB150,sd15,es,False,0.5,True,,0.0,True,,0.0,True,,0.0,True,short_circuit,False,,0.0,0.15,[MB150] NON-COMPLIANT — Node1: required objects absent (short-circuit triggered); Node2/Node3: skipped — object presence failed upstream
MB150,flux,es,False,0.5,True,,0.0,True,,0.0,True,,0.0,True,short_circuit,True,,0.0,0.15,[MB150] NON-COMPLIANT — Node1: required objects absent (short-circuit triggered); Node2/Node3: skipped — object presence failed upstream
