brief_id,model,language,n_questions,n_yes,tifa_score,per_object_json,per_colour_json,per_text_json
MB001,sd15,de,5,0,0.0,"{""smartwatch"": false, ""wireless charger"": false}","{""smartwatch=silver"": false, ""wireless charger=black"": false}","{""ZYRA"": false}"
MB001,flux,de,5,4,0.8,"{""smartwatch"": true, ""wireless charger"": true}","{""smartwatch=silver"": true, ""wireless charger=black"": true}","{""ZYRA"": false}"
MB002,sd15,de,5,0,0.0,"{""laptop"": false, ""wireless mouse"": false}","{""laptop=black"": false, ""wireless mouse=white"": false}","{""KESTRA"": false}"
MB002,flux,de,5,3,0.6,"{""laptop"": true, ""wireless mouse"": true}","{""laptop=black"": false, ""wireless mouse=white"": true}","{""KESTRA"": false}"
MB003,sd15,de,5,0,0.0,"{""wireless earbuds"": false, ""charging case"": false}","{""wireless earbuds=white"": false, ""charging case=black"": false}","{""APEX"": false}"
MB003,flux,de,5,5,1.0,"{""wireless earbuds"": true, ""charging case"": true}","{""wireless earbuds=white"": true, ""charging case=black"": true}","{""APEX"": true}"
MB004,sd15,de,5,1,0.2,"{""smartphone"": true, ""metal stand"": false}","{""smartphone=black"": false, ""metal stand=silver"": false}","{""VOLT"": false}"
MB004,flux,de,5,3,0.6,"{""smartphone"": true, ""metal stand"": false}","{""smartphone=black"": true, ""metal stand=silver"": false}","{""VOLT"": true}"
MB005,sd15,de,5,3,0.6,"{""tablet"": true, ""stylus pen"": true}","{""tablet=white"": false, ""stylus pen=gold"": true}","{""PRISM"": false}"
MB005,flux,de,5,4,0.8,"{""tablet"": true, ""stylus pen"": true}","{""tablet=white"": true, ""stylus pen=gold"": true}","{""PRISM"": false}"
MB006,sd15,de,5,2,0.4,"{""mechanical keyboard"": true, ""wireless mouse"": false}","{""mechanical keyboard=black"": true, ""wireless mouse=red"": false}","{""SYNTH"": false}"
MB006,flux,de,5,2,0.4,"{""mechanical keyboard"": true, ""wireless mouse"": false}","{""mechanical keyboard=black"": true, ""wireless mouse=red"": false}","{""SYNTH"": false}"
MB007,sd15,de,5,1,0.2,"{""bluetooth speaker"": true, ""smartphone"": false}","{""bluetooth speaker=blue"": false, ""smartphone=black"": false}","{""NEXUS"": false}"
MB007,flux,de,5,5,1.0,"{""bluetooth speaker"": true, ""smartphone"": true}","{""bluetooth speaker=blue"": true, ""smartphone=black"": true}","{""NEXUS"": true}"
MB008,sd15,de,5,1,0.2,"{""camera"": false, ""camera lens"": false}","{""camera=black"": true, ""camera lens=silver"": false}","{""KOVAL"": false}"
MB008,flux,de,5,4,0.8,"{""camera"": true, ""camera lens"": true}","{""camera=black"": true, ""camera lens=silver"": false}","{""KOVAL"": true}"
MB009,sd15,de,5,2,0.4,"{""gaming controller"": true, ""gaming headset"": false}","{""gaming controller=white"": true, ""gaming headset=black"": false}","{""LUNEX"": false}"
MB009,flux,de,5,4,0.8,"{""gaming controller"": true, ""gaming headset"": true}","{""gaming controller=white"": true, ""gaming headset=black"": true}","{""LUNEX"": false}"
MB010,sd15,de,5,2,0.4,"{""smart display"": true, ""remote control"": false}","{""smart display=black"": true, ""remote control=silver"": false}","{""KORE"": false}"
MB010,flux,de,5,3,0.6,"{""smart display"": true, ""remote control"": true}","{""smart display=black"": false, ""remote control=silver"": false}","{""KORE"": true}"
MB011,sd15,de,5,3,0.6,"{""power bank"": true, ""USB cable"": true}","{""power bank=white"": true, ""USB cable=red"": false}","{""LUMIX"": false}"
MB011,flux,de,5,4,0.8,"{""power bank"": true, ""USB cable"": true}","{""power bank=white"": true, ""USB cable=red"": false}","{""LUMIX"": true}"
MB012,sd15,de,5,4,0.8,"{""laptop"": true, ""coffee mug"": true}","{""laptop=silver"": true, ""coffee mug=white"": true}","{""MIRAX"": false}"
MB012,flux,de,5,5,1.0,"{""laptop"": true, ""coffee mug"": true}","{""laptop=silver"": true, ""coffee mug=white"": true}","{""MIRAX"": true}"
MB013,sd15,de,5,2,0.4,"{""wireless earbuds"": false, ""smartphone"": true}","{""wireless earbuds=white"": false, ""smartphone=black"": true}","{""NEURO"": false}"
MB013,flux,de,5,5,1.0,"{""wireless earbuds"": true, ""smartphone"": true}","{""wireless earbuds=white"": true, ""smartphone=black"": true}","{""NEURO"": true}"
MB014,sd15,de,5,1,0.2,"{""webcam"": false, ""monitor"": true}","{""webcam=black"": false, ""monitor=white"": false}","{""OPUS"": false}"
MB014,flux,de,5,4,0.8,"{""webcam"": true, ""monitor"": true}","{""webcam=black"": true, ""monitor=white"": false}","{""OPUS"": true}"
MB015,sd15,de,5,3,0.6,"{""action camera"": false, ""cycling helmet"": true}","{""action camera=orange"": true, ""cycling helmet=white"": true}","{""PHASE"": false}"
MB015,flux,de,5,5,1.0,"{""action camera"": true, ""cycling helmet"": true}","{""action camera=orange"": true, ""cycling helmet=white"": true}","{""PHASE"": true}"
MB016,sd15,de,5,3,0.6,"{""smart speaker"": true, ""digital clock"": true}","{""smart speaker=white"": true, ""digital clock=black"": false}","{""QUBIT"": false}"
MB016,flux,de,5,5,1.0,"{""smart speaker"": true, ""digital clock"": true}","{""smart speaker=white"": true, ""digital clock=black"": true}","{""QUBIT"": true}"
MB017,sd15,de,5,0,0.0,"{""VR headset"": false, ""motion controllers"": false}","{""VR headset=white"": false, ""motion controllers=black"": false}","{""RADIUS"": false}"
MB017,flux,de,5,4,0.8,"{""VR headset"": true, ""motion controllers"": false}","{""VR headset=white"": true, ""motion controllers=black"": true}","{""RADIUS"": true}"
MB018,sd15,de,5,1,0.2,"{""curved monitor"": false, ""keyboard"": true}","{""curved monitor=black"": false, ""keyboard=silver"": false}","{""SPARK"": false}"
MB018,flux,de,5,2,0.4,"{""curved monitor"": false, ""keyboard"": true}","{""curved monitor=black"": false, ""keyboard=silver"": false}","{""SPARK"": true}"
MB019,sd15,de,5,1,0.2,"{""drone"": true, ""remote control"": false}","{""drone=black"": false, ""remote control=gray"": false}","{""VORTA"": false}"
MB019,flux,de,5,5,1.0,"{""drone"": true, ""remote control"": true}","{""drone=black"": true, ""remote control=gray"": true}","{""VORTA"": true}"
MB020,sd15,de,5,2,0.4,"{""e-reader"": true, ""reading glasses"": false}","{""e-reader=white"": true, ""reading glasses=black"": false}","{""RIVOX"": false}"
MB020,flux,de,5,3,0.6,"{""e-reader"": true, ""reading glasses"": false}","{""e-reader=white"": true, ""reading glasses=black"": false}","{""RIVOX"": true}"
MB021,sd15,de,5,2,0.4,"{""USB hub"": true, ""laptop"": false}","{""USB hub=gray"": true, ""laptop=silver"": false}","{""WAVE"": false}"
MB021,flux,de,5,5,1.0,"{""USB hub"": true, ""laptop"": true}","{""USB hub=gray"": true, ""laptop=silver"": true}","{""WAVE"": true}"
MB022,sd15,de,5,0,0.0,"{""gaming headset"": false, ""headphone stand"": false}","{""gaming headset=black"": false, ""headphone stand=white"": false}","{""XENON"": false}"
MB022,flux,de,5,5,1.0,"{""gaming headset"": true, ""headphone stand"": true}","{""gaming headset=black"": true, ""headphone stand=white"": true}","{""XENON"": true}"
MB023,sd15,de,5,2,0.4,"{""fitness tracker"": true, ""smartphone"": false}","{""fitness tracker=black"": true, ""smartphone=white"": false}","{""ZETA"": false}"
MB023,flux,de,5,5,1.0,"{""fitness tracker"": true, ""smartphone"": true}","{""fitness tracker=black"": true, ""smartphone=white"": true}","{""ZETA"": true}"
MB024,sd15,de,5,1,0.2,"{""portable projector"": true, ""remote control"": false}","{""portable projector=white"": false, ""remote control=black"": false}","{""AXON"": false}"
MB024,flux,de,5,3,0.6,"{""portable projector"": true, ""remote control"": false}","{""portable projector=white"": true, ""remote control=black"": false}","{""AXON"": true}"
MB025,sd15,de,5,0,0.0,"{""smart glasses"": false, ""glasses case"": false}","{""smart glasses=rose gold"": false, ""glasses case=black"": false}","{""BREEZE"": false}"
MB025,flux,de,5,3,0.6,"{""smart glasses"": false, ""glasses case"": true}","{""smart glasses=rose gold"": false, ""glasses case=black"": true}","{""BREEZE"": true}"
MB026,sd15,de,5,2,0.4,"{""portable SSD"": false, ""USB cable"": true}","{""portable SSD=silver"": true, ""USB cable=blue"": false}","{""CREST"": false}"
MB026,flux,de,5,4,0.8,"{""portable SSD"": true, ""USB cable"": true}","{""portable SSD=silver"": false, ""USB cable=blue"": true}","{""CREST"": true}"
MB027,sd15,de,5,0,0.0,"{""wireless charging pad"": false, ""smartphone"": false}","{""wireless charging pad=white"": false, ""smartphone=black"": false}","{""DAWN"": false}"
MB027,flux,de,5,5,1.0,"{""wireless charging pad"": true, ""smartphone"": true}","{""wireless charging pad=white"": true, ""smartphone=black"": true}","{""DAWN"": true}"
MB028,sd15,de,5,2,0.4,"{""smart lock"": true, ""door handle"": false}","{""smart lock=black"": false, ""door handle=silver"": true}","{""NYRIC"": false}"
MB028,flux,de,5,3,0.6,"{""smart lock"": true, ""door handle"": false}","{""smart lock=black"": true, ""door handle=silver"": false}","{""NYRIC"": true}"
MB029,sd15,de,5,3,0.6,"{""WiFi router"": true, ""ethernet cable"": true}","{""WiFi router=white"": true, ""ethernet cable=yellow"": false}","{""FUSE"": false}"
MB029,flux,de,5,3,0.6,"{""WiFi router"": false, ""ethernet cable"": true}","{""WiFi router=white"": true, ""ethernet cable=yellow"": false}","{""FUSE"": true}"
MB030,sd15,de,5,2,0.4,"{""gaming mouse"": true, ""mousepad"": true}","{""gaming mouse=black"": false, ""mousepad=red"": false}","{""GRID"": false}"
MB030,flux,de,5,4,0.8,"{""gaming mouse"": true, ""mousepad"": true}","{""gaming mouse=black"": true, ""mousepad=red"": true}","{""GRID"": false}"
MB031,sd15,de,5,1,0.2,"{""juice bottle"": true, ""ceramic cup"": false}","{""juice bottle=orange"": false, ""ceramic cup=white"": false}","{""ZEST"": false}"
MB031,flux,de,5,2,0.4,"{""juice bottle"": false, ""ceramic cup"": true}","{""juice bottle=orange"": false, ""ceramic cup=white"": true}","{""ZEST"": false}"
MB032,sd15,de,5,1,0.2,"{""coffee bag"": false, ""espresso cup"": true}","{""coffee bag=brown"": false, ""espresso cup=black"": false}","{""PURE"": false}"
MB032,flux,de,5,5,1.0,"{""coffee bag"": true, ""espresso cup"": true}","{""coffee bag=brown"": true, ""espresso cup=black"": true}","{""PURE"": true}"
MB033,sd15,de,5,1,0.2,"{""cereal box"": false, ""milk carton"": false}","{""cereal box=yellow"": true, ""milk carton=white"": false}","{""BLOOM"": false}"
MB033,flux,de,5,1,0.2,"{""cereal box"": false, ""milk carton"": true}","{""cereal box=yellow"": false, ""milk carton=white"": false}","{""BLOOM"": false}"
MB034,sd15,de,5,1,0.2,"{""hot sauce bottle"": true, ""cutting board"": false}","{""hot sauce bottle=red"": false, ""cutting board=brown"": false}","{""GROVE"": false}"
MB034,flux,de,5,3,0.6,"{""hot sauce bottle"": false, ""cutting board"": true}","{""hot sauce bottle=red"": false, ""cutting board=brown"": true}","{""GROVE"": true}"
MB035,sd15,de,5,4,0.8,"{""wine bottle"": true, ""grapes"": true}","{""wine bottle=green"": true, ""grapes=purple"": true}","{""FRESH"": false}"
MB035,flux,de,5,5,1.0,"{""wine bottle"": true, ""grapes"": true}","{""wine bottle=green"": true, ""grapes=purple"": true}","{""FRESH"": true}"
MB036,sd15,de,5,2,0.4,"{""tea box"": false, ""teacup"": true}","{""tea box=teal"": false, ""teacup=white"": true}","{""CRISP"": false}"
MB036,flux,de,5,2,0.4,"{""tea box"": false, ""teacup"": true}","{""tea box=teal"": false, ""teacup=white"": false}","{""CRISP"": true}"
MB037,sd15,de,5,1,0.2,"{""energy drink can"": false, ""dumbbell"": false}","{""energy drink can=black"": true, ""dumbbell=silver"": false}","{""BOLD"": false}"
MB037,flux,de,5,1,0.2,"{""energy drink can"": false, ""dumbbell"": false}","{""energy drink can=black"": true, ""dumbbell=silver"": false}","{""BOLD"": false}"
MB038,sd15,de,5,4,0.8,"{""water bottle"": true, ""lemon"": true}","{""water bottle=blue"": true, ""lemon=yellow"": true}","{""MIST"": false}"
MB038,flux,de,5,2,0.4,"{""water bottle"": true, ""lemon"": false}","{""water bottle=blue"": true, ""lemon=yellow"": false}","{""MIST"": false}"
MB039,sd15,de,5,3,0.6,"{""yogurt container"": true, ""strawberries"": true}","{""yogurt container=white"": false, ""strawberries=red"": true}","{""GLOW"": false}"
MB039,flux,de,5,3,0.6,"{""yogurt container"": true, ""strawberries"": false}","{""yogurt container=white"": true, ""strawberries=red"": false}","{""GLOW"": true}"
MB040,sd15,de,5,2,0.4,"{""cookie tin"": false, ""glass of milk"": false}","{""cookie tin=red"": true, ""glass of milk=white"": true}","{""PETAL"": false}"
MB040,flux,de,5,3,0.6,"{""cookie tin"": false, ""glass of milk"": true}","{""cookie tin=red"": true, ""glass of milk=white"": true}","{""PETAL"": false}"
MB041,sd15,de,5,0,0.0,"{""soda can"": false, ""ice bucket"": false}","{""soda can=blue"": false, ""ice bucket=silver"": false}","{""QUENCH"": false}"
MB041,flux,de,5,2,0.4,"{""soda can"": false, ""ice bucket"": false}","{""soda can=blue"": true, ""ice bucket=silver"": false}","{""QUENCH"": true}"
MB042,sd15,de,5,0,0.0,"{""protein powder jar"": false, ""shaker bottle"": false}","{""protein powder jar=black"": false, ""shaker bottle=white"": false}","{""RIPPLE"": false}"
MB042,flux,de,5,4,0.8,"{""protein powder jar"": true, ""shaker bottle"": true}","{""protein powder jar=black"": true, ""shaker bottle=white"": true}","{""RIPPLE"": false}"
MB043,sd15,de,5,2,0.4,"{""olive oil bottle"": true, ""garlic bulb"": false}","{""olive oil bottle=green"": true, ""garlic bulb=white"": false}","{""SWAY"": false}"
MB043,flux,de,5,2,0.4,"{""olive oil bottle"": true, ""garlic bulb"": false}","{""olive oil bottle=green"": true, ""garlic bulb=white"": false}","{""SWAY"": false}"
MB044,sd15,de,5,1,0.2,"{""granola bar"": false, ""banana"": false}","{""granola bar=brown"": true, ""banana=yellow"": false}","{""TEMPO"": false}"
MB044,flux,de,5,2,0.4,"{""granola bar"": false, ""banana"": true}","{""granola bar=brown"": false, ""banana=yellow"": true}","{""TEMPO"": false}"
MB045,sd15,de,5,1,0.2,"{""cold brew coffee bottle"": true, ""metal straw"": false}","{""cold brew coffee bottle=brown"": false, ""metal straw=silver"": false}","{""UMBER"": false}"
MB045,flux,de,5,0,0.0,"{""cold brew coffee bottle"": false, ""metal straw"": false}","{""cold brew coffee bottle=brown"": false, ""metal straw=silver"": false}","{""UMBER"": false}"
MB046,sd15,de,5,1,0.2,"{""sparkling water can"": false, ""lime"": false}","{""sparkling water can=blue"": false, ""lime=green"": true}","{""VERDE"": false}"
MB046,flux,de,5,3,0.6,"{""sparkling water can"": false, ""lime"": true}","{""sparkling water can=blue"": false, ""lime=green"": true}","{""VERDE"": true}"
MB047,sd15,de,5,0,0.0,"{""honey jar"": false, ""toast"": false}","{""honey jar=amber"": false, ""toast=brown"": false}","{""WARM"": false}"
MB047,flux,de,5,2,0.4,"{""honey jar"": false, ""toast"": true}","{""honey jar=amber"": false, ""toast=brown"": true}","{""WARM"": false}"
MB048,sd15,de,5,4,0.8,"{""smoothie bottle"": true, ""berries"": true}","{""smoothie bottle=purple"": true, ""berries=red"": true}","{""XTRA"": false}"
MB048,flux,de,5,5,1.0,"{""smoothie bottle"": true, ""berries"": true}","{""smoothie bottle=purple"": true, ""berries=red"": true}","{""XTRA"": true}"
MB049,sd15,de,5,0,0.0,"{""tea bottle"": false, ""bamboo stalk"": false}","{""tea bottle=white"": false, ""bamboo stalk=green"": false}","{""YUMA"": false}"
MB049,flux,de,5,0,0.0,"{""tea bottle"": false, ""bamboo stalk"": false}","{""tea bottle=white"": false, ""bamboo stalk=green"": false}","{""YUMA"": false}"
MB050,sd15,de,5,3,0.6,"{""chocolate bar"": false, ""wrapper"": true}","{""chocolate bar=brown"": true, ""wrapper=gold"": true}","{""ZEAL"": false}"
MB050,flux,de,5,2,0.4,"{""chocolate bar"": true, ""wrapper"": false}","{""chocolate bar=brown"": true, ""wrapper=gold"": false}","{""ZEAL"": false}"
MB051,sd15,de,5,2,0.4,"{""juice pouch"": false, ""wooden straw"": true}","{""juice pouch=orange"": false, ""wooden straw=brown"": true}","{""AMBER"": false}"
MB051,flux,de,5,1,0.2,"{""juice pouch"": false, ""wooden straw"": false}","{""juice pouch=orange"": false, ""wooden straw=brown"": true}","{""AMBER"": false}"
MB052,sd15,de,5,1,0.2,"{""almond butter jar"": false, ""bread"": true}","{""almond butter jar=brown"": false, ""bread=white"": false}","{""BRISK"": false}"
MB052,flux,de,5,0,0.0,"{""almond butter jar"": false, ""bread"": false}","{""almond butter jar=brown"": false, ""bread=white"": false}","{""BRISK"": false}"
MB053,sd15,de,5,2,0.4,"{""kombucha bottle"": true, ""ginger root"": false}","{""kombucha bottle=brown"": true, ""ginger root=yellow"": false}","{""COVE"": false}"
MB053,flux,de,5,1,0.2,"{""kombucha bottle"": true, ""ginger root"": false}","{""kombucha bottle=brown"": false, ""ginger root=yellow"": false}","{""COVE"": false}"
MB054,sd15,de,5,1,0.2,"{""water bottle"": false, ""mint sprigs"": false}","{""water bottle=blue"": true, ""mint sprigs=green"": false}","{""DRIP"": false}"
MB054,flux,de,5,4,0.8,"{""water bottle"": true, ""mint sprigs"": true}","{""water bottle=blue"": true, ""mint sprigs=green"": true}","{""DRIP"": false}"
MB055,sd15,de,5,2,0.4,"{""matcha tin"": true, ""bamboo whisk"": false}","{""matcha tin=green"": true, ""bamboo whisk=brown"": false}","{""ELIXIR"": false}"
MB055,flux,de,5,1,0.2,"{""matcha tin"": false, ""bamboo whisk"": false}","{""matcha tin=green"": false, ""bamboo whisk=brown"": false}","{""ELIXIR"": true}"
MB056,sd15,de,5,0,0.0,"{""oat milk carton"": false, ""ceramic bowl"": false}","{""oat milk carton=white"": false, ""ceramic bowl=brown"": false}","{""FERN"": false}"
MB056,flux,de,5,3,0.6,"{""oat milk carton"": false, ""ceramic bowl"": true}","{""oat milk carton=white"": false, ""ceramic bowl=brown"": true}","{""FERN"": true}"
MB057,sd15,de,5,1,0.2,"{""coconut water can"": false, ""coconut"": false}","{""coconut water can=white"": true, ""coconut=brown"": false}","{""GUSTO"": false}"
MB057,flux,de,5,1,0.2,"{""coconut water can"": false, ""coconut"": false}","{""coconut water can=white"": true, ""coconut=brown"": false}","{""GUSTO"": false}"
MB058,sd15,de,5,1,0.2,"{""shot bottle"": false, ""turmeric root"": false}","{""shot bottle=yellow"": false, ""turmeric root=orange"": true}","{""HERBA"": false}"
MB058,flux,de,5,2,0.4,"{""shot bottle"": true, ""turmeric root"": false}","{""shot bottle=yellow"": true, ""turmeric root=orange"": false}","{""HERBA"": false}"
MB059,sd15,de,5,1,0.2,"{""sparkling juice bottle"": false, ""grapes"": false}","{""sparkling juice bottle=purple"": true, ""grapes=green"": false}","{""INFUSE"": false}"
MB059,flux,de,5,2,0.4,"{""sparkling juice bottle"": false, ""grapes"": false}","{""sparkling juice bottle=purple"": true, ""grapes=green"": false}","{""INFUSE"": true}"
MB060,sd15,de,5,1,0.2,"{""juice bottle"": true, ""carrots"": false}","{""juice bottle=green"": false, ""carrots=orange"": false}","{""JUVO"": false}"
MB060,flux,de,5,2,0.4,"{""juice bottle"": true, ""carrots"": false}","{""juice bottle=green"": true, ""carrots=orange"": false}","{""JUVO"": false}"
MB061,sd15,de,5,2,0.4,"{""sneaker"": true, ""shoebox"": false}","{""sneaker=white"": true, ""shoebox=red"": false}","{""MODE"": false}"
MB061,flux,de,5,4,0.8,"{""sneaker"": true, ""shoebox"": true}","{""sneaker=white"": true, ""shoebox=red"": true}","{""MODE"": false}"
MB062,sd15,de,5,2,0.4,"{""leather jacket"": true, ""wooden hanger"": false}","{""leather jacket=black"": true, ""wooden hanger=brown"": false}","{""LUXE"": false}"
MB062,flux,de,5,3,0.6,"{""leather jacket"": true, ""wooden hanger"": true}","{""leather jacket=black"": true, ""wooden hanger=brown"": false}","{""LUXE"": false}"
MB063,sd15,de,5,1,0.2,"{""handbag"": true, ""sunglasses"": false}","{""handbag=tan"": false, ""sunglasses=black"": false}","{""FORM"": false}"
MB063,flux,de,5,5,1.0,"{""handbag"": true, ""sunglasses"": true}","{""handbag=tan"": true, ""sunglasses=black"": true}","{""FORM"": true}"
MB064,sd15,de,5,2,0.4,"{""wristwatch"": true, ""watch box"": false}","{""wristwatch=gold"": true, ""watch box=black"": false}","{""GRACE"": false}"
MB064,flux,de,5,4,0.8,"{""wristwatch"": true, ""watch box"": true}","{""wristwatch=gold"": true, ""watch box=black"": false}","{""GRACE"": true}"
MB065,sd15,de,5,1,0.2,"{""sunglasses"": false, ""glasses case"": false}","{""sunglasses=brown"": false, ""glasses case=black"": true}","{""HAVEN"": false}"
MB065,flux,de,5,4,0.8,"{""sunglasses"": true, ""glasses case"": true}","{""sunglasses=brown"": true, ""glasses case=black"": true}","{""HAVEN"": false}"
MB066,sd15,de,5,3,0.6,"{""running shoes"": true, ""athletic socks"": true}","{""running shoes=blue"": false, ""athletic socks=white"": true}","{""INKE"": false}"
MB066,flux,de,5,5,1.0,"{""running shoes"": true, ""athletic socks"": true}","{""running shoes=blue"": true, ""athletic socks=white"": true}","{""INKE"": true}"
MB067,sd15,de,5,2,0.4,"{""denim jacket"": true, ""tote bag"": false}","{""denim jacket=blue"": true, ""tote bag=white"": false}","{""JOIE"": false}"
MB067,flux,de,5,5,1.0,"{""denim jacket"": true, ""tote bag"": true}","{""denim jacket=blue"": true, ""tote bag=white"": true}","{""JOIE"": true}"
MB068,sd15,de,5,1,0.2,"{""leather tote bag"": false, ""silk scarf"": false}","{""leather tote bag=brown"": true, ""silk scarf=red"": false}","{""KEEN"": false}"
MB068,flux,de,5,1,0.2,"{""leather tote bag"": false, ""silk scarf"": false}","{""leather tote bag=brown"": true, ""silk scarf=red"": false}","{""KEEN"": false}"
MB069,sd15,de,5,2,0.4,"{""canvas sneaker"": true, ""skateboard"": false}","{""canvas sneaker=white"": true, ""skateboard=red"": false}","{""LACE"": false}"
MB069,flux,de,5,4,0.8,"{""canvas sneaker"": true, ""skateboard"": true}","{""canvas sneaker=white"": true, ""skateboard=red"": true}","{""LACE"": false}"
MB070,sd15,de,5,2,0.4,"{""sports bra"": true, ""yoga mat"": false}","{""sports bra=pink"": true, ""yoga mat=purple"": false}","{""MAUVE"": false}"
MB070,flux,de,5,3,0.6,"{""sports bra"": false, ""yoga mat"": true}","{""sports bra=pink"": false, ""yoga mat=purple"": true}","{""MAUVE"": true}"
MB071,sd15,de,5,0,0.0,"{""baseball cap"": false, ""t-shirt"": false}","{""baseball cap=black"": false, ""t-shirt=white"": false}","{""NOIR"": false}"
MB071,flux,de,5,5,1.0,"{""baseball cap"": true, ""t-shirt"": true}","{""baseball cap=black"": true, ""t-shirt=white"": true}","{""NOIR"": true}"
MB072,sd15,de,5,1,0.2,"{""Chelsea boots"": false, ""leather belt"": false}","{""Chelsea boots=black"": false, ""leather belt=brown"": true}","{""ONYX"": false}"
MB072,flux,de,5,2,0.4,"{""Chelsea boots"": true, ""leather belt"": false}","{""Chelsea boots=black"": true, ""leather belt=brown"": false}","{""ONYX"": false}"
MB073,sd15,de,5,1,0.2,"{""raincoat"": false, ""umbrella"": false}","{""raincoat=yellow"": false, ""umbrella=black"": true}","{""POISE"": false}"
MB073,flux,de,5,3,0.6,"{""raincoat"": false, ""umbrella"": true}","{""raincoat=yellow"": false, ""umbrella=black"": true}","{""POISE"": true}"
MB074,sd15,de,5,2,0.4,"{""wool sweater"": true, ""knit scarf"": false}","{""wool sweater=gray"": true, ""knit scarf=white"": false}","{""RIVE"": false}"
MB074,flux,de,5,2,0.4,"{""wool sweater"": false, ""knit scarf"": false}","{""wool sweater=gray"": true, ""knit scarf=white"": false}","{""RIVE"": true}"
MB075,sd15,de,5,2,0.4,"{""swimsuit"": false, ""sunscreen bottle"": true}","{""swimsuit=orange"": false, ""sunscreen bottle=white"": true}","{""SILK"": false}"
MB075,flux,de,5,5,1.0,"{""swimsuit"": true, ""sunscreen bottle"": true}","{""swimsuit=orange"": true, ""sunscreen bottle=white"": true}","{""SILK"": true}"
MB076,sd15,de,5,2,0.4,"{""backpack"": true, ""water bottle"": true}","{""backpack=navy"": false, ""water bottle=silver"": false}","{""TONE"": false}"
MB076,flux,de,5,2,0.4,"{""backpack"": true, ""water bottle"": true}","{""backpack=navy"": false, ""water bottle=silver"": false}","{""TONE"": false}"
MB077,sd15,de,5,4,0.8,"{""hoodie"": true, ""jogger pants"": true}","{""hoodie=gray"": true, ""jogger pants=black"": true}","{""ULAN"": false}"
MB077,flux,de,5,4,0.8,"{""hoodie"": true, ""jogger pants"": true}","{""hoodie=gray"": true, ""jogger pants=black"": true}","{""ULAN"": false}"
MB078,sd15,de,5,2,0.4,"{""dress shoes"": false, ""briefcase"": false}","{""dress shoes=brown"": true, ""briefcase=tan"": true}","{""VIBE"": false}"
MB078,flux,de,5,3,0.6,"{""dress shoes"": true, ""briefcase"": false}","{""dress shoes=brown"": true, ""briefcase=tan"": false}","{""VIBE"": true}"
MB079,sd15,de,5,2,0.4,"{""winter jacket"": true, ""leather gloves"": true}","{""winter jacket=red"": false, ""leather gloves=black"": false}","{""WOVEN"": false}"
MB079,flux,de,5,4,0.8,"{""winter jacket"": true, ""leather gloves"": true}","{""winter jacket=red"": true, ""leather gloves=black"": true}","{""WOVEN"": false}"
MB080,sd15,de,5,2,0.4,"{""athletic shorts"": true, ""sneakers"": false}","{""athletic shorts=black"": true, ""sneakers=white"": false}","{""XARA"": false}"
MB080,flux,de,5,5,1.0,"{""athletic shorts"": true, ""sneakers"": true}","{""athletic shorts=black"": true, ""sneakers=white"": true}","{""XARA"": true}"
MB081,sd15,de,5,2,0.4,"{""canvas tote bag"": false, ""paperback book"": false}","{""canvas tote bag=beige"": true, ""paperback book=white"": true}","{""YARN"": false}"
MB081,flux,de,5,4,0.8,"{""canvas tote bag"": true, ""paperback book"": true}","{""canvas tote bag=beige"": true, ""paperback book=white"": true}","{""YARN"": false}"
MB082,sd15,de,5,2,0.4,"{""trench coat"": true, ""umbrella"": false}","{""trench coat=beige"": false, ""umbrella=black"": true}","{""ZOLA"": false}"
MB082,flux,de,5,2,0.4,"{""trench coat"": true, ""umbrella"": false}","{""trench coat=beige"": true, ""umbrella=black"": false}","{""ZOLA"": false}"
MB083,sd15,de,5,0,0.0,"{""cycling shorts"": false, ""cycling helmet"": false}","{""cycling shorts=black"": false, ""cycling helmet=white"": false}","{""AEON"": false}"
MB083,flux,de,5,2,0.4,"{""cycling shorts"": false, ""cycling helmet"": true}","{""cycling shorts=black"": false, ""cycling helmet=white"": true}","{""AEON"": false}"
MB084,sd15,de,5,2,0.4,"{""leather wallet"": true, ""coins"": false}","{""leather wallet=black"": true, ""coins=silver"": false}","{""BRIM"": false}"
MB084,flux,de,5,4,0.8,"{""leather wallet"": true, ""coins"": true}","{""leather wallet=black"": true, ""coins=silver"": false}","{""BRIM"": true}"
MB085,sd15,de,5,1,0.2,"{""beanie hat"": false, ""jacket"": true}","{""beanie hat=gray"": false, ""jacket=navy"": false}","{""CORD"": false}"
MB085,flux,de,5,2,0.4,"{""beanie hat"": false, ""jacket"": true}","{""beanie hat=gray"": false, ""jacket=navy"": true}","{""CORD"": false}"
MB086,sd15,de,5,0,0.0,"{""platform heels"": false, ""clutch bag"": false}","{""platform heels=black"": false, ""clutch bag=red"": false}","{""DUSK"": false}"
MB086,flux,de,5,3,0.6,"{""platform heels"": false, ""clutch bag"": true}","{""platform heels=black"": true, ""clutch bag=red"": true}","{""DUSK"": false}"
MB087,sd15,de,5,0,0.0,"{""cargo pants"": false, ""leather boots"": false}","{""cargo pants=green"": false, ""leather boots=brown"": false}","{""ZYLO"": false}"
MB087,flux,de,5,4,0.8,"{""cargo pants"": true, ""leather boots"": true}","{""cargo pants=green"": true, ""leather boots=brown"": true}","{""ZYLO"": false}"
MB088,sd15,de,5,1,0.2,"{""silk tie"": false, ""dress shirt"": true}","{""silk tie=navy"": false, ""dress shirt=white"": false}","{""FINN"": false}"
MB088,flux,de,5,1,0.2,"{""silk tie"": false, ""dress shirt"": false}","{""silk tie=navy"": false, ""dress shirt=white"": false}","{""FINN"": true}"
MB089,sd15,de,5,1,0.2,"{""gym leggings"": true, ""sports shoes"": false}","{""gym leggings=purple"": false, ""sports shoes=white"": false}","{""GILD"": false}"
MB089,flux,de,5,5,1.0,"{""gym leggings"": true, ""sports shoes"": true}","{""gym leggings=purple"": true, ""sports shoes=white"": true}","{""GILD"": true}"
MB090,sd15,de,5,2,0.4,"{""leather sandals"": true, ""straw beach hat"": false}","{""leather sandals=tan"": true, ""straw beach hat=white"": false}","{""HAZE"": false}"
MB090,flux,de,5,2,0.4,"{""leather sandals"": true, ""straw beach hat"": false}","{""leather sandals=tan"": true, ""straw beach hat=white"": false}","{""HAZE"": false}"
MB091,sd15,de,5,1,0.2,"{""sports car"": true, ""racing helmet"": false}","{""sports car=red"": false, ""racing helmet=white"": false}","{""TORQ"": false}"
MB091,flux,de,5,5,1.0,"{""sports car"": true, ""racing helmet"": true}","{""sports car=red"": true, ""racing helmet=white"": true}","{""TORQ"": true}"
MB092,sd15,de,5,1,0.2,"{""electric car"": false, ""charging cable"": false}","{""electric car=white"": true, ""charging cable=green"": false}","{""RUSH"": false}"
MB092,flux,de,5,5,1.0,"{""electric car"": true, ""charging cable"": true}","{""electric car=white"": true, ""charging cable=green"": true}","{""RUSH"": true}"
MB093,sd15,de,5,1,0.2,"{""SUV"": true, ""roof rack"": false}","{""SUV=black"": false, ""roof rack=silver"": false}","{""FORGE"": false}"
MB093,flux,de,5,3,0.6,"{""SUV"": true, ""roof rack"": false}","{""SUV=black"": true, ""roof rack=silver"": false}","{""FORGE"": true}"
MB094,sd15,de,5,3,0.6,"{""motorcycle"": false, ""helmet"": true}","{""motorcycle=black"": false, ""helmet=white"": true}","{""HELIX"": true}"
MB094,flux,de,5,5,1.0,"{""motorcycle"": true, ""helmet"": true}","{""motorcycle=black"": true, ""helmet=white"": true}","{""HELIX"": true}"
MB095,sd15,de,5,3,0.6,"{""sports car"": true, ""tire"": false}","{""sports car=blue"": true, ""tire=black"": false}","{""JOLT"": true}"
MB095,flux,de,5,4,0.8,"{""sports car"": true, ""tire"": true}","{""sports car=blue"": true, ""tire=black"": true}","{""JOLT"": false}"
MB096,sd15,de,5,2,0.4,"{""pickup truck"": true, ""toolbox"": false}","{""pickup truck=orange"": true, ""toolbox=black"": false}","{""KINETIC"": false}"
MB096,flux,de,5,3,0.6,"{""pickup truck"": false, ""toolbox"": true}","{""pickup truck=orange"": true, ""toolbox=black"": true}","{""KINETIC"": false}"
MB097,sd15,de,5,0,0.0,"{""electric scooter"": false, ""safety helmet"": false}","{""electric scooter=white"": false, ""safety helmet=black"": false}","{""LAUNCH"": false}"
MB097,flux,de,5,4,0.8,"{""electric scooter"": true, ""safety helmet"": true}","{""electric scooter=white"": true, ""safety helmet=black"": true}","{""LAUNCH"": false}"
MB098,sd15,de,5,0,0.0,"{""city car"": false, ""parking sign"": false}","{""city car=silver"": false, ""parking sign=white"": false}","{""MOTION"": false}"
MB098,flux,de,5,3,0.6,"{""city car"": true, ""parking sign"": false}","{""city car=silver"": true, ""parking sign=white"": true}","{""MOTION"": false}"
MB099,sd15,de,5,1,0.2,"{""convertible car"": true, ""car key"": false}","{""convertible car=yellow"": false, ""car key=silver"": false}","{""PULSE"": false}"
MB099,flux,de,5,2,0.4,"{""convertible car"": true, ""car key"": false}","{""convertible car=yellow"": false, ""car key=silver"": false}","{""PULSE"": true}"
MB100,sd15,de,5,1,0.2,"{""hybrid car"": false, ""solar panel"": true}","{""hybrid car=green"": false, ""solar panel=navy"": false}","{""QUEST"": false}"
MB100,flux,de,5,2,0.4,"{""hybrid car"": false, ""solar panel"": true}","{""hybrid car=green"": true, ""solar panel=navy"": false}","{""QUEST"": false}"
MB101,sd15,de,5,1,0.2,"{""racing car"": true, ""checkered flag"": false}","{""racing car=red"": false, ""checkered flag=black"": false}","{""RACER"": false}"
MB101,flux,de,5,3,0.6,"{""racing car"": true, ""checkered flag"": false}","{""racing car=red"": true, ""checkered flag=black"": false}","{""RACER"": true}"
MB102,sd15,de,5,0,0.0,"{""sports motorcycle"": false, ""racing gloves"": false}","{""sports motorcycle=silver"": false, ""racing gloves=black"": false}","{""SPEED"": false}"
MB102,flux,de,5,2,0.4,"{""sports motorcycle"": true, ""racing gloves"": false}","{""sports motorcycle=silver"": false, ""racing gloves=black"": false}","{""SPEED"": true}"
MB103,sd15,de,5,1,0.2,"{""family sedan"": false, ""child seat"": false}","{""family sedan=white"": true, ""child seat=black"": false}","{""THRUST"": false}"
MB103,flux,de,5,4,0.8,"{""family sedan"": false, ""child seat"": true}","{""family sedan=white"": true, ""child seat=black"": true}","{""THRUST"": true}"
MB104,sd15,de,5,3,0.6,"{""off-road vehicle"": true, ""spare tire"": true}","{""off-road vehicle=brown"": false, ""spare tire=black"": true}","{""VEER"": false}"
MB104,flux,de,5,4,0.8,"{""off-road vehicle"": true, ""spare tire"": false}","{""off-road vehicle=brown"": true, ""spare tire=black"": true}","{""VEER"": true}"
MB105,sd15,de,5,1,0.2,"{""sedan"": false, ""key fob"": false}","{""sedan=black"": true, ""key fob=gold"": false}","{""WARP"": false}"
MB105,flux,de,5,3,0.6,"{""sedan"": true, ""key fob"": false}","{""sedan=black"": true, ""key fob=gold"": false}","{""WARP"": true}"
MB106,sd15,de,5,2,0.4,"{""electric bicycle"": true, ""charging cable"": false}","{""electric bicycle=white"": true, ""charging cable=black"": false}","{""XCEL"": false}"
MB106,flux,de,5,3,0.6,"{""electric bicycle"": true, ""charging cable"": false}","{""electric bicycle=white"": true, ""charging cable=black"": false}","{""XCEL"": true}"
MB107,sd15,de,5,2,0.4,"{""racing car"": true, ""trophy"": false}","{""racing car=red"": true, ""trophy=gold"": false}","{""YOKE"": false}"
MB107,flux,de,5,4,0.8,"{""racing car"": true, ""trophy"": true}","{""racing car=red"": true, ""trophy=gold"": true}","{""YOKE"": false}"
MB108,sd15,de,5,0,0.0,"{""delivery van"": false, ""cardboard box"": false}","{""delivery van=white"": false, ""cardboard box=brown"": false}","{""ZOOM"": false}"
MB108,flux,de,5,4,0.8,"{""delivery van"": true, ""cardboard box"": true}","{""delivery van=white"": true, ""cardboard box=brown"": true}","{""ZOOM"": false}"
MB109,sd15,de,5,2,0.4,"{""campervan"": false, ""camping tent"": true}","{""campervan=beige"": false, ""camping tent=green"": true}","{""ALPHA"": false}"
MB109,flux,de,5,3,0.6,"{""campervan"": true, ""camping tent"": true}","{""campervan=beige"": false, ""camping tent=green"": true}","{""ALPHA"": false}"
MB110,sd15,de,5,2,0.4,"{""vintage car"": true, ""fuel pump"": false}","{""vintage car=blue"": true, ""fuel pump=silver"": false}","{""BRAVO"": false}"
MB110,flux,de,5,2,0.4,"{""vintage car"": true, ""fuel pump"": false}","{""vintage car=blue"": true, ""fuel pump=silver"": false}","{""BRAVO"": false}"
MB111,sd15,de,5,1,0.2,"{""sports hatchback"": false, ""roof rack"": false}","{""sports hatchback=black"": false, ""roof rack=silver"": true}","{""TORVEX"": false}"
MB111,flux,de,5,2,0.4,"{""sports hatchback"": false, ""roof rack"": true}","{""sports hatchback=black"": false, ""roof rack=silver"": false}","{""TORVEX"": true}"
MB112,sd15,de,5,4,0.8,"{""police car"": true, ""siren light"": true}","{""police car=white"": true, ""siren light=red"": true}","{""DELTA"": false}"
MB112,flux,de,5,5,1.0,"{""police car"": true, ""siren light"": true}","{""police car=white"": true, ""siren light=red"": true}","{""DELTA"": true}"
MB113,sd15,de,5,0,0.0,"{""school bus"": false, ""stop sign"": false}","{""school bus=yellow"": false, ""stop sign=red"": false}","{""EAGLE"": false}"
MB113,flux,de,5,3,0.6,"{""school bus"": true, ""stop sign"": false}","{""school bus=yellow"": true, ""stop sign=red"": true}","{""EAGLE"": false}"
MB114,sd15,de,5,0,0.0,"{""fire truck"": false, ""fire hose"": false}","{""fire truck=red"": false, ""fire hose=yellow"": false}","{""FOXTROT"": false}"
MB114,flux,de,5,1,0.2,"{""fire truck"": false, ""fire hose"": false}","{""fire truck=red"": false, ""fire hose=yellow"": true}","{""FOXTROT"": false}"
MB115,sd15,de,5,4,0.8,"{""limousine"": true, ""red carpet"": true}","{""limousine=black"": true, ""red carpet=red"": true}","{""GRAND"": false}"
MB115,flux,de,5,5,1.0,"{""limousine"": true, ""red carpet"": true}","{""limousine=black"": true, ""red carpet=red"": true}","{""GRAND"": true}"
MB116,sd15,de,5,1,0.2,"{""all-terrain vehicle"": true, ""snow chains"": false}","{""all-terrain vehicle=gray"": false, ""snow chains=silver"": false}","{""HOUND"": false}"
MB116,flux,de,5,2,0.4,"{""all-terrain vehicle"": true, ""snow chains"": false}","{""all-terrain vehicle=gray"": true, ""snow chains=silver"": false}","{""HOUND"": false}"
MB117,sd15,de,5,2,0.4,"{""motorcycle"": true, ""saddlebags"": false}","{""motorcycle=black"": true, ""saddlebags=brown"": false}","{""IRON"": false}"
MB117,flux,de,5,3,0.6,"{""motorcycle"": true, ""saddlebags"": false}","{""motorcycle=black"": true, ""saddlebags=brown"": false}","{""IRON"": true}"
MB118,sd15,de,5,3,0.6,"{""armored SUV"": true, ""radio antenna"": true}","{""armored SUV=green"": false, ""radio antenna=black"": true}","{""VANTIS"": false}"
MB118,flux,de,5,2,0.4,"{""armored SUV"": false, ""radio antenna"": false}","{""armored SUV=green"": true, ""radio antenna=black"": true}","{""VANTIS"": false}"
MB119,sd15,de,5,1,0.2,"{""micro car"": false, ""city map"": false}","{""micro car=red"": true, ""city map=white"": false}","{""KILO"": false}"
MB119,flux,de,5,4,0.8,"{""micro car"": true, ""city map"": true}","{""micro car=red"": true, ""city map=white"": false}","{""KILO"": true}"
MB120,sd15,de,5,2,0.4,"{""superbike"": true, ""track cone"": false}","{""superbike=orange"": true, ""track cone=black"": false}","{""LANCE"": false}"
MB120,flux,de,5,3,0.6,"{""superbike"": true, ""track cone"": false}","{""superbike=orange"": true, ""track cone=black"": false}","{""LANCE"": true}"
MB121,sd15,de,5,1,0.2,"{""yoga mat"": false, ""water bottle"": false}","{""yoga mat=purple"": false, ""water bottle=silver"": true}","{""ZENITH"": false}"
MB121,flux,de,5,2,0.4,"{""yoga mat"": true, ""water bottle"": false}","{""yoga mat=purple"": true, ""water bottle=silver"": false}","{""ZENITH"": false}"
MB122,sd15,de,5,2,0.4,"{""supplement bottle"": true, ""capsules"": false}","{""supplement bottle=white"": false, ""capsules=orange"": true}","{""REVIVE"": false}"
MB122,flux,de,5,5,1.0,"{""supplement bottle"": true, ""capsules"": true}","{""supplement bottle=white"": true, ""capsules=orange"": true}","{""REVIVE"": true}"
MB123,sd15,de,5,2,0.4,"{""gym bag"": true, ""towel"": false}","{""gym bag=black"": true, ""towel=white"": false}","{""BOOST"": false}"
MB123,flux,de,5,5,1.0,"{""gym bag"": true, ""towel"": true}","{""gym bag=black"": true, ""towel=white"": true}","{""BOOST"": true}"
MB124,sd15,de,5,2,0.4,"{""face cream jar"": false, ""flowers"": true}","{""face cream jar=white"": false, ""flowers=pink"": true}","{""AURA"": false}"
MB124,flux,de,5,5,1.0,"{""face cream jar"": true, ""flowers"": true}","{""face cream jar=white"": true, ""flowers=pink"": true}","{""AURA"": true}"
MB125,sd15,de,5,1,0.2,"{""protein shaker"": true, ""dumbbell"": false}","{""protein shaker=black"": false, ""dumbbell=silver"": false}","{""PEAK"": false}"
MB125,flux,de,5,2,0.4,"{""protein shaker"": true, ""dumbbell"": false}","{""protein shaker=black"": true, ""dumbbell=silver"": false}","{""PEAK"": false}"
MB126,sd15,de,5,2,0.4,"{""meditation cushion"": false, ""candle"": true}","{""meditation cushion=purple"": false, ""candle=white"": true}","{""CALM"": false}"
MB126,flux,de,5,4,0.8,"{""meditation cushion"": false, ""candle"": true}","{""meditation cushion=purple"": true, ""candle=white"": true}","{""CALM"": true}"
MB127,sd15,de,5,1,0.2,"{""foam roller"": false, ""yoga mat"": false}","{""foam roller=blue"": true, ""yoga mat=purple"": false}","{""ALIGN"": false}"
MB127,flux,de,5,2,0.4,"{""foam roller"": false, ""yoga mat"": true}","{""foam roller=blue"": false, ""yoga mat=purple"": false}","{""ALIGN"": true}"
MB128,sd15,de,5,3,0.6,"{""resistance bands"": false, ""water bottle"": true}","{""resistance bands=red"": true, ""water bottle=black"": true}","{""TENZO"": false}"
MB128,flux,de,5,4,0.8,"{""resistance bands"": false, ""water bottle"": true}","{""resistance bands=red"": true, ""water bottle=black"": true}","{""TENZO"": true}"
MB129,sd15,de,5,1,0.2,"{""essential oil bottle"": false, ""ceramic diffuser"": true}","{""essential oil bottle=brown"": false, ""ceramic diffuser=white"": false}","{""TERRA"": false}"
MB129,flux,de,5,3,0.6,"{""essential oil bottle"": true, ""ceramic diffuser"": false}","{""essential oil bottle=brown"": true, ""ceramic diffuser=white"": true}","{""TERRA"": false}"
MB130,sd15,de,5,3,0.6,"{""sleep mask"": true, ""pillow"": true}","{""sleep mask=black"": false, ""pillow=white"": true}","{""REST"": false}"
MB130,flux,de,5,5,1.0,"{""sleep mask"": true, ""pillow"": true}","{""sleep mask=black"": true, ""pillow=white"": true}","{""REST"": true}"
MB131,sd15,de,5,4,0.8,"{""journal"": true, ""pen"": true}","{""journal=white"": true, ""pen=black"": true}","{""RYNTH"": false}"
MB131,flux,de,5,4,0.8,"{""journal"": true, ""pen"": true}","{""journal=white"": true, ""pen=black"": true}","{""RYNTH"": false}"
MB132,sd15,de,5,2,0.4,"{""fitness watch"": false, ""smartphone"": true}","{""fitness watch=black"": false, ""smartphone=white"": true}","{""TRACE"": false}"
MB132,flux,de,5,4,0.8,"{""fitness watch"": true, ""smartphone"": true}","{""fitness watch=black"": true, ""smartphone=white"": true}","{""TRACE"": false}"
MB133,sd15,de,5,1,0.2,"{""massage gun"": true, ""charging base"": false}","{""massage gun=black"": false, ""charging base=white"": false}","{""EASE"": false}"
MB133,flux,de,5,4,0.8,"{""massage gun"": true, ""charging base"": true}","{""massage gun=black"": true, ""charging base=white"": false}","{""EASE"": true}"
MB134,sd15,de,5,2,0.4,"{""collagen powder jar"": false, ""glass"": false}","{""collagen powder jar=white"": true, ""glass=pink"": true}","{""RENEW"": false}"
MB134,flux,de,5,3,0.6,"{""collagen powder jar"": false, ""glass"": true}","{""collagen powder jar=white"": true, ""glass=pink"": false}","{""RENEW"": true}"
MB135,sd15,de,5,1,0.2,"{""thermos"": true, ""trail mix bag"": false}","{""thermos=green"": false, ""trail mix bag=brown"": false}","{""VOXA"": false}"
MB135,flux,de,5,2,0.4,"{""thermos"": false, ""trail mix bag"": false}","{""thermos=green"": true, ""trail mix bag=brown"": false}","{""VOXA"": true}"
MB136,sd15,de,5,0,0.0,"{""smoothie bowl"": false, ""spoon"": false}","{""smoothie bowl=yellow"": false, ""spoon=silver"": false}","{""VIVID"": false}"
MB136,flux,de,5,1,0.2,"{""smoothie bowl"": false, ""spoon"": false}","{""smoothie bowl=yellow"": true, ""spoon=silver"": false}","{""VIVID"": false}"
MB137,sd15,de,5,1,0.2,"{""sunscreen bottle"": false, ""beach towel"": false}","{""sunscreen bottle=white"": true, ""beach towel=orange"": false}","{""SHIELD"": false}"
MB137,flux,de,5,4,0.8,"{""sunscreen bottle"": true, ""beach towel"": true}","{""sunscreen bottle=white"": true, ""beach towel=orange"": true}","{""SHIELD"": false}"
MB138,sd15,de,5,1,0.2,"{""vitamin bottle"": false, ""blister pack"": false}","{""vitamin bottle=orange"": true, ""blister pack=silver"": false}","{""VITAL"": false}"
MB138,flux,de,5,4,0.8,"{""vitamin bottle"": true, ""blister pack"": true}","{""vitamin bottle=orange"": true, ""blister pack=silver"": true}","{""VITAL"": false}"
MB139,sd15,de,5,0,0.0,"{""balance board"": false, ""sneakers"": false}","{""balance board=teal"": false, ""sneakers=white"": false}","{""CORE"": false}"
MB139,flux,de,5,5,1.0,"{""balance board"": true, ""sneakers"": true}","{""balance board=teal"": true, ""sneakers=white"": true}","{""CORE"": true}"
MB140,sd15,de,5,3,0.6,"{""ice roller"": false, ""face serum bottle"": true}","{""ice roller=white"": true, ""face serum bottle=gold"": true}","{""CHILL"": false}"
MB140,flux,de,5,1,0.2,"{""ice roller"": false, ""face serum bottle"": false}","{""ice roller=white"": true, ""face serum bottle=gold"": false}","{""CHILL"": false}"
MB141,sd15,de,5,3,0.6,"{""towel"": true, ""water bottle"": false}","{""towel=white"": true, ""water bottle=black"": true}","{""STEAM"": false}"
MB141,flux,de,5,3,0.6,"{""towel"": true, ""water bottle"": false}","{""towel=white"": true, ""water bottle=black"": false}","{""STEAM"": true}"
MB142,sd15,de,5,2,0.4,"{""acupressure mat"": false, ""pillow"": true}","{""acupressure mat=purple"": false, ""pillow=white"": true}","{""PRESS"": false}"
MB142,flux,de,5,4,0.8,"{""acupressure mat"": true, ""pillow"": true}","{""acupressure mat=purple"": true, ""pillow=white"": true}","{""PRESS"": false}"
MB143,sd15,de,5,0,0.0,"{""nutrition bar"": false, ""water bottle"": false}","{""nutrition bar=green"": false, ""water bottle=silver"": false}","{""FUEL"": false}"
MB143,flux,de,5,2,0.4,"{""nutrition bar"": false, ""water bottle"": true}","{""nutrition bar=green"": false, ""water bottle=silver"": true}","{""FUEL"": false}"
MB144,sd15,de,5,1,0.2,"{""protein powder bag"": false, ""shaker bottle"": false}","{""protein powder bag=black"": true, ""shaker bottle=red"": false}","{""MASS"": false}"
MB144,flux,de,5,4,0.8,"{""protein powder bag"": true, ""shaker bottle"": true}","{""protein powder bag=black"": true, ""shaker bottle=red"": true}","{""MASS"": false}"
MB145,sd15,de,5,2,0.4,"{""eye cream tube"": true, ""handheld mirror"": false}","{""eye cream tube=white"": true, ""handheld mirror=gold"": false}","{""LUMI"": false}"
MB145,flux,de,5,4,0.8,"{""eye cream tube"": false, ""handheld mirror"": true}","{""eye cream tube=white"": true, ""handheld mirror=gold"": true}","{""LUMI"": true}"
MB146,sd15,de,5,1,0.2,"{""stretching strap"": false, ""yoga mat"": false}","{""stretching strap=blue"": true, ""yoga mat=purple"": false}","{""EXTEND"": false}"
MB146,flux,de,5,5,1.0,"{""stretching strap"": true, ""yoga mat"": true}","{""stretching strap=blue"": true, ""yoga mat=purple"": true}","{""EXTEND"": true}"
MB147,sd15,de,5,1,0.2,"{""supplement bottle"": false, ""moon lamp"": false}","{""supplement bottle=white"": true, ""moon lamp=silver"": false}","{""DRIFT"": false}"
MB147,flux,de,5,4,0.8,"{""supplement bottle"": true, ""moon lamp"": true}","{""supplement bottle=white"": true, ""moon lamp=silver"": false}","{""DRIFT"": true}"
MB148,sd15,de,5,0,0.0,"{""hydration vest"": false, ""trail running shoes"": false}","{""hydration vest=blue"": false, ""trail running shoes=orange"": false}","{""PACE"": false}"
MB148,flux,de,5,2,0.4,"{""hydration vest"": false, ""trail running shoes"": true}","{""hydration vest=blue"": false, ""trail running shoes=orange"": true}","{""PACE"": false}"
MB149,sd15,de,5,0,0.0,"{""incense holder"": false, ""meditation beads"": false}","{""incense holder=black"": false, ""meditation beads=brown"": false}","{""SERENE"": false}"
MB149,flux,de,5,3,0.6,"{""incense holder"": false, ""meditation beads"": true}","{""incense holder=black"": true, ""meditation beads=brown"": true}","{""SERENE"": false}"
MB150,sd15,de,5,2,0.4,"{""cold plunge tub"": true, ""towel"": false}","{""cold plunge tub=white"": true, ""towel=blue"": false}","{""POLAR"": false}"
MB150,flux,de,5,4,0.8,"{""cold plunge tub"": false, ""towel"": true}","{""cold plunge tub=white"": true, ""towel=blue"": true}","{""POLAR"": true}"
MB001,sd15,fr,5,0,0.0,"{""smartwatch"": false, ""wireless charger"": false}","{""smartwatch=silver"": false, ""wireless charger=black"": false}","{""ZYRA"": false}"
MB001,flux,fr,5,1,0.2,"{""smartwatch"": false, ""wireless charger"": false}","{""smartwatch=silver"": false, ""wireless charger=black"": true}","{""ZYRA"": false}"
MB002,sd15,fr,5,1,0.2,"{""laptop"": true, ""wireless mouse"": false}","{""laptop=black"": false, ""wireless mouse=white"": false}","{""KESTRA"": false}"
MB002,flux,fr,5,2,0.4,"{""laptop"": false, ""wireless mouse"": true}","{""laptop=black"": false, ""wireless mouse=white"": true}","{""KESTRA"": false}"
MB003,sd15,fr,5,0,0.0,"{""wireless earbuds"": false, ""charging case"": false}","{""wireless earbuds=white"": false, ""charging case=black"": false}","{""APEX"": false}"
MB003,flux,fr,5,5,1.0,"{""wireless earbuds"": true, ""charging case"": true}","{""wireless earbuds=white"": true, ""charging case=black"": true}","{""APEX"": true}"
MB004,sd15,fr,5,1,0.2,"{""smartphone"": true, ""metal stand"": false}","{""smartphone=black"": false, ""metal stand=silver"": false}","{""VOLT"": false}"
MB004,flux,fr,5,5,1.0,"{""smartphone"": true, ""metal stand"": true}","{""smartphone=black"": true, ""metal stand=silver"": true}","{""VOLT"": true}"
MB005,sd15,fr,5,2,0.4,"{""tablet"": true, ""stylus pen"": true}","{""tablet=white"": false, ""stylus pen=gold"": false}","{""PRISM"": false}"
MB005,flux,fr,5,4,0.8,"{""tablet"": true, ""stylus pen"": true}","{""tablet=white"": true, ""stylus pen=gold"": true}","{""PRISM"": false}"
MB006,sd15,fr,5,1,0.2,"{""mechanical keyboard"": true, ""wireless mouse"": false}","{""mechanical keyboard=black"": false, ""wireless mouse=red"": false}","{""SYNTH"": false}"
MB006,flux,fr,5,3,0.6,"{""mechanical keyboard"": true, ""wireless mouse"": true}","{""mechanical keyboard=black"": true, ""wireless mouse=red"": false}","{""SYNTH"": false}"
MB007,sd15,fr,5,1,0.2,"{""bluetooth speaker"": true, ""smartphone"": false}","{""bluetooth speaker=blue"": false, ""smartphone=black"": false}","{""NEXUS"": false}"
MB007,flux,fr,5,5,1.0,"{""bluetooth speaker"": true, ""smartphone"": true}","{""bluetooth speaker=blue"": true, ""smartphone=black"": true}","{""NEXUS"": true}"
MB008,sd15,fr,5,2,0.4,"{""camera"": false, ""camera lens"": true}","{""camera=black"": false, ""camera lens=silver"": true}","{""KOVAL"": false}"
MB008,flux,fr,5,5,1.0,"{""camera"": true, ""camera lens"": true}","{""camera=black"": true, ""camera lens=silver"": true}","{""KOVAL"": true}"
MB009,sd15,fr,5,2,0.4,"{""gaming controller"": true, ""gaming headset"": false}","{""gaming controller=white"": true, ""gaming headset=black"": false}","{""LUNEX"": false}"
MB009,flux,fr,5,3,0.6,"{""gaming controller"": true, ""gaming headset"": false}","{""gaming controller=white"": true, ""gaming headset=black"": false}","{""LUNEX"": true}"
MB010,sd15,fr,5,1,0.2,"{""smart display"": true, ""remote control"": false}","{""smart display=black"": false, ""remote control=silver"": false}","{""KORE"": false}"
MB010,flux,fr,5,4,0.8,"{""smart display"": true, ""remote control"": true}","{""smart display=black"": false, ""remote control=silver"": true}","{""KORE"": true}"
MB011,sd15,fr,5,2,0.4,"{""power bank"": false, ""USB cable"": true}","{""power bank=white"": true, ""USB cable=red"": false}","{""LUMIX"": false}"
MB011,flux,fr,5,5,1.0,"{""power bank"": true, ""USB cable"": true}","{""power bank=white"": true, ""USB cable=red"": true}","{""LUMIX"": true}"
MB012,sd15,fr,5,2,0.4,"{""laptop"": false, ""coffee mug"": true}","{""laptop=silver"": false, ""coffee mug=white"": true}","{""MIRAX"": false}"
MB012,flux,fr,5,5,1.0,"{""laptop"": true, ""coffee mug"": true}","{""laptop=silver"": true, ""coffee mug=white"": true}","{""MIRAX"": true}"
MB013,sd15,fr,5,1,0.2,"{""wireless earbuds"": false, ""smartphone"": false}","{""wireless earbuds=white"": false, ""smartphone=black"": true}","{""NEURO"": false}"
MB013,flux,fr,5,5,1.0,"{""wireless earbuds"": true, ""smartphone"": true}","{""wireless earbuds=white"": true, ""smartphone=black"": true}","{""NEURO"": true}"
MB014,sd15,fr,5,3,0.6,"{""webcam"": false, ""monitor"": true}","{""webcam=black"": false, ""monitor=white"": true}","{""OPUS"": true}"
MB014,flux,fr,5,5,1.0,"{""webcam"": true, ""monitor"": true}","{""webcam=black"": true, ""monitor=white"": true}","{""OPUS"": true}"
MB015,sd15,fr,5,2,0.4,"{""action camera"": true, ""cycling helmet"": false}","{""action camera=orange"": true, ""cycling helmet=white"": false}","{""PHASE"": false}"
MB015,flux,fr,5,4,0.8,"{""action camera"": true, ""cycling helmet"": true}","{""action camera=orange"": true, ""cycling helmet=white"": true}","{""PHASE"": false}"
MB016,sd15,fr,5,2,0.4,"{""smart speaker"": true, ""digital clock"": false}","{""smart speaker=white"": true, ""digital clock=black"": false}","{""QUBIT"": false}"
MB016,flux,fr,5,3,0.6,"{""smart speaker"": false, ""digital clock"": true}","{""smart speaker=white"": true, ""digital clock=black"": true}","{""QUBIT"": false}"
MB017,sd15,fr,5,2,0.4,"{""VR headset"": true, ""motion controllers"": false}","{""VR headset=white"": true, ""motion controllers=black"": false}","{""RADIUS"": false}"
MB017,flux,fr,5,4,0.8,"{""VR headset"": true, ""motion controllers"": false}","{""VR headset=white"": true, ""motion controllers=black"": true}","{""RADIUS"": true}"
MB018,sd15,fr,5,1,0.2,"{""curved monitor"": false, ""keyboard"": true}","{""curved monitor=black"": false, ""keyboard=silver"": false}","{""SPARK"": false}"
MB018,flux,fr,5,2,0.4,"{""curved monitor"": false, ""keyboard"": true}","{""curved monitor=black"": false, ""keyboard=silver"": false}","{""SPARK"": true}"
MB019,sd15,fr,5,3,0.6,"{""drone"": true, ""remote control"": true}","{""drone=black"": false, ""remote control=gray"": true}","{""VORTA"": false}"
MB019,flux,fr,5,5,1.0,"{""drone"": true, ""remote control"": true}","{""drone=black"": true, ""remote control=gray"": true}","{""VORTA"": true}"
MB020,sd15,fr,5,3,0.6,"{""e-reader"": true, ""reading glasses"": true}","{""e-reader=white"": true, ""reading glasses=black"": false}","{""RIVOX"": false}"
MB020,flux,fr,5,4,0.8,"{""e-reader"": true, ""reading glasses"": true}","{""e-reader=white"": true, ""reading glasses=black"": true}","{""RIVOX"": false}"
MB021,sd15,fr,5,1,0.2,"{""USB hub"": false, ""laptop"": false}","{""USB hub=gray"": true, ""laptop=silver"": false}","{""WAVE"": false}"
MB021,flux,fr,5,5,1.0,"{""USB hub"": true, ""laptop"": true}","{""USB hub=gray"": true, ""laptop=silver"": true}","{""WAVE"": true}"
MB022,sd15,fr,5,2,0.4,"{""gaming headset"": true, ""headphone stand"": false}","{""gaming headset=black"": true, ""headphone stand=white"": false}","{""XENON"": false}"
MB022,flux,fr,5,5,1.0,"{""gaming headset"": true, ""headphone stand"": true}","{""gaming headset=black"": true, ""headphone stand=white"": true}","{""XENON"": true}"
MB023,sd15,fr,5,2,0.4,"{""fitness tracker"": false, ""smartphone"": true}","{""fitness tracker=black"": true, ""smartphone=white"": false}","{""ZETA"": false}"
MB023,flux,fr,5,5,1.0,"{""fitness tracker"": true, ""smartphone"": true}","{""fitness tracker=black"": true, ""smartphone=white"": true}","{""ZETA"": true}"
MB024,sd15,fr,5,3,0.6,"{""portable projector"": true, ""remote control"": false}","{""portable projector=white"": true, ""remote control=black"": false}","{""AXON"": true}"
MB024,flux,fr,5,5,1.0,"{""portable projector"": true, ""remote control"": true}","{""portable projector=white"": true, ""remote control=black"": true}","{""AXON"": true}"
MB025,sd15,fr,5,1,0.2,"{""smart glasses"": false, ""glasses case"": true}","{""smart glasses=rose gold"": false, ""glasses case=black"": false}","{""BREEZE"": false}"
MB025,flux,fr,5,2,0.4,"{""smart glasses"": false, ""glasses case"": true}","{""smart glasses=rose gold"": false, ""glasses case=black"": true}","{""BREEZE"": false}"
MB026,sd15,fr,5,0,0.0,"{""portable SSD"": false, ""USB cable"": false}","{""portable SSD=silver"": false, ""USB cable=blue"": false}","{""CREST"": false}"
MB026,flux,fr,5,5,1.0,"{""portable SSD"": true, ""USB cable"": true}","{""portable SSD=silver"": true, ""USB cable=blue"": true}","{""CREST"": true}"
MB027,sd15,fr,5,3,0.6,"{""wireless charging pad"": false, ""smartphone"": true}","{""wireless charging pad=white"": true, ""smartphone=black"": true}","{""DAWN"": false}"
MB027,flux,fr,5,5,1.0,"{""wireless charging pad"": true, ""smartphone"": true}","{""wireless charging pad=white"": true, ""smartphone=black"": true}","{""DAWN"": true}"
MB028,sd15,fr,5,2,0.4,"{""smart lock"": true, ""door handle"": false}","{""smart lock=black"": false, ""door handle=silver"": true}","{""NYRIC"": false}"
MB028,flux,fr,5,4,0.8,"{""smart lock"": false, ""door handle"": true}","{""smart lock=black"": true, ""door handle=silver"": true}","{""NYRIC"": true}"
MB029,sd15,fr,5,4,0.8,"{""WiFi router"": false, ""ethernet cable"": true}","{""WiFi router=white"": true, ""ethernet cable=yellow"": true}","{""FUSE"": true}"
MB029,flux,fr,5,4,0.8,"{""WiFi router"": false, ""ethernet cable"": true}","{""WiFi router=white"": true, ""ethernet cable=yellow"": true}","{""FUSE"": true}"
MB030,sd15,fr,5,2,0.4,"{""gaming mouse"": true, ""mousepad"": true}","{""gaming mouse=black"": false, ""mousepad=red"": false}","{""GRID"": false}"
MB030,flux,fr,5,4,0.8,"{""gaming mouse"": true, ""mousepad"": true}","{""gaming mouse=black"": true, ""mousepad=red"": true}","{""GRID"": false}"
MB031,sd15,fr,5,0,0.0,"{""juice bottle"": false, ""ceramic cup"": false}","{""juice bottle=orange"": false, ""ceramic cup=white"": false}","{""ZEST"": false}"
MB031,flux,fr,5,5,1.0,"{""juice bottle"": true, ""ceramic cup"": true}","{""juice bottle=orange"": true, ""ceramic cup=white"": true}","{""ZEST"": true}"
MB032,sd15,fr,5,1,0.2,"{""coffee bag"": false, ""espresso cup"": true}","{""coffee bag=brown"": false, ""espresso cup=black"": false}","{""PURE"": false}"
MB032,flux,fr,5,4,0.8,"{""coffee bag"": true, ""espresso cup"": true}","{""coffee bag=brown"": true, ""espresso cup=black"": false}","{""PURE"": true}"
MB033,sd15,fr,5,2,0.4,"{""cereal box"": true, ""milk carton"": false}","{""cereal box=yellow"": false, ""milk carton=white"": false}","{""BLOOM"": true}"
MB033,flux,fr,5,3,0.6,"{""cereal box"": false, ""milk carton"": true}","{""cereal box=yellow"": true, ""milk carton=white"": false}","{""BLOOM"": true}"
MB034,sd15,fr,5,2,0.4,"{""hot sauce bottle"": false, ""cutting board"": false}","{""hot sauce bottle=red"": true, ""cutting board=brown"": true}","{""GROVE"": false}"
MB034,flux,fr,5,5,1.0,"{""hot sauce bottle"": true, ""cutting board"": true}","{""hot sauce bottle=red"": true, ""cutting board=brown"": true}","{""GROVE"": true}"
MB035,sd15,fr,5,3,0.6,"{""wine bottle"": true, ""grapes"": true}","{""wine bottle=green"": true, ""grapes=purple"": false}","{""FRESH"": false}"
MB035,flux,fr,5,2,0.4,"{""wine bottle"": true, ""grapes"": false}","{""wine bottle=green"": true, ""grapes=purple"": false}","{""FRESH"": false}"
MB036,sd15,fr,5,2,0.4,"{""tea box"": false, ""teacup"": true}","{""tea box=teal"": false, ""teacup=white"": true}","{""CRISP"": false}"
MB036,flux,fr,5,3,0.6,"{""tea box"": false, ""teacup"": true}","{""tea box=teal"": false, ""teacup=white"": true}","{""CRISP"": true}"
MB037,sd15,fr,5,0,0.0,"{""energy drink can"": false, ""dumbbell"": false}","{""energy drink can=black"": false, ""dumbbell=silver"": false}","{""BOLD"": false}"
MB037,flux,fr,5,3,0.6,"{""energy drink can"": true, ""dumbbell"": false}","{""energy drink can=black"": true, ""dumbbell=silver"": false}","{""BOLD"": true}"
MB038,sd15,fr,5,3,0.6,"{""water bottle"": false, ""lemon"": true}","{""water bottle=blue"": true, ""lemon=yellow"": true}","{""MIST"": false}"
MB038,flux,fr,5,2,0.4,"{""water bottle"": false, ""lemon"": true}","{""water bottle=blue"": false, ""lemon=yellow"": true}","{""MIST"": false}"
MB039,sd15,fr,5,3,0.6,"{""yogurt container"": true, ""strawberries"": true}","{""yogurt container=white"": false, ""strawberries=red"": true}","{""GLOW"": false}"
MB039,flux,fr,5,4,0.8,"{""yogurt container"": false, ""strawberries"": true}","{""yogurt container=white"": true, ""strawberries=red"": true}","{""GLOW"": true}"
MB040,sd15,fr,5,0,0.0,"{""cookie tin"": false, ""glass of milk"": false}","{""cookie tin=red"": false, ""glass of milk=white"": false}","{""PETAL"": false}"
MB040,flux,fr,5,3,0.6,"{""cookie tin"": true, ""glass of milk"": false}","{""cookie tin=red"": true, ""glass of milk=white"": false}","{""PETAL"": true}"
MB041,sd15,fr,5,3,0.6,"{""soda can"": true, ""ice bucket"": false}","{""soda can=blue"": true, ""ice bucket=silver"": true}","{""QUENCH"": false}"
MB041,flux,fr,5,3,0.6,"{""soda can"": true, ""ice bucket"": false}","{""soda can=blue"": true, ""ice bucket=silver"": false}","{""QUENCH"": true}"
MB042,sd15,fr,5,1,0.2,"{""protein powder jar"": false, ""shaker bottle"": false}","{""protein powder jar=black"": false, ""shaker bottle=white"": true}","{""RIPPLE"": false}"
MB042,flux,fr,5,5,1.0,"{""protein powder jar"": true, ""shaker bottle"": true}","{""protein powder jar=black"": true, ""shaker bottle=white"": true}","{""RIPPLE"": true}"
MB043,sd15,fr,5,2,0.4,"{""olive oil bottle"": true, ""garlic bulb"": false}","{""olive oil bottle=green"": true, ""garlic bulb=white"": false}","{""SWAY"": false}"
MB043,flux,fr,5,3,0.6,"{""olive oil bottle"": true, ""garlic bulb"": false}","{""olive oil bottle=green"": true, ""garlic bulb=white"": false}","{""SWAY"": true}"
MB044,sd15,fr,5,1,0.2,"{""granola bar"": false, ""banana"": false}","{""granola bar=brown"": false, ""banana=yellow"": true}","{""TEMPO"": false}"
MB044,flux,fr,5,3,0.6,"{""granola bar"": true, ""banana"": true}","{""granola bar=brown"": false, ""banana=yellow"": true}","{""TEMPO"": false}"
MB045,sd15,fr,5,2,0.4,"{""cold brew coffee bottle"": true, ""metal straw"": false}","{""cold brew coffee bottle=brown"": true, ""metal straw=silver"": false}","{""UMBER"": false}"
MB045,flux,fr,5,1,0.2,"{""cold brew coffee bottle"": false, ""metal straw"": false}","{""cold brew coffee bottle=brown"": true, ""metal straw=silver"": false}","{""UMBER"": false}"
MB046,sd15,fr,5,0,0.0,"{""sparkling water can"": false, ""lime"": false}","{""sparkling water can=blue"": false, ""lime=green"": false}","{""VERDE"": false}"
MB046,flux,fr,5,3,0.6,"{""sparkling water can"": false, ""lime"": true}","{""sparkling water can=blue"": true, ""lime=green"": true}","{""VERDE"": false}"
MB047,sd15,fr,5,4,0.8,"{""honey jar"": true, ""toast"": true}","{""honey jar=amber"": true, ""toast=brown"": true}","{""WARM"": false}"
MB047,flux,fr,5,4,0.8,"{""honey jar"": false, ""toast"": true}","{""honey jar=amber"": true, ""toast=brown"": true}","{""WARM"": true}"
MB048,sd15,fr,5,3,0.6,"{""smoothie bottle"": true, ""berries"": false}","{""smoothie bottle=purple"": true, ""berries=red"": true}","{""XTRA"": false}"
MB048,flux,fr,5,5,1.0,"{""smoothie bottle"": true, ""berries"": true}","{""smoothie bottle=purple"": true, ""berries=red"": true}","{""XTRA"": true}"
MB049,sd15,fr,5,1,0.2,"{""tea bottle"": true, ""bamboo stalk"": false}","{""tea bottle=white"": false, ""bamboo stalk=green"": false}","{""YUMA"": false}"
MB049,flux,fr,5,1,0.2,"{""tea bottle"": false, ""bamboo stalk"": false}","{""tea bottle=white"": true, ""bamboo stalk=green"": false}","{""YUMA"": false}"
MB050,sd15,fr,5,1,0.2,"{""chocolate bar"": false, ""wrapper"": false}","{""chocolate bar=brown"": false, ""wrapper=gold"": true}","{""ZEAL"": false}"
MB050,flux,fr,5,4,0.8,"{""chocolate bar"": true, ""wrapper"": false}","{""chocolate bar=brown"": true, ""wrapper=gold"": true}","{""ZEAL"": true}"
MB051,sd15,fr,5,1,0.2,"{""juice pouch"": false, ""wooden straw"": false}","{""juice pouch=orange"": false, ""wooden straw=brown"": false}","{""AMBER"": true}"
MB051,flux,fr,5,3,0.6,"{""juice pouch"": true, ""wooden straw"": false}","{""juice pouch=orange"": true, ""wooden straw=brown"": false}","{""AMBER"": true}"
MB052,sd15,fr,5,0,0.0,"{""almond butter jar"": false, ""bread"": false}","{""almond butter jar=brown"": false, ""bread=white"": false}","{""BRISK"": false}"
MB052,flux,fr,5,3,0.6,"{""almond butter jar"": false, ""bread"": true}","{""almond butter jar=brown"": false, ""bread=white"": true}","{""BRISK"": true}"
MB053,sd15,fr,5,0,0.0,"{""kombucha bottle"": false, ""ginger root"": false}","{""kombucha bottle=brown"": false, ""ginger root=yellow"": false}","{""COVE"": false}"
MB053,flux,fr,5,3,0.6,"{""kombucha bottle"": true, ""ginger root"": false}","{""kombucha bottle=brown"": true, ""ginger root=yellow"": false}","{""COVE"": true}"
MB054,sd15,fr,5,2,0.4,"{""water bottle"": false, ""mint sprigs"": false}","{""water bottle=blue"": true, ""mint sprigs=green"": true}","{""DRIP"": false}"
MB054,flux,fr,5,4,0.8,"{""water bottle"": true, ""mint sprigs"": false}","{""water bottle=blue"": true, ""mint sprigs=green"": true}","{""DRIP"": true}"
MB055,sd15,fr,5,2,0.4,"{""matcha tin"": true, ""bamboo whisk"": false}","{""matcha tin=green"": true, ""bamboo whisk=brown"": false}","{""ELIXIR"": false}"
MB055,flux,fr,5,2,0.4,"{""matcha tin"": false, ""bamboo whisk"": false}","{""matcha tin=green"": true, ""bamboo whisk=brown"": false}","{""ELIXIR"": true}"
MB056,sd15,fr,5,1,0.2,"{""oat milk carton"": false, ""ceramic bowl"": true}","{""oat milk carton=white"": false, ""ceramic bowl=brown"": false}","{""FERN"": false}"
MB056,flux,fr,5,5,1.0,"{""oat milk carton"": true, ""ceramic bowl"": true}","{""oat milk carton=white"": true, ""ceramic bowl=brown"": true}","{""FERN"": true}"
MB057,sd15,fr,5,0,0.0,"{""coconut water can"": false, ""coconut"": false}","{""coconut water can=white"": false, ""coconut=brown"": false}","{""GUSTO"": false}"
MB057,flux,fr,5,5,1.0,"{""coconut water can"": true, ""coconut"": true}","{""coconut water can=white"": true, ""coconut=brown"": true}","{""GUSTO"": true}"
MB058,sd15,fr,5,3,0.6,"{""shot bottle"": true, ""turmeric root"": false}","{""shot bottle=yellow"": true, ""turmeric root=orange"": true}","{""HERBA"": false}"
MB058,flux,fr,5,3,0.6,"{""shot bottle"": true, ""turmeric root"": false}","{""shot bottle=yellow"": true, ""turmeric root=orange"": false}","{""HERBA"": true}"
MB059,sd15,fr,5,0,0.0,"{""sparkling juice bottle"": false, ""grapes"": false}","{""sparkling juice bottle=purple"": false, ""grapes=green"": false}","{""INFUSE"": false}"
MB059,flux,fr,5,3,0.6,"{""sparkling juice bottle"": false, ""grapes"": false}","{""sparkling juice bottle=purple"": true, ""grapes=green"": true}","{""INFUSE"": true}"
MB060,sd15,fr,5,4,0.8,"{""juice bottle"": true, ""carrots"": true}","{""juice bottle=green"": true, ""carrots=orange"": true}","{""JUVO"": false}"
MB060,flux,fr,5,4,0.8,"{""juice bottle"": true, ""carrots"": false}","{""juice bottle=green"": true, ""carrots=orange"": true}","{""JUVO"": true}"
MB061,sd15,fr,5,2,0.4,"{""sneaker"": true, ""shoebox"": false}","{""sneaker=white"": true, ""shoebox=red"": false}","{""MODE"": false}"
MB061,flux,fr,5,5,1.0,"{""sneaker"": true, ""shoebox"": true}","{""sneaker=white"": true, ""shoebox=red"": true}","{""MODE"": true}"
MB062,sd15,fr,5,1,0.2,"{""leather jacket"": true, ""wooden hanger"": false}","{""leather jacket=black"": false, ""wooden hanger=brown"": false}","{""LUXE"": false}"
MB062,flux,fr,5,5,1.0,"{""leather jacket"": true, ""wooden hanger"": true}","{""leather jacket=black"": true, ""wooden hanger=brown"": true}","{""LUXE"": true}"
MB063,sd15,fr,5,2,0.4,"{""handbag"": true, ""sunglasses"": false}","{""handbag=tan"": true, ""sunglasses=black"": false}","{""FORM"": false}"
MB063,flux,fr,5,4,0.8,"{""handbag"": true, ""sunglasses"": true}","{""handbag=tan"": true, ""sunglasses=black"": true}","{""FORM"": false}"
MB064,sd15,fr,5,4,0.8,"{""wristwatch"": true, ""watch box"": true}","{""wristwatch=gold"": true, ""watch box=black"": true}","{""GRACE"": false}"
MB064,flux,fr,5,5,1.0,"{""wristwatch"": true, ""watch box"": true}","{""wristwatch=gold"": true, ""watch box=black"": true}","{""GRACE"": true}"
MB065,sd15,fr,5,2,0.4,"{""sunglasses"": false, ""glasses case"": true}","{""sunglasses=brown"": false, ""glasses case=black"": false}","{""HAVEN"": true}"
MB065,flux,fr,5,4,0.8,"{""sunglasses"": true, ""glasses case"": true}","{""sunglasses=brown"": false, ""glasses case=black"": true}","{""HAVEN"": true}"
MB066,sd15,fr,5,2,0.4,"{""running shoes"": false, ""athletic socks"": true}","{""running shoes=blue"": false, ""athletic socks=white"": true}","{""INKE"": false}"
MB066,flux,fr,5,5,1.0,"{""running shoes"": true, ""athletic socks"": true}","{""running shoes=blue"": true, ""athletic socks=white"": true}","{""INKE"": true}"
MB067,sd15,fr,5,1,0.2,"{""denim jacket"": false, ""tote bag"": true}","{""denim jacket=blue"": false, ""tote bag=white"": false}","{""JOIE"": false}"
MB067,flux,fr,5,5,1.0,"{""denim jacket"": true, ""tote bag"": true}","{""denim jacket=blue"": true, ""tote bag=white"": true}","{""JOIE"": true}"
MB068,sd15,fr,5,1,0.2,"{""leather tote bag"": false, ""silk scarf"": false}","{""leather tote bag=brown"": true, ""silk scarf=red"": false}","{""KEEN"": false}"
MB068,flux,fr,5,5,1.0,"{""leather tote bag"": true, ""silk scarf"": true}","{""leather tote bag=brown"": true, ""silk scarf=red"": true}","{""KEEN"": true}"
MB069,sd15,fr,5,2,0.4,"{""canvas sneaker"": true, ""skateboard"": false}","{""canvas sneaker=white"": true, ""skateboard=red"": false}","{""LACE"": false}"
MB069,flux,fr,5,3,0.6,"{""canvas sneaker"": false, ""skateboard"": true}","{""canvas sneaker=white"": false, ""skateboard=red"": true}","{""LACE"": true}"
MB070,sd15,fr,5,2,0.4,"{""sports bra"": true, ""yoga mat"": false}","{""sports bra=pink"": true, ""yoga mat=purple"": false}","{""MAUVE"": false}"
MB070,flux,fr,5,3,0.6,"{""sports bra"": true, ""yoga mat"": false}","{""sports bra=pink"": true, ""yoga mat=purple"": true}","{""MAUVE"": false}"
MB071,sd15,fr,5,2,0.4,"{""baseball cap"": false, ""t-shirt"": true}","{""baseball cap=black"": false, ""t-shirt=white"": true}","{""NOIR"": false}"
MB071,flux,fr,5,5,1.0,"{""baseball cap"": true, ""t-shirt"": true}","{""baseball cap=black"": true, ""t-shirt=white"": true}","{""NOIR"": true}"
MB072,sd15,fr,5,0,0.0,"{""Chelsea boots"": false, ""leather belt"": false}","{""Chelsea boots=black"": false, ""leather belt=brown"": false}","{""ONYX"": false}"
MB072,flux,fr,5,3,0.6,"{""Chelsea boots"": true, ""leather belt"": false}","{""Chelsea boots=black"": true, ""leather belt=brown"": true}","{""ONYX"": false}"
MB073,sd15,fr,5,1,0.2,"{""raincoat"": false, ""umbrella"": true}","{""raincoat=yellow"": false, ""umbrella=black"": false}","{""POISE"": false}"
MB073,flux,fr,5,2,0.4,"{""raincoat"": false, ""umbrella"": true}","{""raincoat=yellow"": false, ""umbrella=black"": true}","{""POISE"": false}"
MB074,sd15,fr,5,2,0.4,"{""wool sweater"": true, ""knit scarf"": true}","{""wool sweater=gray"": false, ""knit scarf=white"": false}","{""RIVE"": false}"
MB074,flux,fr,5,2,0.4,"{""wool sweater"": false, ""knit scarf"": false}","{""wool sweater=gray"": true, ""knit scarf=white"": false}","{""RIVE"": true}"
MB075,sd15,fr,5,0,0.0,"{""swimsuit"": false, ""sunscreen bottle"": false}","{""swimsuit=orange"": false, ""sunscreen bottle=white"": false}","{""SILK"": false}"
MB075,flux,fr,5,5,1.0,"{""swimsuit"": true, ""sunscreen bottle"": true}","{""swimsuit=orange"": true, ""sunscreen bottle=white"": true}","{""SILK"": true}"
MB076,sd15,fr,5,2,0.4,"{""backpack"": true, ""water bottle"": false}","{""backpack=navy"": true, ""water bottle=silver"": false}","{""TONE"": false}"
MB076,flux,fr,5,2,0.4,"{""backpack"": false, ""water bottle"": false}","{""backpack=navy"": true, ""water bottle=silver"": false}","{""TONE"": true}"
MB077,sd15,fr,5,3,0.6,"{""hoodie"": true, ""jogger pants"": true}","{""hoodie=gray"": true, ""jogger pants=black"": false}","{""ULAN"": false}"
MB077,flux,fr,5,5,1.0,"{""hoodie"": true, ""jogger pants"": true}","{""hoodie=gray"": true, ""jogger pants=black"": true}","{""ULAN"": true}"
MB078,sd15,fr,5,2,0.4,"{""dress shoes"": true, ""briefcase"": false}","{""dress shoes=brown"": true, ""briefcase=tan"": false}","{""VIBE"": false}"
MB078,flux,fr,5,2,0.4,"{""dress shoes"": true, ""briefcase"": false}","{""dress shoes=brown"": true, ""briefcase=tan"": false}","{""VIBE"": false}"
MB079,sd15,fr,5,3,0.6,"{""winter jacket"": true, ""leather gloves"": true}","{""winter jacket=red"": true, ""leather gloves=black"": false}","{""WOVEN"": false}"
MB079,flux,fr,5,4,0.8,"{""winter jacket"": true, ""leather gloves"": true}","{""winter jacket=red"": true, ""leather gloves=black"": true}","{""WOVEN"": false}"
MB080,sd15,fr,5,2,0.4,"{""athletic shorts"": true, ""sneakers"": false}","{""athletic shorts=black"": true, ""sneakers=white"": false}","{""XARA"": false}"
MB080,flux,fr,5,4,0.8,"{""athletic shorts"": true, ""sneakers"": true}","{""athletic shorts=black"": true, ""sneakers=white"": true}","{""XARA"": false}"
MB081,sd15,fr,5,2,0.4,"{""canvas tote bag"": true, ""paperback book"": false}","{""canvas tote bag=beige"": true, ""paperback book=white"": false}","{""YARN"": false}"
MB081,flux,fr,5,4,0.8,"{""canvas tote bag"": true, ""paperback book"": true}","{""canvas tote bag=beige"": true, ""paperback book=white"": true}","{""YARN"": false}"
MB082,sd15,fr,5,2,0.4,"{""trench coat"": true, ""umbrella"": false}","{""trench coat=beige"": true, ""umbrella=black"": false}","{""ZOLA"": false}"
MB082,flux,fr,5,3,0.6,"{""trench coat"": true, ""umbrella"": false}","{""trench coat=beige"": true, ""umbrella=black"": false}","{""ZOLA"": true}"
MB083,sd15,fr,5,3,0.6,"{""cycling shorts"": true, ""cycling helmet"": true}","{""cycling shorts=black"": true, ""cycling helmet=white"": false}","{""AEON"": false}"
MB083,flux,fr,5,2,0.4,"{""cycling shorts"": false, ""cycling helmet"": true}","{""cycling shorts=black"": false, ""cycling helmet=white"": true}","{""AEON"": false}"
MB084,sd15,fr,5,1,0.2,"{""leather wallet"": true, ""coins"": false}","{""leather wallet=black"": false, ""coins=silver"": false}","{""BRIM"": false}"
MB084,flux,fr,5,5,1.0,"{""leather wallet"": true, ""coins"": true}","{""leather wallet=black"": true, ""coins=silver"": true}","{""BRIM"": true}"
MB085,sd15,fr,5,3,0.6,"{""beanie hat"": true, ""jacket"": true}","{""beanie hat=gray"": false, ""jacket=navy"": true}","{""CORD"": false}"
MB085,flux,fr,5,4,0.8,"{""beanie hat"": true, ""jacket"": true}","{""beanie hat=gray"": true, ""jacket=navy"": true}","{""CORD"": false}"
MB086,sd15,fr,5,0,0.0,"{""platform heels"": false, ""clutch bag"": false}","{""platform heels=black"": false, ""clutch bag=red"": false}","{""DUSK"": false}"
MB086,flux,fr,5,3,0.6,"{""platform heels"": false, ""clutch bag"": true}","{""platform heels=black"": false, ""clutch bag=red"": true}","{""DUSK"": true}"
MB087,sd15,fr,5,2,0.4,"{""cargo pants"": true, ""leather boots"": false}","{""cargo pants=green"": true, ""leather boots=brown"": false}","{""ZYLO"": false}"
MB087,flux,fr,5,4,0.8,"{""cargo pants"": true, ""leather boots"": true}","{""cargo pants=green"": true, ""leather boots=brown"": true}","{""ZYLO"": false}"
MB088,sd15,fr,5,2,0.4,"{""silk tie"": true, ""dress shirt"": true}","{""silk tie=navy"": false, ""dress shirt=white"": false}","{""FINN"": false}"
MB088,flux,fr,5,2,0.4,"{""silk tie"": false, ""dress shirt"": true}","{""silk tie=navy"": false, ""dress shirt=white"": false}","{""FINN"": true}"
MB089,sd15,fr,5,1,0.2,"{""gym leggings"": true, ""sports shoes"": false}","{""gym leggings=purple"": false, ""sports shoes=white"": false}","{""GILD"": false}"
MB089,flux,fr,5,5,1.0,"{""gym leggings"": true, ""sports shoes"": true}","{""gym leggings=purple"": true, ""sports shoes=white"": true}","{""GILD"": true}"
MB090,sd15,fr,5,1,0.2,"{""leather sandals"": false, ""straw beach hat"": true}","{""leather sandals=tan"": false, ""straw beach hat=white"": false}","{""HAZE"": false}"
MB090,flux,fr,5,4,0.8,"{""leather sandals"": true, ""straw beach hat"": true}","{""leather sandals=tan"": true, ""straw beach hat=white"": true}","{""HAZE"": false}"
MB091,sd15,fr,5,1,0.2,"{""sports car"": false, ""racing helmet"": false}","{""sports car=red"": true, ""racing helmet=white"": false}","{""TORQ"": false}"
MB091,flux,fr,5,5,1.0,"{""sports car"": true, ""racing helmet"": true}","{""sports car=red"": true, ""racing helmet=white"": true}","{""TORQ"": true}"
MB092,sd15,fr,5,4,0.8,"{""electric car"": true, ""charging cable"": true}","{""electric car=white"": true, ""charging cable=green"": true}","{""RUSH"": false}"
MB092,flux,fr,5,5,1.0,"{""electric car"": true, ""charging cable"": true}","{""electric car=white"": true, ""charging cable=green"": true}","{""RUSH"": true}"
MB093,sd15,fr,5,1,0.2,"{""SUV"": true, ""roof rack"": false}","{""SUV=black"": false, ""roof rack=silver"": false}","{""FORGE"": false}"
MB093,flux,fr,5,3,0.6,"{""SUV"": true, ""roof rack"": true}","{""SUV=black"": true, ""roof rack=silver"": false}","{""FORGE"": false}"
MB094,sd15,fr,5,2,0.4,"{""motorcycle"": true, ""helmet"": false}","{""motorcycle=black"": true, ""helmet=white"": false}","{""HELIX"": false}"
MB094,flux,fr,5,5,1.0,"{""motorcycle"": true, ""helmet"": true}","{""motorcycle=black"": true, ""helmet=white"": true}","{""HELIX"": true}"
MB095,sd15,fr,5,4,0.8,"{""sports car"": true, ""tire"": false}","{""sports car=blue"": true, ""tire=black"": true}","{""JOLT"": true}"
MB095,flux,fr,5,3,0.6,"{""sports car"": true, ""tire"": false}","{""sports car=blue"": true, ""tire=black"": true}","{""JOLT"": false}"
MB096,sd15,fr,5,0,0.0,"{""pickup truck"": false, ""toolbox"": false}","{""pickup truck=orange"": false, ""toolbox=black"": false}","{""KINETIC"": false}"
MB096,flux,fr,5,0,0.0,"{""pickup truck"": false, ""toolbox"": false}","{""pickup truck=orange"": false, ""toolbox=black"": false}","{""KINETIC"": false}"
MB097,sd15,fr,5,0,0.0,"{""electric scooter"": false, ""safety helmet"": false}","{""electric scooter=white"": false, ""safety helmet=black"": false}","{""LAUNCH"": false}"
MB097,flux,fr,5,4,0.8,"{""electric scooter"": true, ""safety helmet"": true}","{""electric scooter=white"": true, ""safety helmet=black"": true}","{""LAUNCH"": false}"
MB098,sd15,fr,5,0,0.0,"{""city car"": false, ""parking sign"": false}","{""city car=silver"": false, ""parking sign=white"": false}","{""MOTION"": false}"
MB098,flux,fr,5,1,0.2,"{""city car"": true, ""parking sign"": false}","{""city car=silver"": false, ""parking sign=white"": false}","{""MOTION"": false}"
MB099,sd15,fr,5,1,0.2,"{""convertible car"": false, ""car key"": false}","{""convertible car=yellow"": true, ""car key=silver"": false}","{""PULSE"": false}"
MB099,flux,fr,5,1,0.2,"{""convertible car"": false, ""car key"": false}","{""convertible car=yellow"": false, ""car key=silver"": false}","{""PULSE"": true}"
MB100,sd15,fr,5,0,0.0,"{""hybrid car"": false, ""solar panel"": false}","{""hybrid car=green"": false, ""solar panel=navy"": false}","{""QUEST"": false}"
MB100,flux,fr,5,3,0.6,"{""hybrid car"": true, ""solar panel"": true}","{""hybrid car=green"": true, ""solar panel=navy"": false}","{""QUEST"": false}"
MB101,sd15,fr,5,2,0.4,"{""racing car"": true, ""checkered flag"": false}","{""racing car=red"": true, ""checkered flag=black"": false}","{""RACER"": false}"
MB101,flux,fr,5,2,0.4,"{""racing car"": true, ""checkered flag"": false}","{""racing car=red"": true, ""checkered flag=black"": false}","{""RACER"": false}"
MB102,sd15,fr,5,2,0.4,"{""sports motorcycle"": true, ""racing gloves"": false}","{""sports motorcycle=silver"": false, ""racing gloves=black"": true}","{""SPEED"": false}"
MB102,flux,fr,5,4,0.8,"{""sports motorcycle"": true, ""racing gloves"": true}","{""sports motorcycle=silver"": true, ""racing gloves=black"": true}","{""SPEED"": false}"
MB103,sd15,fr,5,1,0.2,"{""family sedan"": false, ""child seat"": true}","{""family sedan=white"": false, ""child seat=black"": false}","{""THRUST"": false}"
MB103,flux,fr,5,1,0.2,"{""family sedan"": false, ""child seat"": false}","{""family sedan=white"": false, ""child seat=black"": true}","{""THRUST"": false}"
MB104,sd15,fr,5,1,0.2,"{""off-road vehicle"": true, ""spare tire"": false}","{""off-road vehicle=brown"": false, ""spare tire=black"": false}","{""VEER"": false}"
MB104,flux,fr,5,3,0.6,"{""off-road vehicle"": true, ""spare tire"": false}","{""off-road vehicle=brown"": false, ""spare tire=black"": true}","{""VEER"": true}"
MB105,sd15,fr,5,3,0.6,"{""sedan"": true, ""key fob"": true}","{""sedan=black"": true, ""key fob=gold"": false}","{""WARP"": false}"
MB105,flux,fr,5,3,0.6,"{""sedan"": true, ""key fob"": false}","{""sedan=black"": true, ""key fob=gold"": false}","{""WARP"": true}"
MB106,sd15,fr,5,2,0.4,"{""electric bicycle"": false, ""charging cable"": false}","{""electric bicycle=white"": false, ""charging cable=black"": true}","{""XCEL"": true}"
MB106,flux,fr,5,3,0.6,"{""electric bicycle"": true, ""charging cable"": false}","{""electric bicycle=white"": true, ""charging cable=black"": false}","{""XCEL"": true}"
MB107,sd15,fr,5,2,0.4,"{""racing car"": true, ""trophy"": false}","{""racing car=red"": true, ""trophy=gold"": false}","{""YOKE"": false}"
MB107,flux,fr,5,1,0.2,"{""racing car"": false, ""trophy"": false}","{""racing car=red"": true, ""trophy=gold"": false}","{""YOKE"": false}"
MB108,sd15,fr,5,3,0.6,"{""delivery van"": true, ""cardboard box"": false}","{""delivery van=white"": true, ""cardboard box=brown"": true}","{""ZOOM"": false}"
MB108,flux,fr,5,4,0.8,"{""delivery van"": true, ""cardboard box"": true}","{""delivery van=white"": true, ""cardboard box=brown"": true}","{""ZOOM"": false}"
MB109,sd15,fr,5,2,0.4,"{""campervan"": false, ""camping tent"": true}","{""campervan=beige"": false, ""camping tent=green"": true}","{""ALPHA"": false}"
MB109,flux,fr,5,3,0.6,"{""campervan"": true, ""camping tent"": true}","{""campervan=beige"": false, ""camping tent=green"": true}","{""ALPHA"": false}"
MB110,sd15,fr,5,3,0.6,"{""vintage car"": true, ""fuel pump"": false}","{""vintage car=blue"": true, ""fuel pump=silver"": false}","{""BRAVO"": true}"
MB110,flux,fr,5,3,0.6,"{""vintage car"": true, ""fuel pump"": false}","{""vintage car=blue"": true, ""fuel pump=silver"": true}","{""BRAVO"": false}"
MB111,sd15,fr,5,0,0.0,"{""sports hatchback"": false, ""roof rack"": false}","{""sports hatchback=black"": false, ""roof rack=silver"": false}","{""TORVEX"": false}"
MB111,flux,fr,5,0,0.0,"{""sports hatchback"": false, ""roof rack"": false}","{""sports hatchback=black"": false, ""roof rack=silver"": false}","{""TORVEX"": false}"
MB112,sd15,fr,5,3,0.6,"{""police car"": true, ""siren light"": true}","{""police car=white"": false, ""siren light=red"": true}","{""DELTA"": false}"
MB112,flux,fr,5,4,0.8,"{""police car"": true, ""siren light"": true}","{""police car=white"": true, ""siren light=red"": true}","{""DELTA"": false}"
MB113,sd15,fr,5,2,0.4,"{""school bus"": true, ""stop sign"": false}","{""school bus=yellow"": true, ""stop sign=red"": false}","{""EAGLE"": false}"
MB113,flux,fr,5,5,1.0,"{""school bus"": true, ""stop sign"": true}","{""school bus=yellow"": true, ""stop sign=red"": true}","{""EAGLE"": true}"
MB114,sd15,fr,5,1,0.2,"{""fire truck"": false, ""fire hose"": false}","{""fire truck=red"": false, ""fire hose=yellow"": false}","{""FOXTROT"": true}"
MB114,flux,fr,5,2,0.4,"{""fire truck"": true, ""fire hose"": false}","{""fire truck=red"": true, ""fire hose=yellow"": false}","{""FOXTROT"": false}"
MB115,sd15,fr,5,4,0.8,"{""limousine"": true, ""red carpet"": true}","{""limousine=black"": true, ""red carpet=red"": true}","{""GRAND"": false}"
MB115,flux,fr,5,2,0.4,"{""limousine"": false, ""red carpet"": false}","{""limousine=black"": true, ""red carpet=red"": true}","{""GRAND"": false}"
MB116,sd15,fr,5,0,0.0,"{""all-terrain vehicle"": false, ""snow chains"": false}","{""all-terrain vehicle=gray"": false, ""snow chains=silver"": false}","{""HOUND"": false}"
MB116,flux,fr,5,3,0.6,"{""all-terrain vehicle"": true, ""snow chains"": false}","{""all-terrain vehicle=gray"": true, ""snow chains=silver"": false}","{""HOUND"": true}"
MB117,sd15,fr,5,3,0.6,"{""motorcycle"": true, ""saddlebags"": true}","{""motorcycle=black"": false, ""saddlebags=brown"": true}","{""IRON"": false}"
MB117,flux,fr,5,4,0.8,"{""motorcycle"": true, ""saddlebags"": true}","{""motorcycle=black"": true, ""saddlebags=brown"": true}","{""IRON"": false}"
MB118,sd15,fr,5,1,0.2,"{""armored SUV"": true, ""radio antenna"": false}","{""armored SUV=green"": false, ""radio antenna=black"": false}","{""VANTIS"": false}"
MB118,flux,fr,5,3,0.6,"{""armored SUV"": false, ""radio antenna"": true}","{""armored SUV=green"": true, ""radio antenna=black"": false}","{""VANTIS"": true}"
MB119,sd15,fr,5,0,0.0,"{""micro car"": false, ""city map"": false}","{""micro car=red"": false, ""city map=white"": false}","{""KILO"": false}"
MB119,flux,fr,5,4,0.8,"{""micro car"": true, ""city map"": true}","{""micro car=red"": true, ""city map=white"": false}","{""KILO"": true}"
MB120,sd15,fr,5,2,0.4,"{""superbike"": true, ""track cone"": false}","{""superbike=orange"": true, ""track cone=black"": false}","{""LANCE"": false}"
MB120,flux,fr,5,3,0.6,"{""superbike"": true, ""track cone"": false}","{""superbike=orange"": true, ""track cone=black"": false}","{""LANCE"": true}"
MB121,sd15,fr,5,1,0.2,"{""yoga mat"": true, ""water bottle"": false}","{""yoga mat=purple"": false, ""water bottle=silver"": false}","{""ZENITH"": false}"
MB121,flux,fr,5,5,1.0,"{""yoga mat"": true, ""water bottle"": true}","{""yoga mat=purple"": true, ""water bottle=silver"": true}","{""ZENITH"": true}"
MB122,sd15,fr,5,2,0.4,"{""supplement bottle"": true, ""capsules"": false}","{""supplement bottle=white"": false, ""capsules=orange"": true}","{""REVIVE"": false}"
MB122,flux,fr,5,5,1.0,"{""supplement bottle"": true, ""capsules"": true}","{""supplement bottle=white"": true, ""capsules=orange"": true}","{""REVIVE"": true}"
MB123,sd15,fr,5,2,0.4,"{""gym bag"": true, ""towel"": false}","{""gym bag=black"": false, ""towel=white"": true}","{""BOOST"": false}"
MB123,flux,fr,5,5,1.0,"{""gym bag"": true, ""towel"": true}","{""gym bag=black"": true, ""towel=white"": true}","{""BOOST"": true}"
MB124,sd15,fr,5,4,0.8,"{""face cream jar"": true, ""flowers"": true}","{""face cream jar=white"": false, ""flowers=pink"": true}","{""AURA"": true}"
MB124,flux,fr,5,5,1.0,"{""face cream jar"": true, ""flowers"": true}","{""face cream jar=white"": true, ""flowers=pink"": true}","{""AURA"": true}"
MB125,sd15,fr,5,3,0.6,"{""protein shaker"": false, ""dumbbell"": true}","{""protein shaker=black"": true, ""dumbbell=silver"": true}","{""PEAK"": false}"
MB125,flux,fr,5,3,0.6,"{""protein shaker"": true, ""dumbbell"": false}","{""protein shaker=black"": true, ""dumbbell=silver"": false}","{""PEAK"": true}"
MB126,sd15,fr,5,0,0.0,"{""meditation cushion"": false, ""candle"": false}","{""meditation cushion=purple"": false, ""candle=white"": false}","{""CALM"": false}"
MB126,flux,fr,5,4,0.8,"{""meditation cushion"": true, ""candle"": true}","{""meditation cushion=purple"": true, ""candle=white"": true}","{""CALM"": false}"
MB127,sd15,fr,5,3,0.6,"{""foam roller"": false, ""yoga mat"": true}","{""foam roller=blue"": true, ""yoga mat=purple"": true}","{""ALIGN"": false}"
MB127,flux,fr,5,3,0.6,"{""foam roller"": false, ""yoga mat"": true}","{""foam roller=blue"": false, ""yoga mat=purple"": true}","{""ALIGN"": true}"
MB128,sd15,fr,5,2,0.4,"{""resistance bands"": false, ""water bottle"": false}","{""resistance bands=red"": true, ""water bottle=black"": false}","{""TENZO"": true}"
MB128,flux,fr,5,4,0.8,"{""resistance bands"": true, ""water bottle"": true}","{""resistance bands=red"": true, ""water bottle=black"": false}","{""TENZO"": true}"
MB129,sd15,fr,5,1,0.2,"{""essential oil bottle"": false, ""ceramic diffuser"": false}","{""essential oil bottle=brown"": false, ""ceramic diffuser=white"": true}","{""TERRA"": false}"
MB129,flux,fr,5,4,0.8,"{""essential oil bottle"": true, ""ceramic diffuser"": true}","{""essential oil bottle=brown"": true, ""ceramic diffuser=white"": false}","{""TERRA"": true}"
MB130,sd15,fr,5,2,0.4,"{""sleep mask"": false, ""pillow"": true}","{""sleep mask=black"": false, ""pillow=white"": true}","{""REST"": false}"
MB130,flux,fr,5,5,1.0,"{""sleep mask"": true, ""pillow"": true}","{""sleep mask=black"": true, ""pillow=white"": true}","{""REST"": true}"
MB131,sd15,fr,5,2,0.4,"{""journal"": true, ""pen"": true}","{""journal=white"": false, ""pen=black"": false}","{""RYNTH"": false}"
MB131,flux,fr,5,5,1.0,"{""journal"": true, ""pen"": true}","{""journal=white"": true, ""pen=black"": true}","{""RYNTH"": true}"
MB132,sd15,fr,5,2,0.4,"{""fitness watch"": true, ""smartphone"": false}","{""fitness watch=black"": true, ""smartphone=white"": false}","{""TRACE"": false}"
MB132,flux,fr,5,5,1.0,"{""fitness watch"": true, ""smartphone"": true}","{""fitness watch=black"": true, ""smartphone=white"": true}","{""TRACE"": true}"
MB133,sd15,fr,5,3,0.6,"{""massage gun"": true, ""charging base"": false}","{""massage gun=black"": true, ""charging base=white"": false}","{""EASE"": true}"
MB133,flux,fr,5,5,1.0,"{""massage gun"": true, ""charging base"": true}","{""massage gun=black"": true, ""charging base=white"": true}","{""EASE"": true}"
MB134,sd15,fr,5,2,0.4,"{""collagen powder jar"": true, ""glass"": false}","{""collagen powder jar=white"": true, ""glass=pink"": false}","{""RENEW"": false}"
MB134,flux,fr,5,4,0.8,"{""collagen powder jar"": true, ""glass"": true}","{""collagen powder jar=white"": true, ""glass=pink"": true}","{""RENEW"": false}"
MB135,sd15,fr,5,3,0.6,"{""thermos"": true, ""trail mix bag"": false}","{""thermos=green"": true, ""trail mix bag=brown"": false}","{""VOXA"": true}"
MB135,flux,fr,5,3,0.6,"{""thermos"": true, ""trail mix bag"": false}","{""thermos=green"": true, ""trail mix bag=brown"": false}","{""VOXA"": true}"
MB136,sd15,fr,5,0,0.0,"{""smoothie bowl"": false, ""spoon"": false}","{""smoothie bowl=yellow"": false, ""spoon=silver"": false}","{""VIVID"": false}"
MB136,flux,fr,5,1,0.2,"{""smoothie bowl"": false, ""spoon"": false}","{""smoothie bowl=yellow"": true, ""spoon=silver"": false}","{""VIVID"": false}"
MB137,sd15,fr,5,4,0.8,"{""sunscreen bottle"": true, ""beach towel"": true}","{""sunscreen bottle=white"": true, ""beach towel=orange"": true}","{""SHIELD"": false}"
MB137,flux,fr,5,4,0.8,"{""sunscreen bottle"": true, ""beach towel"": false}","{""sunscreen bottle=white"": true, ""beach towel=orange"": true}","{""SHIELD"": true}"
MB138,sd15,fr,5,1,0.2,"{""vitamin bottle"": false, ""blister pack"": false}","{""vitamin bottle=orange"": true, ""blister pack=silver"": false}","{""VITAL"": false}"
MB138,flux,fr,5,4,0.8,"{""vitamin bottle"": true, ""blister pack"": true}","{""vitamin bottle=orange"": true, ""blister pack=silver"": true}","{""VITAL"": false}"
MB139,sd15,fr,5,1,0.2,"{""balance board"": false, ""sneakers"": true}","{""balance board=teal"": false, ""sneakers=white"": false}","{""CORE"": false}"
MB139,flux,fr,5,4,0.8,"{""balance board"": true, ""sneakers"": true}","{""balance board=teal"": false, ""sneakers=white"": true}","{""CORE"": true}"
MB140,sd15,fr,5,2,0.4,"{""ice roller"": false, ""face serum bottle"": false}","{""ice roller=white"": true, ""face serum bottle=gold"": false}","{""CHILL"": true}"
MB140,flux,fr,5,3,0.6,"{""ice roller"": true, ""face serum bottle"": true}","{""ice roller=white"": true, ""face serum bottle=gold"": false}","{""CHILL"": false}"
MB141,sd15,fr,5,2,0.4,"{""towel"": true, ""water bottle"": false}","{""towel=white"": true, ""water bottle=black"": false}","{""STEAM"": false}"
MB141,flux,fr,5,4,0.8,"{""towel"": true, ""water bottle"": false}","{""towel=white"": true, ""water bottle=black"": true}","{""STEAM"": true}"
MB142,sd15,fr,5,0,0.0,"{""acupressure mat"": false, ""pillow"": false}","{""acupressure mat=purple"": false, ""pillow=white"": false}","{""PRESS"": false}"
MB142,flux,fr,5,4,0.8,"{""acupressure mat"": false, ""pillow"": true}","{""acupressure mat=purple"": true, ""pillow=white"": true}","{""PRESS"": true}"
MB143,sd15,fr,5,1,0.2,"{""nutrition bar"": false, ""water bottle"": true}","{""nutrition bar=green"": false, ""water bottle=silver"": false}","{""FUEL"": false}"
MB143,flux,fr,5,4,0.8,"{""nutrition bar"": true, ""water bottle"": true}","{""nutrition bar=green"": true, ""water bottle=silver"": false}","{""FUEL"": true}"
MB144,sd15,fr,5,1,0.2,"{""protein powder bag"": false, ""shaker bottle"": false}","{""protein powder bag=black"": true, ""shaker bottle=red"": false}","{""MASS"": false}"
MB144,flux,fr,5,5,1.0,"{""protein powder bag"": true, ""shaker bottle"": true}","{""protein powder bag=black"": true, ""shaker bottle=red"": true}","{""MASS"": true}"
MB145,sd15,fr,5,0,0.0,"{""eye cream tube"": false, ""handheld mirror"": false}","{""eye cream tube=white"": false, ""handheld mirror=gold"": false}","{""LUMI"": false}"
MB145,flux,fr,5,4,0.8,"{""eye cream tube"": false, ""handheld mirror"": true}","{""eye cream tube=white"": true, ""handheld mirror=gold"": true}","{""LUMI"": true}"
MB146,sd15,fr,5,4,0.8,"{""stretching strap"": true, ""yoga mat"": true}","{""stretching strap=blue"": true, ""yoga mat=purple"": true}","{""EXTEND"": false}"
MB146,flux,fr,5,3,0.6,"{""stretching strap"": false, ""yoga mat"": true}","{""stretching strap=blue"": false, ""yoga mat=purple"": true}","{""EXTEND"": true}"
MB147,sd15,fr,5,1,0.2,"{""supplement bottle"": false, ""moon lamp"": false}","{""supplement bottle=white"": true, ""moon lamp=silver"": false}","{""DRIFT"": false}"
MB147,flux,fr,5,4,0.8,"{""supplement bottle"": true, ""moon lamp"": true}","{""supplement bottle=white"": true, ""moon lamp=silver"": false}","{""DRIFT"": true}"
MB148,sd15,fr,5,2,0.4,"{""hydration vest"": false, ""trail running shoes"": true}","{""hydration vest=blue"": false, ""trail running shoes=orange"": true}","{""PACE"": false}"
MB148,flux,fr,5,4,0.8,"{""hydration vest"": true, ""trail running shoes"": true}","{""hydration vest=blue"": true, ""trail running shoes=orange"": true}","{""PACE"": false}"
MB149,sd15,fr,5,1,0.2,"{""incense holder"": true, ""meditation beads"": false}","{""incense holder=black"": false, ""meditation beads=brown"": false}","{""SERENE"": false}"
MB149,flux,fr,5,1,0.2,"{""incense holder"": false, ""meditation beads"": false}","{""incense holder=black"": false, ""meditation beads=brown"": false}","{""SERENE"": true}"
MB150,sd15,fr,5,1,0.2,"{""cold plunge tub"": false, ""towel"": true}","{""cold plunge tub=white"": false, ""towel=blue"": false}","{""POLAR"": false}"
MB150,flux,fr,5,3,0.6,"{""cold plunge tub"": false, ""towel"": false}","{""cold plunge tub=white"": true, ""towel=blue"": true}","{""POLAR"": true}"
MB001,sd15,es,5,0,0.0,"{""smartwatch"": false, ""wireless charger"": false}","{""smartwatch=silver"": false, ""wireless charger=black"": false}","{""ZYRA"": false}"
MB001,flux,es,5,4,0.8,"{""smartwatch"": true, ""wireless charger"": true}","{""smartwatch=silver"": false, ""wireless charger=black"": true}","{""ZYRA"": true}"
MB002,sd15,es,5,3,0.6,"{""laptop"": true, ""wireless mouse"": false}","{""laptop=black"": true, ""wireless mouse=white"": true}","{""KESTRA"": false}"
MB002,flux,es,5,2,0.4,"{""laptop"": true, ""wireless mouse"": false}","{""laptop=black"": true, ""wireless mouse=white"": false}","{""KESTRA"": false}"
MB003,sd15,es,5,2,0.4,"{""wireless earbuds"": false, ""charging case"": true}","{""wireless earbuds=white"": true, ""charging case=black"": false}","{""APEX"": false}"
MB003,flux,es,5,3,0.6,"{""wireless earbuds"": true, ""charging case"": false}","{""wireless earbuds=white"": true, ""charging case=black"": false}","{""APEX"": true}"
MB004,sd15,es,5,0,0.0,"{""smartphone"": false, ""metal stand"": false}","{""smartphone=black"": false, ""metal stand=silver"": false}","{""VOLT"": false}"
MB004,flux,es,5,4,0.8,"{""smartphone"": true, ""metal stand"": true}","{""smartphone=black"": true, ""metal stand=silver"": false}","{""VOLT"": true}"
MB005,sd15,es,5,1,0.2,"{""tablet"": false, ""stylus pen"": false}","{""tablet=white"": true, ""stylus pen=gold"": false}","{""PRISM"": false}"
MB005,flux,es,5,2,0.4,"{""tablet"": true, ""stylus pen"": false}","{""tablet=white"": true, ""stylus pen=gold"": false}","{""PRISM"": false}"
MB006,sd15,es,5,2,0.4,"{""mechanical keyboard"": true, ""wireless mouse"": false}","{""mechanical keyboard=black"": true, ""wireless mouse=red"": false}","{""SYNTH"": false}"
MB006,flux,es,5,4,0.8,"{""mechanical keyboard"": true, ""wireless mouse"": true}","{""mechanical keyboard=black"": true, ""wireless mouse=red"": false}","{""SYNTH"": true}"
MB007,sd15,es,5,0,0.0,"{""bluetooth speaker"": false, ""smartphone"": false}","{""bluetooth speaker=blue"": false, ""smartphone=black"": false}","{""NEXUS"": false}"
MB007,flux,es,5,5,1.0,"{""bluetooth speaker"": true, ""smartphone"": true}","{""bluetooth speaker=blue"": true, ""smartphone=black"": true}","{""NEXUS"": true}"
MB008,sd15,es,5,2,0.4,"{""camera"": true, ""camera lens"": true}","{""camera=black"": false, ""camera lens=silver"": false}","{""KOVAL"": false}"
MB008,flux,es,5,4,0.8,"{""camera"": true, ""camera lens"": true}","{""camera=black"": true, ""camera lens=silver"": false}","{""KOVAL"": true}"
MB009,sd15,es,5,1,0.2,"{""gaming controller"": false, ""gaming headset"": true}","{""gaming controller=white"": false, ""gaming headset=black"": false}","{""LUNEX"": false}"
MB009,flux,es,5,4,0.8,"{""gaming controller"": true, ""gaming headset"": true}","{""gaming controller=white"": true, ""gaming headset=black"": true}","{""LUNEX"": false}"
MB010,sd15,es,5,1,0.2,"{""smart display"": true, ""remote control"": false}","{""smart display=black"": false, ""remote control=silver"": false}","{""KORE"": false}"
MB010,flux,es,5,3,0.6,"{""smart display"": false, ""remote control"": true}","{""smart display=black"": true, ""remote control=silver"": false}","{""KORE"": true}"
MB011,sd15,es,5,2,0.4,"{""power bank"": false, ""USB cable"": true}","{""power bank=white"": true, ""USB cable=red"": false}","{""LUMIX"": false}"
MB011,flux,es,5,5,1.0,"{""power bank"": true, ""USB cable"": true}","{""power bank=white"": true, ""USB cable=red"": true}","{""LUMIX"": true}"
MB012,sd15,es,5,4,0.8,"{""laptop"": true, ""coffee mug"": true}","{""laptop=silver"": true, ""coffee mug=white"": true}","{""MIRAX"": false}"
MB012,flux,es,5,5,1.0,"{""laptop"": true, ""coffee mug"": true}","{""laptop=silver"": true, ""coffee mug=white"": true}","{""MIRAX"": true}"
MB013,sd15,es,5,0,0.0,"{""wireless earbuds"": false, ""smartphone"": false}","{""wireless earbuds=white"": false, ""smartphone=black"": false}","{""NEURO"": false}"
MB013,flux,es,5,5,1.0,"{""wireless earbuds"": true, ""smartphone"": true}","{""wireless earbuds=white"": true, ""smartphone=black"": true}","{""NEURO"": true}"
MB014,sd15,es,5,3,0.6,"{""webcam"": true, ""monitor"": true}","{""webcam=black"": false, ""monitor=white"": true}","{""OPUS"": false}"
MB014,flux,es,5,4,0.8,"{""webcam"": true, ""monitor"": true}","{""webcam=black"": true, ""monitor=white"": false}","{""OPUS"": true}"
MB015,sd15,es,5,1,0.2,"{""action camera"": false, ""cycling helmet"": false}","{""action camera=orange"": true, ""cycling helmet=white"": false}","{""PHASE"": false}"
MB015,flux,es,5,2,0.4,"{""action camera"": false, ""cycling helmet"": true}","{""action camera=orange"": false, ""cycling helmet=white"": true}","{""PHASE"": false}"
MB016,sd15,es,5,0,0.0,"{""smart speaker"": false, ""digital clock"": false}","{""smart speaker=white"": false, ""digital clock=black"": false}","{""QUBIT"": false}"
MB016,flux,es,5,2,0.4,"{""smart speaker"": false, ""digital clock"": false}","{""smart speaker=white"": true, ""digital clock=black"": true}","{""QUBIT"": false}"
MB017,sd15,es,5,0,0.0,"{""VR headset"": false, ""motion controllers"": false}","{""VR headset=white"": false, ""motion controllers=black"": false}","{""RADIUS"": false}"
MB017,flux,es,5,2,0.4,"{""VR headset"": true, ""motion controllers"": false}","{""VR headset=white"": true, ""motion controllers=black"": false}","{""RADIUS"": false}"
MB018,sd15,es,5,2,0.4,"{""curved monitor"": true, ""keyboard"": false}","{""curved monitor=black"": true, ""keyboard=silver"": false}","{""SPARK"": false}"
MB018,flux,es,5,4,0.8,"{""curved monitor"": true, ""keyboard"": true}","{""curved monitor=black"": true, ""keyboard=silver"": false}","{""SPARK"": true}"
MB019,sd15,es,5,1,0.2,"{""drone"": true, ""remote control"": false}","{""drone=black"": false, ""remote control=gray"": false}","{""VORTA"": false}"
MB019,flux,es,5,3,0.6,"{""drone"": true, ""remote control"": true}","{""drone=black"": true, ""remote control=gray"": false}","{""VORTA"": false}"
MB020,sd15,es,5,1,0.2,"{""e-reader"": false, ""reading glasses"": false}","{""e-reader=white"": true, ""reading glasses=black"": false}","{""RIVOX"": false}"
MB020,flux,es,5,5,1.0,"{""e-reader"": true, ""reading glasses"": true}","{""e-reader=white"": true, ""reading glasses=black"": true}","{""RIVOX"": true}"
MB021,sd15,es,5,1,0.2,"{""USB hub"": false, ""laptop"": false}","{""USB hub=gray"": true, ""laptop=silver"": false}","{""WAVE"": false}"
MB021,flux,es,5,4,0.8,"{""USB hub"": false, ""laptop"": true}","{""USB hub=gray"": true, ""laptop=silver"": true}","{""WAVE"": true}"
MB022,sd15,es,5,4,0.8,"{""gaming headset"": true, ""headphone stand"": true}","{""gaming headset=black"": true, ""headphone stand=white"": true}","{""XENON"": false}"
MB022,flux,es,5,5,1.0,"{""gaming headset"": true, ""headphone stand"": true}","{""gaming headset=black"": true, ""headphone stand=white"": true}","{""XENON"": true}"
MB023,sd15,es,5,0,0.0,"{""fitness tracker"": false, ""smartphone"": false}","{""fitness tracker=black"": false, ""smartphone=white"": false}","{""ZETA"": false}"
MB023,flux,es,5,5,1.0,"{""fitness tracker"": true, ""smartphone"": true}","{""fitness tracker=black"": true, ""smartphone=white"": true}","{""ZETA"": true}"
MB024,sd15,es,5,3,0.6,"{""portable projector"": true, ""remote control"": true}","{""portable projector=white"": true, ""remote control=black"": false}","{""AXON"": false}"
MB024,flux,es,5,3,0.6,"{""portable projector"": true, ""remote control"": false}","{""portable projector=white"": true, ""remote control=black"": false}","{""AXON"": true}"
MB025,sd15,es,5,3,0.6,"{""smart glasses"": false, ""glasses case"": true}","{""smart glasses=rose gold"": true, ""glasses case=black"": true}","{""BREEZE"": false}"
MB025,flux,es,5,4,0.8,"{""smart glasses"": false, ""glasses case"": true}","{""smart glasses=rose gold"": true, ""glasses case=black"": true}","{""BREEZE"": true}"
MB026,sd15,es,5,3,0.6,"{""portable SSD"": true, ""USB cable"": true}","{""portable SSD=silver"": true, ""USB cable=blue"": false}","{""CREST"": false}"
MB026,flux,es,5,4,0.8,"{""portable SSD"": true, ""USB cable"": true}","{""portable SSD=silver"": false, ""USB cable=blue"": true}","{""CREST"": true}"
MB027,sd15,es,5,1,0.2,"{""wireless charging pad"": false, ""smartphone"": false}","{""wireless charging pad=white"": true, ""smartphone=black"": false}","{""DAWN"": false}"
MB027,flux,es,5,4,0.8,"{""wireless charging pad"": true, ""smartphone"": true}","{""wireless charging pad=white"": true, ""smartphone=black"": true}","{""DAWN"": false}"
MB028,sd15,es,5,0,0.0,"{""smart lock"": false, ""door handle"": false}","{""smart lock=black"": false, ""door handle=silver"": false}","{""NYRIC"": false}"
MB028,flux,es,5,2,0.4,"{""smart lock"": false, ""door handle"": false}","{""smart lock=black"": true, ""door handle=silver"": false}","{""NYRIC"": true}"
MB029,sd15,es,5,4,0.8,"{""WiFi router"": true, ""ethernet cable"": true}","{""WiFi router=white"": true, ""ethernet cable=yellow"": true}","{""FUSE"": false}"
MB029,flux,es,5,5,1.0,"{""WiFi router"": true, ""ethernet cable"": true}","{""WiFi router=white"": true, ""ethernet cable=yellow"": true}","{""FUSE"": true}"
MB030,sd15,es,5,2,0.4,"{""gaming mouse"": false, ""mousepad"": false}","{""gaming mouse=black"": true, ""mousepad=red"": true}","{""GRID"": false}"
MB030,flux,es,5,4,0.8,"{""gaming mouse"": true, ""mousepad"": true}","{""gaming mouse=black"": true, ""mousepad=red"": true}","{""GRID"": false}"
MB031,sd15,es,5,1,0.2,"{""juice bottle"": false, ""ceramic cup"": false}","{""juice bottle=orange"": true, ""ceramic cup=white"": false}","{""ZEST"": false}"
MB031,flux,es,5,4,0.8,"{""juice bottle"": false, ""ceramic cup"": true}","{""juice bottle=orange"": true, ""ceramic cup=white"": true}","{""ZEST"": true}"
MB032,sd15,es,5,3,0.6,"{""coffee bag"": true, ""espresso cup"": true}","{""coffee bag=brown"": true, ""espresso cup=black"": false}","{""PURE"": false}"
MB032,flux,es,5,5,1.0,"{""coffee bag"": true, ""espresso cup"": true}","{""coffee bag=brown"": true, ""espresso cup=black"": true}","{""PURE"": true}"
MB033,sd15,es,5,0,0.0,"{""cereal box"": false, ""milk carton"": false}","{""cereal box=yellow"": false, ""milk carton=white"": false}","{""BLOOM"": false}"
MB033,flux,es,5,4,0.8,"{""cereal box"": true, ""milk carton"": true}","{""cereal box=yellow"": true, ""milk carton=white"": false}","{""BLOOM"": true}"
MB034,sd15,es,5,3,0.6,"{""hot sauce bottle"": true, ""cutting board"": false}","{""hot sauce bottle=red"": true, ""cutting board=brown"": true}","{""GROVE"": false}"
MB034,flux,es,5,4,0.8,"{""hot sauce bottle"": true, ""cutting board"": true}","{""hot sauce bottle=red"": false, ""cutting board=brown"": true}","{""GROVE"": true}"
MB035,sd15,es,5,2,0.4,"{""wine bottle"": true, ""grapes"": false}","{""wine bottle=green"": true, ""grapes=purple"": false}","{""FRESH"": false}"
MB035,flux,es,5,3,0.6,"{""wine bottle"": true, ""grapes"": true}","{""wine bottle=green"": true, ""grapes=purple"": false}","{""FRESH"": false}"
MB036,sd15,es,5,2,0.4,"{""tea box"": false, ""teacup"": true}","{""tea box=teal"": false, ""teacup=white"": true}","{""CRISP"": false}"
MB036,flux,es,5,2,0.4,"{""tea box"": false, ""teacup"": true}","{""tea box=teal"": false, ""teacup=white"": false}","{""CRISP"": true}"
MB037,sd15,es,5,0,0.0,"{""energy drink can"": false, ""dumbbell"": false}","{""energy drink can=black"": false, ""dumbbell=silver"": false}","{""BOLD"": false}"
MB037,flux,es,5,0,0.0,"{""energy drink can"": false, ""dumbbell"": false}","{""energy drink can=black"": false, ""dumbbell=silver"": false}","{""BOLD"": false}"
MB038,sd15,es,5,4,0.8,"{""water bottle"": true, ""lemon"": true}","{""water bottle=blue"": true, ""lemon=yellow"": true}","{""MIST"": false}"
MB038,flux,es,5,5,1.0,"{""water bottle"": true, ""lemon"": true}","{""water bottle=blue"": true, ""lemon=yellow"": true}","{""MIST"": true}"
MB039,sd15,es,5,3,0.6,"{""yogurt container"": true, ""strawberries"": true}","{""yogurt container=white"": false, ""strawberries=red"": true}","{""GLOW"": false}"
MB039,flux,es,5,5,1.0,"{""yogurt container"": true, ""strawberries"": true}","{""yogurt container=white"": true, ""strawberries=red"": true}","{""GLOW"": true}"
MB040,sd15,es,5,0,0.0,"{""cookie tin"": false, ""glass of milk"": false}","{""cookie tin=red"": false, ""glass of milk=white"": false}","{""PETAL"": false}"
MB040,flux,es,5,1,0.2,"{""cookie tin"": false, ""glass of milk"": false}","{""cookie tin=red"": false, ""glass of milk=white"": false}","{""PETAL"": true}"
MB041,sd15,es,5,2,0.4,"{""soda can"": true, ""ice bucket"": false}","{""soda can=blue"": true, ""ice bucket=silver"": false}","{""QUENCH"": false}"
MB041,flux,es,5,1,0.2,"{""soda can"": false, ""ice bucket"": false}","{""soda can=blue"": false, ""ice bucket=silver"": true}","{""QUENCH"": false}"
MB042,sd15,es,5,1,0.2,"{""protein powder jar"": false, ""shaker bottle"": false}","{""protein powder jar=black"": true, ""shaker bottle=white"": false}","{""RIPPLE"": false}"
MB042,flux,es,5,3,0.6,"{""protein powder jar"": true, ""shaker bottle"": false}","{""protein powder jar=black"": true, ""shaker bottle=white"": true}","{""RIPPLE"": false}"
MB043,sd15,es,5,2,0.4,"{""olive oil bottle"": true, ""garlic bulb"": false}","{""olive oil bottle=green"": true, ""garlic bulb=white"": false}","{""SWAY"": false}"
MB043,flux,es,5,1,0.2,"{""olive oil bottle"": false, ""garlic bulb"": false}","{""olive oil bottle=green"": true, ""garlic bulb=white"": false}","{""SWAY"": false}"
MB044,sd15,es,5,0,0.0,"{""granola bar"": false, ""banana"": false}","{""granola bar=brown"": false, ""banana=yellow"": false}","{""TEMPO"": false}"
MB044,flux,es,5,2,0.4,"{""granola bar"": true, ""banana"": false}","{""granola bar=brown"": false, ""banana=yellow"": false}","{""TEMPO"": true}"
MB045,sd15,es,5,2,0.4,"{""cold brew coffee bottle"": true, ""metal straw"": false}","{""cold brew coffee bottle=brown"": false, ""metal straw=silver"": true}","{""UMBER"": false}"
MB045,flux,es,5,1,0.2,"{""cold brew coffee bottle"": true, ""metal straw"": false}","{""cold brew coffee bottle=brown"": false, ""metal straw=silver"": false}","{""UMBER"": false}"
MB046,sd15,es,5,0,0.0,"{""sparkling water can"": false, ""lime"": false}","{""sparkling water can=blue"": false, ""lime=green"": false}","{""VERDE"": false}"
MB046,flux,es,5,3,0.6,"{""sparkling water can"": false, ""lime"": true}","{""sparkling water can=blue"": false, ""lime=green"": true}","{""VERDE"": true}"
MB047,sd15,es,5,3,0.6,"{""honey jar"": true, ""toast"": true}","{""honey jar=amber"": true, ""toast=brown"": false}","{""WARM"": false}"
MB047,flux,es,5,4,0.8,"{""honey jar"": true, ""toast"": true}","{""honey jar=amber"": true, ""toast=brown"": true}","{""WARM"": false}"
MB048,sd15,es,5,1,0.2,"{""smoothie bottle"": false, ""berries"": false}","{""smoothie bottle=purple"": false, ""berries=red"": true}","{""XTRA"": false}"
MB048,flux,es,5,1,0.2,"{""smoothie bottle"": true, ""berries"": false}","{""smoothie bottle=purple"": false, ""berries=red"": false}","{""XTRA"": false}"
MB049,sd15,es,5,1,0.2,"{""tea bottle"": true, ""bamboo stalk"": false}","{""tea bottle=white"": false, ""bamboo stalk=green"": false}","{""YUMA"": false}"
MB049,flux,es,5,3,0.6,"{""tea bottle"": false, ""bamboo stalk"": true}","{""tea bottle=white"": false, ""bamboo stalk=green"": true}","{""YUMA"": true}"
MB050,sd15,es,5,4,0.8,"{""chocolate bar"": true, ""wrapper"": true}","{""chocolate bar=brown"": true, ""wrapper=gold"": true}","{""ZEAL"": false}"
MB050,flux,es,5,5,1.0,"{""chocolate bar"": true, ""wrapper"": true}","{""chocolate bar=brown"": true, ""wrapper=gold"": true}","{""ZEAL"": true}"
MB051,sd15,es,5,1,0.2,"{""juice pouch"": false, ""wooden straw"": false}","{""juice pouch=orange"": true, ""wooden straw=brown"": false}","{""AMBER"": false}"
MB051,flux,es,5,2,0.4,"{""juice pouch"": false, ""wooden straw"": false}","{""juice pouch=orange"": true, ""wooden straw=brown"": false}","{""AMBER"": true}"
MB052,sd15,es,5,0,0.0,"{""almond butter jar"": false, ""bread"": false}","{""almond butter jar=brown"": false, ""bread=white"": false}","{""BRISK"": false}"
MB052,flux,es,5,0,0.0,"{""almond butter jar"": false, ""bread"": false}","{""almond butter jar=brown"": false, ""bread=white"": false}","{""BRISK"": false}"
MB053,sd15,es,5,0,0.0,"{""kombucha bottle"": false, ""ginger root"": false}","{""kombucha bottle=brown"": false, ""ginger root=yellow"": false}","{""COVE"": false}"
MB053,flux,es,5,3,0.6,"{""kombucha bottle"": true, ""ginger root"": false}","{""kombucha bottle=brown"": true, ""ginger root=yellow"": false}","{""COVE"": true}"
MB054,sd15,es,5,1,0.2,"{""water bottle"": true, ""mint sprigs"": false}","{""water bottle=blue"": false, ""mint sprigs=green"": false}","{""DRIP"": false}"
MB054,flux,es,5,4,0.8,"{""water bottle"": true, ""mint sprigs"": true}","{""water bottle=blue"": true, ""mint sprigs=green"": true}","{""DRIP"": false}"
MB055,sd15,es,5,0,0.0,"{""matcha tin"": false, ""bamboo whisk"": false}","{""matcha tin=green"": false, ""bamboo whisk=brown"": false}","{""ELIXIR"": false}"
MB055,flux,es,5,2,0.4,"{""matcha tin"": true, ""bamboo whisk"": false}","{""matcha tin=green"": false, ""bamboo whisk=brown"": false}","{""ELIXIR"": true}"
MB056,sd15,es,5,2,0.4,"{""oat milk carton"": false, ""ceramic bowl"": true}","{""oat milk carton=white"": false, ""ceramic bowl=brown"": true}","{""FERN"": false}"
MB056,flux,es,5,4,0.8,"{""oat milk carton"": false, ""ceramic bowl"": true}","{""oat milk carton=white"": true, ""ceramic bowl=brown"": true}","{""FERN"": true}"
MB057,sd15,es,5,0,0.0,"{""coconut water can"": false, ""coconut"": false}","{""coconut water can=white"": false, ""coconut=brown"": false}","{""GUSTO"": false}"
MB057,flux,es,5,3,0.6,"{""coconut water can"": false, ""coconut"": true}","{""coconut water can=white"": false, ""coconut=brown"": true}","{""GUSTO"": true}"
MB058,sd15,es,5,3,0.6,"{""shot bottle"": true, ""turmeric root"": false}","{""shot bottle=yellow"": true, ""turmeric root=orange"": true}","{""HERBA"": false}"
MB058,flux,es,5,3,0.6,"{""shot bottle"": true, ""turmeric root"": false}","{""shot bottle=yellow"": true, ""turmeric root=orange"": false}","{""HERBA"": true}"
MB059,sd15,es,5,2,0.4,"{""sparkling juice bottle"": true, ""grapes"": false}","{""sparkling juice bottle=purple"": false, ""grapes=green"": false}","{""INFUSE"": true}"
MB059,flux,es,5,3,0.6,"{""sparkling juice bottle"": true, ""grapes"": true}","{""sparkling juice bottle=purple"": false, ""grapes=green"": true}","{""INFUSE"": false}"
MB060,sd15,es,5,4,0.8,"{""juice bottle"": true, ""carrots"": false}","{""juice bottle=green"": true, ""carrots=orange"": true}","{""JUVO"": true}"
MB060,flux,es,5,3,0.6,"{""juice bottle"": true, ""carrots"": false}","{""juice bottle=green"": true, ""carrots=orange"": true}","{""JUVO"": false}"
MB061,sd15,es,5,4,0.8,"{""sneaker"": true, ""shoebox"": true}","{""sneaker=white"": true, ""shoebox=red"": true}","{""MODE"": false}"
MB061,flux,es,5,4,0.8,"{""sneaker"": true, ""shoebox"": true}","{""sneaker=white"": true, ""shoebox=red"": true}","{""MODE"": false}"
MB062,sd15,es,5,1,0.2,"{""leather jacket"": true, ""wooden hanger"": false}","{""leather jacket=black"": false, ""wooden hanger=brown"": false}","{""LUXE"": false}"
MB062,flux,es,5,4,0.8,"{""leather jacket"": false, ""wooden hanger"": true}","{""leather jacket=black"": true, ""wooden hanger=brown"": true}","{""LUXE"": true}"
MB063,sd15,es,5,2,0.4,"{""handbag"": true, ""sunglasses"": false}","{""handbag=tan"": true, ""sunglasses=black"": false}","{""FORM"": false}"
MB063,flux,es,5,3,0.6,"{""handbag"": true, ""sunglasses"": true}","{""handbag=tan"": false, ""sunglasses=black"": true}","{""FORM"": false}"
MB064,sd15,es,5,4,0.8,"{""wristwatch"": true, ""watch box"": true}","{""wristwatch=gold"": true, ""watch box=black"": true}","{""GRACE"": false}"
MB064,flux,es,5,3,0.6,"{""wristwatch"": true, ""watch box"": false}","{""wristwatch=gold"": true, ""watch box=black"": false}","{""GRACE"": true}"
MB065,sd15,es,5,2,0.4,"{""sunglasses"": true, ""glasses case"": true}","{""sunglasses=brown"": false, ""glasses case=black"": false}","{""HAVEN"": false}"
MB065,flux,es,5,5,1.0,"{""sunglasses"": true, ""glasses case"": true}","{""sunglasses=brown"": true, ""glasses case=black"": true}","{""HAVEN"": true}"
MB066,sd15,es,5,1,0.2,"{""running shoes"": false, ""athletic socks"": true}","{""running shoes=blue"": false, ""athletic socks=white"": false}","{""INKE"": false}"
MB066,flux,es,5,4,0.8,"{""running shoes"": true, ""athletic socks"": true}","{""running shoes=blue"": true, ""athletic socks=white"": true}","{""INKE"": false}"
MB067,sd15,es,5,2,0.4,"{""denim jacket"": true, ""tote bag"": false}","{""denim jacket=blue"": true, ""tote bag=white"": false}","{""JOIE"": false}"
MB067,flux,es,5,3,0.6,"{""denim jacket"": false, ""tote bag"": true}","{""denim jacket=blue"": true, ""tote bag=white"": false}","{""JOIE"": true}"
MB068,sd15,es,5,2,0.4,"{""leather tote bag"": true, ""silk scarf"": false}","{""leather tote bag=brown"": true, ""silk scarf=red"": false}","{""KEEN"": false}"
MB068,flux,es,5,3,0.6,"{""leather tote bag"": true, ""silk scarf"": false}","{""leather tote bag=brown"": true, ""silk scarf=red"": false}","{""KEEN"": true}"
MB069,sd15,es,5,2,0.4,"{""canvas sneaker"": true, ""skateboard"": false}","{""canvas sneaker=white"": true, ""skateboard=red"": false}","{""LACE"": false}"
MB069,flux,es,5,3,0.6,"{""canvas sneaker"": false, ""skateboard"": true}","{""canvas sneaker=white"": true, ""skateboard=red"": true}","{""LACE"": false}"
MB070,sd15,es,5,1,0.2,"{""sports bra"": false, ""yoga mat"": false}","{""sports bra=pink"": false, ""yoga mat=purple"": true}","{""MAUVE"": false}"
MB070,flux,es,5,1,0.2,"{""sports bra"": false, ""yoga mat"": true}","{""sports bra=pink"": false, ""yoga mat=purple"": false}","{""MAUVE"": false}"
MB071,sd15,es,5,1,0.2,"{""baseball cap"": false, ""t-shirt"": false}","{""baseball cap=black"": true, ""t-shirt=white"": false}","{""NOIR"": false}"
MB071,flux,es,5,5,1.0,"{""baseball cap"": true, ""t-shirt"": true}","{""baseball cap=black"": true, ""t-shirt=white"": true}","{""NOIR"": true}"
MB072,sd15,es,5,1,0.2,"{""Chelsea boots"": true, ""leather belt"": false}","{""Chelsea boots=black"": false, ""leather belt=brown"": false}","{""ONYX"": false}"
MB072,flux,es,5,2,0.4,"{""Chelsea boots"": true, ""leather belt"": false}","{""Chelsea boots=black"": true, ""leather belt=brown"": false}","{""ONYX"": false}"
MB073,sd15,es,5,1,0.2,"{""raincoat"": false, ""umbrella"": true}","{""raincoat=yellow"": false, ""umbrella=black"": false}","{""POISE"": false}"
MB073,flux,es,5,1,0.2,"{""raincoat"": false, ""umbrella"": false}","{""raincoat=yellow"": false, ""umbrella=black"": false}","{""POISE"": true}"
MB074,sd15,es,5,2,0.4,"{""wool sweater"": false, ""knit scarf"": true}","{""wool sweater=gray"": true, ""knit scarf=white"": false}","{""RIVE"": false}"
MB074,flux,es,5,2,0.4,"{""wool sweater"": false, ""knit scarf"": false}","{""wool sweater=gray"": true, ""knit scarf=white"": false}","{""RIVE"": true}"
MB075,sd15,es,5,0,0.0,"{""swimsuit"": false, ""sunscreen bottle"": false}","{""swimsuit=orange"": false, ""sunscreen bottle=white"": false}","{""SILK"": false}"
MB075,flux,es,5,1,0.2,"{""swimsuit"": false, ""sunscreen bottle"": false}","{""swimsuit=orange"": false, ""sunscreen bottle=white"": false}","{""SILK"": true}"
MB076,sd15,es,5,2,0.4,"{""backpack"": true, ""water bottle"": false}","{""backpack=navy"": true, ""water bottle=silver"": false}","{""TONE"": false}"
MB076,flux,es,5,3,0.6,"{""backpack"": true, ""water bottle"": true}","{""backpack=navy"": false, ""water bottle=silver"": false}","{""TONE"": true}"
MB077,sd15,es,5,4,0.8,"{""hoodie"": true, ""jogger pants"": true}","{""hoodie=gray"": true, ""jogger pants=black"": true}","{""ULAN"": false}"
MB077,flux,es,5,4,0.8,"{""hoodie"": true, ""jogger pants"": false}","{""hoodie=gray"": true, ""jogger pants=black"": true}","{""ULAN"": true}"
MB078,sd15,es,5,2,0.4,"{""dress shoes"": true, ""briefcase"": false}","{""dress shoes=brown"": true, ""briefcase=tan"": false}","{""VIBE"": false}"
MB078,flux,es,5,1,0.2,"{""dress shoes"": true, ""briefcase"": false}","{""dress shoes=brown"": false, ""briefcase=tan"": false}","{""VIBE"": false}"
MB079,sd15,es,5,1,0.2,"{""winter jacket"": true, ""leather gloves"": false}","{""winter jacket=red"": false, ""leather gloves=black"": false}","{""WOVEN"": false}"
MB079,flux,es,5,5,1.0,"{""winter jacket"": true, ""leather gloves"": true}","{""winter jacket=red"": true, ""leather gloves=black"": true}","{""WOVEN"": true}"
MB080,sd15,es,5,0,0.0,"{""athletic shorts"": false, ""sneakers"": false}","{""athletic shorts=black"": false, ""sneakers=white"": false}","{""XARA"": false}"
MB080,flux,es,5,5,1.0,"{""athletic shorts"": true, ""sneakers"": true}","{""athletic shorts=black"": true, ""sneakers=white"": true}","{""XARA"": true}"
MB081,sd15,es,5,3,0.6,"{""canvas tote bag"": true, ""paperback book"": true}","{""canvas tote bag=beige"": true, ""paperback book=white"": false}","{""YARN"": false}"
MB081,flux,es,5,5,1.0,"{""canvas tote bag"": true, ""paperback book"": true}","{""canvas tote bag=beige"": true, ""paperback book=white"": true}","{""YARN"": true}"
MB082,sd15,es,5,2,0.4,"{""trench coat"": true, ""umbrella"": false}","{""trench coat=beige"": true, ""umbrella=black"": false}","{""ZOLA"": false}"
MB082,flux,es,5,2,0.4,"{""trench coat"": false, ""umbrella"": false}","{""trench coat=beige"": true, ""umbrella=black"": false}","{""ZOLA"": true}"
MB083,sd15,es,5,1,0.2,"{""cycling shorts"": false, ""cycling helmet"": false}","{""cycling shorts=black"": true, ""cycling helmet=white"": false}","{""AEON"": false}"
MB083,flux,es,5,3,0.6,"{""cycling shorts"": false, ""cycling helmet"": true}","{""cycling shorts=black"": false, ""cycling helmet=white"": true}","{""AEON"": true}"
MB084,sd15,es,5,3,0.6,"{""leather wallet"": true, ""coins"": false}","{""leather wallet=black"": true, ""coins=silver"": true}","{""BRIM"": false}"
MB084,flux,es,5,2,0.4,"{""leather wallet"": false, ""coins"": true}","{""leather wallet=black"": true, ""coins=silver"": false}","{""BRIM"": false}"
MB085,sd15,es,5,2,0.4,"{""beanie hat"": true, ""jacket"": true}","{""beanie hat=gray"": false, ""jacket=navy"": false}","{""CORD"": false}"
MB085,flux,es,5,2,0.4,"{""beanie hat"": false, ""jacket"": true}","{""beanie hat=gray"": false, ""jacket=navy"": true}","{""CORD"": false}"
MB086,sd15,es,5,0,0.0,"{""platform heels"": false, ""clutch bag"": false}","{""platform heels=black"": false, ""clutch bag=red"": false}","{""DUSK"": false}"
MB086,flux,es,5,4,0.8,"{""platform heels"": true, ""clutch bag"": true}","{""platform heels=black"": true, ""clutch bag=red"": true}","{""DUSK"": false}"
MB087,sd15,es,5,4,0.8,"{""cargo pants"": true, ""leather boots"": true}","{""cargo pants=green"": true, ""leather boots=brown"": true}","{""ZYLO"": false}"
MB087,flux,es,5,4,0.8,"{""cargo pants"": false, ""leather boots"": true}","{""cargo pants=green"": true, ""leather boots=brown"": true}","{""ZYLO"": true}"
MB088,sd15,es,5,0,0.0,"{""silk tie"": false, ""dress shirt"": false}","{""silk tie=navy"": false, ""dress shirt=white"": false}","{""FINN"": false}"
MB088,flux,es,5,3,0.6,"{""silk tie"": false, ""dress shirt"": true}","{""silk tie=navy"": true, ""dress shirt=white"": false}","{""FINN"": true}"
MB089,sd15,es,5,1,0.2,"{""gym leggings"": false, ""sports shoes"": true}","{""gym leggings=purple"": false, ""sports shoes=white"": false}","{""GILD"": false}"
MB089,flux,es,5,2,0.4,"{""gym leggings"": true, ""sports shoes"": true}","{""gym leggings=purple"": false, ""sports shoes=white"": false}","{""GILD"": false}"
MB090,sd15,es,5,1,0.2,"{""leather sandals"": false, ""straw beach hat"": true}","{""leather sandals=tan"": false, ""straw beach hat=white"": false}","{""HAZE"": false}"
MB090,flux,es,5,4,0.8,"{""leather sandals"": true, ""straw beach hat"": true}","{""leather sandals=tan"": true, ""straw beach hat=white"": true}","{""HAZE"": false}"
MB091,sd15,es,5,1,0.2,"{""sports car"": true, ""racing helmet"": false}","{""sports car=red"": false, ""racing helmet=white"": false}","{""TORQ"": false}"
MB091,flux,es,5,2,0.4,"{""sports car"": true, ""racing helmet"": false}","{""sports car=red"": true, ""racing helmet=white"": false}","{""TORQ"": false}"
MB092,sd15,es,5,4,0.8,"{""electric car"": true, ""charging cable"": true}","{""electric car=white"": true, ""charging cable=green"": true}","{""RUSH"": false}"
MB092,flux,es,5,5,1.0,"{""electric car"": true, ""charging cable"": true}","{""electric car=white"": true, ""charging cable=green"": true}","{""RUSH"": true}"
MB093,sd15,es,5,2,0.4,"{""SUV"": true, ""roof rack"": false}","{""SUV=black"": true, ""roof rack=silver"": false}","{""FORGE"": false}"
MB093,flux,es,5,4,0.8,"{""SUV"": true, ""roof rack"": true}","{""SUV=black"": true, ""roof rack=silver"": false}","{""FORGE"": true}"
MB094,sd15,es,5,2,0.4,"{""motorcycle"": true, ""helmet"": false}","{""motorcycle=black"": true, ""helmet=white"": false}","{""HELIX"": false}"
MB094,flux,es,5,3,0.6,"{""motorcycle"": true, ""helmet"": true}","{""motorcycle=black"": false, ""helmet=white"": true}","{""HELIX"": false}"
MB095,sd15,es,5,2,0.4,"{""sports car"": false, ""tire"": false}","{""sports car=blue"": true, ""tire=black"": true}","{""JOLT"": false}"
MB095,flux,es,5,3,0.6,"{""sports car"": true, ""tire"": false}","{""sports car=blue"": true, ""tire=black"": true}","{""JOLT"": false}"
MB096,sd15,es,5,2,0.4,"{""pickup truck"": true, ""toolbox"": false}","{""pickup truck=orange"": true, ""toolbox=black"": false}","{""KINETIC"": false}"
MB096,flux,es,5,3,0.6,"{""pickup truck"": false, ""toolbox"": false}","{""pickup truck=orange"": true, ""toolbox=black"": true}","{""KINETIC"": true}"
MB097,sd15,es,5,3,0.6,"{""electric scooter"": true, ""safety helmet"": false}","{""electric scooter=white"": true, ""safety helmet=black"": true}","{""LAUNCH"": false}"
MB097,flux,es,5,0,0.0,"{""electric scooter"": false, ""safety helmet"": false}","{""electric scooter=white"": false, ""safety helmet=black"": false}","{""LAUNCH"": false}"
MB098,sd15,es,5,2,0.4,"{""city car"": true, ""parking sign"": false}","{""city car=silver"": true, ""parking sign=white"": false}","{""MOTION"": false}"
MB098,flux,es,5,1,0.2,"{""city car"": true, ""parking sign"": false}","{""city car=silver"": false, ""parking sign=white"": false}","{""MOTION"": false}"
MB099,sd15,es,5,1,0.2,"{""convertible car"": false, ""car key"": false}","{""convertible car=yellow"": true, ""car key=silver"": false}","{""PULSE"": false}"
MB099,flux,es,5,1,0.2,"{""convertible car"": false, ""car key"": false}","{""convertible car=yellow"": true, ""car key=silver"": false}","{""PULSE"": false}"
MB100,sd15,es,5,1,0.2,"{""hybrid car"": false, ""solar panel"": false}","{""hybrid car=green"": true, ""solar panel=navy"": false}","{""QUEST"": false}"
MB100,flux,es,5,2,0.4,"{""hybrid car"": false, ""solar panel"": true}","{""hybrid car=green"": true, ""solar panel=navy"": false}","{""QUEST"": false}"
MB101,sd15,es,5,1,0.2,"{""racing car"": true, ""checkered flag"": false}","{""racing car=red"": false, ""checkered flag=black"": false}","{""RACER"": false}"
MB101,flux,es,5,2,0.4,"{""racing car"": true, ""checkered flag"": false}","{""racing car=red"": true, ""checkered flag=black"": false}","{""RACER"": false}"
MB102,sd15,es,5,2,0.4,"{""sports motorcycle"": false, ""racing gloves"": true}","{""sports motorcycle=silver"": false, ""racing gloves=black"": true}","{""SPEED"": false}"
MB102,flux,es,5,5,1.0,"{""sports motorcycle"": true, ""racing gloves"": true}","{""sports motorcycle=silver"": true, ""racing gloves=black"": true}","{""SPEED"": true}"
MB103,sd15,es,5,0,0.0,"{""family sedan"": false, ""child seat"": false}","{""family sedan=white"": false, ""child seat=black"": false}","{""THRUST"": false}"
MB103,flux,es,5,1,0.2,"{""family sedan"": false, ""child seat"": false}","{""family sedan=white"": false, ""child seat=black"": true}","{""THRUST"": false}"
MB104,sd15,es,5,0,0.0,"{""off-road vehicle"": false, ""spare tire"": false}","{""off-road vehicle=brown"": false, ""spare tire=black"": false}","{""VEER"": false}"
MB104,flux,es,5,1,0.2,"{""off-road vehicle"": false, ""spare tire"": false}","{""off-road vehicle=brown"": false, ""spare tire=black"": true}","{""VEER"": false}"
MB105,sd15,es,5,0,0.0,"{""sedan"": false, ""key fob"": false}","{""sedan=black"": false, ""key fob=gold"": false}","{""WARP"": false}"
MB105,flux,es,5,1,0.2,"{""sedan"": false, ""key fob"": false}","{""sedan=black"": false, ""key fob=gold"": false}","{""WARP"": true}"
MB106,sd15,es,5,1,0.2,"{""electric bicycle"": false, ""charging cable"": false}","{""electric bicycle=white"": true, ""charging cable=black"": false}","{""XCEL"": false}"
MB106,flux,es,5,2,0.4,"{""electric bicycle"": true, ""charging cable"": false}","{""electric bicycle=white"": true, ""charging cable=black"": false}","{""XCEL"": false}"
MB107,sd15,es,5,1,0.2,"{""racing car"": false, ""trophy"": false}","{""racing car=red"": true, ""trophy=gold"": false}","{""YOKE"": false}"
MB107,flux,es,5,4,0.8,"{""racing car"": true, ""trophy"": true}","{""racing car=red"": true, ""trophy=gold"": true}","{""YOKE"": false}"
MB108,sd15,es,5,1,0.2,"{""delivery van"": false, ""cardboard box"": false}","{""delivery van=white"": true, ""cardboard box=brown"": false}","{""ZOOM"": false}"
MB108,flux,es,5,2,0.4,"{""delivery van"": false, ""cardboard box"": true}","{""delivery van=white"": false, ""cardboard box=brown"": true}","{""ZOOM"": false}"
MB109,sd15,es,5,2,0.4,"{""campervan"": true, ""camping tent"": false}","{""campervan=beige"": true, ""camping tent=green"": false}","{""ALPHA"": false}"
MB109,flux,es,5,3,0.6,"{""campervan"": true, ""camping tent"": false}","{""campervan=beige"": true, ""camping tent=green"": false}","{""ALPHA"": true}"
MB110,sd15,es,5,2,0.4,"{""vintage car"": true, ""fuel pump"": false}","{""vintage car=blue"": true, ""fuel pump=silver"": false}","{""BRAVO"": false}"
MB110,flux,es,5,4,0.8,"{""vintage car"": true, ""fuel pump"": true}","{""vintage car=blue"": true, ""fuel pump=silver"": false}","{""BRAVO"": true}"
MB111,sd15,es,5,1,0.2,"{""sports hatchback"": false, ""roof rack"": false}","{""sports hatchback=black"": true, ""roof rack=silver"": false}","{""TORVEX"": false}"
MB111,flux,es,5,4,0.8,"{""sports hatchback"": true, ""roof rack"": true}","{""sports hatchback=black"": true, ""roof rack=silver"": false}","{""TORVEX"": true}"
MB112,sd15,es,5,2,0.4,"{""police car"": true, ""siren light"": false}","{""police car=white"": true, ""siren light=red"": false}","{""DELTA"": false}"
MB112,flux,es,5,4,0.8,"{""police car"": true, ""siren light"": true}","{""police car=white"": true, ""siren light=red"": true}","{""DELTA"": false}"
MB113,sd15,es,5,0,0.0,"{""school bus"": false, ""stop sign"": false}","{""school bus=yellow"": false, ""stop sign=red"": false}","{""EAGLE"": false}"
MB113,flux,es,5,5,1.0,"{""school bus"": true, ""stop sign"": true}","{""school bus=yellow"": true, ""stop sign=red"": true}","{""EAGLE"": true}"
MB114,sd15,es,5,0,0.0,"{""fire truck"": false, ""fire hose"": false}","{""fire truck=red"": false, ""fire hose=yellow"": false}","{""FOXTROT"": false}"
MB114,flux,es,5,3,0.6,"{""fire truck"": true, ""fire hose"": false}","{""fire truck=red"": true, ""fire hose=yellow"": false}","{""FOXTROT"": true}"
MB115,sd15,es,5,0,0.0,"{""limousine"": false, ""red carpet"": false}","{""limousine=black"": false, ""red carpet=red"": false}","{""GRAND"": false}"
MB115,flux,es,5,4,0.8,"{""limousine"": false, ""red carpet"": true}","{""limousine=black"": true, ""red carpet=red"": true}","{""GRAND"": true}"
MB116,sd15,es,5,0,0.0,"{""all-terrain vehicle"": false, ""snow chains"": false}","{""all-terrain vehicle=gray"": false, ""snow chains=silver"": false}","{""HOUND"": false}"
MB116,flux,es,5,3,0.6,"{""all-terrain vehicle"": true, ""snow chains"": false}","{""all-terrain vehicle=gray"": true, ""snow chains=silver"": false}","{""HOUND"": true}"
MB117,sd15,es,5,2,0.4,"{""motorcycle"": true, ""saddlebags"": false}","{""motorcycle=black"": false, ""saddlebags=brown"": true}","{""IRON"": false}"
MB117,flux,es,5,2,0.4,"{""motorcycle"": true, ""saddlebags"": false}","{""motorcycle=black"": true, ""saddlebags=brown"": false}","{""IRON"": false}"
MB118,sd15,es,5,0,0.0,"{""armored SUV"": false, ""radio antenna"": false}","{""armored SUV=green"": false, ""radio antenna=black"": false}","{""VANTIS"": false}"
MB118,flux,es,5,3,0.6,"{""armored SUV"": false, ""radio antenna"": true}","{""armored SUV=green"": false, ""radio antenna=black"": true}","{""VANTIS"": true}"
MB119,sd15,es,5,0,0.0,"{""micro car"": false, ""city map"": false}","{""micro car=red"": false, ""city map=white"": false}","{""KILO"": false}"
MB119,flux,es,5,5,1.0,"{""micro car"": true, ""city map"": true}","{""micro car=red"": true, ""city map=white"": true}","{""KILO"": true}"
MB120,sd15,es,5,2,0.4,"{""superbike"": true, ""track cone"": false}","{""superbike=orange"": true, ""track cone=black"": false}","{""LANCE"": false}"
MB120,flux,es,5,3,0.6,"{""superbike"": true, ""track cone"": false}","{""superbike=orange"": true, ""track cone=black"": false}","{""LANCE"": true}"
MB121,sd15,es,5,0,0.0,"{""yoga mat"": false, ""water bottle"": false}","{""yoga mat=purple"": false, ""water bottle=silver"": false}","{""ZENITH"": false}"
MB121,flux,es,5,1,0.2,"{""yoga mat"": false, ""water bottle"": true}","{""yoga mat=purple"": false, ""water bottle=silver"": false}","{""ZENITH"": false}"
MB122,sd15,es,5,3,0.6,"{""supplement bottle"": true, ""capsules"": true}","{""supplement bottle=white"": false, ""capsules=orange"": true}","{""REVIVE"": false}"
MB122,flux,es,5,5,1.0,"{""supplement bottle"": true, ""capsules"": true}","{""supplement bottle=white"": true, ""capsules=orange"": true}","{""REVIVE"": true}"
MB123,sd15,es,5,1,0.2,"{""gym bag"": false, ""towel"": false}","{""gym bag=black"": false, ""towel=white"": true}","{""BOOST"": false}"
MB123,flux,es,5,5,1.0,"{""gym bag"": true, ""towel"": true}","{""gym bag=black"": true, ""towel=white"": true}","{""BOOST"": true}"
MB124,sd15,es,5,0,0.0,"{""face cream jar"": false, ""flowers"": false}","{""face cream jar=white"": false, ""flowers=pink"": false}","{""AURA"": false}"
MB124,flux,es,5,5,1.0,"{""face cream jar"": true, ""flowers"": true}","{""face cream jar=white"": true, ""flowers=pink"": true}","{""AURA"": true}"
MB125,sd15,es,5,1,0.2,"{""protein shaker"": false, ""dumbbell"": false}","{""protein shaker=black"": true, ""dumbbell=silver"": false}","{""PEAK"": false}"
MB125,flux,es,5,1,0.2,"{""protein shaker"": false, ""dumbbell"": false}","{""protein shaker=black"": false, ""dumbbell=silver"": false}","{""PEAK"": true}"
MB126,sd15,es,5,2,0.4,"{""meditation cushion"": true, ""candle"": false}","{""meditation cushion=purple"": true, ""candle=white"": false}","{""CALM"": false}"
MB126,flux,es,5,4,0.8,"{""meditation cushion"": false, ""candle"": true}","{""meditation cushion=purple"": true, ""candle=white"": true}","{""CALM"": true}"
MB127,sd15,es,5,3,0.6,"{""foam roller"": false, ""yoga mat"": true}","{""foam roller=blue"": true, ""yoga mat=purple"": true}","{""ALIGN"": false}"
MB127,flux,es,5,2,0.4,"{""foam roller"": false, ""yoga mat"": false}","{""foam roller=blue"": true, ""yoga mat=purple"": false}","{""ALIGN"": true}"
MB128,sd15,es,5,1,0.2,"{""resistance bands"": false, ""water bottle"": false}","{""resistance bands=red"": true, ""water bottle=black"": false}","{""TENZO"": false}"
MB128,flux,es,5,3,0.6,"{""resistance bands"": false, ""water bottle"": true}","{""resistance bands=red"": false, ""water bottle=black"": true}","{""TENZO"": true}"
MB129,sd15,es,5,0,0.0,"{""essential oil bottle"": false, ""ceramic diffuser"": false}","{""essential oil bottle=brown"": false, ""ceramic diffuser=white"": false}","{""TERRA"": false}"
MB129,flux,es,5,2,0.4,"{""essential oil bottle"": false, ""ceramic diffuser"": false}","{""essential oil bottle=brown"": false, ""ceramic diffuser=white"": true}","{""TERRA"": true}"
MB130,sd15,es,5,2,0.4,"{""sleep mask"": false, ""pillow"": true}","{""sleep mask=black"": false, ""pillow=white"": true}","{""REST"": false}"
MB130,flux,es,5,3,0.6,"{""sleep mask"": false, ""pillow"": true}","{""sleep mask=black"": false, ""pillow=white"": true}","{""REST"": true}"
MB131,sd15,es,5,4,0.8,"{""journal"": true, ""pen"": true}","{""journal=white"": true, ""pen=black"": true}","{""RYNTH"": false}"
MB131,flux,es,5,4,0.8,"{""journal"": false, ""pen"": true}","{""journal=white"": true, ""pen=black"": true}","{""RYNTH"": true}"
MB132,sd15,es,5,1,0.2,"{""fitness watch"": false, ""smartphone"": false}","{""fitness watch=black"": true, ""smartphone=white"": false}","{""TRACE"": false}"
MB132,flux,es,5,4,0.8,"{""fitness watch"": true, ""smartphone"": true}","{""fitness watch=black"": true, ""smartphone=white"": true}","{""TRACE"": false}"
MB133,sd15,es,5,0,0.0,"{""massage gun"": false, ""charging base"": false}","{""massage gun=black"": false, ""charging base=white"": false}","{""EASE"": false}"
MB133,flux,es,5,1,0.2,"{""massage gun"": false, ""charging base"": false}","{""massage gun=black"": false, ""charging base=white"": true}","{""EASE"": false}"
MB134,sd15,es,5,1,0.2,"{""collagen powder jar"": false, ""glass"": true}","{""collagen powder jar=white"": false, ""glass=pink"": false}","{""RENEW"": false}"
MB134,flux,es,5,3,0.6,"{""collagen powder jar"": true, ""glass"": false}","{""collagen powder jar=white"": false, ""glass=pink"": true}","{""RENEW"": true}"
MB135,sd15,es,5,0,0.0,"{""thermos"": false, ""trail mix bag"": false}","{""thermos=green"": false, ""trail mix bag=brown"": false}","{""VOXA"": false}"
MB135,flux,es,5,2,0.4,"{""thermos"": false, ""trail mix bag"": false}","{""thermos=green"": true, ""trail mix bag=brown"": false}","{""VOXA"": true}"
MB136,sd15,es,5,1,0.2,"{""smoothie bowl"": false, ""spoon"": false}","{""smoothie bowl=yellow"": true, ""spoon=silver"": false}","{""VIVID"": false}"
MB136,flux,es,5,2,0.4,"{""smoothie bowl"": false, ""spoon"": false}","{""smoothie bowl=yellow"": true, ""spoon=silver"": false}","{""VIVID"": true}"
MB137,sd15,es,5,1,0.2,"{""sunscreen bottle"": false, ""beach towel"": true}","{""sunscreen bottle=white"": false, ""beach towel=orange"": false}","{""SHIELD"": false}"
MB137,flux,es,5,3,0.6,"{""sunscreen bottle"": false, ""beach towel"": true}","{""sunscreen bottle=white"": true, ""beach towel=orange"": true}","{""SHIELD"": false}"
MB138,sd15,es,5,1,0.2,"{""vitamin bottle"": false, ""blister pack"": false}","{""vitamin bottle=orange"": true, ""blister pack=silver"": false}","{""VITAL"": false}"
MB138,flux,es,5,2,0.4,"{""vitamin bottle"": true, ""blister pack"": false}","{""vitamin bottle=orange"": true, ""blister pack=silver"": false}","{""VITAL"": false}"
MB139,sd15,es,5,0,0.0,"{""balance board"": false, ""sneakers"": false}","{""balance board=teal"": false, ""sneakers=white"": false}","{""CORE"": false}"
MB139,flux,es,5,3,0.6,"{""balance board"": false, ""sneakers"": true}","{""balance board=teal"": false, ""sneakers=white"": true}","{""CORE"": true}"
MB140,sd15,es,5,1,0.2,"{""ice roller"": false, ""face serum bottle"": true}","{""ice roller=white"": false, ""face serum bottle=gold"": false}","{""CHILL"": false}"
MB140,flux,es,5,1,0.2,"{""ice roller"": false, ""face serum bottle"": false}","{""ice roller=white"": true, ""face serum bottle=gold"": false}","{""CHILL"": false}"
MB141,sd15,es,5,3,0.6,"{""towel"": true, ""water bottle"": true}","{""towel=white"": true, ""water bottle=black"": false}","{""STEAM"": false}"
MB141,flux,es,5,5,1.0,"{""towel"": true, ""water bottle"": true}","{""towel=white"": true, ""water bottle=black"": true}","{""STEAM"": true}"
MB142,sd15,es,5,2,0.4,"{""acupressure mat"": false, ""pillow"": true}","{""acupressure mat=purple"": false, ""pillow=white"": true}","{""PRESS"": false}"
MB142,flux,es,5,3,0.6,"{""acupressure mat"": false, ""pillow"": true}","{""acupressure mat=purple"": false, ""pillow=white"": true}","{""PRESS"": true}"
MB143,sd15,es,5,1,0.2,"{""nutrition bar"": false, ""water bottle"": true}","{""nutrition bar=green"": false, ""water bottle=silver"": false}","{""FUEL"": false}"
MB143,flux,es,5,2,0.4,"{""nutrition bar"": false, ""water bottle"": true}","{""nutrition bar=green"": false, ""water bottle=silver"": false}","{""FUEL"": true}"
MB144,sd15,es,5,0,0.0,"{""protein powder bag"": false, ""shaker bottle"": false}","{""protein powder bag=black"": false, ""shaker bottle=red"": false}","{""MASS"": false}"
MB144,flux,es,5,5,1.0,"{""protein powder bag"": true, ""shaker bottle"": true}","{""protein powder bag=black"": true, ""shaker bottle=red"": true}","{""MASS"": true}"
MB145,sd15,es,5,0,0.0,"{""eye cream tube"": false, ""handheld mirror"": false}","{""eye cream tube=white"": false, ""handheld mirror=gold"": false}","{""LUMI"": false}"
MB145,flux,es,5,3,0.6,"{""eye cream tube"": false, ""handheld mirror"": true}","{""eye cream tube=white"": false, ""handheld mirror=gold"": true}","{""LUMI"": true}"
MB146,sd15,es,5,3,0.6,"{""stretching strap"": false, ""yoga mat"": true}","{""stretching strap=blue"": true, ""yoga mat=purple"": true}","{""EXTEND"": false}"
MB146,flux,es,5,2,0.4,"{""stretching strap"": false, ""yoga mat"": false}","{""stretching strap=blue"": true, ""yoga mat=purple"": false}","{""EXTEND"": true}"
MB147,sd15,es,5,1,0.2,"{""supplement bottle"": false, ""moon lamp"": false}","{""supplement bottle=white"": false, ""moon lamp=silver"": false}","{""DRIFT"": true}"
MB147,flux,es,5,3,0.6,"{""supplement bottle"": false, ""moon lamp"": true}","{""supplement bottle=white"": true, ""moon lamp=silver"": false}","{""DRIFT"": true}"
MB148,sd15,es,5,2,0.4,"{""hydration vest"": false, ""trail running shoes"": true}","{""hydration vest=blue"": false, ""trail running shoes=orange"": true}","{""PACE"": false}"
MB148,flux,es,5,3,0.6,"{""hydration vest"": false, ""trail running shoes"": true}","{""hydration vest=blue"": false, ""trail running shoes=orange"": true}","{""PACE"": true}"
MB149,sd15,es,5,2,0.4,"{""incense holder"": true, ""meditation beads"": false}","{""incense holder=black"": false, ""meditation beads=brown"": true}","{""SERENE"": false}"
MB149,flux,es,5,2,0.4,"{""incense holder"": false, ""meditation beads"": false}","{""incense holder=black"": true, ""meditation beads=brown"": false}","{""SERENE"": true}"
MB150,sd15,es,5,1,0.2,"{""cold plunge tub"": false, ""towel"": true}","{""cold plunge tub=white"": false, ""towel=blue"": false}","{""POLAR"": false}"
MB150,flux,es,5,4,0.8,"{""cold plunge tub"": false, ""towel"": true}","{""cold plunge tub=white"": true, ""towel=blue"": true}","{""POLAR"": true}"
