timestamp,model,language,prompt_id,seed,status,output_path,error,duration_s
2026-06-07T18:40:50.722526,sd15,en,DB001,42,SUCCESS,data\generated_images\phase1b\sd15\en\DB001_seed42.png,,4.94
2026-06-07T18:40:53.314833,sd15,en,DB002,42,SUCCESS,data\generated_images\phase1b\sd15\en\DB002_seed42.png,,2.59
2026-06-07T18:40:56.208809,sd15,en,DB003,42,SUCCESS,data\generated_images\phase1b\sd15\en\DB003_seed42.png,,2.89
2026-06-07T18:40:58.847371,sd15,en,DB004,42,SUCCESS,data\generated_images\phase1b\sd15\en\DB004_seed42.png,,2.64
2026-06-07T18:41:01.547185,sd15,en,DB005,42,SUCCESS,data\generated_images\phase1b\sd15\en\DB005_seed42.png,,2.7
2026-06-07T18:41:04.023429,sd15,en,DB006,42,SUCCESS,data\generated_images\phase1b\sd15\en\DB006_seed42.png,,2.47
2026-06-07T18:41:06.488740,sd15,en,DB007,42,SUCCESS,data\generated_images\phase1b\sd15\en\DB007_seed42.png,,2.46
2026-06-07T18:41:09.152559,sd15,en,DB008,42,SUCCESS,data\generated_images\phase1b\sd15\en\DB008_seed42.png,,2.66
2026-06-07T18:41:12.001789,sd15,en,DB009,42,SUCCESS,data\generated_images\phase1b\sd15\en\DB009_seed42.png,,2.85
2026-06-07T18:41:16.628198,sd15,en,DB010,42,SUCCESS,data\generated_images\phase1b\sd15\en\DB010_seed42.png,,4.55
2026-06-07T18:41:19.195694,sd15,en,DB011,42,SUCCESS,data\generated_images\phase1b\sd15\en\DB011_seed42.png,,2.57
2026-06-07T18:41:21.156982,sd15,en,DB012,42,FAIL,,"NSFW flag: NSFW content detected. Try running it again, or try a different prompt.",1.96
2026-06-07T18:41:23.896409,sd15,en,DB013,42,SUCCESS,data\generated_images\phase1b\sd15\en\DB013_seed42.png,,2.74
2026-06-07T18:41:26.515341,sd15,en,DB014,42,SUCCESS,data\generated_images\phase1b\sd15\en\DB014_seed42.png,,2.62
2026-06-07T18:41:29.272402,sd15,en,DB015,42,SUCCESS,data\generated_images\phase1b\sd15\en\DB015_seed42.png,,2.76
2026-06-07T18:41:32.112553,sd15,en,DB016,42,SUCCESS,data\generated_images\phase1b\sd15\en\DB016_seed42.png,,2.84
2026-06-07T18:41:33.773606,sd15,en,DB017,42,FAIL,,"NSFW flag: NSFW content detected. Try running it again, or try a different prompt.",1.66
2026-06-07T18:41:36.255108,sd15,en,DB018,42,SUCCESS,data\generated_images\phase1b\sd15\en\DB018_seed42.png,,2.48
2026-06-07T18:41:39.386428,sd15,en,DB019,42,SUCCESS,data\generated_images\phase1b\sd15\en\DB019_seed42.png,,3.13
2026-06-07T18:41:43.220312,sd15,en,DB020,42,SUCCESS,data\generated_images\phase1b\sd15\en\DB020_seed42.png,,3.83
2026-06-07T18:41:45.722230,sd15,en,DB021,42,SUCCESS,data\generated_images\phase1b\sd15\en\DB021_seed42.png,,2.5
2026-06-07T18:41:48.513781,sd15,en,DB022,42,SUCCESS,data\generated_images\phase1b\sd15\en\DB022_seed42.png,,2.79
2026-06-07T18:41:51.024152,sd15,en,DB023,42,SUCCESS,data\generated_images\phase1b\sd15\en\DB023_seed42.png,,2.51
2026-06-07T18:41:53.519326,sd15,en,DB024,42,SUCCESS,data\generated_images\phase1b\sd15\en\DB024_seed42.png,,2.49
2026-06-07T18:41:55.945280,sd15,en,DB025,42,SUCCESS,data\generated_images\phase1b\sd15\en\DB025_seed42.png,,2.42
2026-06-07T18:41:58.460607,sd15,en,DB026,42,SUCCESS,data\generated_images\phase1b\sd15\en\DB026_seed42.png,,2.51
2026-06-07T18:42:00.785445,sd15,en,DB027,42,SUCCESS,data\generated_images\phase1b\sd15\en\DB027_seed42.png,,2.32
2026-06-07T18:42:03.260306,sd15,en,DB028,42,SUCCESS,data\generated_images\phase1b\sd15\en\DB028_seed42.png,,2.47
2026-06-07T18:42:05.621448,sd15,en,DB029,42,SUCCESS,data\generated_images\phase1b\sd15\en\DB029_seed42.png,,2.36
2026-06-07T18:42:08.202789,sd15,en,DB030,42,SUCCESS,data\generated_images\phase1b\sd15\en\DB030_seed42.png,,2.58
2026-06-07T18:42:10.683385,sd15,en,DB031,42,SUCCESS,data\generated_images\phase1b\sd15\en\DB031_seed42.png,,2.48
2026-06-07T18:42:13.026923,sd15,en,DB032,42,SUCCESS,data\generated_images\phase1b\sd15\en\DB032_seed42.png,,2.34
2026-06-07T18:42:15.555660,sd15,en,DB033,42,SUCCESS,data\generated_images\phase1b\sd15\en\DB033_seed42.png,,2.53
2026-06-07T18:42:18.108292,sd15,en,DB034,42,SUCCESS,data\generated_images\phase1b\sd15\en\DB034_seed42.png,,2.55
2026-06-07T18:42:20.421845,sd15,en,DB035,42,SUCCESS,data\generated_images\phase1b\sd15\en\DB035_seed42.png,,2.31
2026-06-07T18:42:22.963515,sd15,en,DB036,42,SUCCESS,data\generated_images\phase1b\sd15\en\DB036_seed42.png,,2.54
2026-06-07T18:42:25.425244,sd15,en,DB037,42,SUCCESS,data\generated_images\phase1b\sd15\en\DB037_seed42.png,,2.46
2026-06-07T18:42:27.909243,sd15,en,DB038,42,SUCCESS,data\generated_images\phase1b\sd15\en\DB038_seed42.png,,2.48
2026-06-07T18:42:30.318366,sd15,en,DB039,42,SUCCESS,data\generated_images\phase1b\sd15\en\DB039_seed42.png,,2.41
2026-06-07T18:42:37.881286,sd15,en,DB040,42,SUCCESS,data\generated_images\phase1b\sd15\en\DB040_seed42.png,,7.56
2026-06-07T18:42:41.456187,sd15,en,DB041,42,SUCCESS,data\generated_images\phase1b\sd15\en\DB041_seed42.png,,3.57
2026-06-07T18:42:44.149276,sd15,en,DB042,42,SUCCESS,data\generated_images\phase1b\sd15\en\DB042_seed42.png,,2.69
2026-06-07T18:42:46.703911,sd15,en,DB043,42,SUCCESS,data\generated_images\phase1b\sd15\en\DB043_seed42.png,,2.55
2026-06-07T18:42:49.205257,sd15,en,DB044,42,SUCCESS,data\generated_images\phase1b\sd15\en\DB044_seed42.png,,2.5
2026-06-07T18:42:51.857702,sd15,en,DB045,42,SUCCESS,data\generated_images\phase1b\sd15\en\DB045_seed42.png,,2.65
2026-06-07T18:42:54.401927,sd15,en,DB046,42,SUCCESS,data\generated_images\phase1b\sd15\en\DB046_seed42.png,,2.54
2026-06-07T18:42:56.926995,sd15,en,DB047,42,SUCCESS,data\generated_images\phase1b\sd15\en\DB047_seed42.png,,2.52
2026-06-07T18:42:59.708654,sd15,en,DB048,42,SUCCESS,data\generated_images\phase1b\sd15\en\DB048_seed42.png,,2.78
2026-06-07T18:43:02.249109,sd15,en,DB049,42,SUCCESS,data\generated_images\phase1b\sd15\en\DB049_seed42.png,,2.54
2026-06-07T18:43:04.687991,sd15,en,DB050,42,SUCCESS,data\generated_images\phase1b\sd15\en\DB050_seed42.png,,2.44
2026-06-07T18:43:07.337715,sd15,en,GB001,42,SUCCESS,data\generated_images\phase1b\sd15\en\GB001_seed42.png,,2.65
2026-06-07T18:43:10.295370,sd15,en,GB002,42,SUCCESS,data\generated_images\phase1b\sd15\en\GB002_seed42.png,,2.96
2026-06-07T18:43:12.985340,sd15,en,GB003,42,SUCCESS,data\generated_images\phase1b\sd15\en\GB003_seed42.png,,2.69
2026-06-07T18:43:15.373418,sd15,en,GB004,42,SUCCESS,data\generated_images\phase1b\sd15\en\GB004_seed42.png,,2.39
2026-06-07T18:43:17.901960,sd15,en,GB005,42,SUCCESS,data\generated_images\phase1b\sd15\en\GB005_seed42.png,,2.53
2026-06-07T18:43:20.386599,sd15,en,GB006,42,SUCCESS,data\generated_images\phase1b\sd15\en\GB006_seed42.png,,2.48
2026-06-07T18:43:22.869376,sd15,en,GB007,42,SUCCESS,data\generated_images\phase1b\sd15\en\GB007_seed42.png,,2.48
2026-06-07T18:43:25.698368,sd15,en,GB008,42,SUCCESS,data\generated_images\phase1b\sd15\en\GB008_seed42.png,,2.83
2026-06-07T18:43:28.520754,sd15,en,GB009,42,SUCCESS,data\generated_images\phase1b\sd15\en\GB009_seed42.png,,2.82
2026-06-07T18:43:31.017012,sd15,en,GB010,42,SUCCESS,data\generated_images\phase1b\sd15\en\GB010_seed42.png,,2.49
2026-06-07T18:43:33.567492,sd15,en,GB011,42,SUCCESS,data\generated_images\phase1b\sd15\en\GB011_seed42.png,,2.55
2026-06-07T18:43:36.047227,sd15,en,GB012,42,SUCCESS,data\generated_images\phase1b\sd15\en\GB012_seed42.png,,2.48
2026-06-07T18:43:38.591193,sd15,en,GB013,42,SUCCESS,data\generated_images\phase1b\sd15\en\GB013_seed42.png,,2.54
2026-06-07T18:43:41.056257,sd15,en,GB014,42,SUCCESS,data\generated_images\phase1b\sd15\en\GB014_seed42.png,,2.46
2026-06-07T18:43:43.619190,sd15,en,GB015,42,SUCCESS,data\generated_images\phase1b\sd15\en\GB015_seed42.png,,2.56
2026-06-07T18:43:46.108161,sd15,en,GB016,42,SUCCESS,data\generated_images\phase1b\sd15\en\GB016_seed42.png,,2.49
2026-06-07T18:43:48.665239,sd15,en,GB017,42,SUCCESS,data\generated_images\phase1b\sd15\en\GB017_seed42.png,,2.55
2026-06-07T18:43:51.248725,sd15,en,GB018,42,SUCCESS,data\generated_images\phase1b\sd15\en\GB018_seed42.png,,2.58
2026-06-07T18:43:53.795272,sd15,en,GB019,42,SUCCESS,data\generated_images\phase1b\sd15\en\GB019_seed42.png,,2.55
2026-06-07T18:43:56.149004,sd15,en,GB020,42,SUCCESS,data\generated_images\phase1b\sd15\en\GB020_seed42.png,,2.35
2026-06-07T18:43:58.735764,sd15,en,GB021,42,SUCCESS,data\generated_images\phase1b\sd15\en\GB021_seed42.png,,2.59
2026-06-07T18:44:01.192323,sd15,en,GB022,42,SUCCESS,data\generated_images\phase1b\sd15\en\GB022_seed42.png,,2.45
2026-06-07T18:44:03.578211,sd15,en,GB023,42,SUCCESS,data\generated_images\phase1b\sd15\en\GB023_seed42.png,,2.38
2026-06-07T18:44:06.035176,sd15,en,GB024,42,SUCCESS,data\generated_images\phase1b\sd15\en\GB024_seed42.png,,2.45
2026-06-07T18:44:08.844227,sd15,en,GB025,42,SUCCESS,data\generated_images\phase1b\sd15\en\GB025_seed42.png,,2.81
2026-06-07T18:44:11.318129,sd15,en,GB026,42,SUCCESS,data\generated_images\phase1b\sd15\en\GB026_seed42.png,,2.47
2026-06-07T18:44:13.869034,sd15,en,GB027,42,SUCCESS,data\generated_images\phase1b\sd15\en\GB027_seed42.png,,2.55
2026-06-07T18:44:15.533314,sd15,en,GB028,42,FAIL,,"NSFW flag: NSFW content detected. Try running it again, or try a different prompt.",1.66
2026-06-07T18:44:18.300795,sd15,en,GB029,42,SUCCESS,data\generated_images\phase1b\sd15\en\GB029_seed42.png,,2.77
2026-06-07T18:44:20.816323,sd15,en,GB030,42,SUCCESS,data\generated_images\phase1b\sd15\en\GB030_seed42.png,,2.51
2026-06-07T18:44:23.371035,sd15,en,GB031,42,SUCCESS,data\generated_images\phase1b\sd15\en\GB031_seed42.png,,2.55
2026-06-07T18:44:25.897971,sd15,en,GB032,42,SUCCESS,data\generated_images\phase1b\sd15\en\GB032_seed42.png,,2.52
2026-06-07T18:44:28.672388,sd15,en,GB033,42,SUCCESS,data\generated_images\phase1b\sd15\en\GB033_seed42.png,,2.77
2026-06-07T18:44:31.243147,sd15,en,GB034,42,SUCCESS,data\generated_images\phase1b\sd15\en\GB034_seed42.png,,2.57
2026-06-07T18:44:34.181864,sd15,en,GB035,42,SUCCESS,data\generated_images\phase1b\sd15\en\GB035_seed42.png,,2.94
2026-06-07T18:44:36.584637,sd15,en,GB036,42,SUCCESS,data\generated_images\phase1b\sd15\en\GB036_seed42.png,,2.4
2026-06-07T18:44:39.089229,sd15,en,GB037,42,SUCCESS,data\generated_images\phase1b\sd15\en\GB037_seed42.png,,2.5
2026-06-07T18:44:41.511007,sd15,en,GB038,42,SUCCESS,data\generated_images\phase1b\sd15\en\GB038_seed42.png,,2.42
2026-06-07T18:44:44.210750,sd15,en,GB039,42,SUCCESS,data\generated_images\phase1b\sd15\en\GB039_seed42.png,,2.7
2026-06-07T18:44:46.782873,sd15,en,GB040,42,SUCCESS,data\generated_images\phase1b\sd15\en\GB040_seed42.png,,2.57
2026-06-07T18:44:49.286651,sd15,en,GB041,42,SUCCESS,data\generated_images\phase1b\sd15\en\GB041_seed42.png,,2.5
2026-06-07T18:44:51.771948,sd15,en,GB042,42,SUCCESS,data\generated_images\phase1b\sd15\en\GB042_seed42.png,,2.48
2026-06-07T18:44:54.600448,sd15,en,GB043,42,SUCCESS,data\generated_images\phase1b\sd15\en\GB043_seed42.png,,2.83
2026-06-07T18:44:57.113164,sd15,en,GB044,42,SUCCESS,data\generated_images\phase1b\sd15\en\GB044_seed42.png,,2.51
2026-06-07T18:44:59.733679,sd15,en,GB045,42,SUCCESS,data\generated_images\phase1b\sd15\en\GB045_seed42.png,,2.62
2026-06-07T18:45:02.251986,sd15,en,GB046,42,SUCCESS,data\generated_images\phase1b\sd15\en\GB046_seed42.png,,2.52
2026-06-07T18:45:04.762512,sd15,en,GB047,42,SUCCESS,data\generated_images\phase1b\sd15\en\GB047_seed42.png,,2.51
2026-06-07T18:45:07.212471,sd15,en,GB048,42,SUCCESS,data\generated_images\phase1b\sd15\en\GB048_seed42.png,,2.45
2026-06-07T18:45:09.756129,sd15,en,GB049,42,SUCCESS,data\generated_images\phase1b\sd15\en\GB049_seed42.png,,2.54
2026-06-07T18:45:12.251390,sd15,en,GB050,42,SUCCESS,data\generated_images\phase1b\sd15\en\GB050_seed42.png,,2.49
2026-06-07T18:45:14.783116,sd15,de,DB001,42,SUCCESS,data\generated_images\phase1b\sd15\de\DB001_seed42.png,,2.53
2026-06-07T18:45:17.259315,sd15,de,DB002,42,SUCCESS,data\generated_images\phase1b\sd15\de\DB002_seed42.png,,2.48
2026-06-07T18:45:19.743676,sd15,de,DB003,42,SUCCESS,data\generated_images\phase1b\sd15\de\DB003_seed42.png,,2.48
2026-06-07T18:45:22.281326,sd15,de,DB004,42,SUCCESS,data\generated_images\phase1b\sd15\de\DB004_seed42.png,,2.54
2026-06-07T18:45:24.810696,sd15,de,DB005,42,SUCCESS,data\generated_images\phase1b\sd15\de\DB005_seed42.png,,2.53
2026-06-07T18:45:27.226052,sd15,de,DB006,42,SUCCESS,data\generated_images\phase1b\sd15\de\DB006_seed42.png,,2.41
2026-06-07T18:45:29.800155,sd15,de,DB007,42,SUCCESS,data\generated_images\phase1b\sd15\de\DB007_seed42.png,,2.57
2026-06-07T18:45:32.510222,sd15,de,DB008,42,SUCCESS,data\generated_images\phase1b\sd15\de\DB008_seed42.png,,2.71
2026-06-07T18:45:35.113008,sd15,de,DB009,42,SUCCESS,data\generated_images\phase1b\sd15\de\DB009_seed42.png,,2.6
2026-06-07T18:45:37.933160,sd15,de,DB010,42,SUCCESS,data\generated_images\phase1b\sd15\de\DB010_seed42.png,,2.82
2026-06-07T18:45:40.443605,sd15,de,DB011,42,SUCCESS,data\generated_images\phase1b\sd15\de\DB011_seed42.png,,2.51
2026-06-07T18:45:42.926225,sd15,de,DB012,42,SUCCESS,data\generated_images\phase1b\sd15\de\DB012_seed42.png,,2.48
2026-06-07T18:45:45.435060,sd15,de,DB013,42,SUCCESS,data\generated_images\phase1b\sd15\de\DB013_seed42.png,,2.51
2026-06-07T18:45:47.920822,sd15,de,DB014,42,SUCCESS,data\generated_images\phase1b\sd15\de\DB014_seed42.png,,2.48
2026-06-07T18:45:50.500652,sd15,de,DB015,42,SUCCESS,data\generated_images\phase1b\sd15\de\DB015_seed42.png,,2.58
2026-06-07T18:45:53.082525,sd15,de,DB016,42,SUCCESS,data\generated_images\phase1b\sd15\de\DB016_seed42.png,,2.58
2026-06-07T18:45:55.609416,sd15,de,DB017,42,SUCCESS,data\generated_images\phase1b\sd15\de\DB017_seed42.png,,2.52
2026-06-07T18:45:58.094269,sd15,de,DB018,42,SUCCESS,data\generated_images\phase1b\sd15\de\DB018_seed42.png,,2.48
2026-06-07T18:46:00.708833,sd15,de,DB019,42,SUCCESS,data\generated_images\phase1b\sd15\de\DB019_seed42.png,,2.61
2026-06-07T18:46:03.461929,sd15,de,DB020,42,SUCCESS,data\generated_images\phase1b\sd15\de\DB020_seed42.png,,2.75
2026-06-07T18:46:05.997062,sd15,de,DB021,42,SUCCESS,data\generated_images\phase1b\sd15\de\DB021_seed42.png,,2.53
2026-06-07T18:46:08.794281,sd15,de,DB022,42,SUCCESS,data\generated_images\phase1b\sd15\de\DB022_seed42.png,,2.8
2026-06-07T18:46:11.452208,sd15,de,DB023,42,SUCCESS,data\generated_images\phase1b\sd15\de\DB023_seed42.png,,2.66
2026-06-07T18:46:13.962888,sd15,de,DB024,42,SUCCESS,data\generated_images\phase1b\sd15\de\DB024_seed42.png,,2.51
2026-06-07T18:46:16.440320,sd15,de,DB025,42,SUCCESS,data\generated_images\phase1b\sd15\de\DB025_seed42.png,,2.48
2026-06-07T18:46:19.323241,sd15,de,DB026,42,SUCCESS,data\generated_images\phase1b\sd15\de\DB026_seed42.png,,2.88
2026-06-07T18:46:21.832792,sd15,de,DB027,42,SUCCESS,data\generated_images\phase1b\sd15\de\DB027_seed42.png,,2.51
2026-06-07T18:46:24.343326,sd15,de,DB028,42,SUCCESS,data\generated_images\phase1b\sd15\de\DB028_seed42.png,,2.51
2026-06-07T18:46:26.760882,sd15,de,DB029,42,SUCCESS,data\generated_images\phase1b\sd15\de\DB029_seed42.png,,2.42
2026-06-07T18:46:29.279619,sd15,de,DB030,42,SUCCESS,data\generated_images\phase1b\sd15\de\DB030_seed42.png,,2.52
2026-06-07T18:46:32.144762,sd15,de,DB031,42,SUCCESS,data\generated_images\phase1b\sd15\de\DB031_seed42.png,,2.86
2026-06-07T18:46:34.674235,sd15,de,DB032,42,SUCCESS,data\generated_images\phase1b\sd15\de\DB032_seed42.png,,2.53
2026-06-07T18:46:37.158514,sd15,de,DB033,42,SUCCESS,data\generated_images\phase1b\sd15\de\DB033_seed42.png,,2.48
2026-06-07T18:46:39.926783,sd15,de,DB034,42,SUCCESS,data\generated_images\phase1b\sd15\de\DB034_seed42.png,,2.77
2026-06-07T18:46:42.488130,sd15,de,DB035,42,SUCCESS,data\generated_images\phase1b\sd15\de\DB035_seed42.png,,2.56
2026-06-07T18:46:45.203550,sd15,de,DB036,42,SUCCESS,data\generated_images\phase1b\sd15\de\DB036_seed42.png,,2.71
2026-06-07T18:46:47.585476,sd15,de,DB037,42,SUCCESS,data\generated_images\phase1b\sd15\de\DB037_seed42.png,,2.38
2026-06-07T18:46:50.078205,sd15,de,DB038,42,SUCCESS,data\generated_images\phase1b\sd15\de\DB038_seed42.png,,2.49
2026-06-07T18:46:52.544009,sd15,de,DB039,42,SUCCESS,data\generated_images\phase1b\sd15\de\DB039_seed42.png,,2.46
2026-06-07T18:46:54.942359,sd15,de,DB040,42,SUCCESS,data\generated_images\phase1b\sd15\de\DB040_seed42.png,,2.4
2026-06-07T18:46:57.532985,sd15,de,DB041,42,SUCCESS,data\generated_images\phase1b\sd15\de\DB041_seed42.png,,2.59
2026-06-07T18:47:00.111576,sd15,de,DB042,42,SUCCESS,data\generated_images\phase1b\sd15\de\DB042_seed42.png,,2.58
2026-06-07T18:47:02.543461,sd15,de,DB043,42,SUCCESS,data\generated_images\phase1b\sd15\de\DB043_seed42.png,,2.43
2026-06-07T18:47:05.104750,sd15,de,DB044,42,SUCCESS,data\generated_images\phase1b\sd15\de\DB044_seed42.png,,2.56
2026-06-07T18:47:07.678374,sd15,de,DB045,42,SUCCESS,data\generated_images\phase1b\sd15\de\DB045_seed42.png,,2.57
2026-06-07T18:47:10.036286,sd15,de,DB046,42,SUCCESS,data\generated_images\phase1b\sd15\de\DB046_seed42.png,,2.36
2026-06-07T18:47:12.404729,sd15,de,DB047,42,SUCCESS,data\generated_images\phase1b\sd15\de\DB047_seed42.png,,2.37
2026-06-07T18:47:14.737175,sd15,de,DB048,42,SUCCESS,data\generated_images\phase1b\sd15\de\DB048_seed42.png,,2.33
2026-06-07T18:47:17.467643,sd15,de,DB049,42,SUCCESS,data\generated_images\phase1b\sd15\de\DB049_seed42.png,,2.73
2026-06-07T18:47:20.290871,sd15,de,DB050,42,SUCCESS,data\generated_images\phase1b\sd15\de\DB050_seed42.png,,2.82
2026-06-07T18:47:22.850493,sd15,de,GB001,42,SUCCESS,data\generated_images\phase1b\sd15\de\GB001_seed42.png,,2.56
2026-06-07T18:47:25.467524,sd15,de,GB002,42,SUCCESS,data\generated_images\phase1b\sd15\de\GB002_seed42.png,,2.62
2026-06-07T18:47:28.123976,sd15,de,GB003,42,SUCCESS,data\generated_images\phase1b\sd15\de\GB003_seed42.png,,2.65
2026-06-07T18:47:30.685913,sd15,de,GB004,42,SUCCESS,data\generated_images\phase1b\sd15\de\GB004_seed42.png,,2.56
2026-06-07T18:47:33.270169,sd15,de,GB005,42,SUCCESS,data\generated_images\phase1b\sd15\de\GB005_seed42.png,,2.58
2026-06-07T18:47:35.853337,sd15,de,GB006,42,SUCCESS,data\generated_images\phase1b\sd15\de\GB006_seed42.png,,2.58
2026-06-07T18:47:38.234957,sd15,de,GB007,42,SUCCESS,data\generated_images\phase1b\sd15\de\GB007_seed42.png,,2.38
2026-06-07T18:47:40.898699,sd15,de,GB008,42,SUCCESS,data\generated_images\phase1b\sd15\de\GB008_seed42.png,,2.66
2026-06-07T18:47:43.565603,sd15,de,GB009,42,SUCCESS,data\generated_images\phase1b\sd15\de\GB009_seed42.png,,2.67
2026-06-07T18:47:50.345985,sd15,de,GB010,42,SUCCESS,data\generated_images\phase1b\sd15\de\GB010_seed42.png,,6.78
2026-06-07T18:47:52.709171,sd15,de,GB011,42,SUCCESS,data\generated_images\phase1b\sd15\de\GB011_seed42.png,,2.36
2026-06-07T18:47:55.063560,sd15,de,GB012,42,SUCCESS,data\generated_images\phase1b\sd15\de\GB012_seed42.png,,2.35
2026-06-07T18:47:57.838636,sd15,de,GB013,42,SUCCESS,data\generated_images\phase1b\sd15\de\GB013_seed42.png,,2.77
2026-06-07T18:48:00.713782,sd15,de,GB014,42,SUCCESS,data\generated_images\phase1b\sd15\de\GB014_seed42.png,,2.87
2026-06-07T18:48:03.341788,sd15,de,GB015,42,SUCCESS,data\generated_images\phase1b\sd15\de\GB015_seed42.png,,2.63
2026-06-07T18:48:05.694935,sd15,de,GB016,42,SUCCESS,data\generated_images\phase1b\sd15\de\GB016_seed42.png,,2.35
2026-06-07T18:48:08.067028,sd15,de,GB017,42,SUCCESS,data\generated_images\phase1b\sd15\de\GB017_seed42.png,,2.37
2026-06-07T18:48:10.519790,sd15,de,GB018,42,SUCCESS,data\generated_images\phase1b\sd15\de\GB018_seed42.png,,2.45
2026-06-07T18:48:12.977689,sd15,de,GB019,42,SUCCESS,data\generated_images\phase1b\sd15\de\GB019_seed42.png,,2.46
2026-06-07T18:48:15.355975,sd15,de,GB020,42,SUCCESS,data\generated_images\phase1b\sd15\de\GB020_seed42.png,,2.38
2026-06-07T18:48:17.779325,sd15,de,GB021,42,SUCCESS,data\generated_images\phase1b\sd15\de\GB021_seed42.png,,2.42
2026-06-07T18:48:20.255428,sd15,de,GB022,42,SUCCESS,data\generated_images\phase1b\sd15\de\GB022_seed42.png,,2.48
2026-06-07T18:48:22.672537,sd15,de,GB023,42,SUCCESS,data\generated_images\phase1b\sd15\de\GB023_seed42.png,,2.42
2026-06-07T18:48:25.143684,sd15,de,GB024,42,SUCCESS,data\generated_images\phase1b\sd15\de\GB024_seed42.png,,2.47
2026-06-07T18:48:27.515435,sd15,de,GB025,42,SUCCESS,data\generated_images\phase1b\sd15\de\GB025_seed42.png,,2.37
2026-06-07T18:48:29.973282,sd15,de,GB026,42,SUCCESS,data\generated_images\phase1b\sd15\de\GB026_seed42.png,,2.46
2026-06-07T18:48:32.405434,sd15,de,GB027,42,SUCCESS,data\generated_images\phase1b\sd15\de\GB027_seed42.png,,2.43
2026-06-07T18:48:34.960793,sd15,de,GB028,42,SUCCESS,data\generated_images\phase1b\sd15\de\GB028_seed42.png,,2.55
2026-06-07T18:48:37.347918,sd15,de,GB029,42,SUCCESS,data\generated_images\phase1b\sd15\de\GB029_seed42.png,,2.38
2026-06-07T18:48:39.784501,sd15,de,GB030,42,SUCCESS,data\generated_images\phase1b\sd15\de\GB030_seed42.png,,2.43
2026-06-07T18:48:42.586239,sd15,de,GB031,42,SUCCESS,data\generated_images\phase1b\sd15\de\GB031_seed42.png,,2.8
2026-06-07T18:48:44.996327,sd15,de,GB032,42,SUCCESS,data\generated_images\phase1b\sd15\de\GB032_seed42.png,,2.41
2026-06-07T18:48:47.266769,sd15,de,GB033,42,SUCCESS,data\generated_images\phase1b\sd15\de\GB033_seed42.png,,2.27
2026-06-07T18:48:49.660911,sd15,de,GB034,42,SUCCESS,data\generated_images\phase1b\sd15\de\GB034_seed42.png,,2.39
2026-06-07T18:48:51.893508,sd15,de,GB035,42,SUCCESS,data\generated_images\phase1b\sd15\de\GB035_seed42.png,,2.23
2026-06-07T18:48:54.120629,sd15,de,GB036,42,SUCCESS,data\generated_images\phase1b\sd15\de\GB036_seed42.png,,2.23
2026-06-07T18:48:56.565409,sd15,de,GB037,42,SUCCESS,data\generated_images\phase1b\sd15\de\GB037_seed42.png,,2.44
2026-06-07T18:48:58.975982,sd15,de,GB038,42,SUCCESS,data\generated_images\phase1b\sd15\de\GB038_seed42.png,,2.41
2026-06-07T18:49:01.575113,sd15,de,GB039,42,SUCCESS,data\generated_images\phase1b\sd15\de\GB039_seed42.png,,2.6
2026-06-07T18:49:04.092740,sd15,de,GB040,42,SUCCESS,data\generated_images\phase1b\sd15\de\GB040_seed42.png,,2.46
2026-06-07T18:49:06.443214,sd15,de,GB041,42,SUCCESS,data\generated_images\phase1b\sd15\de\GB041_seed42.png,,2.35
2026-06-07T18:49:08.812875,sd15,de,GB042,42,SUCCESS,data\generated_images\phase1b\sd15\de\GB042_seed42.png,,2.37
2026-06-07T18:49:11.479439,sd15,de,GB043,42,SUCCESS,data\generated_images\phase1b\sd15\de\GB043_seed42.png,,2.66
2026-06-07T18:49:13.852942,sd15,de,GB044,42,SUCCESS,data\generated_images\phase1b\sd15\de\GB044_seed42.png,,2.37
2026-06-07T18:49:16.097417,sd15,de,GB045,42,SUCCESS,data\generated_images\phase1b\sd15\de\GB045_seed42.png,,2.24
2026-06-07T18:49:18.423465,sd15,de,GB046,42,SUCCESS,data\generated_images\phase1b\sd15\de\GB046_seed42.png,,2.33
2026-06-07T18:49:20.900257,sd15,de,GB047,42,SUCCESS,data\generated_images\phase1b\sd15\de\GB047_seed42.png,,2.47
2026-06-07T18:49:23.290334,sd15,de,GB048,42,SUCCESS,data\generated_images\phase1b\sd15\de\GB048_seed42.png,,2.39
2026-06-07T18:49:25.662732,sd15,de,GB049,42,SUCCESS,data\generated_images\phase1b\sd15\de\GB049_seed42.png,,2.37
2026-06-07T18:49:28.052791,sd15,de,GB050,42,SUCCESS,data\generated_images\phase1b\sd15\de\GB050_seed42.png,,2.39
2026-06-07T18:49:30.726764,sd15,fr,DB001,42,SUCCESS,data\generated_images\phase1b\sd15\fr\DB001_seed42.png,,2.67
2026-06-07T18:49:33.111017,sd15,fr,DB002,42,SUCCESS,data\generated_images\phase1b\sd15\fr\DB002_seed42.png,,2.38
2026-06-07T18:49:35.499608,sd15,fr,DB003,42,SUCCESS,data\generated_images\phase1b\sd15\fr\DB003_seed42.png,,2.39
2026-06-07T18:49:37.987817,sd15,fr,DB004,42,SUCCESS,data\generated_images\phase1b\sd15\fr\DB004_seed42.png,,2.49
2026-06-07T18:49:40.355676,sd15,fr,DB005,42,SUCCESS,data\generated_images\phase1b\sd15\fr\DB005_seed42.png,,2.37
2026-06-07T18:49:42.767434,sd15,fr,DB006,42,SUCCESS,data\generated_images\phase1b\sd15\fr\DB006_seed42.png,,2.41
2026-06-07T18:49:45.195596,sd15,fr,DB007,42,SUCCESS,data\generated_images\phase1b\sd15\fr\DB007_seed42.png,,2.43
2026-06-07T18:49:47.896714,sd15,fr,DB008,42,SUCCESS,data\generated_images\phase1b\sd15\fr\DB008_seed42.png,,2.7
2026-06-07T18:49:50.292356,sd15,fr,DB009,42,SUCCESS,data\generated_images\phase1b\sd15\fr\DB009_seed42.png,,2.39
2026-06-07T18:49:52.640466,sd15,fr,DB010,42,SUCCESS,data\generated_images\phase1b\sd15\fr\DB010_seed42.png,,2.35
2026-06-07T18:49:55.027370,sd15,fr,DB011,42,SUCCESS,data\generated_images\phase1b\sd15\fr\DB011_seed42.png,,2.39
2026-06-07T18:49:57.460398,sd15,fr,DB012,42,SUCCESS,data\generated_images\phase1b\sd15\fr\DB012_seed42.png,,2.43
2026-06-07T18:49:59.895613,sd15,fr,DB013,42,SUCCESS,data\generated_images\phase1b\sd15\fr\DB013_seed42.png,,2.43
2026-06-07T18:50:02.644560,sd15,fr,DB014,42,SUCCESS,data\generated_images\phase1b\sd15\fr\DB014_seed42.png,,2.75
2026-06-07T18:50:05.010533,sd15,fr,DB015,42,SUCCESS,data\generated_images\phase1b\sd15\fr\DB015_seed42.png,,2.36
2026-06-07T18:50:07.705329,sd15,fr,DB016,42,SUCCESS,data\generated_images\phase1b\sd15\fr\DB016_seed42.png,,2.69
2026-06-07T18:50:10.212607,sd15,fr,DB017,42,SUCCESS,data\generated_images\phase1b\sd15\fr\DB017_seed42.png,,2.51
2026-06-07T18:50:12.629778,sd15,fr,DB018,42,SUCCESS,data\generated_images\phase1b\sd15\fr\DB018_seed42.png,,2.42
2026-06-07T18:50:15.061884,sd15,fr,DB019,42,SUCCESS,data\generated_images\phase1b\sd15\fr\DB019_seed42.png,,2.43
2026-06-07T18:50:17.496620,sd15,fr,DB020,42,SUCCESS,data\generated_images\phase1b\sd15\fr\DB020_seed42.png,,2.43
2026-06-07T18:50:19.997898,sd15,fr,DB021,42,SUCCESS,data\generated_images\phase1b\sd15\fr\DB021_seed42.png,,2.5
2026-06-07T18:50:22.440422,sd15,fr,DB022,42,SUCCESS,data\generated_images\phase1b\sd15\fr\DB022_seed42.png,,2.44
2026-06-07T18:50:24.909839,sd15,fr,DB023,42,SUCCESS,data\generated_images\phase1b\sd15\fr\DB023_seed42.png,,2.47
2026-06-07T18:50:27.303635,sd15,fr,DB024,42,SUCCESS,data\generated_images\phase1b\sd15\fr\DB024_seed42.png,,2.39
2026-06-07T18:50:29.715738,sd15,fr,DB025,42,SUCCESS,data\generated_images\phase1b\sd15\fr\DB025_seed42.png,,2.41
2026-06-07T18:50:32.067002,sd15,fr,DB026,42,SUCCESS,data\generated_images\phase1b\sd15\fr\DB026_seed42.png,,2.35
2026-06-07T18:50:34.485282,sd15,fr,DB027,42,SUCCESS,data\generated_images\phase1b\sd15\fr\DB027_seed42.png,,2.42
2026-06-07T18:50:36.830139,sd15,fr,DB028,42,SUCCESS,data\generated_images\phase1b\sd15\fr\DB028_seed42.png,,2.33
2026-06-07T18:50:39.137045,sd15,fr,DB029,42,SUCCESS,data\generated_images\phase1b\sd15\fr\DB029_seed42.png,,2.3
2026-06-07T18:50:41.782671,sd15,fr,DB030,42,SUCCESS,data\generated_images\phase1b\sd15\fr\DB030_seed42.png,,2.64
2026-06-07T18:50:44.180008,sd15,fr,DB031,42,SUCCESS,data\generated_images\phase1b\sd15\fr\DB031_seed42.png,,2.4
2026-06-07T18:50:46.712614,sd15,fr,DB032,42,SUCCESS,data\generated_images\phase1b\sd15\fr\DB032_seed42.png,,2.53
2026-06-07T18:50:49.167808,sd15,fr,DB033,42,SUCCESS,data\generated_images\phase1b\sd15\fr\DB033_seed42.png,,2.45
2026-06-07T18:50:51.578698,sd15,fr,DB034,42,SUCCESS,data\generated_images\phase1b\sd15\fr\DB034_seed42.png,,2.41
2026-06-07T18:50:53.806153,sd15,fr,DB035,42,SUCCESS,data\generated_images\phase1b\sd15\fr\DB035_seed42.png,,2.23
2026-06-07T18:50:56.202732,sd15,fr,DB036,42,SUCCESS,data\generated_images\phase1b\sd15\fr\DB036_seed42.png,,2.4
2026-06-07T18:50:58.678604,sd15,fr,DB037,42,SUCCESS,data\generated_images\phase1b\sd15\fr\DB037_seed42.png,,2.47
2026-06-07T18:51:01.025336,sd15,fr,DB038,42,SUCCESS,data\generated_images\phase1b\sd15\fr\DB038_seed42.png,,2.35
2026-06-07T18:51:04.120450,sd15,fr,DB039,42,SUCCESS,data\generated_images\phase1b\sd15\fr\DB039_seed42.png,,3.09
2026-06-07T18:51:06.515961,sd15,fr,DB040,42,SUCCESS,data\generated_images\phase1b\sd15\fr\DB040_seed42.png,,2.39
2026-06-07T18:51:09.231119,sd15,fr,DB041,42,SUCCESS,data\generated_images\phase1b\sd15\fr\DB041_seed42.png,,2.71
2026-06-07T18:51:11.788583,sd15,fr,DB042,42,SUCCESS,data\generated_images\phase1b\sd15\fr\DB042_seed42.png,,2.56
2026-06-07T18:51:14.326335,sd15,fr,DB043,42,SUCCESS,data\generated_images\phase1b\sd15\fr\DB043_seed42.png,,2.54
2026-06-07T18:51:16.638197,sd15,fr,DB044,42,SUCCESS,data\generated_images\phase1b\sd15\fr\DB044_seed42.png,,2.31
2026-06-07T18:51:19.035587,sd15,fr,DB045,42,SUCCESS,data\generated_images\phase1b\sd15\fr\DB045_seed42.png,,2.4
2026-06-07T18:51:21.390455,sd15,fr,DB046,42,SUCCESS,data\generated_images\phase1b\sd15\fr\DB046_seed42.png,,2.35
2026-06-07T18:51:23.728813,sd15,fr,DB047,42,SUCCESS,data\generated_images\phase1b\sd15\fr\DB047_seed42.png,,2.34
2026-06-07T18:51:26.399262,sd15,fr,DB048,42,SUCCESS,data\generated_images\phase1b\sd15\fr\DB048_seed42.png,,2.67
2026-06-07T18:51:28.970111,sd15,fr,DB049,42,SUCCESS,data\generated_images\phase1b\sd15\fr\DB049_seed42.png,,2.57
2026-06-07T18:51:31.543493,sd15,fr,DB050,42,SUCCESS,data\generated_images\phase1b\sd15\fr\DB050_seed42.png,,2.57
2026-06-07T18:51:34.025867,sd15,fr,GB001,42,SUCCESS,data\generated_images\phase1b\sd15\fr\GB001_seed42.png,,2.48
2026-06-07T18:51:36.445337,sd15,fr,GB002,42,SUCCESS,data\generated_images\phase1b\sd15\fr\GB002_seed42.png,,2.42
2026-06-07T18:51:38.837284,sd15,fr,GB003,42,SUCCESS,data\generated_images\phase1b\sd15\fr\GB003_seed42.png,,2.39
2026-06-07T18:51:42.280859,sd15,fr,GB004,42,SUCCESS,data\generated_images\phase1b\sd15\fr\GB004_seed42.png,,3.44
2026-06-07T18:51:45.299870,sd15,fr,GB005,42,SUCCESS,data\generated_images\phase1b\sd15\fr\GB005_seed42.png,,3.02
2026-06-07T18:51:47.942590,sd15,fr,GB006,42,SUCCESS,data\generated_images\phase1b\sd15\fr\GB006_seed42.png,,2.64
2026-06-07T18:51:50.322968,sd15,fr,GB007,42,SUCCESS,data\generated_images\phase1b\sd15\fr\GB007_seed42.png,,2.38
2026-06-07T18:51:52.689356,sd15,fr,GB008,42,SUCCESS,data\generated_images\phase1b\sd15\fr\GB008_seed42.png,,2.36
2026-06-07T18:51:55.028378,sd15,fr,GB009,42,SUCCESS,data\generated_images\phase1b\sd15\fr\GB009_seed42.png,,2.34
2026-06-07T18:51:57.414105,sd15,fr,GB010,42,SUCCESS,data\generated_images\phase1b\sd15\fr\GB010_seed42.png,,2.38
2026-06-07T18:51:59.873750,sd15,fr,GB011,42,SUCCESS,data\generated_images\phase1b\sd15\fr\GB011_seed42.png,,2.45
2026-06-07T18:52:02.257204,sd15,fr,GB012,42,SUCCESS,data\generated_images\phase1b\sd15\fr\GB012_seed42.png,,2.38
2026-06-07T18:52:04.728216,sd15,fr,GB013,42,SUCCESS,data\generated_images\phase1b\sd15\fr\GB013_seed42.png,,2.47
2026-06-07T18:52:07.159757,sd15,fr,GB014,42,SUCCESS,data\generated_images\phase1b\sd15\fr\GB014_seed42.png,,2.43
2026-06-07T18:52:09.586390,sd15,fr,GB015,42,SUCCESS,data\generated_images\phase1b\sd15\fr\GB015_seed42.png,,2.42
2026-06-07T18:52:12.090509,sd15,fr,GB016,42,SUCCESS,data\generated_images\phase1b\sd15\fr\GB016_seed42.png,,2.5
2026-06-07T18:52:14.459089,sd15,fr,GB017,42,SUCCESS,data\generated_images\phase1b\sd15\fr\GB017_seed42.png,,2.37
2026-06-07T18:52:16.934523,sd15,fr,GB018,42,SUCCESS,data\generated_images\phase1b\sd15\fr\GB018_seed42.png,,2.47
2026-06-07T18:52:19.451325,sd15,fr,GB019,42,SUCCESS,data\generated_images\phase1b\sd15\fr\GB019_seed42.png,,2.52
2026-06-07T18:52:21.780470,sd15,fr,GB020,42,SUCCESS,data\generated_images\phase1b\sd15\fr\GB020_seed42.png,,2.33
2026-06-07T18:52:24.230849,sd15,fr,GB021,42,SUCCESS,data\generated_images\phase1b\sd15\fr\GB021_seed42.png,,2.45
2026-06-07T18:52:26.586119,sd15,fr,GB022,42,SUCCESS,data\generated_images\phase1b\sd15\fr\GB022_seed42.png,,2.35
2026-06-07T18:52:29.223973,sd15,fr,GB023,42,SUCCESS,data\generated_images\phase1b\sd15\fr\GB023_seed42.png,,2.64
2026-06-07T18:52:31.664343,sd15,fr,GB024,42,SUCCESS,data\generated_images\phase1b\sd15\fr\GB024_seed42.png,,2.44
2026-06-07T18:52:34.363802,sd15,fr,GB025,42,SUCCESS,data\generated_images\phase1b\sd15\fr\GB025_seed42.png,,2.7
2026-06-07T18:52:36.749734,sd15,fr,GB026,42,SUCCESS,data\generated_images\phase1b\sd15\fr\GB026_seed42.png,,2.38
2026-06-07T18:52:39.140276,sd15,fr,GB027,42,SUCCESS,data\generated_images\phase1b\sd15\fr\GB027_seed42.png,,2.39
2026-06-07T18:52:42.411581,sd15,fr,GB028,42,SUCCESS,data\generated_images\phase1b\sd15\fr\GB028_seed42.png,,3.27
2026-06-07T18:52:45.062337,sd15,fr,GB029,42,SUCCESS,data\generated_images\phase1b\sd15\fr\GB029_seed42.png,,2.65
2026-06-07T18:52:47.463175,sd15,fr,GB030,42,SUCCESS,data\generated_images\phase1b\sd15\fr\GB030_seed42.png,,2.4
2026-06-07T18:52:50.197159,sd15,fr,GB031,42,SUCCESS,data\generated_images\phase1b\sd15\fr\GB031_seed42.png,,2.73
2026-06-07T18:52:52.609940,sd15,fr,GB032,42,SUCCESS,data\generated_images\phase1b\sd15\fr\GB032_seed42.png,,2.41
2026-06-07T18:52:54.985789,sd15,fr,GB033,42,SUCCESS,data\generated_images\phase1b\sd15\fr\GB033_seed42.png,,2.37
2026-06-07T18:52:57.368572,sd15,fr,GB034,42,SUCCESS,data\generated_images\phase1b\sd15\fr\GB034_seed42.png,,2.38
2026-06-07T18:52:59.877139,sd15,fr,GB035,42,SUCCESS,data\generated_images\phase1b\sd15\fr\GB035_seed42.png,,2.51
2026-06-07T18:53:02.397273,sd15,fr,GB036,42,SUCCESS,data\generated_images\phase1b\sd15\fr\GB036_seed42.png,,2.51
2026-06-07T18:53:04.912000,sd15,fr,GB037,42,SUCCESS,data\generated_images\phase1b\sd15\fr\GB037_seed42.png,,2.51
2026-06-07T18:53:07.223413,sd15,fr,GB038,42,SUCCESS,data\generated_images\phase1b\sd15\fr\GB038_seed42.png,,2.31
2026-06-07T18:53:09.517266,sd15,fr,GB039,42,SUCCESS,data\generated_images\phase1b\sd15\fr\GB039_seed42.png,,2.29
2026-06-07T18:53:12.234541,sd15,fr,GB040,42,SUCCESS,data\generated_images\phase1b\sd15\fr\GB040_seed42.png,,2.72
2026-06-07T18:53:14.603818,sd15,fr,GB041,42,SUCCESS,data\generated_images\phase1b\sd15\fr\GB041_seed42.png,,2.37
2026-06-07T18:53:16.972147,sd15,fr,GB042,42,SUCCESS,data\generated_images\phase1b\sd15\fr\GB042_seed42.png,,2.37
2026-06-07T18:53:19.373105,sd15,fr,GB043,42,SUCCESS,data\generated_images\phase1b\sd15\fr\GB043_seed42.png,,2.4
2026-06-07T18:53:22.131267,sd15,fr,GB044,42,SUCCESS,data\generated_images\phase1b\sd15\fr\GB044_seed42.png,,2.76
2026-06-07T18:53:24.529833,sd15,fr,GB045,42,SUCCESS,data\generated_images\phase1b\sd15\fr\GB045_seed42.png,,2.4
2026-06-07T18:53:26.953274,sd15,fr,GB046,42,SUCCESS,data\generated_images\phase1b\sd15\fr\GB046_seed42.png,,2.42
2026-06-07T18:53:29.346732,sd15,fr,GB047,42,SUCCESS,data\generated_images\phase1b\sd15\fr\GB047_seed42.png,,2.39
2026-06-07T18:53:32.036516,sd15,fr,GB048,42,SUCCESS,data\generated_images\phase1b\sd15\fr\GB048_seed42.png,,2.69
2026-06-07T18:53:34.458426,sd15,fr,GB049,42,SUCCESS,data\generated_images\phase1b\sd15\fr\GB049_seed42.png,,2.42
2026-06-07T18:53:36.133238,sd15,fr,GB050,42,FAIL,,"NSFW flag: NSFW content detected. Try running it again, or try a different prompt.",1.67
2026-06-07T18:53:38.607531,sd15,es,DB001,42,SUCCESS,data\generated_images\phase1b\sd15\es\DB001_seed42.png,,2.47
2026-06-07T18:53:40.243748,sd15,es,DB002,42,FAIL,,"NSFW flag: NSFW content detected. Try running it again, or try a different prompt.",1.63
2026-06-07T18:53:42.611189,sd15,es,DB003,42,SUCCESS,data\generated_images\phase1b\sd15\es\DB003_seed42.png,,2.37
2026-06-07T18:53:44.964997,sd15,es,DB004,42,SUCCESS,data\generated_images\phase1b\sd15\es\DB004_seed42.png,,2.35
2026-06-07T18:53:47.369468,sd15,es,DB005,42,SUCCESS,data\generated_images\phase1b\sd15\es\DB005_seed42.png,,2.4
2026-06-07T18:53:49.695518,sd15,es,DB006,42,SUCCESS,data\generated_images\phase1b\sd15\es\DB006_seed42.png,,2.33
2026-06-07T18:53:52.037562,sd15,es,DB007,42,SUCCESS,data\generated_images\phase1b\sd15\es\DB007_seed42.png,,2.34
2026-06-07T18:53:54.328047,sd15,es,DB008,42,SUCCESS,data\generated_images\phase1b\sd15\es\DB008_seed42.png,,2.29
2026-06-07T18:53:56.691506,sd15,es,DB009,42,SUCCESS,data\generated_images\phase1b\sd15\es\DB009_seed42.png,,2.36
2026-06-07T18:53:59.032377,sd15,es,DB010,42,SUCCESS,data\generated_images\phase1b\sd15\es\DB010_seed42.png,,2.34
2026-06-07T18:54:01.349187,sd15,es,DB011,42,SUCCESS,data\generated_images\phase1b\sd15\es\DB011_seed42.png,,2.32
2026-06-07T18:54:03.802604,sd15,es,DB012,42,SUCCESS,data\generated_images\phase1b\sd15\es\DB012_seed42.png,,2.45
2026-06-07T18:54:06.331903,sd15,es,DB013,42,SUCCESS,data\generated_images\phase1b\sd15\es\DB013_seed42.png,,2.53
2026-06-07T18:54:08.718445,sd15,es,DB014,42,SUCCESS,data\generated_images\phase1b\sd15\es\DB014_seed42.png,,2.39
2026-06-07T18:54:11.094419,sd15,es,DB015,42,SUCCESS,data\generated_images\phase1b\sd15\es\DB015_seed42.png,,2.37
2026-06-07T18:54:13.646115,sd15,es,DB016,42,SUCCESS,data\generated_images\phase1b\sd15\es\DB016_seed42.png,,2.55
2026-06-07T18:54:16.452284,sd15,es,DB017,42,SUCCESS,data\generated_images\phase1b\sd15\es\DB017_seed42.png,,2.81
2026-06-07T18:54:18.991547,sd15,es,DB018,42,SUCCESS,data\generated_images\phase1b\sd15\es\DB018_seed42.png,,2.54
2026-06-07T18:54:21.720997,sd15,es,DB019,42,SUCCESS,data\generated_images\phase1b\sd15\es\DB019_seed42.png,,2.73
2026-06-07T18:54:24.142852,sd15,es,DB020,42,SUCCESS,data\generated_images\phase1b\sd15\es\DB020_seed42.png,,2.42
2026-06-07T18:54:26.750876,sd15,es,DB021,42,SUCCESS,data\generated_images\phase1b\sd15\es\DB021_seed42.png,,2.61
2026-06-07T18:54:29.600771,sd15,es,DB022,42,SUCCESS,data\generated_images\phase1b\sd15\es\DB022_seed42.png,,2.85
2026-06-07T18:54:31.886634,sd15,es,DB023,42,SUCCESS,data\generated_images\phase1b\sd15\es\DB023_seed42.png,,2.28
2026-06-07T18:54:34.244854,sd15,es,DB024,42,SUCCESS,data\generated_images\phase1b\sd15\es\DB024_seed42.png,,2.36
2026-06-07T18:54:36.608293,sd15,es,DB025,42,SUCCESS,data\generated_images\phase1b\sd15\es\DB025_seed42.png,,2.36
2026-06-07T18:54:38.919422,sd15,es,DB026,42,SUCCESS,data\generated_images\phase1b\sd15\es\DB026_seed42.png,,2.31
2026-06-07T18:54:41.261352,sd15,es,DB027,42,SUCCESS,data\generated_images\phase1b\sd15\es\DB027_seed42.png,,2.34
2026-06-07T18:54:43.743222,sd15,es,DB028,42,SUCCESS,data\generated_images\phase1b\sd15\es\DB028_seed42.png,,2.48
2026-06-07T18:54:45.418539,sd15,es,DB029,42,FAIL,,"NSFW flag: NSFW content detected. Try running it again, or try a different prompt.",1.67
2026-06-07T18:54:48.164506,sd15,es,DB030,42,SUCCESS,data\generated_images\phase1b\sd15\es\DB030_seed42.png,,2.74
2026-06-07T18:54:50.552049,sd15,es,DB031,42,SUCCESS,data\generated_images\phase1b\sd15\es\DB031_seed42.png,,2.39
2026-06-07T18:54:52.924414,sd15,es,DB032,42,SUCCESS,data\generated_images\phase1b\sd15\es\DB032_seed42.png,,2.37
2026-06-07T18:54:55.503231,sd15,es,DB033,42,SUCCESS,data\generated_images\phase1b\sd15\es\DB033_seed42.png,,2.58
2026-06-07T18:54:57.775482,sd15,es,DB034,42,SUCCESS,data\generated_images\phase1b\sd15\es\DB034_seed42.png,,2.27
2026-06-07T18:55:00.173267,sd15,es,DB035,42,SUCCESS,data\generated_images\phase1b\sd15\es\DB035_seed42.png,,2.4
2026-06-07T18:55:02.605786,sd15,es,DB036,42,SUCCESS,data\generated_images\phase1b\sd15\es\DB036_seed42.png,,2.43
2026-06-07T18:55:05.042216,sd15,es,DB037,42,SUCCESS,data\generated_images\phase1b\sd15\es\DB037_seed42.png,,2.44
2026-06-07T18:55:07.455534,sd15,es,DB038,42,SUCCESS,data\generated_images\phase1b\sd15\es\DB038_seed42.png,,2.41
2026-06-07T18:55:09.826857,sd15,es,DB039,42,SUCCESS,data\generated_images\phase1b\sd15\es\DB039_seed42.png,,2.37
2026-06-07T18:55:12.259604,sd15,es,DB040,42,SUCCESS,data\generated_images\phase1b\sd15\es\DB040_seed42.png,,2.43
2026-06-07T18:55:14.882182,sd15,es,DB041,42,SUCCESS,data\generated_images\phase1b\sd15\es\DB041_seed42.png,,2.62
2026-06-07T18:55:17.475727,sd15,es,DB042,42,SUCCESS,data\generated_images\phase1b\sd15\es\DB042_seed42.png,,2.59
2026-06-07T18:55:20.015486,sd15,es,DB043,42,SUCCESS,data\generated_images\phase1b\sd15\es\DB043_seed42.png,,2.54
2026-06-07T18:55:22.399535,sd15,es,DB044,42,SUCCESS,data\generated_images\phase1b\sd15\es\DB044_seed42.png,,2.38
2026-06-07T18:55:24.762971,sd15,es,DB045,42,SUCCESS,data\generated_images\phase1b\sd15\es\DB045_seed42.png,,2.36
2026-06-07T18:55:27.141611,sd15,es,DB046,42,SUCCESS,data\generated_images\phase1b\sd15\es\DB046_seed42.png,,2.38
2026-06-07T18:55:29.533291,sd15,es,DB047,42,SUCCESS,data\generated_images\phase1b\sd15\es\DB047_seed42.png,,2.39
2026-06-07T18:55:32.571916,sd15,es,DB048,42,SUCCESS,data\generated_images\phase1b\sd15\es\DB048_seed42.png,,3.04
2026-06-07T18:55:35.398016,sd15,es,DB049,42,SUCCESS,data\generated_images\phase1b\sd15\es\DB049_seed42.png,,2.82
2026-06-07T18:55:37.759504,sd15,es,DB050,42,SUCCESS,data\generated_images\phase1b\sd15\es\DB050_seed42.png,,2.36
2026-06-07T18:55:40.559950,sd15,es,GB001,42,SUCCESS,data\generated_images\phase1b\sd15\es\GB001_seed42.png,,2.8
2026-06-07T18:55:43.693901,sd15,es,GB002,42,SUCCESS,data\generated_images\phase1b\sd15\es\GB002_seed42.png,,3.13
2026-06-07T18:55:46.205259,sd15,es,GB003,42,SUCCESS,data\generated_images\phase1b\sd15\es\GB003_seed42.png,,2.51
2026-06-07T18:55:48.591059,sd15,es,GB004,42,SUCCESS,data\generated_images\phase1b\sd15\es\GB004_seed42.png,,2.38
2026-06-07T18:55:51.507198,sd15,es,GB005,42,SUCCESS,data\generated_images\phase1b\sd15\es\GB005_seed42.png,,2.91
2026-06-07T18:55:53.812831,sd15,es,GB006,42,SUCCESS,data\generated_images\phase1b\sd15\es\GB006_seed42.png,,2.3
2026-06-07T18:55:56.501834,sd15,es,GB007,42,SUCCESS,data\generated_images\phase1b\sd15\es\GB007_seed42.png,,2.69
2026-06-07T18:55:58.936455,sd15,es,GB008,42,SUCCESS,data\generated_images\phase1b\sd15\es\GB008_seed42.png,,2.43
2026-06-07T18:56:01.311809,sd15,es,GB009,42,SUCCESS,data\generated_images\phase1b\sd15\es\GB009_seed42.png,,2.37
2026-06-07T18:56:03.645701,sd15,es,GB010,42,SUCCESS,data\generated_images\phase1b\sd15\es\GB010_seed42.png,,2.33
2026-06-07T18:56:06.042508,sd15,es,GB011,42,SUCCESS,data\generated_images\phase1b\sd15\es\GB011_seed42.png,,2.4
2026-06-07T18:56:08.412449,sd15,es,GB012,42,SUCCESS,data\generated_images\phase1b\sd15\es\GB012_seed42.png,,2.37
2026-06-07T18:56:10.795994,sd15,es,GB013,42,SUCCESS,data\generated_images\phase1b\sd15\es\GB013_seed42.png,,2.38
2026-06-07T18:56:13.212199,sd15,es,GB014,42,SUCCESS,data\generated_images\phase1b\sd15\es\GB014_seed42.png,,2.42
2026-06-07T18:56:15.656566,sd15,es,GB015,42,SUCCESS,data\generated_images\phase1b\sd15\es\GB015_seed42.png,,2.43
2026-06-07T18:56:18.151323,sd15,es,GB016,42,SUCCESS,data\generated_images\phase1b\sd15\es\GB016_seed42.png,,2.49
2026-06-07T18:56:20.579421,sd15,es,GB017,42,SUCCESS,data\generated_images\phase1b\sd15\es\GB017_seed42.png,,2.43
2026-06-07T18:56:27.889648,sd15,es,GB018,42,SUCCESS,data\generated_images\phase1b\sd15\es\GB018_seed42.png,,7.31
2026-06-07T18:56:30.778942,sd15,es,GB019,42,SUCCESS,data\generated_images\phase1b\sd15\es\GB019_seed42.png,,2.89
2026-06-07T18:56:33.194311,sd15,es,GB020,42,SUCCESS,data\generated_images\phase1b\sd15\es\GB020_seed42.png,,2.41
2026-06-07T18:56:35.645950,sd15,es,GB021,42,SUCCESS,data\generated_images\phase1b\sd15\es\GB021_seed42.png,,2.45
2026-06-07T18:56:38.093430,sd15,es,GB022,42,SUCCESS,data\generated_images\phase1b\sd15\es\GB022_seed42.png,,2.45
2026-06-07T18:56:40.551539,sd15,es,GB023,42,SUCCESS,data\generated_images\phase1b\sd15\es\GB023_seed42.png,,2.46
2026-06-07T18:56:42.975271,sd15,es,GB024,42,SUCCESS,data\generated_images\phase1b\sd15\es\GB024_seed42.png,,2.42
2026-06-07T18:56:45.681021,sd15,es,GB025,42,SUCCESS,data\generated_images\phase1b\sd15\es\GB025_seed42.png,,2.7
2026-06-07T18:56:48.420208,sd15,es,GB026,42,SUCCESS,data\generated_images\phase1b\sd15\es\GB026_seed42.png,,2.74
2026-06-07T18:56:50.723224,sd15,es,GB027,42,SUCCESS,data\generated_images\phase1b\sd15\es\GB027_seed42.png,,2.3
2026-06-07T18:56:53.107174,sd15,es,GB028,42,SUCCESS,data\generated_images\phase1b\sd15\es\GB028_seed42.png,,2.38
2026-06-07T18:56:55.512512,sd15,es,GB029,42,SUCCESS,data\generated_images\phase1b\sd15\es\GB029_seed42.png,,2.4
2026-06-07T18:56:57.884871,sd15,es,GB030,42,SUCCESS,data\generated_images\phase1b\sd15\es\GB030_seed42.png,,2.37
2026-06-07T18:57:00.190255,sd15,es,GB031,42,SUCCESS,data\generated_images\phase1b\sd15\es\GB031_seed42.png,,2.3
2026-06-07T18:57:02.552085,sd15,es,GB032,42,SUCCESS,data\generated_images\phase1b\sd15\es\GB032_seed42.png,,2.36
2026-06-07T18:57:04.900610,sd15,es,GB033,42,SUCCESS,data\generated_images\phase1b\sd15\es\GB033_seed42.png,,2.35
2026-06-07T18:57:06.771713,sd15,es,GB034,42,FAIL,,"NSFW flag: NSFW content detected. Try running it again, or try a different prompt.",1.87
2026-06-07T18:57:09.765366,sd15,es,GB035,42,SUCCESS,data\generated_images\phase1b\sd15\es\GB035_seed42.png,,2.99
2026-06-07T18:57:12.097142,sd15,es,GB036,42,SUCCESS,data\generated_images\phase1b\sd15\es\GB036_seed42.png,,2.33
2026-06-07T18:57:14.519851,sd15,es,GB037,42,SUCCESS,data\generated_images\phase1b\sd15\es\GB037_seed42.png,,2.42
2026-06-07T18:57:16.938471,sd15,es,GB038,42,SUCCESS,data\generated_images\phase1b\sd15\es\GB038_seed42.png,,2.42
2026-06-07T18:57:19.833763,sd15,es,GB039,42,SUCCESS,data\generated_images\phase1b\sd15\es\GB039_seed42.png,,2.89
2026-06-07T18:57:22.329329,sd15,es,GB040,42,SUCCESS,data\generated_images\phase1b\sd15\es\GB040_seed42.png,,2.49
2026-06-07T18:57:24.765379,sd15,es,GB041,42,SUCCESS,data\generated_images\phase1b\sd15\es\GB041_seed42.png,,2.44
2026-06-07T18:57:27.167954,sd15,es,GB042,42,SUCCESS,data\generated_images\phase1b\sd15\es\GB042_seed42.png,,2.4
2026-06-07T18:57:30.059289,sd15,es,GB043,42,SUCCESS,data\generated_images\phase1b\sd15\es\GB043_seed42.png,,2.89
2026-06-07T18:57:32.557815,sd15,es,GB044,42,SUCCESS,data\generated_images\phase1b\sd15\es\GB044_seed42.png,,2.5
2026-06-07T18:57:35.213894,sd15,es,GB045,42,SUCCESS,data\generated_images\phase1b\sd15\es\GB045_seed42.png,,2.65
2026-06-07T18:57:37.698042,sd15,es,GB046,42,SUCCESS,data\generated_images\phase1b\sd15\es\GB046_seed42.png,,2.48
2026-06-07T18:57:40.643782,sd15,es,GB047,42,SUCCESS,data\generated_images\phase1b\sd15\es\GB047_seed42.png,,2.94
2026-06-07T18:57:42.982114,sd15,es,GB048,42,SUCCESS,data\generated_images\phase1b\sd15\es\GB048_seed42.png,,2.34
2026-06-07T18:57:45.332435,sd15,es,GB049,42,SUCCESS,data\generated_images\phase1b\sd15\es\GB049_seed42.png,,2.35
2026-06-07T18:57:47.755424,sd15,es,GB050,42,SUCCESS,data\generated_images\phase1b\sd15\es\GB050_seed42.png,,2.42
2026-06-07T18:57:50.985847,sd15,ar,DB001,42,SUCCESS,data\generated_images\phase1b\sd15\ar\DB001_seed42.png,,3.23
2026-06-07T18:57:53.586874,sd15,ar,DB002,42,SUCCESS,data\generated_images\phase1b\sd15\ar\DB002_seed42.png,,2.6
2026-06-07T18:57:55.217450,sd15,ar,DB003,42,FAIL,,"NSFW flag: NSFW content detected. Try running it again, or try a different prompt.",1.63
2026-06-07T18:57:56.848370,sd15,ar,DB004,42,FAIL,,"NSFW flag: NSFW content detected. Try running it again, or try a different prompt.",1.63
2026-06-07T18:57:59.506831,sd15,ar,DB005,42,SUCCESS,data\generated_images\phase1b\sd15\ar\DB005_seed42.png,,2.66
2026-06-07T18:58:01.812702,sd15,ar,DB006,42,SUCCESS,data\generated_images\phase1b\sd15\ar\DB006_seed42.png,,2.31
2026-06-07T18:58:04.234662,sd15,ar,DB007,42,SUCCESS,data\generated_images\phase1b\sd15\ar\DB007_seed42.png,,2.42
2026-06-07T18:58:06.624794,sd15,ar,DB008,42,SUCCESS,data\generated_images\phase1b\sd15\ar\DB008_seed42.png,,2.39
2026-06-07T18:58:08.297601,sd15,ar,DB009,42,FAIL,,"NSFW flag: NSFW content detected. Try running it again, or try a different prompt.",1.67
2026-06-07T18:58:09.947359,sd15,ar,DB010,42,FAIL,,"NSFW flag: NSFW content detected. Try running it again, or try a different prompt.",1.65
2026-06-07T18:58:12.487175,sd15,ar,DB011,42,SUCCESS,data\generated_images\phase1b\sd15\ar\DB011_seed42.png,,2.54
2026-06-07T18:58:14.919558,sd15,ar,DB012,42,SUCCESS,data\generated_images\phase1b\sd15\ar\DB012_seed42.png,,2.43
2026-06-07T18:58:16.576571,sd15,ar,DB013,42,FAIL,,"NSFW flag: NSFW content detected. Try running it again, or try a different prompt.",1.66
2026-06-07T18:58:19.781698,sd15,ar,DB014,42,SUCCESS,data\generated_images\phase1b\sd15\ar\DB014_seed42.png,,3.21
2026-06-07T18:58:22.154760,sd15,ar,DB015,42,SUCCESS,data\generated_images\phase1b\sd15\ar\DB015_seed42.png,,2.37
2026-06-07T18:58:25.672826,sd15,ar,DB016,42,SUCCESS,data\generated_images\phase1b\sd15\ar\DB016_seed42.png,,3.52
2026-06-07T18:58:28.190024,sd15,ar,DB017,42,SUCCESS,data\generated_images\phase1b\sd15\ar\DB017_seed42.png,,2.52
2026-06-07T18:58:30.698249,sd15,ar,DB018,42,SUCCESS,data\generated_images\phase1b\sd15\ar\DB018_seed42.png,,2.49
2026-06-07T18:58:33.133471,sd15,ar,DB019,42,SUCCESS,data\generated_images\phase1b\sd15\ar\DB019_seed42.png,,2.42
2026-06-07T18:58:35.591228,sd15,ar,DB020,42,SUCCESS,data\generated_images\phase1b\sd15\ar\DB020_seed42.png,,2.46
2026-06-07T18:58:37.985562,sd15,ar,DB021,42,SUCCESS,data\generated_images\phase1b\sd15\ar\DB021_seed42.png,,2.39
2026-06-07T18:58:40.348414,sd15,ar,DB022,42,SUCCESS,data\generated_images\phase1b\sd15\ar\DB022_seed42.png,,2.36
2026-06-07T18:58:42.754684,sd15,ar,DB023,42,SUCCESS,data\generated_images\phase1b\sd15\ar\DB023_seed42.png,,2.41
2026-06-07T18:58:45.202642,sd15,ar,DB024,42,SUCCESS,data\generated_images\phase1b\sd15\ar\DB024_seed42.png,,2.45
2026-06-07T18:58:48.049336,sd15,ar,DB025,42,SUCCESS,data\generated_images\phase1b\sd15\ar\DB025_seed42.png,,2.85
2026-06-07T18:58:50.482870,sd15,ar,DB026,42,SUCCESS,data\generated_images\phase1b\sd15\ar\DB026_seed42.png,,2.43
2026-06-07T18:58:53.122586,sd15,ar,DB027,42,SUCCESS,data\generated_images\phase1b\sd15\ar\DB027_seed42.png,,2.64
2026-06-07T18:58:55.546881,sd15,ar,DB028,42,SUCCESS,data\generated_images\phase1b\sd15\ar\DB028_seed42.png,,2.42
2026-06-07T18:58:58.053430,sd15,ar,DB029,42,SUCCESS,data\generated_images\phase1b\sd15\ar\DB029_seed42.png,,2.51
2026-06-07T18:59:00.553299,sd15,ar,DB030,42,SUCCESS,data\generated_images\phase1b\sd15\ar\DB030_seed42.png,,2.5
2026-06-07T18:59:03.255518,sd15,ar,DB031,42,SUCCESS,data\generated_images\phase1b\sd15\ar\DB031_seed42.png,,2.58
2026-06-07T18:59:05.662692,sd15,ar,DB032,42,SUCCESS,data\generated_images\phase1b\sd15\ar\DB032_seed42.png,,2.41
2026-06-07T18:59:08.349823,sd15,ar,DB033,42,SUCCESS,data\generated_images\phase1b\sd15\ar\DB033_seed42.png,,2.69
2026-06-07T18:59:10.669943,sd15,ar,DB034,42,SUCCESS,data\generated_images\phase1b\sd15\ar\DB034_seed42.png,,2.32
2026-06-07T18:59:13.430266,sd15,ar,DB035,42,SUCCESS,data\generated_images\phase1b\sd15\ar\DB035_seed42.png,,2.74
2026-06-07T18:59:15.765306,sd15,ar,DB036,42,SUCCESS,data\generated_images\phase1b\sd15\ar\DB036_seed42.png,,2.34
2026-06-07T18:59:17.451987,sd15,ar,DB037,42,FAIL,,"NSFW flag: NSFW content detected. Try running it again, or try a different prompt.",1.67
2026-06-07T18:59:19.840877,sd15,ar,DB038,42,SUCCESS,data\generated_images\phase1b\sd15\ar\DB038_seed42.png,,2.39
2026-06-07T18:59:22.223068,sd15,ar,DB039,42,SUCCESS,data\generated_images\phase1b\sd15\ar\DB039_seed42.png,,2.38
2026-06-07T18:59:24.922880,sd15,ar,DB040,42,SUCCESS,data\generated_images\phase1b\sd15\ar\DB040_seed42.png,,2.7
2026-06-07T18:59:27.365651,sd15,ar,DB041,42,SUCCESS,data\generated_images\phase1b\sd15\ar\DB041_seed42.png,,2.44
2026-06-07T18:59:29.712458,sd15,ar,DB042,42,SUCCESS,data\generated_images\phase1b\sd15\ar\DB042_seed42.png,,2.35
2026-06-07T18:59:32.156769,sd15,ar,DB043,42,SUCCESS,data\generated_images\phase1b\sd15\ar\DB043_seed42.png,,2.43
2026-06-07T18:59:34.760811,sd15,ar,DB044,42,SUCCESS,data\generated_images\phase1b\sd15\ar\DB044_seed42.png,,2.6
2026-06-07T18:59:37.082020,sd15,ar,DB045,42,SUCCESS,data\generated_images\phase1b\sd15\ar\DB045_seed42.png,,2.32
2026-06-07T18:59:39.486297,sd15,ar,DB046,42,SUCCESS,data\generated_images\phase1b\sd15\ar\DB046_seed42.png,,2.4
2026-06-07T18:59:41.960895,sd15,ar,DB047,42,SUCCESS,data\generated_images\phase1b\sd15\ar\DB047_seed42.png,,2.47
2026-06-07T18:59:44.382498,sd15,ar,DB048,42,SUCCESS,data\generated_images\phase1b\sd15\ar\DB048_seed42.png,,2.42
2026-06-07T18:59:47.272502,sd15,ar,DB049,42,SUCCESS,data\generated_images\phase1b\sd15\ar\DB049_seed42.png,,2.89
2026-06-07T18:59:49.740528,sd15,ar,DB050,42,SUCCESS,data\generated_images\phase1b\sd15\ar\DB050_seed42.png,,2.47
2026-06-07T18:59:52.129561,sd15,ar,GB001,42,SUCCESS,data\generated_images\phase1b\sd15\ar\GB001_seed42.png,,2.37
2026-06-07T18:59:54.503287,sd15,ar,GB002,42,SUCCESS,data\generated_images\phase1b\sd15\ar\GB002_seed42.png,,2.37
2026-06-07T18:59:56.906989,sd15,ar,GB003,42,SUCCESS,data\generated_images\phase1b\sd15\ar\GB003_seed42.png,,2.39
2026-06-07T18:59:59.576072,sd15,ar,GB004,42,SUCCESS,data\generated_images\phase1b\sd15\ar\GB004_seed42.png,,2.67
2026-06-07T19:00:02.488881,sd15,ar,GB005,42,SUCCESS,data\generated_images\phase1b\sd15\ar\GB005_seed42.png,,2.91
2026-06-07T19:00:04.753729,sd15,ar,GB006,42,SUCCESS,data\generated_images\phase1b\sd15\ar\GB006_seed42.png,,2.26
2026-06-07T19:00:07.159800,sd15,ar,GB007,42,SUCCESS,data\generated_images\phase1b\sd15\ar\GB007_seed42.png,,2.41
2026-06-07T19:00:09.615070,sd15,ar,GB008,42,SUCCESS,data\generated_images\phase1b\sd15\ar\GB008_seed42.png,,2.46
2026-06-07T19:00:12.003379,sd15,ar,GB009,42,SUCCESS,data\generated_images\phase1b\sd15\ar\GB009_seed42.png,,2.39
2026-06-07T19:00:14.761304,sd15,ar,GB010,42,SUCCESS,data\generated_images\phase1b\sd15\ar\GB010_seed42.png,,2.76
2026-06-07T19:00:17.081600,sd15,ar,GB011,42,SUCCESS,data\generated_images\phase1b\sd15\ar\GB011_seed42.png,,2.32
2026-06-07T19:00:19.523045,sd15,ar,GB012,42,SUCCESS,data\generated_images\phase1b\sd15\ar\GB012_seed42.png,,2.44
2026-06-07T19:00:21.979205,sd15,ar,GB013,42,SUCCESS,data\generated_images\phase1b\sd15\ar\GB013_seed42.png,,2.46
2026-06-07T19:00:24.431704,sd15,ar,GB014,42,SUCCESS,data\generated_images\phase1b\sd15\ar\GB014_seed42.png,,2.45
2026-06-07T19:00:26.889008,sd15,ar,GB015,42,SUCCESS,data\generated_images\phase1b\sd15\ar\GB015_seed42.png,,2.46
2026-06-07T19:00:29.355209,sd15,ar,GB016,42,SUCCESS,data\generated_images\phase1b\sd15\ar\GB016_seed42.png,,2.47
2026-06-07T19:00:31.845825,sd15,ar,GB017,42,SUCCESS,data\generated_images\phase1b\sd15\ar\GB017_seed42.png,,2.49
2026-06-07T19:00:34.470868,sd15,ar,GB018,42,SUCCESS,data\generated_images\phase1b\sd15\ar\GB018_seed42.png,,2.63
2026-06-07T19:00:36.826052,sd15,ar,GB019,42,SUCCESS,data\generated_images\phase1b\sd15\ar\GB019_seed42.png,,2.36
2026-06-07T19:00:39.387802,sd15,ar,GB020,42,SUCCESS,data\generated_images\phase1b\sd15\ar\GB020_seed42.png,,2.56
2026-06-07T19:00:41.791088,sd15,ar,GB021,42,SUCCESS,data\generated_images\phase1b\sd15\ar\GB021_seed42.png,,2.4
2026-06-07T19:00:44.726494,sd15,ar,GB022,42,SUCCESS,data\generated_images\phase1b\sd15\ar\GB022_seed42.png,,2.92
2026-06-07T19:00:47.031971,sd15,ar,GB023,42,SUCCESS,data\generated_images\phase1b\sd15\ar\GB023_seed42.png,,2.31
2026-06-07T19:00:49.453470,sd15,ar,GB024,42,SUCCESS,data\generated_images\phase1b\sd15\ar\GB024_seed42.png,,2.42
2026-06-07T19:00:51.995791,sd15,ar,GB025,42,SUCCESS,data\generated_images\phase1b\sd15\ar\GB025_seed42.png,,2.54
2026-06-07T19:00:54.715968,sd15,ar,GB026,42,SUCCESS,data\generated_images\phase1b\sd15\ar\GB026_seed42.png,,2.72
2026-06-07T19:00:57.253997,sd15,ar,GB027,42,SUCCESS,data\generated_images\phase1b\sd15\ar\GB027_seed42.png,,2.54
2026-06-07T19:00:59.673569,sd15,ar,GB028,42,SUCCESS,data\generated_images\phase1b\sd15\ar\GB028_seed42.png,,2.42
2026-06-07T19:01:02.258200,sd15,ar,GB029,42,SUCCESS,data\generated_images\phase1b\sd15\ar\GB029_seed42.png,,2.58
2026-06-07T19:01:04.621969,sd15,ar,GB030,42,SUCCESS,data\generated_images\phase1b\sd15\ar\GB030_seed42.png,,2.36
2026-06-07T19:01:07.013974,sd15,ar,GB031,42,SUCCESS,data\generated_images\phase1b\sd15\ar\GB031_seed42.png,,2.39
2026-06-07T19:01:09.468387,sd15,ar,GB032,42,SUCCESS,data\generated_images\phase1b\sd15\ar\GB032_seed42.png,,2.45
2026-06-07T19:01:12.190684,sd15,ar,GB033,42,SUCCESS,data\generated_images\phase1b\sd15\ar\GB033_seed42.png,,2.72
2026-06-07T19:01:15.211230,sd15,ar,GB034,42,SUCCESS,data\generated_images\phase1b\sd15\ar\GB034_seed42.png,,3.0
2026-06-07T19:01:18.002071,sd15,ar,GB035,42,SUCCESS,data\generated_images\phase1b\sd15\ar\GB035_seed42.png,,2.79
2026-06-07T19:01:20.893229,sd15,ar,GB036,42,SUCCESS,data\generated_images\phase1b\sd15\ar\GB036_seed42.png,,2.89
2026-06-07T19:01:23.582262,sd15,ar,GB037,42,SUCCESS,data\generated_images\phase1b\sd15\ar\GB037_seed42.png,,2.69
2026-06-07T19:01:26.016378,sd15,ar,GB038,42,SUCCESS,data\generated_images\phase1b\sd15\ar\GB038_seed42.png,,2.43
2026-06-07T19:01:28.560017,sd15,ar,GB039,42,SUCCESS,data\generated_images\phase1b\sd15\ar\GB039_seed42.png,,2.54
2026-06-07T19:01:31.487194,sd15,ar,GB040,42,SUCCESS,data\generated_images\phase1b\sd15\ar\GB040_seed42.png,,2.93
2026-06-07T19:01:33.907452,sd15,ar,GB041,42,SUCCESS,data\generated_images\phase1b\sd15\ar\GB041_seed42.png,,2.42
2026-06-07T19:01:36.341447,sd15,ar,GB042,42,SUCCESS,data\generated_images\phase1b\sd15\ar\GB042_seed42.png,,2.43
2026-06-07T19:01:39.263402,sd15,ar,GB043,42,SUCCESS,data\generated_images\phase1b\sd15\ar\GB043_seed42.png,,2.92
2026-06-07T19:01:41.863188,sd15,ar,GB044,42,SUCCESS,data\generated_images\phase1b\sd15\ar\GB044_seed42.png,,2.6
2026-06-07T19:01:44.313992,sd15,ar,GB045,42,SUCCESS,data\generated_images\phase1b\sd15\ar\GB045_seed42.png,,2.45
2026-06-07T19:01:46.701014,sd15,ar,GB046,42,SUCCESS,data\generated_images\phase1b\sd15\ar\GB046_seed42.png,,2.39
2026-06-07T19:01:49.199529,sd15,ar,GB047,42,SUCCESS,data\generated_images\phase1b\sd15\ar\GB047_seed42.png,,2.5
2026-06-07T19:01:51.519275,sd15,ar,GB048,42,SUCCESS,data\generated_images\phase1b\sd15\ar\GB048_seed42.png,,2.32
2026-06-07T19:01:54.678246,sd15,ar,GB049,42,SUCCESS,data\generated_images\phase1b\sd15\ar\GB049_seed42.png,,3.16
2026-06-07T19:01:57.434910,sd15,ar,GB050,42,SUCCESS,data\generated_images\phase1b\sd15\ar\GB050_seed42.png,,2.76
2026-06-07T19:02:02.079838,flux,en,DB001,42,SUCCESS,data\generated_images\phase1b\flux\en\DB001_seed42.png,,4.64
2026-06-07T19:02:05.905845,flux,en,DB002,42,SUCCESS,data\generated_images\phase1b\flux\en\DB002_seed42.png,,3.83
2026-06-07T19:02:09.890850,flux,en,DB003,42,SUCCESS,data\generated_images\phase1b\flux\en\DB003_seed42.png,,3.99
2026-06-07T19:02:13.497042,flux,en,DB004,42,SUCCESS,data\generated_images\phase1b\flux\en\DB004_seed42.png,,3.61
2026-06-07T19:02:17.506274,flux,en,DB005,42,SUCCESS,data\generated_images\phase1b\flux\en\DB005_seed42.png,,3.99
2026-06-07T19:02:21.629404,flux,en,DB006,42,SUCCESS,data\generated_images\phase1b\flux\en\DB006_seed42.png,,4.12
2026-06-07T19:02:25.488909,flux,en,DB007,42,SUCCESS,data\generated_images\phase1b\flux\en\DB007_seed42.png,,3.86
2026-06-07T19:02:30.802392,flux,en,DB008,42,SUCCESS,data\generated_images\phase1b\flux\en\DB008_seed42.png,,5.31
2026-06-07T19:02:34.773278,flux,en,DB009,42,SUCCESS,data\generated_images\phase1b\flux\en\DB009_seed42.png,,3.97
2026-06-07T19:02:38.871311,flux,en,DB010,42,SUCCESS,data\generated_images\phase1b\flux\en\DB010_seed42.png,,4.1
2026-06-07T19:02:42.806656,flux,en,DB011,42,SUCCESS,data\generated_images\phase1b\flux\en\DB011_seed42.png,,3.93
2026-06-07T19:02:46.459240,flux,en,DB012,42,SUCCESS,data\generated_images\phase1b\flux\en\DB012_seed42.png,,3.65
2026-06-07T19:02:50.525738,flux,en,DB013,42,SUCCESS,data\generated_images\phase1b\flux\en\DB013_seed42.png,,4.07
2026-06-07T19:02:55.176444,flux,en,DB014,42,SUCCESS,data\generated_images\phase1b\flux\en\DB014_seed42.png,,4.65
2026-06-07T19:02:59.315044,flux,en,DB015,42,SUCCESS,data\generated_images\phase1b\flux\en\DB015_seed42.png,,4.14
2026-06-07T19:03:03.550072,flux,en,DB016,42,SUCCESS,data\generated_images\phase1b\flux\en\DB016_seed42.png,,4.24
2026-06-07T19:03:07.704390,flux,en,DB017,42,SUCCESS,data\generated_images\phase1b\flux\en\DB017_seed42.png,,4.15
2026-06-07T19:03:12.441076,flux,en,DB018,42,SUCCESS,data\generated_images\phase1b\flux\en\DB018_seed42.png,,4.73
2026-06-07T19:03:16.579831,flux,en,DB019,42,SUCCESS,data\generated_images\phase1b\flux\en\DB019_seed42.png,,4.14
2026-06-07T19:03:20.844960,flux,en,DB020,42,SUCCESS,data\generated_images\phase1b\flux\en\DB020_seed42.png,,4.26
2026-06-07T19:03:25.095041,flux,en,DB021,42,SUCCESS,data\generated_images\phase1b\flux\en\DB021_seed42.png,,4.25
2026-06-07T19:03:29.137600,flux,en,DB022,42,SUCCESS,data\generated_images\phase1b\flux\en\DB022_seed42.png,,4.04
2026-06-07T19:03:33.079169,flux,en,DB023,42,SUCCESS,data\generated_images\phase1b\flux\en\DB023_seed42.png,,3.94
2026-06-07T19:03:37.673652,flux,en,DB024,42,SUCCESS,data\generated_images\phase1b\flux\en\DB024_seed42.png,,4.59
2026-06-07T19:03:42.121445,flux,en,DB025,42,SUCCESS,data\generated_images\phase1b\flux\en\DB025_seed42.png,,4.45
2026-06-07T19:03:46.129979,flux,en,DB026,42,SUCCESS,data\generated_images\phase1b\flux\en\DB026_seed42.png,,4.01
2026-06-07T19:03:50.233891,flux,en,DB027,42,SUCCESS,data\generated_images\phase1b\flux\en\DB027_seed42.png,,4.1
2026-06-07T19:03:54.672709,flux,en,DB028,42,SUCCESS,data\generated_images\phase1b\flux\en\DB028_seed42.png,,4.44
2026-06-07T19:03:58.965418,flux,en,DB029,42,SUCCESS,data\generated_images\phase1b\flux\en\DB029_seed42.png,,4.29
2026-06-07T19:04:02.942525,flux,en,DB030,42,SUCCESS,data\generated_images\phase1b\flux\en\DB030_seed42.png,,3.98
2026-06-07T19:04:06.951689,flux,en,DB031,42,SUCCESS,data\generated_images\phase1b\flux\en\DB031_seed42.png,,4.01
2026-06-07T19:04:10.723319,flux,en,DB032,42,SUCCESS,data\generated_images\phase1b\flux\en\DB032_seed42.png,,3.77
2026-06-07T19:04:14.770513,flux,en,DB033,42,SUCCESS,data\generated_images\phase1b\flux\en\DB033_seed42.png,,4.05
2026-06-07T19:04:18.309557,flux,en,DB034,42,SUCCESS,data\generated_images\phase1b\flux\en\DB034_seed42.png,,3.54
2026-06-07T19:04:23.380345,flux,en,DB035,42,SUCCESS,data\generated_images\phase1b\flux\en\DB035_seed42.png,,5.06
2026-06-07T19:04:27.849873,flux,en,DB036,42,SUCCESS,data\generated_images\phase1b\flux\en\DB036_seed42.png,,4.47
2026-06-07T19:04:32.276823,flux,en,DB037,42,SUCCESS,data\generated_images\phase1b\flux\en\DB037_seed42.png,,4.43
2026-06-07T19:04:36.452427,flux,en,DB038,42,SUCCESS,data\generated_images\phase1b\flux\en\DB038_seed42.png,,4.17
2026-06-07T19:04:41.008867,flux,en,DB039,42,SUCCESS,data\generated_images\phase1b\flux\en\DB039_seed42.png,,4.56
2026-06-07T19:04:45.394598,flux,en,DB040,42,SUCCESS,data\generated_images\phase1b\flux\en\DB040_seed42.png,,4.38
2026-06-07T19:04:49.806212,flux,en,DB041,42,SUCCESS,data\generated_images\phase1b\flux\en\DB041_seed42.png,,4.41
2026-06-07T19:04:54.088591,flux,en,DB042,42,SUCCESS,data\generated_images\phase1b\flux\en\DB042_seed42.png,,4.28
2026-06-07T19:04:57.981961,flux,en,DB043,42,SUCCESS,data\generated_images\phase1b\flux\en\DB043_seed42.png,,3.89
2026-06-07T19:05:03.010327,flux,en,DB044,42,SUCCESS,data\generated_images\phase1b\flux\en\DB044_seed42.png,,5.03
2026-06-07T19:05:06.751344,flux,en,DB045,42,SUCCESS,data\generated_images\phase1b\flux\en\DB045_seed42.png,,3.74
2026-06-07T19:05:11.082934,flux,en,DB046,42,SUCCESS,data\generated_images\phase1b\flux\en\DB046_seed42.png,,4.32
2026-06-07T19:05:15.349993,flux,en,DB047,42,SUCCESS,data\generated_images\phase1b\flux\en\DB047_seed42.png,,4.27
2026-06-07T19:05:19.697848,flux,en,DB048,42,SUCCESS,data\generated_images\phase1b\flux\en\DB048_seed42.png,,4.35
2026-06-07T19:05:23.881753,flux,en,DB049,42,SUCCESS,data\generated_images\phase1b\flux\en\DB049_seed42.png,,4.18
2026-06-07T19:05:28.106000,flux,en,DB050,42,SUCCESS,data\generated_images\phase1b\flux\en\DB050_seed42.png,,4.22
2026-06-07T19:05:33.137926,flux,en,GB001,42,SUCCESS,data\generated_images\phase1b\flux\en\GB001_seed42.png,,5.03
2026-06-07T19:05:37.079342,flux,en,GB002,42,SUCCESS,data\generated_images\phase1b\flux\en\GB002_seed42.png,,3.94
2026-06-07T19:05:41.539591,flux,en,GB003,42,SUCCESS,data\generated_images\phase1b\flux\en\GB003_seed42.png,,4.46
2026-06-07T19:05:45.502280,flux,en,GB004,42,SUCCESS,data\generated_images\phase1b\flux\en\GB004_seed42.png,,3.96
2026-06-07T19:05:49.560472,flux,en,GB005,42,SUCCESS,data\generated_images\phase1b\flux\en\GB005_seed42.png,,4.06
2026-06-07T19:05:53.537934,flux,en,GB006,42,SUCCESS,data\generated_images\phase1b\flux\en\GB006_seed42.png,,3.98
2026-06-07T19:05:58.419754,flux,en,GB007,42,SUCCESS,data\generated_images\phase1b\flux\en\GB007_seed42.png,,4.88
2026-06-07T19:06:02.737366,flux,en,GB008,42,SUCCESS,data\generated_images\phase1b\flux\en\GB008_seed42.png,,4.32
2026-06-07T19:06:09.127729,flux,en,GB009,42,SUCCESS,data\generated_images\phase1b\flux\en\GB009_seed42.png,,6.39
2026-06-07T19:06:13.016904,flux,en,GB010,42,SUCCESS,data\generated_images\phase1b\flux\en\GB010_seed42.png,,3.89
2026-06-07T19:06:17.388640,flux,en,GB011,42,SUCCESS,data\generated_images\phase1b\flux\en\GB011_seed42.png,,4.36
2026-06-07T19:06:21.684834,flux,en,GB012,42,SUCCESS,data\generated_images\phase1b\flux\en\GB012_seed42.png,,4.29
2026-06-07T19:06:25.752883,flux,en,GB013,42,SUCCESS,data\generated_images\phase1b\flux\en\GB013_seed42.png,,4.07
2026-06-07T19:06:30.549209,flux,en,GB014,42,SUCCESS,data\generated_images\phase1b\flux\en\GB014_seed42.png,,4.8
2026-06-07T19:06:36.964372,flux,en,GB015,42,SUCCESS,data\generated_images\phase1b\flux\en\GB015_seed42.png,,6.42
2026-06-07T19:06:41.405468,flux,en,GB016,42,SUCCESS,data\generated_images\phase1b\flux\en\GB016_seed42.png,,4.44
2026-06-07T19:06:46.295451,flux,en,GB017,42,SUCCESS,data\generated_images\phase1b\flux\en\GB017_seed42.png,,4.89
2026-06-07T19:06:50.340639,flux,en,GB018,42,SUCCESS,data\generated_images\phase1b\flux\en\GB018_seed42.png,,4.05
2026-06-07T19:06:54.075711,flux,en,GB019,42,SUCCESS,data\generated_images\phase1b\flux\en\GB019_seed42.png,,3.74
2026-06-07T19:06:58.621579,flux,en,GB020,42,SUCCESS,data\generated_images\phase1b\flux\en\GB020_seed42.png,,4.55
2026-06-07T19:07:03.100095,flux,en,GB021,42,SUCCESS,data\generated_images\phase1b\flux\en\GB021_seed42.png,,4.48
2026-06-07T19:07:07.471167,flux,en,GB022,42,SUCCESS,data\generated_images\phase1b\flux\en\GB022_seed42.png,,4.37
2026-06-07T19:07:11.512839,flux,en,GB023,42,SUCCESS,data\generated_images\phase1b\flux\en\GB023_seed42.png,,4.04
2026-06-07T19:07:16.207254,flux,en,GB024,42,SUCCESS,data\generated_images\phase1b\flux\en\GB024_seed42.png,,4.69
2026-06-07T19:07:20.854221,flux,en,GB025,42,SUCCESS,data\generated_images\phase1b\flux\en\GB025_seed42.png,,4.65
2026-06-07T19:07:26.682859,flux,en,GB026,42,SUCCESS,data\generated_images\phase1b\flux\en\GB026_seed42.png,,5.83
2026-06-07T19:07:31.340275,flux,en,GB027,42,SUCCESS,data\generated_images\phase1b\flux\en\GB027_seed42.png,,4.62
2026-06-07T19:07:34.862041,flux,en,GB028,42,SUCCESS,data\generated_images\phase1b\flux\en\GB028_seed42.png,,3.51
2026-06-07T19:07:39.596834,flux,en,GB029,42,SUCCESS,data\generated_images\phase1b\flux\en\GB029_seed42.png,,4.73
2026-06-07T19:07:44.005604,flux,en,GB030,42,SUCCESS,data\generated_images\phase1b\flux\en\GB030_seed42.png,,4.41
2026-06-07T19:07:48.366839,flux,en,GB031,42,SUCCESS,data\generated_images\phase1b\flux\en\GB031_seed42.png,,4.36
2026-06-07T19:07:52.049869,flux,en,GB032,42,SUCCESS,data\generated_images\phase1b\flux\en\GB032_seed42.png,,3.68
2026-06-07T19:07:55.985636,flux,en,GB033,42,SUCCESS,data\generated_images\phase1b\flux\en\GB033_seed42.png,,3.93
2026-06-07T19:08:00.361856,flux,en,GB034,42,SUCCESS,data\generated_images\phase1b\flux\en\GB034_seed42.png,,4.38
2026-06-07T19:08:05.856224,flux,en,GB035,42,SUCCESS,data\generated_images\phase1b\flux\en\GB035_seed42.png,,5.49
2026-06-07T19:08:10.087374,flux,en,GB036,42,SUCCESS,data\generated_images\phase1b\flux\en\GB036_seed42.png,,4.23
2026-06-07T19:08:14.359998,flux,en,GB037,42,SUCCESS,data\generated_images\phase1b\flux\en\GB037_seed42.png,,4.27
2026-06-07T19:08:18.363696,flux,en,GB038,42,SUCCESS,data\generated_images\phase1b\flux\en\GB038_seed42.png,,4.0
2026-06-07T19:08:23.041850,flux,en,GB039,42,SUCCESS,data\generated_images\phase1b\flux\en\GB039_seed42.png,,4.68
2026-06-07T19:08:28.979544,flux,en,GB040,42,SUCCESS,data\generated_images\phase1b\flux\en\GB040_seed42.png,,5.94
2026-06-07T19:08:34.824798,flux,en,GB041,42,SUCCESS,data\generated_images\phase1b\flux\en\GB041_seed42.png,,5.85
2026-06-07T19:08:39.336655,flux,en,GB042,42,SUCCESS,data\generated_images\phase1b\flux\en\GB042_seed42.png,,4.5
2026-06-07T19:08:44.765523,flux,en,GB043,42,SUCCESS,data\generated_images\phase1b\flux\en\GB043_seed42.png,,5.43
2026-06-07T19:08:49.208320,flux,en,GB044,42,SUCCESS,data\generated_images\phase1b\flux\en\GB044_seed42.png,,4.44
2026-06-07T19:08:53.776495,flux,en,GB045,42,SUCCESS,data\generated_images\phase1b\flux\en\GB045_seed42.png,,4.57
2026-06-07T19:08:58.534111,flux,en,GB046,42,SUCCESS,data\generated_images\phase1b\flux\en\GB046_seed42.png,,4.76
2026-06-07T19:09:02.664254,flux,en,GB047,42,SUCCESS,data\generated_images\phase1b\flux\en\GB047_seed42.png,,4.13
2026-06-07T19:09:06.390423,flux,en,GB048,42,SUCCESS,data\generated_images\phase1b\flux\en\GB048_seed42.png,,3.72
2026-06-07T19:09:11.002712,flux,en,GB049,42,SUCCESS,data\generated_images\phase1b\flux\en\GB049_seed42.png,,4.61
2026-06-07T19:09:16.031363,flux,en,GB050,42,SUCCESS,data\generated_images\phase1b\flux\en\GB050_seed42.png,,5.03
2026-06-07T19:09:22.602369,flux,de,DB001,42,SUCCESS,data\generated_images\phase1b\flux\de\DB001_seed42.png,,6.57
2026-06-07T19:09:26.635152,flux,de,DB002,42,SUCCESS,data\generated_images\phase1b\flux\de\DB002_seed42.png,,4.03
2026-06-07T19:09:31.131790,flux,de,DB003,42,SUCCESS,data\generated_images\phase1b\flux\de\DB003_seed42.png,,4.5
2026-06-07T19:09:35.972681,flux,de,DB004,42,SUCCESS,data\generated_images\phase1b\flux\de\DB004_seed42.png,,4.84
2026-06-07T19:09:39.878873,flux,de,DB005,42,SUCCESS,data\generated_images\phase1b\flux\de\DB005_seed42.png,,3.91
2026-06-07T19:09:44.233587,flux,de,DB006,42,SUCCESS,data\generated_images\phase1b\flux\de\DB006_seed42.png,,4.35
2026-06-07T19:09:50.032820,flux,de,DB007,42,SUCCESS,data\generated_images\phase1b\flux\de\DB007_seed42.png,,5.8
2026-06-07T19:09:54.931522,flux,de,DB008,42,SUCCESS,data\generated_images\phase1b\flux\de\DB008_seed42.png,,4.9
2026-06-07T19:09:58.922623,flux,de,DB009,42,SUCCESS,data\generated_images\phase1b\flux\de\DB009_seed42.png,,3.99
2026-06-07T19:10:03.383882,flux,de,DB010,42,SUCCESS,data\generated_images\phase1b\flux\de\DB010_seed42.png,,4.46
2026-06-07T19:10:07.661678,flux,de,DB011,42,SUCCESS,data\generated_images\phase1b\flux\de\DB011_seed42.png,,4.28
2026-06-07T19:10:11.921890,flux,de,DB012,42,SUCCESS,data\generated_images\phase1b\flux\de\DB012_seed42.png,,4.26
2026-06-07T19:10:16.044080,flux,de,DB013,42,SUCCESS,data\generated_images\phase1b\flux\de\DB013_seed42.png,,4.11
2026-06-07T19:10:20.066180,flux,de,DB014,42,SUCCESS,data\generated_images\phase1b\flux\de\DB014_seed42.png,,4.02
2026-06-07T19:10:23.849241,flux,de,DB015,42,SUCCESS,data\generated_images\phase1b\flux\de\DB015_seed42.png,,3.78
2026-06-07T19:10:30.180807,flux,de,DB016,42,SUCCESS,data\generated_images\phase1b\flux\de\DB016_seed42.png,,6.33
2026-06-07T19:10:34.260393,flux,de,DB017,42,SUCCESS,data\generated_images\phase1b\flux\de\DB017_seed42.png,,4.08
2026-06-07T19:10:38.629212,flux,de,DB018,42,SUCCESS,data\generated_images\phase1b\flux\de\DB018_seed42.png,,4.37
2026-06-07T19:10:43.825000,flux,de,DB019,42,SUCCESS,data\generated_images\phase1b\flux\de\DB019_seed42.png,,5.2
2026-06-07T19:10:48.182281,flux,de,DB020,42,SUCCESS,data\generated_images\phase1b\flux\de\DB020_seed42.png,,4.36
2026-06-07T19:10:52.519201,flux,de,DB021,42,SUCCESS,data\generated_images\phase1b\flux\de\DB021_seed42.png,,4.34
2026-06-07T19:10:56.684956,flux,de,DB022,42,SUCCESS,data\generated_images\phase1b\flux\de\DB022_seed42.png,,4.16
2026-06-07T19:11:00.558401,flux,de,DB023,42,SUCCESS,data\generated_images\phase1b\flux\de\DB023_seed42.png,,3.87
2026-06-07T19:11:04.801218,flux,de,DB024,42,SUCCESS,data\generated_images\phase1b\flux\de\DB024_seed42.png,,4.24
2026-06-07T19:11:10.984574,flux,de,DB025,42,SUCCESS,data\generated_images\phase1b\flux\de\DB025_seed42.png,,6.18
2026-06-07T19:11:15.189135,flux,de,DB026,42,SUCCESS,data\generated_images\phase1b\flux\de\DB026_seed42.png,,4.2
2026-06-07T19:11:19.443845,flux,de,DB027,42,SUCCESS,data\generated_images\phase1b\flux\de\DB027_seed42.png,,4.25
2026-06-07T19:11:25.087181,flux,de,DB028,42,SUCCESS,data\generated_images\phase1b\flux\de\DB028_seed42.png,,5.63
2026-06-07T19:11:29.367419,flux,de,DB029,42,SUCCESS,data\generated_images\phase1b\flux\de\DB029_seed42.png,,4.28
2026-06-07T19:11:33.520947,flux,de,DB030,42,SUCCESS,data\generated_images\phase1b\flux\de\DB030_seed42.png,,4.15
2026-06-07T19:11:38.071464,flux,de,DB031,42,SUCCESS,data\generated_images\phase1b\flux\de\DB031_seed42.png,,4.55
2026-06-07T19:11:42.360249,flux,de,DB032,42,SUCCESS,data\generated_images\phase1b\flux\de\DB032_seed42.png,,4.29
2026-06-07T19:11:47.812087,flux,de,DB033,42,SUCCESS,data\generated_images\phase1b\flux\de\DB033_seed42.png,,5.45
2026-06-07T19:11:52.138775,flux,de,DB034,42,SUCCESS,data\generated_images\phase1b\flux\de\DB034_seed42.png,,4.33
2026-06-07T19:11:56.849756,flux,de,DB035,42,SUCCESS,data\generated_images\phase1b\flux\de\DB035_seed42.png,,4.7
2026-06-07T19:12:01.459269,flux,de,DB036,42,SUCCESS,data\generated_images\phase1b\flux\de\DB036_seed42.png,,4.61
2026-06-07T19:12:05.322509,flux,de,DB037,42,SUCCESS,data\generated_images\phase1b\flux\de\DB037_seed42.png,,3.86
2026-06-07T19:12:09.709974,flux,de,DB038,42,SUCCESS,data\generated_images\phase1b\flux\de\DB038_seed42.png,,4.39
2026-06-07T19:12:13.199959,flux,de,DB039,42,SUCCESS,data\generated_images\phase1b\flux\de\DB039_seed42.png,,3.49
2026-06-07T19:12:17.739262,flux,de,DB040,42,SUCCESS,data\generated_images\phase1b\flux\de\DB040_seed42.png,,4.54
2026-06-07T19:12:22.006602,flux,de,DB041,42,SUCCESS,data\generated_images\phase1b\flux\de\DB041_seed42.png,,4.27
2026-06-07T19:12:26.043570,flux,de,DB042,42,SUCCESS,data\generated_images\phase1b\flux\de\DB042_seed42.png,,4.04
2026-06-07T19:12:29.715132,flux,de,DB043,42,SUCCESS,data\generated_images\phase1b\flux\de\DB043_seed42.png,,3.67
2026-06-07T19:12:33.735555,flux,de,DB044,42,SUCCESS,data\generated_images\phase1b\flux\de\DB044_seed42.png,,4.02
2026-06-07T19:12:38.473211,flux,de,DB045,42,SUCCESS,data\generated_images\phase1b\flux\de\DB045_seed42.png,,4.74
2026-06-07T19:12:42.316041,flux,de,DB046,42,SUCCESS,data\generated_images\phase1b\flux\de\DB046_seed42.png,,3.83
2026-06-07T19:12:47.064682,flux,de,DB047,42,SUCCESS,data\generated_images\phase1b\flux\de\DB047_seed42.png,,4.74
2026-06-07T19:12:51.375010,flux,de,DB048,42,SUCCESS,data\generated_images\phase1b\flux\de\DB048_seed42.png,,4.31
2026-06-07T19:12:55.553700,flux,de,DB049,42,SUCCESS,data\generated_images\phase1b\flux\de\DB049_seed42.png,,4.18
2026-06-07T19:12:59.472440,flux,de,DB050,42,SUCCESS,data\generated_images\phase1b\flux\de\DB050_seed42.png,,3.92
2026-06-07T19:13:04.581298,flux,de,GB001,42,SUCCESS,data\generated_images\phase1b\flux\de\GB001_seed42.png,,5.11
2026-06-07T19:13:08.881991,flux,de,GB002,42,SUCCESS,data\generated_images\phase1b\flux\de\GB002_seed42.png,,4.3
2026-06-07T19:13:13.357266,flux,de,GB003,42,SUCCESS,data\generated_images\phase1b\flux\de\GB003_seed42.png,,4.48
2026-06-07T19:13:18.872465,flux,de,GB004,42,SUCCESS,data\generated_images\phase1b\flux\de\GB004_seed42.png,,5.51
2026-06-07T19:13:22.984863,flux,de,GB005,42,SUCCESS,data\generated_images\phase1b\flux\de\GB005_seed42.png,,4.11
2026-06-07T19:13:27.212832,flux,de,GB006,42,SUCCESS,data\generated_images\phase1b\flux\de\GB006_seed42.png,,4.23
2026-06-07T19:13:31.954642,flux,de,GB007,42,SUCCESS,data\generated_images\phase1b\flux\de\GB007_seed42.png,,4.74
2026-06-07T19:13:36.519240,flux,de,GB008,42,SUCCESS,data\generated_images\phase1b\flux\de\GB008_seed42.png,,4.56
2026-06-07T19:13:40.928455,flux,de,GB009,42,SUCCESS,data\generated_images\phase1b\flux\de\GB009_seed42.png,,4.41
2026-06-07T19:13:47.080770,flux,de,GB010,42,SUCCESS,data\generated_images\phase1b\flux\de\GB010_seed42.png,,6.15
2026-06-07T19:13:51.343578,flux,de,GB011,42,SUCCESS,data\generated_images\phase1b\flux\de\GB011_seed42.png,,4.26
2026-06-07T19:13:55.499673,flux,de,GB012,42,SUCCESS,data\generated_images\phase1b\flux\de\GB012_seed42.png,,4.16
2026-06-07T19:14:00.062258,flux,de,GB013,42,SUCCESS,data\generated_images\phase1b\flux\de\GB013_seed42.png,,4.56
2026-06-07T19:14:04.812308,flux,de,GB014,42,SUCCESS,data\generated_images\phase1b\flux\de\GB014_seed42.png,,4.75
2026-06-07T19:14:08.755537,flux,de,GB015,42,SUCCESS,data\generated_images\phase1b\flux\de\GB015_seed42.png,,3.94
2026-06-07T19:14:14.188509,flux,de,GB016,42,SUCCESS,data\generated_images\phase1b\flux\de\GB016_seed42.png,,5.43
2026-06-07T19:14:19.182561,flux,de,GB017,42,SUCCESS,data\generated_images\phase1b\flux\de\GB017_seed42.png,,4.99
2026-06-07T19:14:23.713468,flux,de,GB018,42,SUCCESS,data\generated_images\phase1b\flux\de\GB018_seed42.png,,4.53
2026-06-07T19:14:29.518416,flux,de,GB019,42,SUCCESS,data\generated_images\phase1b\flux\de\GB019_seed42.png,,5.8
2026-06-07T19:14:33.980480,flux,de,GB020,42,SUCCESS,data\generated_images\phase1b\flux\de\GB020_seed42.png,,4.45
2026-06-07T19:14:38.444058,flux,de,GB021,42,SUCCESS,data\generated_images\phase1b\flux\de\GB021_seed42.png,,4.46
2026-06-07T19:14:43.849443,flux,de,GB022,42,SUCCESS,data\generated_images\phase1b\flux\de\GB022_seed42.png,,5.39
2026-06-07T19:14:53.228355,flux,de,GB023,42,SUCCESS,data\generated_images\phase1b\flux\de\GB023_seed42.png,,9.38
2026-06-07T19:15:00.523699,flux,de,GB024,42,SUCCESS,data\generated_images\phase1b\flux\de\GB024_seed42.png,,7.3
2026-06-07T19:15:05.379225,flux,de,GB025,42,SUCCESS,data\generated_images\phase1b\flux\de\GB025_seed42.png,,4.85
2026-06-07T19:15:11.878809,flux,de,GB026,42,SUCCESS,data\generated_images\phase1b\flux\de\GB026_seed42.png,,6.49
2026-06-07T19:15:18.115178,flux,de,GB027,42,SUCCESS,data\generated_images\phase1b\flux\de\GB027_seed42.png,,6.24
2026-06-07T19:15:21.815577,flux,de,GB028,42,SUCCESS,data\generated_images\phase1b\flux\de\GB028_seed42.png,,3.7
2026-06-07T19:15:26.784705,flux,de,GB029,42,SUCCESS,data\generated_images\phase1b\flux\de\GB029_seed42.png,,4.95
2026-06-07T19:15:31.489477,flux,de,GB030,42,SUCCESS,data\generated_images\phase1b\flux\de\GB030_seed42.png,,4.7
2026-06-07T19:15:36.842687,flux,de,GB031,42,SUCCESS,data\generated_images\phase1b\flux\de\GB031_seed42.png,,5.35
2026-06-07T19:15:42.318226,flux,de,GB032,42,SUCCESS,data\generated_images\phase1b\flux\de\GB032_seed42.png,,5.48
2026-06-07T19:15:46.629552,flux,de,GB033,42,SUCCESS,data\generated_images\phase1b\flux\de\GB033_seed42.png,,4.31
2026-06-07T19:15:51.489857,flux,de,GB034,42,SUCCESS,data\generated_images\phase1b\flux\de\GB034_seed42.png,,4.86
2026-06-07T19:15:56.032818,flux,de,GB035,42,SUCCESS,data\generated_images\phase1b\flux\de\GB035_seed42.png,,4.53
2026-06-07T19:15:59.503488,flux,de,GB036,42,SUCCESS,data\generated_images\phase1b\flux\de\GB036_seed42.png,,3.47
2026-06-07T19:16:03.680729,flux,de,GB037,42,SUCCESS,data\generated_images\phase1b\flux\de\GB037_seed42.png,,4.18
2026-06-07T19:16:07.979421,flux,de,GB038,42,SUCCESS,data\generated_images\phase1b\flux\de\GB038_seed42.png,,4.3
2026-06-07T19:16:12.054675,flux,de,GB039,42,SUCCESS,data\generated_images\phase1b\flux\de\GB039_seed42.png,,4.06
2026-06-07T19:16:16.575176,flux,de,GB040,42,SUCCESS,data\generated_images\phase1b\flux\de\GB040_seed42.png,,4.52
2026-06-07T19:16:21.130488,flux,de,GB041,42,SUCCESS,data\generated_images\phase1b\flux\de\GB041_seed42.png,,4.56
2026-06-07T19:16:25.572657,flux,de,GB042,42,SUCCESS,data\generated_images\phase1b\flux\de\GB042_seed42.png,,4.44
2026-06-07T19:16:29.876933,flux,de,GB043,42,SUCCESS,data\generated_images\phase1b\flux\de\GB043_seed42.png,,4.3
2026-06-07T19:16:34.810040,flux,de,GB044,42,SUCCESS,data\generated_images\phase1b\flux\de\GB044_seed42.png,,4.93
2026-06-07T19:16:40.259110,flux,de,GB045,42,SUCCESS,data\generated_images\phase1b\flux\de\GB045_seed42.png,,5.45
2026-06-07T19:16:45.212510,flux,de,GB046,42,SUCCESS,data\generated_images\phase1b\flux\de\GB046_seed42.png,,4.95
2026-06-07T19:16:48.940914,flux,de,GB047,42,SUCCESS,data\generated_images\phase1b\flux\de\GB047_seed42.png,,3.72
2026-06-07T19:16:53.007545,flux,de,GB048,42,SUCCESS,data\generated_images\phase1b\flux\de\GB048_seed42.png,,4.07
2026-06-07T19:16:57.406514,flux,de,GB049,42,SUCCESS,data\generated_images\phase1b\flux\de\GB049_seed42.png,,4.38
2026-06-07T19:17:01.273172,flux,de,GB050,42,SUCCESS,data\generated_images\phase1b\flux\de\GB050_seed42.png,,3.87
2026-06-07T19:17:05.353630,flux,fr,DB001,42,SUCCESS,data\generated_images\phase1b\flux\fr\DB001_seed42.png,,4.06
2026-06-07T19:17:09.462832,flux,fr,DB002,42,SUCCESS,data\generated_images\phase1b\flux\fr\DB002_seed42.png,,4.11
2026-06-07T19:17:13.886384,flux,fr,DB003,42,SUCCESS,data\generated_images\phase1b\flux\fr\DB003_seed42.png,,4.42
2026-06-07T19:17:17.879748,flux,fr,DB004,42,SUCCESS,data\generated_images\phase1b\flux\fr\DB004_seed42.png,,3.99
2026-06-07T19:17:21.761985,flux,fr,DB005,42,SUCCESS,data\generated_images\phase1b\flux\fr\DB005_seed42.png,,3.88
2026-06-07T19:17:25.847342,flux,fr,DB006,42,SUCCESS,data\generated_images\phase1b\flux\fr\DB006_seed42.png,,4.09
2026-06-07T19:17:30.125670,flux,fr,DB007,42,SUCCESS,data\generated_images\phase1b\flux\fr\DB007_seed42.png,,4.28
2026-06-07T19:17:35.229051,flux,fr,DB008,42,SUCCESS,data\generated_images\phase1b\flux\fr\DB008_seed42.png,,5.1
2026-06-07T19:17:39.631214,flux,fr,DB009,42,SUCCESS,data\generated_images\phase1b\flux\fr\DB009_seed42.png,,4.4
2026-06-07T19:17:43.872318,flux,fr,DB010,42,SUCCESS,data\generated_images\phase1b\flux\fr\DB010_seed42.png,,4.24
2026-06-07T19:17:48.730175,flux,fr,DB011,42,SUCCESS,data\generated_images\phase1b\flux\fr\DB011_seed42.png,,4.86
2026-06-07T19:17:52.606163,flux,fr,DB012,42,SUCCESS,data\generated_images\phase1b\flux\fr\DB012_seed42.png,,3.88
2026-06-07T19:17:56.820252,flux,fr,DB013,42,SUCCESS,data\generated_images\phase1b\flux\fr\DB013_seed42.png,,4.21
2026-06-07T19:18:03.426964,flux,fr,DB014,42,SUCCESS,data\generated_images\phase1b\flux\fr\DB014_seed42.png,,6.61
2026-06-07T19:18:07.777657,flux,fr,DB015,42,SUCCESS,data\generated_images\phase1b\flux\fr\DB015_seed42.png,,4.35
2026-06-07T19:18:12.340043,flux,fr,DB016,42,SUCCESS,data\generated_images\phase1b\flux\fr\DB016_seed42.png,,4.56
2026-06-07T19:18:17.456953,flux,fr,DB017,42,SUCCESS,data\generated_images\phase1b\flux\fr\DB017_seed42.png,,5.12
2026-06-07T19:18:21.986083,flux,fr,DB018,42,SUCCESS,data\generated_images\phase1b\flux\fr\DB018_seed42.png,,4.53
2026-06-07T19:18:27.748319,flux,fr,DB019,42,SUCCESS,data\generated_images\phase1b\flux\fr\DB019_seed42.png,,5.76
2026-06-07T19:18:32.286416,flux,fr,DB020,42,SUCCESS,data\generated_images\phase1b\flux\fr\DB020_seed42.png,,4.54
2026-06-07T19:18:36.352686,flux,fr,DB021,42,SUCCESS,data\generated_images\phase1b\flux\fr\DB021_seed42.png,,4.07
2026-06-07T19:18:43.803922,flux,fr,DB022,42,SUCCESS,data\generated_images\phase1b\flux\fr\DB022_seed42.png,,7.45
2026-06-07T19:18:48.128612,flux,fr,DB023,42,SUCCESS,data\generated_images\phase1b\flux\fr\DB023_seed42.png,,4.32
2026-06-07T19:18:53.295313,flux,fr,DB024,42,SUCCESS,data\generated_images\phase1b\flux\fr\DB024_seed42.png,,5.16
2026-06-07T19:18:57.963020,flux,fr,DB025,42,SUCCESS,data\generated_images\phase1b\flux\fr\DB025_seed42.png,,4.67
2026-06-07T19:19:02.592448,flux,fr,DB026,42,SUCCESS,data\generated_images\phase1b\flux\fr\DB026_seed42.png,,4.63
2026-06-07T19:19:07.895427,flux,fr,DB027,42,SUCCESS,data\generated_images\phase1b\flux\fr\DB027_seed42.png,,5.28
2026-06-07T19:19:11.499456,flux,fr,DB028,42,SUCCESS,data\generated_images\phase1b\flux\fr\DB028_seed42.png,,3.6
2026-06-07T19:19:16.393872,flux,fr,DB029,42,SUCCESS,data\generated_images\phase1b\flux\fr\DB029_seed42.png,,4.89
2026-06-07T19:19:21.039174,flux,fr,DB030,42,SUCCESS,data\generated_images\phase1b\flux\fr\DB030_seed42.png,,4.64
2026-06-07T19:19:25.485396,flux,fr,DB031,42,SUCCESS,data\generated_images\phase1b\flux\fr\DB031_seed42.png,,4.45
2026-06-07T19:19:29.678916,flux,fr,DB032,42,SUCCESS,data\generated_images\phase1b\flux\fr\DB032_seed42.png,,4.19
2026-06-07T19:19:33.676212,flux,fr,DB033,42,SUCCESS,data\generated_images\phase1b\flux\fr\DB033_seed42.png,,4.0
2026-06-07T19:19:38.149802,flux,fr,DB034,42,SUCCESS,data\generated_images\phase1b\flux\fr\DB034_seed42.png,,4.47
2026-06-07T19:19:42.580130,flux,fr,DB035,42,SUCCESS,data\generated_images\phase1b\flux\fr\DB035_seed42.png,,4.43
2026-06-07T19:19:46.954916,flux,fr,DB036,42,SUCCESS,data\generated_images\phase1b\flux\fr\DB036_seed42.png,,4.37
2026-06-07T19:19:51.115789,flux,fr,DB037,42,SUCCESS,data\generated_images\phase1b\flux\fr\DB037_seed42.png,,4.16
2026-06-07T19:19:55.235652,flux,fr,DB038,42,SUCCESS,data\generated_images\phase1b\flux\fr\DB038_seed42.png,,4.12
2026-06-07T19:20:00.771082,flux,fr,DB039,42,SUCCESS,data\generated_images\phase1b\flux\fr\DB039_seed42.png,,5.53
2026-06-07T19:20:05.194058,flux,fr,DB040,42,SUCCESS,data\generated_images\phase1b\flux\fr\DB040_seed42.png,,4.42
2026-06-07T19:20:09.251167,flux,fr,DB041,42,SUCCESS,data\generated_images\phase1b\flux\fr\DB041_seed42.png,,4.06
2026-06-07T19:20:13.596918,flux,fr,DB042,42,SUCCESS,data\generated_images\phase1b\flux\fr\DB042_seed42.png,,4.34
2026-06-07T19:20:17.633343,flux,fr,DB043,42,SUCCESS,data\generated_images\phase1b\flux\fr\DB043_seed42.png,,4.04
2026-06-07T19:20:21.754726,flux,fr,DB044,42,SUCCESS,data\generated_images\phase1b\flux\fr\DB044_seed42.png,,4.12
2026-06-07T19:20:25.141253,flux,fr,DB045,42,SUCCESS,data\generated_images\phase1b\flux\fr\DB045_seed42.png,,3.39
2026-06-07T19:20:29.123008,flux,fr,DB046,42,SUCCESS,data\generated_images\phase1b\flux\fr\DB046_seed42.png,,3.98
2026-06-07T19:20:33.032543,flux,fr,DB047,42,SUCCESS,data\generated_images\phase1b\flux\fr\DB047_seed42.png,,3.91
2026-06-07T19:20:37.293636,flux,fr,DB048,42,SUCCESS,data\generated_images\phase1b\flux\fr\DB048_seed42.png,,4.26
2026-06-07T19:20:42.400441,flux,fr,DB049,42,SUCCESS,data\generated_images\phase1b\flux\fr\DB049_seed42.png,,5.11
2026-06-07T19:20:46.787440,flux,fr,DB050,42,SUCCESS,data\generated_images\phase1b\flux\fr\DB050_seed42.png,,4.38
2026-06-07T19:20:52.989717,flux,fr,GB001,42,SUCCESS,data\generated_images\phase1b\flux\fr\GB001_seed42.png,,6.2
2026-06-07T19:20:57.194045,flux,fr,GB002,42,SUCCESS,data\generated_images\phase1b\flux\fr\GB002_seed42.png,,4.2
2026-06-07T19:21:01.394724,flux,fr,GB003,42,SUCCESS,data\generated_images\phase1b\flux\fr\GB003_seed42.png,,4.2
2026-06-07T19:21:05.477909,flux,fr,GB004,42,SUCCESS,data\generated_images\phase1b\flux\fr\GB004_seed42.png,,4.08
2026-06-07T19:21:09.533413,flux,fr,GB005,42,SUCCESS,data\generated_images\phase1b\flux\fr\GB005_seed42.png,,4.05
2026-06-07T19:21:14.254161,flux,fr,GB006,42,SUCCESS,data\generated_images\phase1b\flux\fr\GB006_seed42.png,,4.72
2026-06-07T19:21:18.652182,flux,fr,GB007,42,SUCCESS,data\generated_images\phase1b\flux\fr\GB007_seed42.png,,4.4
2026-06-07T19:21:24.823751,flux,fr,GB008,42,SUCCESS,data\generated_images\phase1b\flux\fr\GB008_seed42.png,,6.17
2026-06-07T19:21:31.322014,flux,fr,GB009,42,SUCCESS,data\generated_images\phase1b\flux\fr\GB009_seed42.png,,6.5
2026-06-07T19:21:35.623550,flux,fr,GB010,42,SUCCESS,data\generated_images\phase1b\flux\fr\GB010_seed42.png,,4.3
2026-06-07T19:21:41.129483,flux,fr,GB011,42,SUCCESS,data\generated_images\phase1b\flux\fr\GB011_seed42.png,,5.5
2026-06-07T19:21:45.562375,flux,fr,GB012,42,SUCCESS,data\generated_images\phase1b\flux\fr\GB012_seed42.png,,4.43
2026-06-07T19:21:49.560491,flux,fr,GB013,42,SUCCESS,data\generated_images\phase1b\flux\fr\GB013_seed42.png,,4.0
2026-06-07T19:21:55.958844,flux,fr,GB014,42,SUCCESS,data\generated_images\phase1b\flux\fr\GB014_seed42.png,,6.4
2026-06-07T19:22:00.461091,flux,fr,GB015,42,SUCCESS,data\generated_images\phase1b\flux\fr\GB015_seed42.png,,4.5
2026-06-07T19:22:04.626413,flux,fr,GB016,42,SUCCESS,data\generated_images\phase1b\flux\fr\GB016_seed42.png,,4.16
2026-06-07T19:22:09.472559,flux,fr,GB017,42,SUCCESS,data\generated_images\phase1b\flux\fr\GB017_seed42.png,,4.85
2026-06-07T19:22:13.836886,flux,fr,GB018,42,SUCCESS,data\generated_images\phase1b\flux\fr\GB018_seed42.png,,4.36
2026-06-07T19:22:18.247533,flux,fr,GB019,42,SUCCESS,data\generated_images\phase1b\flux\fr\GB019_seed42.png,,4.41
2026-06-07T19:22:23.486659,flux,fr,GB020,42,SUCCESS,data\generated_images\phase1b\flux\fr\GB020_seed42.png,,5.24
2026-06-07T19:22:28.373363,flux,fr,GB021,42,SUCCESS,data\generated_images\phase1b\flux\fr\GB021_seed42.png,,4.89
2026-06-07T19:22:33.137418,flux,fr,GB022,42,SUCCESS,data\generated_images\phase1b\flux\fr\GB022_seed42.png,,4.76
2026-06-07T19:22:37.145831,flux,fr,GB023,42,SUCCESS,data\generated_images\phase1b\flux\fr\GB023_seed42.png,,4.01
2026-06-07T19:22:42.513324,flux,fr,GB024,42,SUCCESS,data\generated_images\phase1b\flux\fr\GB024_seed42.png,,5.37
2026-06-07T19:22:49.131594,flux,fr,GB025,42,SUCCESS,data\generated_images\phase1b\flux\fr\GB025_seed42.png,,6.62
2026-06-07T19:22:52.821431,flux,fr,GB026,42,SUCCESS,data\generated_images\phase1b\flux\fr\GB026_seed42.png,,3.69
2026-06-07T19:23:00.458709,flux,fr,GB027,42,SUCCESS,data\generated_images\phase1b\flux\fr\GB027_seed42.png,,7.64
2026-06-07T19:23:04.201478,flux,fr,GB028,42,SUCCESS,data\generated_images\phase1b\flux\fr\GB028_seed42.png,,3.74
2026-06-07T19:23:09.368604,flux,fr,GB029,42,SUCCESS,data\generated_images\phase1b\flux\fr\GB029_seed42.png,,5.17
2026-06-07T19:23:13.785676,flux,fr,GB030,42,SUCCESS,data\generated_images\phase1b\flux\fr\GB030_seed42.png,,4.42
2026-06-07T19:23:18.170531,flux,fr,GB031,42,SUCCESS,data\generated_images\phase1b\flux\fr\GB031_seed42.png,,4.38
2026-06-07T19:23:22.300676,flux,fr,GB032,42,SUCCESS,data\generated_images\phase1b\flux\fr\GB032_seed42.png,,4.13
2026-06-07T19:23:26.766772,flux,fr,GB033,42,SUCCESS,data\generated_images\phase1b\flux\fr\GB033_seed42.png,,4.46
2026-06-07T19:23:31.735977,flux,fr,GB034,42,SUCCESS,data\generated_images\phase1b\flux\fr\GB034_seed42.png,,4.97
2026-06-07T19:23:36.327471,flux,fr,GB035,42,SUCCESS,data\generated_images\phase1b\flux\fr\GB035_seed42.png,,4.59
2026-06-07T19:23:40.083016,flux,fr,GB036,42,SUCCESS,data\generated_images\phase1b\flux\fr\GB036_seed42.png,,3.75
2026-06-07T19:23:44.546706,flux,fr,GB037,42,SUCCESS,data\generated_images\phase1b\flux\fr\GB037_seed42.png,,4.46
2026-06-07T19:23:48.393618,flux,fr,GB038,42,SUCCESS,data\generated_images\phase1b\flux\fr\GB038_seed42.png,,3.85
2026-06-07T19:23:53.059692,flux,fr,GB039,42,SUCCESS,data\generated_images\phase1b\flux\fr\GB039_seed42.png,,4.67
2026-06-07T19:23:58.229626,flux,fr,GB040,42,SUCCESS,data\generated_images\phase1b\flux\fr\GB040_seed42.png,,5.17
2026-06-07T19:24:02.783937,flux,fr,GB041,42,SUCCESS,data\generated_images\phase1b\flux\fr\GB041_seed42.png,,4.55
2026-06-07T19:24:07.993241,flux,fr,GB042,42,SUCCESS,data\generated_images\phase1b\flux\fr\GB042_seed42.png,,5.21
2026-06-07T19:24:12.219041,flux,fr,GB043,42,SUCCESS,data\generated_images\phase1b\flux\fr\GB043_seed42.png,,4.23
2026-06-07T19:24:17.279883,flux,fr,GB044,42,SUCCESS,data\generated_images\phase1b\flux\fr\GB044_seed42.png,,5.06
2026-06-07T19:24:22.098349,flux,fr,GB045,42,SUCCESS,data\generated_images\phase1b\flux\fr\GB045_seed42.png,,4.82
2026-06-07T19:24:26.570877,flux,fr,GB046,42,SUCCESS,data\generated_images\phase1b\flux\fr\GB046_seed42.png,,4.47
2026-06-07T19:24:30.575439,flux,fr,GB047,42,SUCCESS,data\generated_images\phase1b\flux\fr\GB047_seed42.png,,4.0
2026-06-07T19:24:34.617489,flux,fr,GB048,42,SUCCESS,data\generated_images\phase1b\flux\fr\GB048_seed42.png,,4.04
2026-06-07T19:24:40.971481,flux,fr,GB049,42,SUCCESS,data\generated_images\phase1b\flux\fr\GB049_seed42.png,,6.35
2026-06-07T19:24:44.820412,flux,fr,GB050,42,SUCCESS,data\generated_images\phase1b\flux\fr\GB050_seed42.png,,3.85
2026-06-07T19:24:48.629144,flux,es,DB001,42,SUCCESS,data\generated_images\phase1b\flux\es\DB001_seed42.png,,3.81
2026-06-07T19:24:52.568680,flux,es,DB002,42,SUCCESS,data\generated_images\phase1b\flux\es\DB002_seed42.png,,3.94
2026-06-07T19:24:56.348652,flux,es,DB003,42,SUCCESS,data\generated_images\phase1b\flux\es\DB003_seed42.png,,3.78
2026-06-07T19:25:00.384342,flux,es,DB004,42,SUCCESS,data\generated_images\phase1b\flux\es\DB004_seed42.png,,4.03
2026-06-07T19:25:04.127542,flux,es,DB005,42,SUCCESS,data\generated_images\phase1b\flux\es\DB005_seed42.png,,3.74
2026-06-07T19:25:08.061758,flux,es,DB006,42,SUCCESS,data\generated_images\phase1b\flux\es\DB006_seed42.png,,3.93
2026-06-07T19:25:12.001364,flux,es,DB007,42,SUCCESS,data\generated_images\phase1b\flux\es\DB007_seed42.png,,3.94
2026-06-07T19:25:16.044769,flux,es,DB008,42,SUCCESS,data\generated_images\phase1b\flux\es\DB008_seed42.png,,4.04
2026-06-07T19:25:19.992548,flux,es,DB009,42,SUCCESS,data\generated_images\phase1b\flux\es\DB009_seed42.png,,3.95
2026-06-07T19:25:24.075046,flux,es,DB010,42,SUCCESS,data\generated_images\phase1b\flux\es\DB010_seed42.png,,4.08
2026-06-07T19:25:30.146086,flux,es,DB011,42,SUCCESS,data\generated_images\phase1b\flux\es\DB011_seed42.png,,6.07
2026-06-07T19:25:34.638144,flux,es,DB012,42,SUCCESS,data\generated_images\phase1b\flux\es\DB012_seed42.png,,4.49
2026-06-07T19:25:39.097755,flux,es,DB013,42,SUCCESS,data\generated_images\phase1b\flux\es\DB013_seed42.png,,4.46
2026-06-07T19:25:43.627246,flux,es,DB014,42,SUCCESS,data\generated_images\phase1b\flux\es\DB014_seed42.png,,4.53
2026-06-07T19:25:47.621248,flux,es,DB015,42,SUCCESS,data\generated_images\phase1b\flux\es\DB015_seed42.png,,3.99
2026-06-07T19:25:51.858097,flux,es,DB016,42,SUCCESS,data\generated_images\phase1b\flux\es\DB016_seed42.png,,4.24
2026-06-07T19:25:57.739797,flux,es,DB017,42,SUCCESS,data\generated_images\phase1b\flux\es\DB017_seed42.png,,5.88
2026-06-07T19:26:02.019906,flux,es,DB018,42,SUCCESS,data\generated_images\phase1b\flux\es\DB018_seed42.png,,4.28
2026-06-07T19:26:06.565935,flux,es,DB019,42,SUCCESS,data\generated_images\phase1b\flux\es\DB019_seed42.png,,4.55
2026-06-07T19:26:10.842196,flux,es,DB020,42,SUCCESS,data\generated_images\phase1b\flux\es\DB020_seed42.png,,4.28
2026-06-07T19:26:14.833490,flux,es,DB021,42,SUCCESS,data\generated_images\phase1b\flux\es\DB021_seed42.png,,3.99
2026-06-07T19:26:19.191984,flux,es,DB022,42,SUCCESS,data\generated_images\phase1b\flux\es\DB022_seed42.png,,4.36
2026-06-07T19:26:23.851919,flux,es,DB023,42,SUCCESS,data\generated_images\phase1b\flux\es\DB023_seed42.png,,4.66
2026-06-07T19:26:28.451175,flux,es,DB024,42,SUCCESS,data\generated_images\phase1b\flux\es\DB024_seed42.png,,4.6
2026-06-07T19:26:33.279179,flux,es,DB025,42,SUCCESS,data\generated_images\phase1b\flux\es\DB025_seed42.png,,4.83
2026-06-07T19:26:37.732821,flux,es,DB026,42,SUCCESS,data\generated_images\phase1b\flux\es\DB026_seed42.png,,4.45
2026-06-07T19:26:42.964166,flux,es,DB027,42,SUCCESS,data\generated_images\phase1b\flux\es\DB027_seed42.png,,5.23
2026-06-07T19:26:47.330528,flux,es,DB028,42,SUCCESS,data\generated_images\phase1b\flux\es\DB028_seed42.png,,4.37
2026-06-07T19:26:51.396344,flux,es,DB029,42,SUCCESS,data\generated_images\phase1b\flux\es\DB029_seed42.png,,4.07
2026-06-07T19:26:55.570938,flux,es,DB030,42,SUCCESS,data\generated_images\phase1b\flux\es\DB030_seed42.png,,4.17
2026-06-07T19:27:02.740890,flux,es,DB031,42,SUCCESS,data\generated_images\phase1b\flux\es\DB031_seed42.png,,7.17
2026-06-07T19:27:06.702851,flux,es,DB032,42,SUCCESS,data\generated_images\phase1b\flux\es\DB032_seed42.png,,3.96
2026-06-07T19:27:10.755364,flux,es,DB033,42,SUCCESS,data\generated_images\phase1b\flux\es\DB033_seed42.png,,4.05
2026-06-07T19:27:14.962967,flux,es,DB034,42,SUCCESS,data\generated_images\phase1b\flux\es\DB034_seed42.png,,4.21
2026-06-07T19:27:19.069506,flux,es,DB035,42,SUCCESS,data\generated_images\phase1b\flux\es\DB035_seed42.png,,4.11
2026-06-07T19:27:23.333017,flux,es,DB036,42,SUCCESS,data\generated_images\phase1b\flux\es\DB036_seed42.png,,4.26
2026-06-07T19:27:27.590634,flux,es,DB037,42,SUCCESS,data\generated_images\phase1b\flux\es\DB037_seed42.png,,4.24
2026-06-07T19:27:31.399917,flux,es,DB038,42,SUCCESS,data\generated_images\phase1b\flux\es\DB038_seed42.png,,3.81
2026-06-07T19:27:35.796961,flux,es,DB039,42,SUCCESS,data\generated_images\phase1b\flux\es\DB039_seed42.png,,4.4
2026-06-07T19:27:40.279470,flux,es,DB040,42,SUCCESS,data\generated_images\phase1b\flux\es\DB040_seed42.png,,4.48
2026-06-07T19:27:44.375822,flux,es,DB041,42,SUCCESS,data\generated_images\phase1b\flux\es\DB041_seed42.png,,4.1
2026-06-07T19:27:49.076218,flux,es,DB042,42,SUCCESS,data\generated_images\phase1b\flux\es\DB042_seed42.png,,4.7
2026-06-07T19:27:52.737110,flux,es,DB043,42,SUCCESS,data\generated_images\phase1b\flux\es\DB043_seed42.png,,3.66
2026-06-07T19:27:56.395089,flux,es,DB044,42,SUCCESS,data\generated_images\phase1b\flux\es\DB044_seed42.png,,3.66
2026-06-07T19:28:00.274902,flux,es,DB045,42,SUCCESS,data\generated_images\phase1b\flux\es\DB045_seed42.png,,3.88
2026-06-07T19:28:04.353193,flux,es,DB046,42,SUCCESS,data\generated_images\phase1b\flux\es\DB046_seed42.png,,4.08
2026-06-07T19:28:08.879381,flux,es,DB047,42,SUCCESS,data\generated_images\phase1b\flux\es\DB047_seed42.png,,4.53
2026-06-07T19:28:12.845141,flux,es,DB048,42,SUCCESS,data\generated_images\phase1b\flux\es\DB048_seed42.png,,3.97
2026-06-07T19:28:16.865342,flux,es,DB049,42,SUCCESS,data\generated_images\phase1b\flux\es\DB049_seed42.png,,4.02
2026-06-07T19:28:21.444831,flux,es,DB050,42,SUCCESS,data\generated_images\phase1b\flux\es\DB050_seed42.png,,4.58
2026-06-07T19:28:26.258297,flux,es,GB001,42,SUCCESS,data\generated_images\phase1b\flux\es\GB001_seed42.png,,4.81
2026-06-07T19:28:30.469107,flux,es,GB002,42,SUCCESS,data\generated_images\phase1b\flux\es\GB002_seed42.png,,4.21
2026-06-07T19:28:34.875011,flux,es,GB003,42,SUCCESS,data\generated_images\phase1b\flux\es\GB003_seed42.png,,4.39
2026-06-07T19:28:39.175116,flux,es,GB004,42,SUCCESS,data\generated_images\phase1b\flux\es\GB004_seed42.png,,4.3
2026-06-07T19:28:43.479882,flux,es,GB005,42,SUCCESS,data\generated_images\phase1b\flux\es\GB005_seed42.png,,4.3
2026-06-07T19:28:48.086138,flux,es,GB006,42,SUCCESS,data\generated_images\phase1b\flux\es\GB006_seed42.png,,4.6
2026-06-07T19:28:52.729753,flux,es,GB007,42,SUCCESS,data\generated_images\phase1b\flux\es\GB007_seed42.png,,4.56
2026-06-07T19:28:57.317864,flux,es,GB008,42,SUCCESS,data\generated_images\phase1b\flux\es\GB008_seed42.png,,4.59
2026-06-07T19:29:02.577357,flux,es,GB009,42,SUCCESS,data\generated_images\phase1b\flux\es\GB009_seed42.png,,5.26
2026-06-07T19:29:07.485340,flux,es,GB010,42,SUCCESS,data\generated_images\phase1b\flux\es\GB010_seed42.png,,4.88
2026-06-07T19:29:12.233010,flux,es,GB011,42,SUCCESS,data\generated_images\phase1b\flux\es\GB011_seed42.png,,4.75
2026-06-07T19:29:16.594874,flux,es,GB012,42,SUCCESS,data\generated_images\phase1b\flux\es\GB012_seed42.png,,4.36
2026-06-07T19:29:20.610877,flux,es,GB013,42,SUCCESS,data\generated_images\phase1b\flux\es\GB013_seed42.png,,4.02
2026-06-07T19:29:24.592060,flux,es,GB014,42,SUCCESS,data\generated_images\phase1b\flux\es\GB014_seed42.png,,3.98
2026-06-07T19:29:28.448933,flux,es,GB015,42,SUCCESS,data\generated_images\phase1b\flux\es\GB015_seed42.png,,3.86
2026-06-07T19:29:32.786701,flux,es,GB016,42,SUCCESS,data\generated_images\phase1b\flux\es\GB016_seed42.png,,4.34
2026-06-07T19:29:37.269062,flux,es,GB017,42,SUCCESS,data\generated_images\phase1b\flux\es\GB017_seed42.png,,4.48
2026-06-07T19:29:42.197274,flux,es,GB018,42,SUCCESS,data\generated_images\phase1b\flux\es\GB018_seed42.png,,4.93
2026-06-07T19:29:46.069425,flux,es,GB019,42,SUCCESS,data\generated_images\phase1b\flux\es\GB019_seed42.png,,3.87
2026-06-07T19:29:50.277563,flux,es,GB020,42,SUCCESS,data\generated_images\phase1b\flux\es\GB020_seed42.png,,4.21
2026-06-07T19:29:55.143384,flux,es,GB021,42,SUCCESS,data\generated_images\phase1b\flux\es\GB021_seed42.png,,4.86
2026-06-07T19:29:59.588437,flux,es,GB022,42,SUCCESS,data\generated_images\phase1b\flux\es\GB022_seed42.png,,4.44
2026-06-07T19:30:03.632358,flux,es,GB023,42,SUCCESS,data\generated_images\phase1b\flux\es\GB023_seed42.png,,4.04
2026-06-07T19:30:08.409351,flux,es,GB024,42,SUCCESS,data\generated_images\phase1b\flux\es\GB024_seed42.png,,4.77
2026-06-07T19:30:13.565845,flux,es,GB025,42,SUCCESS,data\generated_images\phase1b\flux\es\GB025_seed42.png,,5.16
2026-06-07T19:30:17.536340,flux,es,GB026,42,SUCCESS,data\generated_images\phase1b\flux\es\GB026_seed42.png,,3.97
2026-06-07T19:30:21.834744,flux,es,GB027,42,SUCCESS,data\generated_images\phase1b\flux\es\GB027_seed42.png,,4.3
2026-06-07T19:30:25.529408,flux,es,GB028,42,SUCCESS,data\generated_images\phase1b\flux\es\GB028_seed42.png,,3.69
2026-06-07T19:30:29.747810,flux,es,GB029,42,SUCCESS,data\generated_images\phase1b\flux\es\GB029_seed42.png,,4.22
2026-06-07T19:30:34.560543,flux,es,GB030,42,SUCCESS,data\generated_images\phase1b\flux\es\GB030_seed42.png,,4.81
2026-06-07T19:30:38.952342,flux,es,GB031,42,SUCCESS,data\generated_images\phase1b\flux\es\GB031_seed42.png,,4.39
2026-06-07T19:30:43.122126,flux,es,GB032,42,SUCCESS,data\generated_images\phase1b\flux\es\GB032_seed42.png,,4.17
2026-06-07T19:30:47.098619,flux,es,GB033,42,SUCCESS,data\generated_images\phase1b\flux\es\GB033_seed42.png,,3.98
2026-06-07T19:30:51.625081,flux,es,GB034,42,SUCCESS,data\generated_images\phase1b\flux\es\GB034_seed42.png,,4.52
2026-06-07T19:30:56.064213,flux,es,GB035,42,SUCCESS,data\generated_images\phase1b\flux\es\GB035_seed42.png,,4.44
2026-06-07T19:31:00.252464,flux,es,GB036,42,SUCCESS,data\generated_images\phase1b\flux\es\GB036_seed42.png,,4.19
2026-06-07T19:31:04.423901,flux,es,GB037,42,SUCCESS,data\generated_images\phase1b\flux\es\GB037_seed42.png,,4.17
2026-06-07T19:31:08.691800,flux,es,GB038,42,SUCCESS,data\generated_images\phase1b\flux\es\GB038_seed42.png,,4.27
2026-06-07T19:31:12.785386,flux,es,GB039,42,SUCCESS,data\generated_images\phase1b\flux\es\GB039_seed42.png,,4.09
2026-06-07T19:31:16.699843,flux,es,GB040,42,SUCCESS,data\generated_images\phase1b\flux\es\GB040_seed42.png,,3.91
2026-06-07T19:31:22.118275,flux,es,GB041,42,SUCCESS,data\generated_images\phase1b\flux\es\GB041_seed42.png,,5.42
2026-06-07T19:31:27.042706,flux,es,GB042,42,SUCCESS,data\generated_images\phase1b\flux\es\GB042_seed42.png,,4.92
2026-06-07T19:31:31.255044,flux,es,GB043,42,SUCCESS,data\generated_images\phase1b\flux\es\GB043_seed42.png,,4.21
2026-06-07T19:31:36.351360,flux,es,GB044,42,SUCCESS,data\generated_images\phase1b\flux\es\GB044_seed42.png,,5.09
2026-06-07T19:31:41.255932,flux,es,GB045,42,SUCCESS,data\generated_images\phase1b\flux\es\GB045_seed42.png,,4.9
2026-06-07T19:31:45.627342,flux,es,GB046,42,SUCCESS,data\generated_images\phase1b\flux\es\GB046_seed42.png,,4.37
2026-06-07T19:31:49.723294,flux,es,GB047,42,SUCCESS,data\generated_images\phase1b\flux\es\GB047_seed42.png,,4.09
2026-06-07T19:31:55.038262,flux,es,GB048,42,SUCCESS,data\generated_images\phase1b\flux\es\GB048_seed42.png,,5.31
2026-06-07T19:31:59.388290,flux,es,GB049,42,SUCCESS,data\generated_images\phase1b\flux\es\GB049_seed42.png,,4.35
2026-06-07T19:32:05.690712,flux,es,GB050,42,SUCCESS,data\generated_images\phase1b\flux\es\GB050_seed42.png,,6.3
2026-06-07T19:32:10.090805,flux,ar,DB001,42,SUCCESS,data\generated_images\phase1b\flux\ar\DB001_seed42.png,,4.4
2026-06-07T19:32:14.896305,flux,ar,DB002,42,SUCCESS,data\generated_images\phase1b\flux\ar\DB002_seed42.png,,4.8
2026-06-07T19:32:19.017134,flux,ar,DB003,42,SUCCESS,data\generated_images\phase1b\flux\ar\DB003_seed42.png,,4.12
2026-06-07T19:32:24.180934,flux,ar,DB004,42,SUCCESS,data\generated_images\phase1b\flux\ar\DB004_seed42.png,,5.16
2026-06-07T19:32:28.870764,flux,ar,DB005,42,SUCCESS,data\generated_images\phase1b\flux\ar\DB005_seed42.png,,4.69
2026-06-07T19:32:33.130271,flux,ar,DB006,42,SUCCESS,data\generated_images\phase1b\flux\ar\DB006_seed42.png,,4.26
2026-06-07T19:32:37.340459,flux,ar,DB007,42,SUCCESS,data\generated_images\phase1b\flux\ar\DB007_seed42.png,,4.21
2026-06-07T19:32:42.202086,flux,ar,DB008,42,SUCCESS,data\generated_images\phase1b\flux\ar\DB008_seed42.png,,4.86
2026-06-07T19:32:46.532265,flux,ar,DB009,42,SUCCESS,data\generated_images\phase1b\flux\ar\DB009_seed42.png,,4.33
2026-06-07T19:32:51.355994,flux,ar,DB010,42,SUCCESS,data\generated_images\phase1b\flux\ar\DB010_seed42.png,,4.82
2026-06-07T19:32:55.441930,flux,ar,DB011,42,SUCCESS,data\generated_images\phase1b\flux\ar\DB011_seed42.png,,4.08
2026-06-07T19:32:59.789512,flux,ar,DB012,42,SUCCESS,data\generated_images\phase1b\flux\ar\DB012_seed42.png,,4.35
2026-06-07T19:33:03.888003,flux,ar,DB013,42,SUCCESS,data\generated_images\phase1b\flux\ar\DB013_seed42.png,,4.1
2026-06-07T19:33:08.162714,flux,ar,DB014,42,SUCCESS,data\generated_images\phase1b\flux\ar\DB014_seed42.png,,4.27
2026-06-07T19:33:13.418968,flux,ar,DB015,42,SUCCESS,data\generated_images\phase1b\flux\ar\DB015_seed42.png,,5.25
2026-06-07T19:33:18.309887,flux,ar,DB016,42,SUCCESS,data\generated_images\phase1b\flux\ar\DB016_seed42.png,,4.89
2026-06-07T19:33:23.784452,flux,ar,DB017,42,SUCCESS,data\generated_images\phase1b\flux\ar\DB017_seed42.png,,5.47
2026-06-07T19:33:28.192910,flux,ar,DB018,42,SUCCESS,data\generated_images\phase1b\flux\ar\DB018_seed42.png,,4.41
2026-06-07T19:33:33.397078,flux,ar,DB019,42,SUCCESS,data\generated_images\phase1b\flux\ar\DB019_seed42.png,,5.19
2026-06-07T19:33:37.825363,flux,ar,DB020,42,SUCCESS,data\generated_images\phase1b\flux\ar\DB020_seed42.png,,4.43
2026-06-07T19:33:43.231350,flux,ar,DB021,42,SUCCESS,data\generated_images\phase1b\flux\ar\DB021_seed42.png,,5.41
2026-06-07T19:33:48.311064,flux,ar,DB022,42,SUCCESS,data\generated_images\phase1b\flux\ar\DB022_seed42.png,,5.07
2026-06-07T19:33:53.280184,flux,ar,DB023,42,SUCCESS,data\generated_images\phase1b\flux\ar\DB023_seed42.png,,4.97
2026-06-07T19:33:57.554263,flux,ar,DB024,42,SUCCESS,data\generated_images\phase1b\flux\ar\DB024_seed42.png,,4.27
2026-06-07T19:34:02.762187,flux,ar,DB025,42,SUCCESS,data\generated_images\phase1b\flux\ar\DB025_seed42.png,,5.21
2026-06-07T19:34:07.254497,flux,ar,DB026,42,SUCCESS,data\generated_images\phase1b\flux\ar\DB026_seed42.png,,4.49
2026-06-07T19:34:11.863313,flux,ar,DB027,42,SUCCESS,data\generated_images\phase1b\flux\ar\DB027_seed42.png,,4.61
2026-06-07T19:34:16.567216,flux,ar,DB028,42,SUCCESS,data\generated_images\phase1b\flux\ar\DB028_seed42.png,,4.7
2026-06-07T19:34:21.001373,flux,ar,DB029,42,SUCCESS,data\generated_images\phase1b\flux\ar\DB029_seed42.png,,4.43
2026-06-07T19:34:25.438572,flux,ar,DB030,42,SUCCESS,data\generated_images\phase1b\flux\ar\DB030_seed42.png,,4.44
2026-06-07T19:34:29.999939,flux,ar,DB031,42,SUCCESS,data\generated_images\phase1b\flux\ar\DB031_seed42.png,,4.56
2026-06-07T19:34:34.062611,flux,ar,DB032,42,SUCCESS,data\generated_images\phase1b\flux\ar\DB032_seed42.png,,4.06
2026-06-07T19:34:38.249693,flux,ar,DB033,42,SUCCESS,data\generated_images\phase1b\flux\ar\DB033_seed42.png,,4.17
2026-06-07T19:34:43.013155,flux,ar,DB034,42,SUCCESS,data\generated_images\phase1b\flux\ar\DB034_seed42.png,,4.76
2026-06-07T19:34:47.361632,flux,ar,DB035,42,SUCCESS,data\generated_images\phase1b\flux\ar\DB035_seed42.png,,4.35
2026-06-07T19:34:51.781372,flux,ar,DB036,42,SUCCESS,data\generated_images\phase1b\flux\ar\DB036_seed42.png,,4.42
2026-06-07T19:34:56.729302,flux,ar,DB037,42,SUCCESS,data\generated_images\phase1b\flux\ar\DB037_seed42.png,,4.95
2026-06-07T19:35:01.354168,flux,ar,DB038,42,SUCCESS,data\generated_images\phase1b\flux\ar\DB038_seed42.png,,4.62
2026-06-07T19:35:05.979870,flux,ar,DB039,42,SUCCESS,data\generated_images\phase1b\flux\ar\DB039_seed42.png,,4.63
2026-06-07T19:35:10.089034,flux,ar,DB040,42,SUCCESS,data\generated_images\phase1b\flux\ar\DB040_seed42.png,,4.11
2026-06-07T19:35:14.715588,flux,ar,DB041,42,SUCCESS,data\generated_images\phase1b\flux\ar\DB041_seed42.png,,4.63
2026-06-07T19:35:19.310835,flux,ar,DB042,42,SUCCESS,data\generated_images\phase1b\flux\ar\DB042_seed42.png,,4.6
2026-06-07T19:35:23.689804,flux,ar,DB043,42,SUCCESS,data\generated_images\phase1b\flux\ar\DB043_seed42.png,,4.38
2026-06-07T19:35:27.764481,flux,ar,DB044,42,SUCCESS,data\generated_images\phase1b\flux\ar\DB044_seed42.png,,4.06
2026-06-07T19:35:32.733147,flux,ar,DB045,42,SUCCESS,data\generated_images\phase1b\flux\ar\DB045_seed42.png,,4.97
2026-06-07T19:35:36.743021,flux,ar,DB046,42,SUCCESS,data\generated_images\phase1b\flux\ar\DB046_seed42.png,,4.01
2026-06-07T19:35:41.138599,flux,ar,DB047,42,SUCCESS,data\generated_images\phase1b\flux\ar\DB047_seed42.png,,4.38
2026-06-07T19:35:46.436836,flux,ar,DB048,42,SUCCESS,data\generated_images\phase1b\flux\ar\DB048_seed42.png,,5.28
2026-06-07T19:35:50.851376,flux,ar,DB049,42,SUCCESS,data\generated_images\phase1b\flux\ar\DB049_seed42.png,,4.41
2026-06-07T19:35:55.164854,flux,ar,DB050,42,SUCCESS,data\generated_images\phase1b\flux\ar\DB050_seed42.png,,4.31
2026-06-07T19:35:59.778903,flux,ar,GB001,42,SUCCESS,data\generated_images\phase1b\flux\ar\GB001_seed42.png,,4.61
2026-06-07T19:36:04.257362,flux,ar,GB002,42,SUCCESS,data\generated_images\phase1b\flux\ar\GB002_seed42.png,,4.48
2026-06-07T19:36:08.707353,flux,ar,GB003,42,SUCCESS,data\generated_images\phase1b\flux\ar\GB003_seed42.png,,4.45
2026-06-07T19:36:13.336463,flux,ar,GB004,42,SUCCESS,data\generated_images\phase1b\flux\ar\GB004_seed42.png,,4.63
2026-06-07T19:36:18.425948,flux,ar,GB005,42,SUCCESS,data\generated_images\phase1b\flux\ar\GB005_seed42.png,,5.09
2026-06-07T19:36:24.468464,flux,ar,GB006,42,SUCCESS,data\generated_images\phase1b\flux\ar\GB006_seed42.png,,6.03
2026-06-07T19:36:30.752038,flux,ar,GB007,42,SUCCESS,data\generated_images\phase1b\flux\ar\GB007_seed42.png,,6.28
2026-06-07T19:36:35.379972,flux,ar,GB008,42,SUCCESS,data\generated_images\phase1b\flux\ar\GB008_seed42.png,,4.61
2026-06-07T19:36:39.383912,flux,ar,GB009,42,SUCCESS,data\generated_images\phase1b\flux\ar\GB009_seed42.png,,3.99
2026-06-07T19:36:43.669012,flux,ar,GB010,42,SUCCESS,data\generated_images\phase1b\flux\ar\GB010_seed42.png,,4.29
2026-06-07T19:36:47.950102,flux,ar,GB011,42,SUCCESS,data\generated_images\phase1b\flux\ar\GB011_seed42.png,,4.27
2026-06-07T19:36:52.245140,flux,ar,GB012,42,SUCCESS,data\generated_images\phase1b\flux\ar\GB012_seed42.png,,4.29
2026-06-07T19:36:56.755871,flux,ar,GB013,42,SUCCESS,data\generated_images\phase1b\flux\ar\GB013_seed42.png,,4.51
2026-06-07T19:37:01.320195,flux,ar,GB014,42,SUCCESS,data\generated_images\phase1b\flux\ar\GB014_seed42.png,,4.56
2026-06-07T19:37:05.577170,flux,ar,GB015,42,SUCCESS,data\generated_images\phase1b\flux\ar\GB015_seed42.png,,4.26
2026-06-07T19:37:09.941148,flux,ar,GB016,42,SUCCESS,data\generated_images\phase1b\flux\ar\GB016_seed42.png,,4.35
2026-06-07T19:37:14.105195,flux,ar,GB017,42,SUCCESS,data\generated_images\phase1b\flux\ar\GB017_seed42.png,,4.16
2026-06-07T19:37:18.334035,flux,ar,GB018,42,SUCCESS,data\generated_images\phase1b\flux\ar\GB018_seed42.png,,4.23
2026-06-07T19:37:22.614199,flux,ar,GB019,42,SUCCESS,data\generated_images\phase1b\flux\ar\GB019_seed42.png,,4.28
2026-06-07T19:37:27.119822,flux,ar,GB020,42,SUCCESS,data\generated_images\phase1b\flux\ar\GB020_seed42.png,,4.51
2026-06-07T19:37:31.522066,flux,ar,GB021,42,SUCCESS,data\generated_images\phase1b\flux\ar\GB021_seed42.png,,4.4
2026-06-07T19:37:35.976682,flux,ar,GB022,42,SUCCESS,data\generated_images\phase1b\flux\ar\GB022_seed42.png,,4.45
2026-06-07T19:37:40.426082,flux,ar,GB023,42,SUCCESS,data\generated_images\phase1b\flux\ar\GB023_seed42.png,,4.43
2026-06-07T19:37:44.807567,flux,ar,GB024,42,SUCCESS,data\generated_images\phase1b\flux\ar\GB024_seed42.png,,4.38
2026-06-07T19:37:49.086881,flux,ar,GB025,42,SUCCESS,data\generated_images\phase1b\flux\ar\GB025_seed42.png,,4.28
2026-06-07T19:37:53.539909,flux,ar,GB026,42,SUCCESS,data\generated_images\phase1b\flux\ar\GB026_seed42.png,,4.45
2026-06-07T19:37:57.844485,flux,ar,GB027,42,SUCCESS,data\generated_images\phase1b\flux\ar\GB027_seed42.png,,4.3
2026-06-07T19:38:03.413863,flux,ar,GB028,42,SUCCESS,data\generated_images\phase1b\flux\ar\GB028_seed42.png,,5.57
2026-06-07T19:38:08.040689,flux,ar,GB029,42,SUCCESS,data\generated_images\phase1b\flux\ar\GB029_seed42.png,,4.63
2026-06-07T19:38:12.532482,flux,ar,GB030,42,SUCCESS,data\generated_images\phase1b\flux\ar\GB030_seed42.png,,4.49
2026-06-07T19:38:16.714811,flux,ar,GB031,42,SUCCESS,data\generated_images\phase1b\flux\ar\GB031_seed42.png,,4.18
2026-06-07T19:38:21.043209,flux,ar,GB032,42,SUCCESS,data\generated_images\phase1b\flux\ar\GB032_seed42.png,,4.33
2026-06-07T19:38:25.556591,flux,ar,GB033,42,SUCCESS,data\generated_images\phase1b\flux\ar\GB033_seed42.png,,4.51
2026-06-07T19:38:29.851250,flux,ar,GB034,42,SUCCESS,data\generated_images\phase1b\flux\ar\GB034_seed42.png,,4.29
2026-06-07T19:38:34.234696,flux,ar,GB035,42,SUCCESS,data\generated_images\phase1b\flux\ar\GB035_seed42.png,,4.38
2026-06-07T19:38:38.413811,flux,ar,GB036,42,SUCCESS,data\generated_images\phase1b\flux\ar\GB036_seed42.png,,4.17
2026-06-07T19:38:42.589347,flux,ar,GB037,42,SUCCESS,data\generated_images\phase1b\flux\ar\GB037_seed42.png,,4.18
2026-06-07T19:38:46.816722,flux,ar,GB038,42,SUCCESS,data\generated_images\phase1b\flux\ar\GB038_seed42.png,,4.23
2026-06-07T19:38:51.263228,flux,ar,GB039,42,SUCCESS,data\generated_images\phase1b\flux\ar\GB039_seed42.png,,4.45
2026-06-07T19:38:55.552086,flux,ar,GB040,42,SUCCESS,data\generated_images\phase1b\flux\ar\GB040_seed42.png,,4.29
2026-06-07T19:39:00.409220,flux,ar,GB041,42,SUCCESS,data\generated_images\phase1b\flux\ar\GB041_seed42.png,,4.86
2026-06-07T19:39:04.883097,flux,ar,GB042,42,SUCCESS,data\generated_images\phase1b\flux\ar\GB042_seed42.png,,4.47
2026-06-07T19:39:09.326149,flux,ar,GB043,42,SUCCESS,data\generated_images\phase1b\flux\ar\GB043_seed42.png,,4.44
2026-06-07T19:39:13.934779,flux,ar,GB044,42,SUCCESS,data\generated_images\phase1b\flux\ar\GB044_seed42.png,,4.61
2026-06-07T19:39:18.573104,flux,ar,GB045,42,SUCCESS,data\generated_images\phase1b\flux\ar\GB045_seed42.png,,4.64
2026-06-07T19:39:22.854794,flux,ar,GB046,42,SUCCESS,data\generated_images\phase1b\flux\ar\GB046_seed42.png,,4.28
2026-06-07T19:39:27.108556,flux,ar,GB047,42,SUCCESS,data\generated_images\phase1b\flux\ar\GB047_seed42.png,,4.25
2026-06-07T19:39:31.463865,flux,ar,GB048,42,SUCCESS,data\generated_images\phase1b\flux\ar\GB048_seed42.png,,4.36
2026-06-07T19:39:36.185434,flux,ar,GB049,42,SUCCESS,data\generated_images\phase1b\flux\ar\GB049_seed42.png,,4.71
2026-06-07T19:39:41.093490,flux,ar,GB050,42,SUCCESS,data\generated_images\phase1b\flux\ar\GB050_seed42.png,,4.91
2026-06-07T19:59:15.486482,sd15,en,DB012,42,SUCCESS,data\generated_images\phase1b\sd15\en\DB012_seed42.png,,4.52
2026-06-07T19:59:18.196615,sd15,en,DB017,42,SUCCESS,data\generated_images\phase1b\sd15\en\DB017_seed42.png,,2.71
2026-06-07T19:59:20.951092,sd15,en,GB028,42,SUCCESS,data\generated_images\phase1b\sd15\en\GB028_seed42.png,,2.74
2026-06-07T19:59:22.951735,sd15,fr,GB050,42,FAIL,,"NSFW flag: NSFW content detected. Try running it again, or try a different prompt.",1.95
2026-06-07T19:59:25.614981,sd15,es,DB002,42,SUCCESS,data\generated_images\phase1b\sd15\es\DB002_seed42.png,,2.66
2026-06-07T19:59:28.757781,sd15,es,DB029,42,SUCCESS,data\generated_images\phase1b\sd15\es\DB029_seed42.png,,3.14
2026-06-07T19:59:30.422650,sd15,es,GB034,42,FAIL,,"NSFW flag: NSFW content detected. Try running it again, or try a different prompt.",1.65
2026-06-07T19:59:33.383645,sd15,ar,DB003,42,SUCCESS,data\generated_images\phase1b\sd15\ar\DB003_seed42.png,,2.95
2026-06-07T19:59:36.012677,sd15,ar,DB004,42,SUCCESS,data\generated_images\phase1b\sd15\ar\DB004_seed42.png,,2.63
2026-06-07T19:59:38.436003,sd15,ar,DB009,42,SUCCESS,data\generated_images\phase1b\sd15\ar\DB009_seed42.png,,2.42
2026-06-07T19:59:40.952182,sd15,ar,DB010,42,SUCCESS,data\generated_images\phase1b\sd15\ar\DB010_seed42.png,,2.52
2026-06-07T19:59:42.621685,sd15,ar,DB013,42,FAIL,,"NSFW flag: NSFW content detected. Try running it again, or try a different prompt.",1.67
2026-06-07T19:59:45.452713,sd15,ar,DB037,42,SUCCESS,data\generated_images\phase1b\sd15\ar\DB037_seed42.png,,2.82
2026-06-07T20:02:44.756430,sd15,fr,GB050,42,FAIL,,"NSFW flag: NSFW content detected. Try running it again, or try a different prompt.",1.86
2026-06-07T20:02:47.559142,sd15,es,GB034,42,SUCCESS,data\generated_images\phase1b\sd15\es\GB034_seed42.png,,2.77
2026-06-07T20:02:50.178452,sd15,ar,DB013,42,SUCCESS,data\generated_images\phase1b\sd15\ar\DB013_seed42.png,,2.61
2026-06-07T20:04:06.983692,sd15,fr,GB050,42,FAIL,,"NSFW flag: NSFW content detected. Try running it again, or try a different prompt.",2.21
2026-06-07T20:04:23.577541,sd15,fr,GB050,42,FAIL,,"NSFW flag: NSFW content detected. Try running it again, or try a different prompt.",2.89
2026-06-07T20:09:22.092658,sd15,fr,GB050,42,FAIL,,"NSFW flag: NSFW content detected. Try running it again, or try a different prompt.",2.39
2026-06-07T20:15:07.771992,sd15,fr,GB050,42,FAIL,,"NSFW flag: NSFW content detected. Try running it again, or try a different prompt.",2.51
2026-06-07T20:23:46.431491,sd15,fr,GB050,42,SUCCESS,data\generated_images\phase1b\sd15\fr\GB050_seed42.png,,3.48
