2026-05-21 23:51:35,271  INFO  Phase 1A — 1000 total images | 0 already done | 1000 to generate
2026-05-22 00:40:57,343  INFO  Phase 1A — 1000 total images | 0 already done | 1000 to generate
2026-05-22 00:41:02,154  INFO  [OK] sd15 | en | P001 | seed=42 -> saved in 4.7s
2026-05-22 00:41:05,313  INFO  [OK] sd15 | en | P001 | seed=123 -> saved in 3.2s
2026-05-22 00:41:07,944  INFO  [OK] sd15 | en | P002 | seed=42 -> saved in 2.6s
2026-05-22 00:41:10,761  INFO  [OK] sd15 | en | P002 | seed=123 -> saved in 2.8s
2026-05-22 00:41:18,733  INFO  [OK] sd15 | en | P003 | seed=42 -> saved in 8.0s
2026-05-22 00:41:21,874  INFO  [OK] sd15 | en | P003 | seed=123 -> saved in 3.1s
2026-05-22 00:41:24,433  INFO  [OK] sd15 | en | P004 | seed=42 -> saved in 2.6s
2026-05-22 00:41:27,178  INFO  [OK] sd15 | en | P004 | seed=123 -> saved in 2.7s
2026-05-22 00:41:29,818  INFO  [OK] sd15 | en | P005 | seed=42 -> saved in 2.6s
2026-05-22 00:41:32,474  INFO  [OK] sd15 | en | P005 | seed=123 -> saved in 2.7s
2026-05-22 00:41:34,928  INFO  [OK] sd15 | en | P006 | seed=42 -> saved in 2.4s
2026-05-22 00:41:37,473  INFO  [OK] sd15 | en | P006 | seed=123 -> saved in 2.5s
2026-05-22 00:41:40,083  INFO  [OK] sd15 | en | P007 | seed=42 -> saved in 2.6s
2026-05-22 00:41:42,533  INFO  [OK] sd15 | en | P007 | seed=123 -> saved in 2.4s
2026-05-22 00:41:44,903  INFO  [OK] sd15 | en | P008 | seed=42 -> saved in 2.4s
2026-05-22 00:41:47,394  INFO  [OK] sd15 | en | P008 | seed=123 -> saved in 2.5s
2026-05-22 00:41:50,388  INFO  [OK] sd15 | en | P009 | seed=42 -> saved in 3.0s
2026-05-22 00:41:52,968  INFO  [OK] sd15 | en | P009 | seed=123 -> saved in 2.6s
2026-05-22 00:41:55,518  INFO  [OK] sd15 | en | P010 | seed=42 -> saved in 2.5s
2026-05-22 00:41:57,993  INFO  [OK] sd15 | en | P010 | seed=123 -> saved in 2.5s
2026-05-22 00:42:00,513  INFO  [OK] sd15 | en | P011 | seed=42 -> saved in 2.5s
2026-05-22 00:42:03,007  INFO  [OK] sd15 | en | P011 | seed=123 -> saved in 2.5s
2026-05-22 00:42:05,952  INFO  [OK] sd15 | en | P012 | seed=42 -> saved in 2.9s
2026-05-22 00:42:07,608  ERROR  [FAIL] Unexpected error | sd15 | en | P012 | seed=123 -> NSFW content detected. Try running it again, or try a different prompt.
2026-05-22 00:42:15,528  INFO  [OK] sd15 | en | P013 | seed=42 -> saved in 2.9s
2026-05-22 00:42:18,033  INFO  [OK] sd15 | en | P013 | seed=123 -> saved in 2.5s
2026-05-22 00:42:20,398  INFO  [OK] sd15 | en | P014 | seed=42 -> saved in 2.4s
2026-05-22 00:42:22,857  INFO  [OK] sd15 | en | P014 | seed=123 -> saved in 2.5s
2026-05-22 00:42:25,221  INFO  [OK] sd15 | en | P015 | seed=42 -> saved in 2.4s
2026-05-22 00:42:27,548  INFO  [OK] sd15 | en | P015 | seed=123 -> saved in 2.3s
2026-05-22 00:42:30,014  INFO  [OK] sd15 | en | P016 | seed=42 -> saved in 2.5s
2026-05-22 00:42:32,824  INFO  [OK] sd15 | en | P016 | seed=123 -> saved in 2.8s
2026-05-22 00:42:35,256  INFO  [OK] sd15 | en | P017 | seed=42 -> saved in 2.4s
2026-05-22 00:42:37,598  INFO  [OK] sd15 | en | P017 | seed=123 -> saved in 2.3s
2026-05-22 00:42:39,913  INFO  [OK] sd15 | en | P018 | seed=42 -> saved in 2.3s
2026-05-22 00:42:42,413  INFO  [OK] sd15 | en | P018 | seed=123 -> saved in 2.5s
2026-05-22 00:42:45,233  INFO  [OK] sd15 | en | P019 | seed=42 -> saved in 2.8s
2026-05-22 00:42:47,933  INFO  [OK] sd15 | en | P019 | seed=123 -> saved in 2.7s
2026-05-22 00:42:50,503  INFO  [OK] sd15 | en | P020 | seed=42 -> saved in 2.6s
2026-05-22 00:42:53,093  INFO  [OK] sd15 | en | P020 | seed=123 -> saved in 2.6s
2026-05-22 00:42:55,973  INFO  [OK] sd15 | en | P021 | seed=42 -> saved in 2.9s
2026-05-22 00:42:58,603  INFO  [OK] sd15 | en | P021 | seed=123 -> saved in 2.6s
2026-05-22 00:43:01,187  INFO  [OK] sd15 | en | P022 | seed=42 -> saved in 2.6s
2026-05-22 00:43:03,843  INFO  [OK] sd15 | en | P022 | seed=123 -> saved in 2.7s
2026-05-22 00:43:06,388  INFO  [OK] sd15 | en | P023 | seed=42 -> saved in 2.5s
2026-05-22 00:43:09,138  INFO  [OK] sd15 | en | P023 | seed=123 -> saved in 2.7s
2026-05-22 00:43:11,604  INFO  [OK] sd15 | en | P024 | seed=42 -> saved in 2.5s
2026-05-22 00:43:14,113  INFO  [OK] sd15 | en | P024 | seed=123 -> saved in 2.5s
2026-05-22 00:43:16,587  INFO  [OK] sd15 | en | P025 | seed=42 -> saved in 2.5s
2026-05-22 00:43:19,453  INFO  [OK] sd15 | en | P025 | seed=123 -> saved in 2.9s
2026-05-22 00:43:22,237  INFO  [OK] sd15 | en | P026 | seed=42 -> saved in 2.8s
2026-05-22 00:43:24,828  INFO  [OK] sd15 | en | P026 | seed=123 -> saved in 2.6s
2026-05-22 00:43:27,543  INFO  [OK] sd15 | en | P027 | seed=42 -> saved in 2.7s
2026-05-22 00:43:30,383  INFO  [OK] sd15 | en | P027 | seed=123 -> saved in 2.8s
2026-05-22 00:43:33,128  INFO  [OK] sd15 | en | P028 | seed=42 -> saved in 2.7s
2026-05-22 00:43:35,636  INFO  [OK] sd15 | en | P028 | seed=123 -> saved in 2.5s
2026-05-22 00:43:38,185  INFO  [OK] sd15 | en | P029 | seed=42 -> saved in 2.5s
2026-05-22 00:43:40,903  INFO  [OK] sd15 | en | P029 | seed=123 -> saved in 2.7s
2026-05-22 00:43:43,701  INFO  [OK] sd15 | en | P030 | seed=42 -> saved in 2.8s
2026-05-22 00:43:46,218  INFO  [OK] sd15 | en | P030 | seed=123 -> saved in 2.5s
2026-05-22 00:43:48,673  INFO  [OK] sd15 | en | P031 | seed=42 -> saved in 2.5s
2026-05-22 00:43:51,163  INFO  [OK] sd15 | en | P031 | seed=123 -> saved in 2.5s
2026-05-22 00:43:53,923  INFO  [OK] sd15 | en | P032 | seed=42 -> saved in 2.8s
2026-05-22 00:43:56,513  INFO  [OK] sd15 | en | P032 | seed=123 -> saved in 2.6s
2026-05-22 00:43:58,950  INFO  [OK] sd15 | en | P033 | seed=42 -> saved in 2.4s
2026-05-22 00:44:01,488  INFO  [OK] sd15 | en | P033 | seed=123 -> saved in 2.5s
2026-05-22 00:44:04,043  INFO  [OK] sd15 | en | P034 | seed=42 -> saved in 2.6s
2026-05-22 00:44:07,006  INFO  [OK] sd15 | en | P034 | seed=123 -> saved in 3.0s
2026-05-22 00:44:09,643  INFO  [OK] sd15 | en | P035 | seed=42 -> saved in 2.6s
2026-05-22 00:44:12,588  INFO  [OK] sd15 | en | P035 | seed=123 -> saved in 2.9s
2026-05-22 00:44:15,163  INFO  [OK] sd15 | en | P036 | seed=42 -> saved in 2.6s
2026-05-22 00:44:17,756  INFO  [OK] sd15 | en | P036 | seed=123 -> saved in 2.6s
2026-05-22 00:44:20,583  INFO  [OK] sd15 | en | P037 | seed=42 -> saved in 2.7s
2026-05-22 00:44:23,343  INFO  [OK] sd15 | en | P037 | seed=123 -> saved in 2.8s
2026-05-22 00:44:26,815  INFO  [OK] sd15 | en | P038 | seed=42 -> saved in 3.5s
2026-05-22 00:44:29,873  INFO  [OK] sd15 | en | P038 | seed=123 -> saved in 3.1s
2026-05-22 00:44:32,728  INFO  [OK] sd15 | en | P039 | seed=42 -> saved in 2.9s
2026-05-22 00:44:35,216  INFO  [OK] sd15 | en | P039 | seed=123 -> saved in 2.5s
2026-05-22 00:44:39,303  INFO  [OK] sd15 | en | P040 | seed=42 -> saved in 4.1s
2026-05-22 00:44:44,473  INFO  [OK] sd15 | en | P040 | seed=123 -> saved in 5.2s
2026-05-22 00:44:48,348  INFO  [OK] sd15 | en | P041 | seed=42 -> saved in 3.9s
2026-05-22 00:44:51,223  INFO  [OK] sd15 | en | P041 | seed=123 -> saved in 2.9s
2026-05-22 00:44:53,923  INFO  [OK] sd15 | en | P042 | seed=42 -> saved in 2.7s
2026-05-22 00:44:56,503  INFO  [OK] sd15 | en | P042 | seed=123 -> saved in 2.6s
2026-05-22 00:44:59,283  INFO  [OK] sd15 | en | P043 | seed=42 -> saved in 2.8s
2026-05-22 00:45:02,053  INFO  [OK] sd15 | en | P043 | seed=123 -> saved in 2.8s
2026-05-22 00:45:04,608  INFO  [OK] sd15 | en | P044 | seed=42 -> saved in 2.6s
2026-05-22 00:45:07,223  INFO  [OK] sd15 | en | P044 | seed=123 -> saved in 2.6s
2026-05-22 00:45:10,003  INFO  [OK] sd15 | en | P045 | seed=42 -> saved in 2.8s
2026-05-22 00:45:12,513  INFO  [OK] sd15 | en | P045 | seed=123 -> saved in 2.5s
2026-05-22 00:45:15,203  INFO  [OK] sd15 | en | P046 | seed=42 -> saved in 2.7s
2026-05-22 00:45:17,638  INFO  [OK] sd15 | en | P046 | seed=123 -> saved in 2.4s
2026-05-22 00:45:20,123  INFO  [OK] sd15 | en | P047 | seed=42 -> saved in 2.5s
2026-05-22 00:45:22,798  INFO  [OK] sd15 | en | P047 | seed=123 -> saved in 2.7s
2026-05-22 00:45:25,293  INFO  [OK] sd15 | en | P048 | seed=42 -> saved in 2.5s
2026-05-22 00:45:27,893  INFO  [OK] sd15 | en | P048 | seed=123 -> saved in 2.6s
2026-05-22 00:45:30,668  INFO  [OK] sd15 | en | P049 | seed=42 -> saved in 2.8s
2026-05-22 00:45:33,393  INFO  [OK] sd15 | en | P049 | seed=123 -> saved in 2.7s
2026-05-22 00:45:35,783  INFO  [OK] sd15 | en | P050 | seed=42 -> saved in 2.4s
2026-05-22 00:45:38,243  INFO  [OK] sd15 | en | P050 | seed=123 -> saved in 2.5s
2026-05-22 00:45:40,873  INFO  [OK] sd15 | de | P001 | seed=42 -> saved in 2.6s
2026-05-22 00:45:44,283  INFO  [OK] sd15 | de | P001 | seed=123 -> saved in 3.4s
2026-05-22 00:45:47,513  INFO  [OK] sd15 | de | P002 | seed=42 -> saved in 3.2s
2026-05-22 00:45:50,093  INFO  [OK] sd15 | de | P002 | seed=123 -> saved in 2.6s
2026-05-22 00:45:52,733  INFO  [OK] sd15 | de | P003 | seed=42 -> saved in 2.6s
2026-05-22 00:45:55,363  INFO  [OK] sd15 | de | P003 | seed=123 -> saved in 2.6s
2026-05-22 00:45:58,088  INFO  [OK] sd15 | de | P004 | seed=42 -> saved in 2.7s
2026-05-22 00:46:00,983  INFO  [OK] sd15 | de | P004 | seed=123 -> saved in 2.9s
2026-05-22 00:46:05,693  INFO  [OK] sd15 | de | P005 | seed=42 -> saved in 4.7s
2026-05-22 00:46:11,483  INFO  [OK] sd15 | de | P005 | seed=123 -> saved in 5.8s
2026-05-22 00:46:16,523  INFO  [OK] sd15 | de | P006 | seed=42 -> saved in 5.0s
2026-05-22 00:46:21,853  INFO  [OK] sd15 | de | P006 | seed=123 -> saved in 5.3s
2026-05-22 00:46:25,808  INFO  [OK] sd15 | de | P007 | seed=42 -> saved in 3.9s
2026-05-22 00:46:31,893  INFO  [OK] sd15 | de | P007 | seed=123 -> saved in 6.1s
2026-05-22 00:46:36,728  INFO  [OK] sd15 | de | P008 | seed=42 -> saved in 4.8s
2026-05-22 00:46:40,523  INFO  [OK] sd15 | de | P008 | seed=123 -> saved in 3.8s
2026-05-22 00:46:46,083  INFO  [OK] sd15 | de | P009 | seed=42 -> saved in 5.6s
2026-05-22 00:46:49,593  INFO  [OK] sd15 | de | P009 | seed=123 -> saved in 3.5s
2026-05-22 00:46:52,313  INFO  [OK] sd15 | de | P010 | seed=42 -> saved in 2.7s
2026-05-22 00:46:54,832  INFO  [OK] sd15 | de | P010 | seed=123 -> saved in 2.5s
2026-05-22 00:46:57,514  INFO  [OK] sd15 | de | P011 | seed=42 -> saved in 2.7s
2026-05-22 00:47:00,030  INFO  [OK] sd15 | de | P011 | seed=123 -> saved in 2.5s
2026-05-22 00:47:02,553  INFO  [OK] sd15 | de | P012 | seed=42 -> saved in 2.5s
2026-05-22 00:47:05,203  INFO  [OK] sd15 | de | P012 | seed=123 -> saved in 2.7s
2026-05-22 00:47:08,106  INFO  [OK] sd15 | de | P013 | seed=42 -> saved in 2.9s
2026-05-22 00:47:10,809  INFO  [OK] sd15 | de | P013 | seed=123 -> saved in 2.7s
2026-05-22 00:47:13,778  INFO  [OK] sd15 | de | P014 | seed=42 -> saved in 3.0s
2026-05-22 00:47:16,243  INFO  [OK] sd15 | de | P014 | seed=123 -> saved in 2.5s
2026-05-22 00:47:18,964  INFO  [OK] sd15 | de | P015 | seed=42 -> saved in 2.7s
2026-05-22 00:47:21,463  INFO  [OK] sd15 | de | P015 | seed=123 -> saved in 2.5s
2026-05-22 00:47:24,278  INFO  [OK] sd15 | de | P016 | seed=42 -> saved in 2.8s
2026-05-22 00:47:26,873  INFO  [OK] sd15 | de | P016 | seed=123 -> saved in 2.6s
2026-05-22 00:47:30,143  INFO  [OK] sd15 | de | P017 | seed=42 -> saved in 3.3s
2026-05-22 00:47:33,023  INFO  [OK] sd15 | de | P017 | seed=123 -> saved in 2.9s
2026-05-22 00:47:35,823  INFO  [OK] sd15 | de | P018 | seed=42 -> saved in 2.8s
2026-05-22 00:47:40,428  INFO  [OK] sd15 | de | P018 | seed=123 -> saved in 4.6s
2026-05-22 00:47:43,413  INFO  [OK] sd15 | de | P019 | seed=42 -> saved in 3.0s
2026-05-22 00:47:46,193  INFO  [OK] sd15 | de | P019 | seed=123 -> saved in 2.8s
2026-05-22 00:47:48,823  INFO  [OK] sd15 | de | P020 | seed=42 -> saved in 2.6s
2026-05-22 00:47:51,468  INFO  [OK] sd15 | de | P020 | seed=123 -> saved in 2.6s
2026-05-22 00:47:54,053  INFO  [OK] sd15 | de | P021 | seed=42 -> saved in 2.6s
2026-05-22 00:47:56,674  INFO  [OK] sd15 | de | P021 | seed=123 -> saved in 2.6s
2026-05-22 00:47:59,198  INFO  [OK] sd15 | de | P022 | seed=42 -> saved in 2.5s
2026-05-22 00:48:01,693  INFO  [OK] sd15 | de | P022 | seed=123 -> saved in 2.5s
2026-05-22 00:48:04,473  INFO  [OK] sd15 | de | P023 | seed=42 -> saved in 2.8s
2026-05-22 00:48:07,273  INFO  [OK] sd15 | de | P023 | seed=123 -> saved in 2.8s
2026-05-22 00:48:10,263  INFO  [OK] sd15 | de | P024 | seed=42 -> saved in 3.0s
2026-05-22 00:48:13,648  INFO  [OK] sd15 | de | P024 | seed=123 -> saved in 3.3s
2026-05-22 00:48:16,543  INFO  [OK] sd15 | de | P025 | seed=42 -> saved in 2.8s
2026-05-22 00:48:19,373  INFO  [OK] sd15 | de | P025 | seed=123 -> saved in 2.8s
2026-05-22 00:48:22,923  INFO  [OK] sd15 | de | P026 | seed=42 -> saved in 3.6s
2026-05-22 00:48:25,808  INFO  [OK] sd15 | de | P026 | seed=123 -> saved in 2.9s
2026-05-22 00:48:28,743  INFO  [OK] sd15 | de | P027 | seed=42 -> saved in 2.9s
2026-05-22 00:48:31,893  INFO  [OK] sd15 | de | P027 | seed=123 -> saved in 3.1s
2026-05-22 00:48:33,607  ERROR  [FAIL] Unexpected error | sd15 | de | P028 | seed=42 -> NSFW content detected. Try running it again, or try a different prompt.
2026-05-22 00:48:44,253  INFO  [OK] sd15 | de | P028 | seed=123 -> saved in 5.6s
2026-05-22 00:48:47,268  INFO  [OK] sd15 | de | P029 | seed=42 -> saved in 3.0s
2026-05-22 00:48:50,193  INFO  [OK] sd15 | de | P029 | seed=123 -> saved in 2.9s
2026-05-22 00:48:53,013  INFO  [OK] sd15 | de | P030 | seed=42 -> saved in 2.8s
2026-05-22 00:48:55,913  INFO  [OK] sd15 | de | P030 | seed=123 -> saved in 2.9s
2026-05-22 00:48:58,483  INFO  [OK] sd15 | de | P031 | seed=42 -> saved in 2.6s
2026-05-22 00:49:05,078  INFO  [OK] sd15 | de | P031 | seed=123 -> saved in 6.6s
2026-05-22 00:49:08,128  INFO  [OK] sd15 | de | P032 | seed=42 -> saved in 3.1s
2026-05-22 00:49:10,853  INFO  [OK] sd15 | de | P032 | seed=123 -> saved in 2.7s
2026-05-22 00:49:13,653  INFO  [OK] sd15 | de | P033 | seed=42 -> saved in 2.8s
2026-05-22 00:49:16,513  INFO  [OK] sd15 | de | P033 | seed=123 -> saved in 2.9s
2026-05-22 00:49:19,985  INFO  [OK] sd15 | de | P034 | seed=42 -> saved in 3.5s
2026-05-22 00:49:23,743  INFO  [OK] sd15 | de | P034 | seed=123 -> saved in 3.8s
2026-05-22 00:49:26,863  INFO  [OK] sd15 | de | P035 | seed=42 -> saved in 3.1s
2026-05-22 00:49:31,685  INFO  [OK] sd15 | de | P035 | seed=123 -> saved in 4.8s
2026-05-22 00:49:34,828  INFO  [OK] sd15 | de | P036 | seed=42 -> saved in 3.1s
2026-05-22 00:49:37,898  INFO  [OK] sd15 | de | P036 | seed=123 -> saved in 3.1s
2026-05-22 00:49:41,284  INFO  [OK] sd15 | de | P037 | seed=42 -> saved in 3.4s
2026-05-22 00:49:44,678  INFO  [OK] sd15 | de | P037 | seed=123 -> saved in 3.4s
2026-05-22 00:49:48,248  INFO  [OK] sd15 | de | P038 | seed=42 -> saved in 3.6s
2026-05-22 00:49:51,948  INFO  [OK] sd15 | de | P038 | seed=123 -> saved in 3.7s
2026-05-22 00:49:55,088  INFO  [OK] sd15 | de | P039 | seed=42 -> saved in 3.1s
2026-05-22 00:49:58,573  INFO  [OK] sd15 | de | P039 | seed=123 -> saved in 3.5s
2026-05-22 00:50:01,766  INFO  [OK] sd15 | de | P040 | seed=42 -> saved in 3.2s
2026-05-22 00:50:05,303  INFO  [OK] sd15 | de | P040 | seed=123 -> saved in 3.5s
2026-05-22 00:50:08,732  INFO  [OK] sd15 | de | P041 | seed=42 -> saved in 3.4s
2026-05-22 00:50:13,038  INFO  [OK] sd15 | de | P041 | seed=123 -> saved in 4.3s
2026-05-22 00:50:16,203  INFO  [OK] sd15 | de | P042 | seed=42 -> saved in 3.2s
2026-05-22 00:50:19,998  INFO  [OK] sd15 | de | P042 | seed=123 -> saved in 3.8s
2026-05-22 00:50:24,030  INFO  [OK] sd15 | de | P043 | seed=42 -> saved in 4.0s
2026-05-22 00:50:29,830  INFO  [OK] sd15 | de | P043 | seed=123 -> saved in 5.8s
2026-05-22 00:50:34,747  INFO  [OK] sd15 | de | P044 | seed=42 -> saved in 4.9s
2026-05-22 00:50:39,729  INFO  [OK] sd15 | de | P044 | seed=123 -> saved in 5.0s
2026-05-22 00:50:43,430  INFO  [OK] sd15 | de | P045 | seed=42 -> saved in 3.7s
2026-05-22 00:50:47,833  INFO  [OK] sd15 | de | P045 | seed=123 -> saved in 4.4s
2026-05-22 00:50:51,699  INFO  [OK] sd15 | de | P046 | seed=42 -> saved in 3.9s
2026-05-22 00:50:55,739  INFO  [OK] sd15 | de | P046 | seed=123 -> saved in 4.0s
2026-05-22 00:50:59,418  INFO  [OK] sd15 | de | P047 | seed=42 -> saved in 3.7s
2026-05-22 00:51:03,336  INFO  [OK] sd15 | de | P047 | seed=123 -> saved in 3.9s
2026-05-22 00:51:07,450  INFO  [OK] sd15 | de | P048 | seed=42 -> saved in 4.1s
2026-05-22 00:51:11,039  INFO  [OK] sd15 | de | P048 | seed=123 -> saved in 3.6s
2026-05-22 00:51:14,776  INFO  [OK] sd15 | de | P049 | seed=42 -> saved in 3.7s
2026-05-22 00:51:18,637  INFO  [OK] sd15 | de | P049 | seed=123 -> saved in 3.8s
2026-05-22 00:51:21,987  INFO  [OK] sd15 | de | P050 | seed=42 -> saved in 3.3s
2026-05-22 00:51:25,400  INFO  [OK] sd15 | de | P050 | seed=123 -> saved in 3.4s
2026-05-22 00:51:28,743  INFO  [OK] sd15 | fr | P001 | seed=42 -> saved in 3.3s
2026-05-22 00:51:31,989  INFO  [OK] sd15 | fr | P001 | seed=123 -> saved in 3.2s
2026-05-22 00:51:35,216  INFO  [OK] sd15 | fr | P002 | seed=42 -> saved in 3.2s
2026-05-22 00:51:38,758  INFO  [OK] sd15 | fr | P002 | seed=123 -> saved in 3.5s
2026-05-22 00:51:41,529  INFO  [OK] sd15 | fr | P003 | seed=42 -> saved in 2.8s
2026-05-22 00:51:45,057  INFO  [OK] sd15 | fr | P003 | seed=123 -> saved in 3.5s
2026-05-22 00:51:48,024  INFO  [OK] sd15 | fr | P004 | seed=42 -> saved in 3.0s
2026-05-22 00:51:51,315  INFO  [OK] sd15 | fr | P004 | seed=123 -> saved in 3.3s
2026-05-22 00:51:54,610  INFO  [OK] sd15 | fr | P005 | seed=42 -> saved in 3.3s
2026-05-22 00:51:58,628  INFO  [OK] sd15 | fr | P005 | seed=123 -> saved in 4.0s
2026-05-22 00:52:01,500  INFO  [OK] sd15 | fr | P006 | seed=42 -> saved in 2.9s
2026-05-22 00:52:05,007  INFO  [OK] sd15 | fr | P006 | seed=123 -> saved in 3.5s
2026-05-22 00:52:08,619  INFO  [OK] sd15 | fr | P007 | seed=42 -> saved in 3.6s
2026-05-22 00:52:12,523  INFO  [OK] sd15 | fr | P007 | seed=123 -> saved in 3.9s
2026-05-22 00:52:16,347  INFO  [OK] sd15 | fr | P008 | seed=42 -> saved in 3.8s
2026-05-22 00:52:20,704  INFO  [OK] sd15 | fr | P008 | seed=123 -> saved in 4.4s
2026-05-22 00:52:24,004  INFO  [OK] sd15 | fr | P009 | seed=42 -> saved in 3.3s
2026-05-22 00:52:35,729  INFO  [OK] sd15 | fr | P009 | seed=123 -> saved in 11.7s
2026-05-22 00:52:42,058  INFO  [OK] sd15 | fr | P010 | seed=42 -> saved in 6.3s
2026-05-22 00:52:47,284  INFO  [OK] sd15 | fr | P010 | seed=123 -> saved in 5.2s
2026-05-22 00:52:53,804  INFO  [OK] sd15 | fr | P011 | seed=42 -> saved in 6.5s
2026-05-22 00:52:58,098  INFO  [OK] sd15 | fr | P011 | seed=123 -> saved in 4.3s
2026-05-22 00:53:01,544  INFO  [OK] sd15 | fr | P012 | seed=42 -> saved in 3.4s
2026-05-22 00:53:06,981  INFO  [OK] sd15 | fr | P012 | seed=123 -> saved in 5.4s
2026-05-22 00:53:10,305  INFO  [OK] sd15 | fr | P013 | seed=42 -> saved in 3.3s
2026-05-22 00:53:15,094  INFO  [OK] sd15 | fr | P013 | seed=123 -> saved in 4.8s
2026-05-22 00:53:19,234  INFO  [OK] sd15 | fr | P014 | seed=42 -> saved in 4.1s
2026-05-22 00:53:22,964  INFO  [OK] sd15 | fr | P014 | seed=123 -> saved in 3.7s
2026-05-22 00:53:26,458  INFO  [OK] sd15 | fr | P015 | seed=42 -> saved in 3.5s
2026-05-22 00:53:29,973  INFO  [OK] sd15 | fr | P015 | seed=123 -> saved in 3.5s
2026-05-22 00:53:33,464  INFO  [OK] sd15 | fr | P016 | seed=42 -> saved in 3.5s
2026-05-22 00:53:37,497  INFO  [OK] sd15 | fr | P016 | seed=123 -> saved in 4.0s
2026-05-22 00:53:40,896  INFO  [OK] sd15 | fr | P017 | seed=42 -> saved in 3.4s
2026-05-22 00:53:44,601  INFO  [OK] sd15 | fr | P017 | seed=123 -> saved in 3.7s
2026-05-22 00:53:48,288  INFO  [OK] sd15 | fr | P018 | seed=42 -> saved in 3.7s
2026-05-22 00:53:51,645  INFO  [OK] sd15 | fr | P018 | seed=123 -> saved in 3.4s
2026-05-22 00:53:54,694  INFO  [OK] sd15 | fr | P019 | seed=42 -> saved in 3.0s
2026-05-22 00:53:57,744  INFO  [OK] sd15 | fr | P019 | seed=123 -> saved in 3.0s
2026-05-22 00:54:00,893  INFO  [OK] sd15 | fr | P020 | seed=42 -> saved in 3.1s
2026-05-22 00:54:04,079  INFO  [OK] sd15 | fr | P020 | seed=123 -> saved in 3.2s
2026-05-22 00:54:07,794  INFO  [OK] sd15 | fr | P021 | seed=42 -> saved in 3.7s
2026-05-22 00:54:11,599  INFO  [OK] sd15 | fr | P021 | seed=123 -> saved in 3.8s
2026-05-22 00:54:15,004  INFO  [OK] sd15 | fr | P022 | seed=42 -> saved in 3.4s
2026-05-22 00:54:18,168  INFO  [OK] sd15 | fr | P022 | seed=123 -> saved in 3.2s
2026-05-22 00:54:21,614  INFO  [OK] sd15 | fr | P023 | seed=42 -> saved in 3.4s
2026-05-22 00:54:24,674  INFO  [OK] sd15 | fr | P023 | seed=123 -> saved in 3.1s
2026-05-22 00:54:27,958  INFO  [OK] sd15 | fr | P024 | seed=42 -> saved in 3.3s
2026-05-22 00:54:31,149  INFO  [OK] sd15 | fr | P024 | seed=123 -> saved in 3.2s
2026-05-22 00:54:34,724  INFO  [OK] sd15 | fr | P025 | seed=42 -> saved in 3.6s
2026-05-22 00:54:41,743  INFO  [OK] sd15 | fr | P025 | seed=123 -> saved in 7.0s
2026-05-22 00:54:44,413  INFO  [OK] sd15 | fr | P026 | seed=42 -> saved in 2.7s
2026-05-22 00:54:47,594  INFO  [OK] sd15 | fr | P026 | seed=123 -> saved in 3.2s
2026-05-22 00:54:50,384  INFO  [OK] sd15 | fr | P027 | seed=42 -> saved in 2.8s
2026-05-22 00:54:53,474  INFO  [OK] sd15 | fr | P027 | seed=123 -> saved in 3.1s
2026-05-22 00:54:56,299  INFO  [OK] sd15 | fr | P028 | seed=42 -> saved in 2.8s
2026-05-22 00:54:59,428  INFO  [OK] sd15 | fr | P028 | seed=123 -> saved in 3.1s
2026-05-22 00:55:02,204  INFO  [OK] sd15 | fr | P029 | seed=42 -> saved in 2.8s
2026-05-22 00:55:04,753  INFO  [OK] sd15 | fr | P029 | seed=123 -> saved in 2.5s
2026-05-22 00:55:07,654  INFO  [OK] sd15 | fr | P030 | seed=42 -> saved in 2.9s
2026-05-22 00:55:12,004  INFO  [OK] sd15 | fr | P030 | seed=123 -> saved in 4.3s
2026-05-22 00:55:15,384  INFO  [OK] sd15 | fr | P031 | seed=42 -> saved in 3.4s
2026-05-22 00:55:18,928  INFO  [OK] sd15 | fr | P031 | seed=123 -> saved in 3.5s
2026-05-22 00:55:22,654  INFO  [OK] sd15 | fr | P032 | seed=42 -> saved in 3.7s
2026-05-22 00:55:26,359  INFO  [OK] sd15 | fr | P032 | seed=123 -> saved in 3.7s
2026-05-22 00:55:29,624  INFO  [OK] sd15 | fr | P033 | seed=42 -> saved in 3.3s
2026-05-22 00:55:32,879  INFO  [OK] sd15 | fr | P033 | seed=123 -> saved in 3.3s
2026-05-22 00:55:35,894  INFO  [OK] sd15 | fr | P034 | seed=42 -> saved in 3.0s
2026-05-22 00:55:39,344  INFO  [OK] sd15 | fr | P034 | seed=123 -> saved in 3.4s
2026-05-22 00:55:42,870  INFO  [OK] sd15 | fr | P035 | seed=42 -> saved in 3.5s
2026-05-22 00:55:46,319  INFO  [OK] sd15 | fr | P035 | seed=123 -> saved in 3.4s
2026-05-22 00:55:49,674  INFO  [OK] sd15 | fr | P036 | seed=42 -> saved in 3.4s
2026-05-22 00:55:53,573  INFO  [OK] sd15 | fr | P036 | seed=123 -> saved in 3.9s
2026-05-22 00:55:57,049  INFO  [OK] sd15 | fr | P037 | seed=42 -> saved in 3.5s
2026-05-22 00:56:00,484  INFO  [OK] sd15 | fr | P037 | seed=123 -> saved in 3.4s
2026-05-22 00:56:04,724  INFO  [OK] sd15 | fr | P038 | seed=42 -> saved in 4.2s
2026-05-22 00:56:08,164  INFO  [OK] sd15 | fr | P038 | seed=123 -> saved in 3.4s
2026-05-22 00:56:11,384  INFO  [OK] sd15 | fr | P039 | seed=42 -> saved in 3.2s
2026-05-22 00:56:15,329  INFO  [OK] sd15 | fr | P039 | seed=123 -> saved in 3.9s
2026-05-22 00:56:19,826  INFO  [OK] sd15 | fr | P040 | seed=42 -> saved in 4.5s
2026-05-22 00:56:23,133  INFO  [OK] sd15 | fr | P040 | seed=123 -> saved in 3.3s
2026-05-22 00:56:27,194  INFO  [OK] sd15 | fr | P041 | seed=42 -> saved in 4.1s
2026-05-22 00:56:31,163  INFO  [OK] sd15 | fr | P041 | seed=123 -> saved in 4.0s
2026-05-22 00:56:34,323  INFO  [OK] sd15 | fr | P042 | seed=42 -> saved in 3.2s
2026-05-22 00:56:38,093  INFO  [OK] sd15 | fr | P042 | seed=123 -> saved in 3.8s
2026-05-22 00:56:41,573  INFO  [OK] sd15 | fr | P043 | seed=42 -> saved in 3.5s
2026-05-22 00:56:45,194  INFO  [OK] sd15 | fr | P043 | seed=123 -> saved in 3.6s
2026-05-22 00:56:48,304  INFO  [OK] sd15 | fr | P044 | seed=42 -> saved in 3.1s
2026-05-22 00:56:52,383  INFO  [OK] sd15 | fr | P044 | seed=123 -> saved in 4.1s
2026-05-22 00:56:55,423  INFO  [OK] sd15 | fr | P045 | seed=42 -> saved in 3.0s
2026-05-22 00:56:58,454  INFO  [OK] sd15 | fr | P045 | seed=123 -> saved in 3.0s
2026-05-22 00:57:02,038  INFO  [OK] sd15 | fr | P046 | seed=42 -> saved in 3.6s
2026-05-22 00:57:05,154  INFO  [OK] sd15 | fr | P046 | seed=123 -> saved in 3.1s
2026-05-22 00:57:08,183  INFO  [OK] sd15 | fr | P047 | seed=42 -> saved in 3.0s
2026-05-22 00:57:11,133  INFO  [OK] sd15 | fr | P047 | seed=123 -> saved in 2.9s
2026-05-22 00:57:13,973  INFO  [OK] sd15 | fr | P048 | seed=42 -> saved in 2.8s
2026-05-22 00:57:17,094  INFO  [OK] sd15 | fr | P048 | seed=123 -> saved in 3.1s
2026-05-22 00:57:20,454  INFO  [OK] sd15 | fr | P049 | seed=42 -> saved in 3.4s
2026-05-22 00:57:23,798  INFO  [OK] sd15 | fr | P049 | seed=123 -> saved in 3.3s
2026-05-22 00:57:26,723  INFO  [OK] sd15 | fr | P050 | seed=42 -> saved in 2.9s
2026-05-22 00:57:30,074  INFO  [OK] sd15 | fr | P050 | seed=123 -> saved in 3.4s
2026-05-22 00:57:33,323  INFO  [OK] sd15 | es | P001 | seed=42 -> saved in 3.2s
2026-05-22 00:57:36,704  INFO  [OK] sd15 | es | P001 | seed=123 -> saved in 3.4s
2026-05-22 00:57:39,613  INFO  [OK] sd15 | es | P002 | seed=42 -> saved in 2.9s
2026-05-22 00:57:42,538  INFO  [OK] sd15 | es | P002 | seed=123 -> saved in 2.9s
2026-05-22 00:57:45,493  INFO  [OK] sd15 | es | P003 | seed=42 -> saved in 3.0s
2026-05-22 00:57:48,414  INFO  [OK] sd15 | es | P003 | seed=123 -> saved in 2.9s
2026-05-22 00:57:51,303  INFO  [OK] sd15 | es | P004 | seed=42 -> saved in 2.9s
2026-05-22 00:57:54,683  INFO  [OK] sd15 | es | P004 | seed=123 -> saved in 3.4s
2026-05-22 00:57:57,580  INFO  [OK] sd15 | es | P005 | seed=42 -> saved in 2.9s
2026-05-22 00:58:00,733  INFO  [OK] sd15 | es | P005 | seed=123 -> saved in 3.1s
2026-05-22 00:58:03,764  INFO  [OK] sd15 | es | P006 | seed=42 -> saved in 3.0s
2026-05-22 00:58:06,913  INFO  [OK] sd15 | es | P006 | seed=123 -> saved in 3.1s
2026-05-22 00:58:10,274  INFO  [OK] sd15 | es | P007 | seed=42 -> saved in 3.4s
2026-05-22 00:58:13,553  INFO  [OK] sd15 | es | P007 | seed=123 -> saved in 3.3s
2026-05-22 00:58:16,918  INFO  [OK] sd15 | es | P008 | seed=42 -> saved in 3.4s
2026-05-22 00:58:21,914  INFO  [OK] sd15 | es | P008 | seed=123 -> saved in 5.0s
2026-05-22 00:58:25,253  INFO  [OK] sd15 | es | P009 | seed=42 -> saved in 3.3s
2026-05-22 00:58:29,074  INFO  [OK] sd15 | es | P009 | seed=123 -> saved in 3.8s
2026-05-22 00:58:32,633  INFO  [OK] sd15 | es | P010 | seed=42 -> saved in 3.6s
2026-05-22 00:58:36,694  INFO  [OK] sd15 | es | P010 | seed=123 -> saved in 4.1s
2026-05-22 00:58:40,273  INFO  [OK] sd15 | es | P011 | seed=42 -> saved in 3.6s
2026-05-22 00:58:43,968  INFO  [OK] sd15 | es | P011 | seed=123 -> saved in 3.7s
2026-05-22 00:58:48,069  INFO  [OK] sd15 | es | P012 | seed=42 -> saved in 4.1s
2026-05-22 00:58:51,643  INFO  [OK] sd15 | es | P012 | seed=123 -> saved in 3.6s
2026-05-22 00:58:54,968  INFO  [OK] sd15 | es | P013 | seed=42 -> saved in 3.3s
2026-05-22 00:58:59,723  INFO  [OK] sd15 | es | P013 | seed=123 -> saved in 4.8s
2026-05-22 00:59:03,318  INFO  [OK] sd15 | es | P014 | seed=42 -> saved in 3.6s
2026-05-22 00:59:06,530  INFO  [OK] sd15 | es | P014 | seed=123 -> saved in 3.2s
2026-05-22 00:59:09,773  INFO  [OK] sd15 | es | P015 | seed=42 -> saved in 3.2s
2026-05-22 00:59:13,418  INFO  [OK] sd15 | es | P015 | seed=123 -> saved in 3.6s
2026-05-22 00:59:16,916  INFO  [OK] sd15 | es | P016 | seed=42 -> saved in 3.5s
2026-05-22 00:59:20,618  INFO  [OK] sd15 | es | P016 | seed=123 -> saved in 3.7s
2026-05-22 00:59:22,714  ERROR  [FAIL] Unexpected error | sd15 | es | P017 | seed=42 -> NSFW content detected. Try running it again, or try a different prompt.
2026-05-22 00:59:32,063  INFO  [OK] sd15 | es | P017 | seed=123 -> saved in 4.3s
2026-05-22 00:59:37,029  INFO  [OK] sd15 | es | P018 | seed=42 -> saved in 5.0s
2026-05-22 00:59:43,934  INFO  [OK] sd15 | es | P018 | seed=123 -> saved in 6.9s
2026-05-22 00:59:46,578  INFO  [OK] sd15 | es | P019 | seed=42 -> saved in 2.6s
2026-05-22 00:59:49,114  INFO  [OK] sd15 | es | P019 | seed=123 -> saved in 2.5s
2026-05-22 00:59:51,633  INFO  [OK] sd15 | es | P020 | seed=42 -> saved in 2.5s
2026-05-22 00:59:54,133  INFO  [OK] sd15 | es | P020 | seed=123 -> saved in 2.5s
2026-05-22 00:59:55,783  ERROR  [FAIL] Unexpected error | sd15 | es | P021 | seed=42 -> NSFW content detected. Try running it again, or try a different prompt.
2026-05-22 01:00:03,698  INFO  [OK] sd15 | es | P021 | seed=123 -> saved in 2.9s
2026-05-22 01:00:06,128  INFO  [OK] sd15 | es | P022 | seed=42 -> saved in 2.4s
2026-05-22 01:00:08,863  INFO  [OK] sd15 | es | P022 | seed=123 -> saved in 2.7s
2026-05-22 01:00:11,653  INFO  [OK] sd15 | es | P023 | seed=42 -> saved in 2.8s
2026-05-22 01:00:14,433  INFO  [OK] sd15 | es | P023 | seed=123 -> saved in 2.8s
2026-05-22 01:00:16,963  INFO  [OK] sd15 | es | P024 | seed=42 -> saved in 2.5s
2026-05-22 01:00:19,794  INFO  [OK] sd15 | es | P024 | seed=123 -> saved in 2.8s
2026-05-22 01:00:22,443  INFO  [OK] sd15 | es | P025 | seed=42 -> saved in 2.6s
2026-05-22 01:00:24,993  INFO  [OK] sd15 | es | P025 | seed=123 -> saved in 2.5s
2026-05-22 01:00:27,478  INFO  [OK] sd15 | es | P026 | seed=42 -> saved in 2.5s
2026-05-22 01:00:30,198  INFO  [OK] sd15 | es | P026 | seed=123 -> saved in 2.7s
2026-05-22 01:00:32,668  INFO  [OK] sd15 | es | P027 | seed=42 -> saved in 2.5s
2026-05-22 01:00:35,363  INFO  [OK] sd15 | es | P027 | seed=123 -> saved in 2.7s
2026-05-22 01:00:38,048  INFO  [OK] sd15 | es | P028 | seed=42 -> saved in 2.7s
2026-05-22 01:00:40,563  INFO  [OK] sd15 | es | P028 | seed=123 -> saved in 2.5s
2026-05-22 01:00:43,154  INFO  [OK] sd15 | es | P029 | seed=42 -> saved in 2.6s
2026-05-22 01:00:45,673  INFO  [OK] sd15 | es | P029 | seed=123 -> saved in 2.5s
2026-05-22 01:00:48,218  INFO  [OK] sd15 | es | P030 | seed=42 -> saved in 2.5s
2026-05-22 01:00:51,013  INFO  [OK] sd15 | es | P030 | seed=123 -> saved in 2.8s
2026-05-22 01:00:53,483  INFO  [OK] sd15 | es | P031 | seed=42 -> saved in 2.5s
2026-05-22 01:00:56,424  INFO  [OK] sd15 | es | P031 | seed=123 -> saved in 2.9s
2026-05-22 01:00:59,128  INFO  [OK] sd15 | es | P032 | seed=42 -> saved in 2.7s
2026-05-22 01:01:02,074  INFO  [OK] sd15 | es | P032 | seed=123 -> saved in 2.9s
2026-05-22 01:01:04,618  INFO  [OK] sd15 | es | P033 | seed=42 -> saved in 2.5s
2026-05-22 01:01:07,248  INFO  [OK] sd15 | es | P033 | seed=123 -> saved in 2.6s
2026-05-22 01:01:09,793  INFO  [OK] sd15 | es | P034 | seed=42 -> saved in 2.5s
2026-05-22 01:01:12,248  INFO  [OK] sd15 | es | P034 | seed=123 -> saved in 2.5s
2026-05-22 01:01:14,633  INFO  [OK] sd15 | es | P035 | seed=42 -> saved in 2.4s
2026-05-22 01:01:17,777  INFO  [OK] sd15 | es | P035 | seed=123 -> saved in 3.1s
2026-05-22 01:01:20,243  INFO  [OK] sd15 | es | P036 | seed=42 -> saved in 2.5s
2026-05-22 01:01:23,208  INFO  [OK] sd15 | es | P036 | seed=123 -> saved in 3.0s
2026-05-22 01:01:28,313  INFO  [OK] sd15 | es | P037 | seed=42 -> saved in 5.1s
2026-05-22 01:01:30,928  INFO  [OK] sd15 | es | P037 | seed=123 -> saved in 2.6s
2026-05-22 01:01:32,653  ERROR  [FAIL] Unexpected error | sd15 | es | P038 | seed=42 -> NSFW content detected. Try running it again, or try a different prompt.
2026-05-22 01:01:40,483  INFO  [OK] sd15 | es | P038 | seed=123 -> saved in 2.8s
2026-05-22 01:01:42,903  INFO  [OK] sd15 | es | P039 | seed=42 -> saved in 2.4s
2026-05-22 01:01:45,675  INFO  [OK] sd15 | es | P039 | seed=123 -> saved in 2.8s
2026-05-22 01:01:50,893  INFO  [OK] sd15 | es | P040 | seed=42 -> saved in 5.2s
2026-05-22 01:01:54,243  INFO  [OK] sd15 | es | P040 | seed=123 -> saved in 3.3s
2026-05-22 01:01:57,723  INFO  [OK] sd15 | es | P041 | seed=42 -> saved in 3.5s
2026-05-22 01:02:00,533  INFO  [OK] sd15 | es | P041 | seed=123 -> saved in 2.8s
2026-05-22 01:02:03,458  INFO  [OK] sd15 | es | P042 | seed=42 -> saved in 2.9s
2026-05-22 01:02:06,253  INFO  [OK] sd15 | es | P042 | seed=123 -> saved in 2.8s
2026-05-22 01:02:08,753  INFO  [OK] sd15 | es | P043 | seed=42 -> saved in 2.5s
2026-05-22 01:02:11,493  INFO  [OK] sd15 | es | P043 | seed=123 -> saved in 2.7s
2026-05-22 01:02:14,203  INFO  [OK] sd15 | es | P044 | seed=42 -> saved in 2.7s
2026-05-22 01:02:16,883  INFO  [OK] sd15 | es | P044 | seed=123 -> saved in 2.7s
2026-05-22 01:02:19,443  INFO  [OK] sd15 | es | P045 | seed=42 -> saved in 2.6s
2026-05-22 01:02:22,078  INFO  [OK] sd15 | es | P045 | seed=123 -> saved in 2.6s
2026-05-22 01:02:24,743  INFO  [OK] sd15 | es | P046 | seed=42 -> saved in 2.7s
2026-05-22 01:02:27,075  INFO  [OK] sd15 | es | P046 | seed=123 -> saved in 2.3s
2026-05-22 01:02:33,963  INFO  [OK] sd15 | es | P047 | seed=42 -> saved in 6.9s
2026-05-22 01:02:36,593  INFO  [OK] sd15 | es | P047 | seed=123 -> saved in 2.6s
2026-05-22 01:02:39,033  INFO  [OK] sd15 | es | P048 | seed=42 -> saved in 2.4s
2026-05-22 01:02:41,693  INFO  [OK] sd15 | es | P048 | seed=123 -> saved in 2.7s
2026-05-22 01:02:44,573  INFO  [OK] sd15 | es | P049 | seed=42 -> saved in 2.9s
2026-05-22 01:02:47,204  INFO  [OK] sd15 | es | P049 | seed=123 -> saved in 2.6s
2026-05-22 01:02:49,863  INFO  [OK] sd15 | es | P050 | seed=42 -> saved in 2.7s
2026-05-22 01:02:52,353  INFO  [OK] sd15 | es | P050 | seed=123 -> saved in 2.5s
2026-05-22 01:02:54,903  INFO  [OK] sd15 | ar | P001 | seed=42 -> saved in 2.6s
2026-05-22 01:02:57,733  INFO  [OK] sd15 | ar | P001 | seed=123 -> saved in 2.8s
2026-05-22 01:03:00,323  INFO  [OK] sd15 | ar | P002 | seed=42 -> saved in 2.6s
2026-05-22 01:03:01,983  ERROR  [FAIL] Unexpected error | sd15 | ar | P002 | seed=123 -> NSFW content detected. Try running it again, or try a different prompt.
2026-05-22 01:03:09,943  INFO  [OK] sd15 | ar | P003 | seed=42 -> saved in 3.0s
2026-05-22 01:03:12,473  INFO  [OK] sd15 | ar | P003 | seed=123 -> saved in 2.5s
2026-05-22 01:03:14,993  INFO  [OK] sd15 | ar | P004 | seed=42 -> saved in 2.5s
2026-05-22 01:03:17,798  INFO  [OK] sd15 | ar | P004 | seed=123 -> saved in 2.8s
2026-05-22 01:03:20,393  INFO  [OK] sd15 | ar | P005 | seed=42 -> saved in 2.6s
2026-05-22 01:03:23,113  INFO  [OK] sd15 | ar | P005 | seed=123 -> saved in 2.7s
2026-05-22 01:03:25,923  INFO  [OK] sd15 | ar | P006 | seed=42 -> saved in 2.8s
2026-05-22 01:03:28,763  INFO  [OK] sd15 | ar | P006 | seed=123 -> saved in 2.8s
2026-05-22 01:03:31,923  INFO  [OK] sd15 | ar | P007 | seed=42 -> saved in 3.2s
2026-05-22 01:03:34,633  INFO  [OK] sd15 | ar | P007 | seed=123 -> saved in 2.7s
2026-05-22 01:03:37,263  INFO  [OK] sd15 | ar | P008 | seed=42 -> saved in 2.6s
2026-05-22 01:03:39,913  INFO  [OK] sd15 | ar | P008 | seed=123 -> saved in 2.7s
2026-05-22 01:03:42,913  INFO  [OK] sd15 | ar | P009 | seed=42 -> saved in 3.0s
2026-05-22 01:03:45,643  INFO  [OK] sd15 | ar | P009 | seed=123 -> saved in 2.7s
2026-05-22 01:03:48,563  INFO  [OK] sd15 | ar | P010 | seed=42 -> saved in 2.9s
2026-05-22 01:03:51,173  INFO  [OK] sd15 | ar | P010 | seed=123 -> saved in 2.6s
2026-05-22 01:03:53,703  INFO  [OK] sd15 | ar | P011 | seed=42 -> saved in 2.5s
2026-05-22 01:03:56,238  INFO  [OK] sd15 | ar | P011 | seed=123 -> saved in 2.5s
2026-05-22 01:03:59,263  INFO  [OK] sd15 | ar | P012 | seed=42 -> saved in 3.0s
2026-05-22 01:04:00,923  ERROR  [FAIL] Unexpected error | sd15 | ar | P012 | seed=123 -> NSFW content detected. Try running it again, or try a different prompt.
2026-05-22 01:04:07,643  ERROR  [FAIL] Unexpected error | sd15 | ar | P013 | seed=42 -> NSFW content detected. Try running it again, or try a different prompt.
2026-05-22 01:04:18,250  INFO  [OK] sd15 | ar | P013 | seed=123 -> saved in 5.6s
2026-05-22 01:04:22,203  INFO  [OK] sd15 | ar | P014 | seed=42 -> saved in 3.8s
2026-05-22 01:04:28,433  INFO  [OK] sd15 | ar | P014 | seed=123 -> saved in 6.2s
2026-05-22 01:04:32,593  INFO  [OK] sd15 | ar | P015 | seed=42 -> saved in 4.2s
2026-05-22 01:04:35,663  INFO  [OK] sd15 | ar | P015 | seed=123 -> saved in 3.1s
2026-05-22 01:04:38,753  INFO  [OK] sd15 | ar | P016 | seed=42 -> saved in 3.1s
2026-05-22 01:04:41,483  INFO  [OK] sd15 | ar | P016 | seed=123 -> saved in 2.7s
2026-05-22 01:04:44,429  INFO  [OK] sd15 | ar | P017 | seed=42 -> saved in 2.9s
2026-05-22 01:04:47,273  INFO  [OK] sd15 | ar | P017 | seed=123 -> saved in 2.8s
2026-05-22 01:04:49,993  INFO  [OK] sd15 | ar | P018 | seed=42 -> saved in 2.7s
2026-05-22 01:04:53,933  INFO  [OK] sd15 | ar | P018 | seed=123 -> saved in 3.9s
2026-05-22 01:04:57,203  INFO  [OK] sd15 | ar | P019 | seed=42 -> saved in 3.3s
2026-05-22 01:05:00,183  INFO  [OK] sd15 | ar | P019 | seed=123 -> saved in 3.0s
2026-05-22 01:05:03,025  INFO  [OK] sd15 | ar | P020 | seed=42 -> saved in 2.8s
2026-05-22 01:05:05,694  INFO  [OK] sd15 | ar | P020 | seed=123 -> saved in 2.7s
2026-05-22 01:05:08,763  INFO  [OK] sd15 | ar | P021 | seed=42 -> saved in 3.0s
2026-05-22 01:05:11,478  INFO  [OK] sd15 | ar | P021 | seed=123 -> saved in 2.7s
2026-05-22 01:05:14,188  INFO  [OK] sd15 | ar | P022 | seed=42 -> saved in 2.7s
2026-05-22 01:05:17,283  INFO  [OK] sd15 | ar | P022 | seed=123 -> saved in 3.1s
2026-05-22 01:05:20,073  INFO  [OK] sd15 | ar | P023 | seed=42 -> saved in 2.8s
2026-05-22 01:05:23,748  INFO  [OK] sd15 | ar | P023 | seed=123 -> saved in 3.7s
2026-05-22 01:05:26,617  INFO  [OK] sd15 | ar | P024 | seed=42 -> saved in 2.9s
2026-05-22 01:05:29,093  INFO  [OK] sd15 | ar | P024 | seed=123 -> saved in 2.5s
2026-05-22 01:05:34,425  INFO  [OK] sd15 | ar | P025 | seed=42 -> saved in 5.3s
2026-05-22 01:05:37,681  INFO  [OK] sd15 | ar | P025 | seed=123 -> saved in 3.3s
2026-05-22 01:05:40,175  INFO  [OK] sd15 | ar | P026 | seed=42 -> saved in 2.5s
2026-05-22 01:05:42,548  INFO  [OK] sd15 | ar | P026 | seed=123 -> saved in 2.4s
2026-05-22 01:05:46,463  INFO  [OK] sd15 | ar | P027 | seed=42 -> saved in 3.9s
2026-05-22 01:05:49,983  INFO  [OK] sd15 | ar | P027 | seed=123 -> saved in 3.5s
2026-05-22 01:05:53,073  INFO  [OK] sd15 | ar | P028 | seed=42 -> saved in 3.1s
2026-05-22 01:05:57,093  INFO  [OK] sd15 | ar | P028 | seed=123 -> saved in 4.0s
2026-05-22 01:06:01,203  INFO  [OK] sd15 | ar | P029 | seed=42 -> saved in 4.1s
2026-05-22 01:06:03,127  ERROR  [FAIL] Unexpected error | sd15 | ar | P029 | seed=123 -> NSFW content detected. Try running it again, or try a different prompt.
2026-05-22 01:06:11,987  INFO  [OK] sd15 | ar | P030 | seed=42 -> saved in 3.8s
2026-05-22 01:06:15,498  INFO  [OK] sd15 | ar | P030 | seed=123 -> saved in 3.5s
2026-05-22 01:06:18,553  INFO  [OK] sd15 | ar | P031 | seed=42 -> saved in 3.0s
2026-05-22 01:06:22,368  INFO  [OK] sd15 | ar | P031 | seed=123 -> saved in 3.8s
2026-05-22 01:06:26,043  INFO  [OK] sd15 | ar | P032 | seed=42 -> saved in 3.7s
2026-05-22 01:06:29,090  INFO  [OK] sd15 | ar | P032 | seed=123 -> saved in 3.0s
2026-05-22 01:06:31,712  INFO  [OK] sd15 | ar | P033 | seed=42 -> saved in 2.6s
2026-05-22 01:06:34,560  INFO  [OK] sd15 | ar | P033 | seed=123 -> saved in 2.8s
2026-05-22 01:06:37,573  INFO  [OK] sd15 | ar | P034 | seed=42 -> saved in 3.0s
2026-05-22 01:06:40,210  INFO  [OK] sd15 | ar | P034 | seed=123 -> saved in 2.6s
2026-05-22 01:06:42,913  INFO  [OK] sd15 | ar | P035 | seed=42 -> saved in 2.7s
2026-05-22 01:06:46,159  INFO  [OK] sd15 | ar | P035 | seed=123 -> saved in 3.2s
2026-05-22 01:06:49,093  INFO  [OK] sd15 | ar | P036 | seed=42 -> saved in 2.9s
2026-05-22 01:06:51,873  INFO  [OK] sd15 | ar | P036 | seed=123 -> saved in 2.8s
2026-05-22 01:06:54,648  INFO  [OK] sd15 | ar | P037 | seed=42 -> saved in 2.8s
2026-05-22 01:06:57,503  INFO  [OK] sd15 | ar | P037 | seed=123 -> saved in 2.8s
2026-05-22 01:07:00,143  INFO  [OK] sd15 | ar | P038 | seed=42 -> saved in 2.6s
2026-05-22 01:07:02,745  INFO  [OK] sd15 | ar | P038 | seed=123 -> saved in 2.6s
2026-05-22 01:07:05,318  INFO  [OK] sd15 | ar | P039 | seed=42 -> saved in 2.6s
2026-05-22 01:07:07,913  INFO  [OK] sd15 | ar | P039 | seed=123 -> saved in 2.6s
2026-05-22 01:07:10,573  INFO  [OK] sd15 | ar | P040 | seed=42 -> saved in 2.7s
2026-05-22 01:07:13,173  INFO  [OK] sd15 | ar | P040 | seed=123 -> saved in 2.6s
2026-05-22 01:07:15,988  INFO  [OK] sd15 | ar | P041 | seed=42 -> saved in 2.8s
2026-05-22 01:07:18,434  INFO  [OK] sd15 | ar | P041 | seed=123 -> saved in 2.4s
2026-05-22 01:07:20,894  INFO  [OK] sd15 | ar | P042 | seed=42 -> saved in 2.5s
2026-05-22 01:07:23,463  INFO  [OK] sd15 | ar | P042 | seed=123 -> saved in 2.6s
2026-05-22 01:07:26,203  INFO  [OK] sd15 | ar | P043 | seed=42 -> saved in 2.7s
2026-05-22 01:07:28,809  INFO  [OK] sd15 | ar | P043 | seed=123 -> saved in 2.6s
2026-05-22 01:07:31,703  INFO  [OK] sd15 | ar | P044 | seed=42 -> saved in 2.9s
2026-05-22 01:07:34,450  INFO  [OK] sd15 | ar | P044 | seed=123 -> saved in 2.7s
2026-05-22 01:07:37,483  INFO  [OK] sd15 | ar | P045 | seed=42 -> saved in 3.0s
2026-05-22 01:07:40,179  INFO  [OK] sd15 | ar | P045 | seed=123 -> saved in 2.7s
2026-05-22 01:07:44,283  INFO  [OK] sd15 | ar | P046 | seed=42 -> saved in 4.1s
2026-05-22 01:07:47,883  INFO  [OK] sd15 | ar | P046 | seed=123 -> saved in 3.6s
2026-05-22 01:07:50,623  INFO  [OK] sd15 | ar | P047 | seed=42 -> saved in 2.7s
2026-05-22 01:07:53,163  INFO  [OK] sd15 | ar | P047 | seed=123 -> saved in 2.5s
2026-05-22 01:07:55,858  INFO  [OK] sd15 | ar | P048 | seed=42 -> saved in 2.7s
2026-05-22 01:07:58,273  INFO  [OK] sd15 | ar | P048 | seed=123 -> saved in 2.4s
2026-05-22 01:08:00,933  INFO  [OK] sd15 | ar | P049 | seed=42 -> saved in 2.7s
2026-05-22 01:08:03,493  INFO  [OK] sd15 | ar | P049 | seed=123 -> saved in 2.5s
2026-05-22 01:08:06,043  INFO  [OK] sd15 | ar | P050 | seed=42 -> saved in 2.6s
2026-05-22 01:08:08,663  INFO  [OK] sd15 | ar | P050 | seed=123 -> saved in 2.6s
2026-05-22 01:08:14,318  INFO  [OK] flux | en | P001 | seed=42 -> saved in 5.7s
2026-05-22 01:08:19,463  INFO  [OK] flux | en | P001 | seed=123 -> saved in 5.1s
2026-05-22 01:08:25,103  INFO  [OK] flux | en | P002 | seed=42 -> saved in 5.6s
2026-05-22 01:08:31,948  INFO  [OK] flux | en | P002 | seed=123 -> saved in 6.8s
2026-05-22 01:08:40,565  INFO  [OK] flux | en | P003 | seed=42 -> saved in 8.6s
2026-05-22 01:08:49,403  INFO  [OK] flux | en | P003 | seed=123 -> saved in 8.8s
2026-05-22 01:08:55,198  INFO  [OK] flux | en | P004 | seed=42 -> saved in 5.8s
2026-05-22 01:08:59,783  INFO  [OK] flux | en | P004 | seed=123 -> saved in 4.6s
2026-05-22 01:09:04,488  INFO  [OK] flux | en | P005 | seed=42 -> saved in 4.7s
2026-05-22 01:09:11,468  INFO  [OK] flux | en | P005 | seed=123 -> saved in 7.0s
2026-05-22 01:09:16,965  INFO  [OK] flux | en | P006 | seed=42 -> saved in 5.5s
2026-05-22 01:09:25,946  INFO  [OK] flux | en | P006 | seed=123 -> saved in 9.0s
2026-05-22 01:09:33,783  INFO  [OK] flux | en | P007 | seed=42 -> saved in 7.8s
2026-05-22 01:09:42,445  INFO  [OK] flux | en | P007 | seed=123 -> saved in 8.7s
2026-05-22 01:09:47,804  INFO  [OK] flux | en | P008 | seed=42 -> saved in 5.4s
2026-05-22 01:09:54,438  INFO  [OK] flux | en | P008 | seed=123 -> saved in 6.6s
2026-05-22 01:10:00,294  INFO  [OK] flux | en | P009 | seed=42 -> saved in 5.9s
2026-05-22 01:10:04,893  INFO  [OK] flux | en | P009 | seed=123 -> saved in 4.6s
2026-05-22 01:10:09,613  INFO  [OK] flux | en | P010 | seed=42 -> saved in 4.7s
2026-05-22 01:10:14,853  INFO  [OK] flux | en | P010 | seed=123 -> saved in 5.2s
2026-05-22 01:10:21,153  INFO  [OK] flux | en | P011 | seed=42 -> saved in 6.2s
2026-05-22 01:10:25,513  INFO  [OK] flux | en | P011 | seed=123 -> saved in 4.4s
2026-05-22 01:10:30,003  INFO  [OK] flux | en | P012 | seed=42 -> saved in 4.5s
2026-05-22 01:10:37,053  INFO  [OK] flux | en | P012 | seed=123 -> saved in 7.0s
2026-05-22 01:10:42,393  INFO  [OK] flux | en | P013 | seed=42 -> saved in 5.3s
2026-05-22 01:10:47,618  INFO  [OK] flux | en | P013 | seed=123 -> saved in 5.2s
2026-05-22 01:10:52,988  INFO  [OK] flux | en | P014 | seed=42 -> saved in 5.4s
2026-05-22 01:10:58,953  INFO  [OK] flux | en | P014 | seed=123 -> saved in 6.0s
2026-05-22 01:11:06,707  INFO  [OK] flux | en | P015 | seed=42 -> saved in 7.8s
2026-05-22 01:11:12,703  INFO  [OK] flux | en | P015 | seed=123 -> saved in 6.0s
2026-05-22 01:11:17,108  INFO  [OK] flux | en | P016 | seed=42 -> saved in 4.4s
2026-05-22 01:11:21,688  INFO  [OK] flux | en | P016 | seed=123 -> saved in 4.6s
2026-05-22 01:11:26,683  INFO  [OK] flux | en | P017 | seed=42 -> saved in 5.0s
2026-05-22 01:11:32,023  INFO  [OK] flux | en | P017 | seed=123 -> saved in 5.3s
2026-05-22 01:11:37,202  INFO  [OK] flux | en | P018 | seed=42 -> saved in 5.2s
2026-05-22 01:11:44,423  INFO  [OK] flux | en | P018 | seed=123 -> saved in 7.2s
2026-05-22 01:11:49,243  INFO  [OK] flux | en | P019 | seed=42 -> saved in 4.8s
2026-05-22 01:11:55,423  INFO  [OK] flux | en | P019 | seed=123 -> saved in 6.2s
2026-05-22 01:12:02,623  INFO  [OK] flux | en | P020 | seed=42 -> saved in 7.2s
2026-05-22 01:12:07,803  INFO  [OK] flux | en | P020 | seed=123 -> saved in 5.2s
2026-05-22 01:12:14,493  INFO  [OK] flux | en | P021 | seed=42 -> saved in 6.7s
2026-05-22 01:12:22,518  INFO  [OK] flux | en | P021 | seed=123 -> saved in 8.0s
2026-05-22 01:12:28,212  INFO  [OK] flux | en | P022 | seed=42 -> saved in 5.7s
2026-05-22 01:12:36,232  INFO  [OK] flux | en | P022 | seed=123 -> saved in 8.0s
2026-05-22 01:12:41,368  INFO  [OK] flux | en | P023 | seed=42 -> saved in 5.1s
2026-05-22 01:12:46,327  INFO  [OK] flux | en | P023 | seed=123 -> saved in 5.0s
2026-05-22 01:12:52,393  INFO  [OK] flux | en | P024 | seed=42 -> saved in 6.1s
2026-05-22 01:12:56,973  INFO  [OK] flux | en | P024 | seed=123 -> saved in 4.6s
2026-05-22 01:13:01,832  INFO  [OK] flux | en | P025 | seed=42 -> saved in 4.9s
2026-05-22 01:13:07,652  INFO  [OK] flux | en | P025 | seed=123 -> saved in 5.8s
2026-05-22 01:13:42,383  INFO  [OK] flux | en | P026 | seed=42 -> saved in 34.7s
2026-05-22 01:13:46,713  INFO  [OK] flux | en | P026 | seed=123 -> saved in 4.3s
2026-05-22 01:13:51,272  INFO  [OK] flux | en | P027 | seed=42 -> saved in 4.6s
2026-05-22 01:13:55,113  INFO  [OK] flux | en | P027 | seed=123 -> saved in 3.8s
2026-05-22 01:13:59,652  INFO  [OK] flux | en | P028 | seed=42 -> saved in 4.5s
2026-05-22 01:14:05,003  INFO  [OK] flux | en | P028 | seed=123 -> saved in 5.4s
2026-05-22 01:14:09,952  INFO  [OK] flux | en | P029 | seed=42 -> saved in 4.9s
2026-05-22 01:14:14,803  INFO  [OK] flux | en | P029 | seed=123 -> saved in 4.9s
2026-05-22 01:14:20,272  INFO  [OK] flux | en | P030 | seed=42 -> saved in 5.5s
2026-05-22 01:14:24,765  INFO  [OK] flux | en | P030 | seed=123 -> saved in 4.5s
2026-05-22 01:14:29,773  INFO  [OK] flux | en | P031 | seed=42 -> saved in 5.0s
2026-05-22 01:14:34,202  INFO  [OK] flux | en | P031 | seed=123 -> saved in 4.4s
2026-05-22 01:14:39,133  INFO  [OK] flux | en | P032 | seed=42 -> saved in 4.9s
2026-05-22 01:14:43,903  INFO  [OK] flux | en | P032 | seed=123 -> saved in 4.8s
2026-05-22 01:14:48,472  INFO  [OK] flux | en | P033 | seed=42 -> saved in 4.6s
2026-05-22 01:14:52,822  INFO  [OK] flux | en | P033 | seed=123 -> saved in 4.3s
2026-05-22 01:14:57,269  INFO  [OK] flux | en | P034 | seed=42 -> saved in 4.4s
2026-05-22 01:15:01,259  INFO  [OK] flux | en | P034 | seed=123 -> saved in 4.0s
2026-05-22 01:15:05,568  INFO  [OK] flux | en | P035 | seed=42 -> saved in 4.3s
2026-05-22 01:15:09,992  INFO  [OK] flux | en | P035 | seed=123 -> saved in 4.4s
2026-05-22 01:15:14,833  INFO  [OK] flux | en | P036 | seed=42 -> saved in 4.8s
2026-05-22 01:15:19,463  INFO  [OK] flux | en | P036 | seed=123 -> saved in 4.6s
2026-05-22 01:15:24,517  INFO  [OK] flux | en | P037 | seed=42 -> saved in 5.1s
2026-05-22 01:15:28,757  INFO  [OK] flux | en | P037 | seed=123 -> saved in 4.2s
2026-05-22 01:15:33,704  INFO  [OK] flux | en | P038 | seed=42 -> saved in 4.9s
2026-05-22 01:15:39,567  INFO  [OK] flux | en | P038 | seed=123 -> saved in 5.9s
2026-05-22 01:15:43,792  INFO  [OK] flux | en | P039 | seed=42 -> saved in 4.2s
2026-05-22 01:15:48,452  INFO  [OK] flux | en | P039 | seed=123 -> saved in 4.7s
2026-05-22 01:15:52,872  INFO  [OK] flux | en | P040 | seed=42 -> saved in 4.4s
2026-05-22 01:15:57,607  INFO  [OK] flux | en | P040 | seed=123 -> saved in 4.7s
2026-05-22 01:16:02,432  INFO  [OK] flux | en | P041 | seed=42 -> saved in 4.8s
2026-05-22 01:16:06,598  INFO  [OK] flux | en | P041 | seed=123 -> saved in 4.2s
2026-05-22 01:16:11,978  INFO  [OK] flux | en | P042 | seed=42 -> saved in 5.4s
2026-05-22 01:16:16,496  INFO  [OK] flux | en | P042 | seed=123 -> saved in 4.5s
2026-05-22 01:16:20,684  INFO  [OK] flux | en | P043 | seed=42 -> saved in 4.2s
2026-05-22 01:16:24,969  INFO  [OK] flux | en | P043 | seed=123 -> saved in 4.3s
2026-05-22 01:16:29,076  INFO  [OK] flux | en | P044 | seed=42 -> saved in 4.1s
2026-05-22 01:16:33,275  INFO  [OK] flux | en | P044 | seed=123 -> saved in 4.2s
2026-05-22 01:16:37,026  INFO  [OK] flux | en | P045 | seed=42 -> saved in 3.7s
2026-05-22 01:16:41,612  INFO  [OK] flux | en | P045 | seed=123 -> saved in 4.6s
2026-05-22 01:16:46,232  INFO  [OK] flux | en | P046 | seed=42 -> saved in 4.6s
2026-05-22 01:16:50,352  INFO  [OK] flux | en | P046 | seed=123 -> saved in 4.1s
2026-05-22 01:16:56,013  INFO  [OK] flux | en | P047 | seed=42 -> saved in 5.7s
2026-05-22 01:17:00,632  INFO  [OK] flux | en | P047 | seed=123 -> saved in 4.6s
2026-05-22 01:17:04,944  INFO  [OK] flux | en | P048 | seed=42 -> saved in 4.3s
2026-05-22 01:17:09,616  INFO  [OK] flux | en | P048 | seed=123 -> saved in 4.7s
2026-05-22 01:17:15,402  INFO  [OK] flux | en | P049 | seed=42 -> saved in 5.8s
2026-05-22 01:17:20,283  INFO  [OK] flux | en | P049 | seed=123 -> saved in 4.9s
2026-05-22 01:17:24,856  INFO  [OK] flux | en | P050 | seed=42 -> saved in 4.6s
2026-05-22 01:17:30,312  INFO  [OK] flux | en | P050 | seed=123 -> saved in 5.5s
2026-05-22 01:17:34,918  INFO  [OK] flux | de | P001 | seed=42 -> saved in 4.6s
2026-05-22 01:17:38,852  INFO  [OK] flux | de | P001 | seed=123 -> saved in 3.9s
2026-05-22 01:17:43,142  INFO  [OK] flux | de | P002 | seed=42 -> saved in 4.3s
2026-05-22 01:17:47,212  INFO  [OK] flux | de | P002 | seed=123 -> saved in 4.1s
2026-05-22 01:17:51,355  INFO  [OK] flux | de | P003 | seed=42 -> saved in 4.1s
2026-05-22 01:17:55,314  INFO  [OK] flux | de | P003 | seed=123 -> saved in 4.0s
2026-05-22 01:17:59,142  INFO  [OK] flux | de | P004 | seed=42 -> saved in 3.8s
2026-05-22 01:18:03,973  INFO  [OK] flux | de | P004 | seed=123 -> saved in 4.8s
2026-05-22 01:18:08,447  INFO  [OK] flux | de | P005 | seed=42 -> saved in 4.5s
2026-05-22 01:18:12,539  INFO  [OK] flux | de | P005 | seed=123 -> saved in 4.1s
2026-05-22 01:18:16,523  INFO  [OK] flux | de | P006 | seed=42 -> saved in 4.0s
2026-05-22 01:18:22,042  INFO  [OK] flux | de | P006 | seed=123 -> saved in 5.5s
2026-05-22 01:18:26,342  INFO  [OK] flux | de | P007 | seed=42 -> saved in 4.3s
2026-05-22 01:18:30,482  INFO  [OK] flux | de | P007 | seed=123 -> saved in 4.1s
2026-05-22 01:18:35,192  INFO  [OK] flux | de | P008 | seed=42 -> saved in 4.7s
2026-05-22 01:18:39,156  INFO  [OK] flux | de | P008 | seed=123 -> saved in 4.0s
2026-05-22 01:18:43,797  INFO  [OK] flux | de | P009 | seed=42 -> saved in 4.6s
2026-05-22 01:18:48,582  INFO  [OK] flux | de | P009 | seed=123 -> saved in 4.8s
2026-05-22 01:18:53,122  INFO  [OK] flux | de | P010 | seed=42 -> saved in 4.5s
2026-05-22 01:18:56,953  INFO  [OK] flux | de | P010 | seed=123 -> saved in 3.8s
2026-05-22 01:19:01,262  INFO  [OK] flux | de | P011 | seed=42 -> saved in 4.3s
2026-05-22 01:19:05,302  INFO  [OK] flux | de | P011 | seed=123 -> saved in 4.0s
2026-05-22 01:19:09,362  INFO  [OK] flux | de | P012 | seed=42 -> saved in 4.1s
2026-05-22 01:19:13,853  INFO  [OK] flux | de | P012 | seed=123 -> saved in 4.5s
2026-05-22 01:19:17,859  INFO  [OK] flux | de | P013 | seed=42 -> saved in 4.0s
2026-05-22 01:19:23,081  INFO  [OK] flux | de | P013 | seed=123 -> saved in 5.2s
2026-05-22 01:19:27,290  INFO  [OK] flux | de | P014 | seed=42 -> saved in 4.2s
2026-05-22 01:19:31,775  INFO  [OK] flux | de | P014 | seed=123 -> saved in 4.5s
2026-05-22 01:19:35,985  INFO  [OK] flux | de | P015 | seed=42 -> saved in 4.2s
2026-05-22 01:19:40,478  INFO  [OK] flux | de | P015 | seed=123 -> saved in 4.5s
2026-05-22 01:19:44,829  INFO  [OK] flux | de | P016 | seed=42 -> saved in 4.3s
2026-05-22 01:19:48,996  INFO  [OK] flux | de | P016 | seed=123 -> saved in 4.2s
2026-05-22 01:19:53,491  INFO  [OK] flux | de | P017 | seed=42 -> saved in 4.5s
2026-05-22 01:19:57,508  INFO  [OK] flux | de | P017 | seed=123 -> saved in 4.0s
2026-05-22 01:20:01,648  INFO  [OK] flux | de | P018 | seed=42 -> saved in 4.1s
2026-05-22 01:20:06,428  INFO  [OK] flux | de | P018 | seed=123 -> saved in 4.8s
2026-05-22 01:20:10,893  INFO  [OK] flux | de | P019 | seed=42 -> saved in 4.5s
2026-05-22 01:20:15,527  INFO  [OK] flux | de | P019 | seed=123 -> saved in 4.6s
2026-05-22 01:20:20,139  INFO  [OK] flux | de | P020 | seed=42 -> saved in 4.6s
2026-05-22 01:20:24,655  INFO  [OK] flux | de | P020 | seed=123 -> saved in 4.5s
2026-05-22 01:20:29,242  INFO  [OK] flux | de | P021 | seed=42 -> saved in 4.6s
2026-05-22 01:20:33,712  INFO  [OK] flux | de | P021 | seed=123 -> saved in 4.5s
2026-05-22 01:20:38,641  INFO  [OK] flux | de | P022 | seed=42 -> saved in 4.9s
2026-05-22 01:20:43,156  INFO  [OK] flux | de | P022 | seed=123 -> saved in 4.5s
2026-05-22 01:20:47,791  INFO  [OK] flux | de | P023 | seed=42 -> saved in 4.6s
2026-05-22 01:20:52,051  INFO  [OK] flux | de | P023 | seed=123 -> saved in 4.3s
2026-05-22 01:20:56,340  INFO  [OK] flux | de | P024 | seed=42 -> saved in 4.3s
2026-05-22 01:21:00,970  INFO  [OK] flux | de | P024 | seed=123 -> saved in 4.6s
2026-05-22 01:21:05,580  INFO  [OK] flux | de | P025 | seed=42 -> saved in 4.6s
2026-05-22 01:21:10,763  INFO  [OK] flux | de | P025 | seed=123 -> saved in 5.2s
2026-05-22 01:21:15,202  INFO  [OK] flux | de | P026 | seed=42 -> saved in 4.4s
2026-05-22 01:21:19,863  INFO  [OK] flux | de | P026 | seed=123 -> saved in 4.7s
2026-05-22 01:21:24,182  INFO  [OK] flux | de | P027 | seed=42 -> saved in 4.3s
2026-05-22 01:21:28,362  INFO  [OK] flux | de | P027 | seed=123 -> saved in 4.2s
2026-05-22 01:21:32,856  INFO  [OK] flux | de | P028 | seed=42 -> saved in 4.5s
2026-05-22 01:21:37,032  INFO  [OK] flux | de | P028 | seed=123 -> saved in 4.2s
2026-05-22 01:21:41,546  INFO  [OK] flux | de | P029 | seed=42 -> saved in 4.5s
2026-05-22 01:21:46,112  INFO  [OK] flux | de | P029 | seed=123 -> saved in 4.6s
2026-05-22 01:21:50,413  INFO  [OK] flux | de | P030 | seed=42 -> saved in 4.3s
2026-05-22 01:21:54,562  INFO  [OK] flux | de | P030 | seed=123 -> saved in 4.1s
2026-05-22 01:21:59,212  INFO  [OK] flux | de | P031 | seed=42 -> saved in 4.6s
2026-05-22 01:22:03,662  INFO  [OK] flux | de | P031 | seed=123 -> saved in 4.5s
2026-05-22 01:22:08,082  INFO  [OK] flux | de | P032 | seed=42 -> saved in 4.4s
2026-05-22 01:22:12,312  INFO  [OK] flux | de | P032 | seed=123 -> saved in 4.2s
2026-05-22 01:22:16,462  INFO  [OK] flux | de | P033 | seed=42 -> saved in 4.1s
2026-05-22 01:22:20,987  INFO  [OK] flux | de | P033 | seed=123 -> saved in 4.5s
2026-05-22 01:22:25,093  INFO  [OK] flux | de | P034 | seed=42 -> saved in 4.1s
2026-05-22 01:22:29,358  INFO  [OK] flux | de | P034 | seed=123 -> saved in 4.3s
2026-05-22 01:22:33,526  INFO  [OK] flux | de | P035 | seed=42 -> saved in 4.2s
2026-05-22 01:22:37,578  INFO  [OK] flux | de | P035 | seed=123 -> saved in 4.0s
2026-05-22 01:22:42,136  INFO  [OK] flux | de | P036 | seed=42 -> saved in 4.6s
2026-05-22 01:22:46,617  INFO  [OK] flux | de | P036 | seed=123 -> saved in 4.5s
2026-05-22 01:22:50,865  INFO  [OK] flux | de | P037 | seed=42 -> saved in 4.2s
2026-05-22 01:22:55,342  INFO  [OK] flux | de | P037 | seed=123 -> saved in 4.5s
2026-05-22 01:22:59,993  INFO  [OK] flux | de | P038 | seed=42 -> saved in 4.7s
2026-05-22 01:23:05,244  INFO  [OK] flux | de | P038 | seed=123 -> saved in 5.3s
2026-05-22 01:23:09,952  INFO  [OK] flux | de | P039 | seed=42 -> saved in 4.7s
2026-05-22 01:23:14,233  INFO  [OK] flux | de | P039 | seed=123 -> saved in 4.3s
2026-05-22 01:23:18,702  INFO  [OK] flux | de | P040 | seed=42 -> saved in 4.5s
2026-05-22 01:23:23,506  INFO  [OK] flux | de | P040 | seed=123 -> saved in 4.8s
2026-05-22 01:23:28,003  INFO  [OK] flux | de | P041 | seed=42 -> saved in 4.5s
2026-05-22 01:23:32,750  INFO  [OK] flux | de | P041 | seed=123 -> saved in 4.7s
2026-05-22 01:23:36,856  INFO  [OK] flux | de | P042 | seed=42 -> saved in 4.1s
2026-05-22 01:23:40,992  INFO  [OK] flux | de | P042 | seed=123 -> saved in 4.1s
2026-05-22 01:23:45,122  INFO  [OK] flux | de | P043 | seed=42 -> saved in 4.1s
2026-05-22 01:23:49,355  INFO  [OK] flux | de | P043 | seed=123 -> saved in 4.2s
2026-05-22 01:23:53,982  INFO  [OK] flux | de | P044 | seed=42 -> saved in 4.6s
2026-05-22 01:23:58,156  INFO  [OK] flux | de | P044 | seed=123 -> saved in 4.2s
2026-05-22 01:24:02,606  INFO  [OK] flux | de | P045 | seed=42 -> saved in 4.4s
2026-05-22 01:24:07,047  INFO  [OK] flux | de | P045 | seed=123 -> saved in 4.4s
2026-05-22 01:24:11,642  INFO  [OK] flux | de | P046 | seed=42 -> saved in 4.6s
2026-05-22 01:24:16,693  INFO  [OK] flux | de | P046 | seed=123 -> saved in 5.0s
2026-05-22 01:24:21,720  INFO  [OK] flux | de | P047 | seed=42 -> saved in 5.0s
2026-05-22 01:24:25,867  INFO  [OK] flux | de | P047 | seed=123 -> saved in 4.1s
2026-05-22 01:24:30,892  INFO  [OK] flux | de | P048 | seed=42 -> saved in 5.0s
2026-05-22 01:24:35,487  INFO  [OK] flux | de | P048 | seed=123 -> saved in 4.6s
2026-05-22 01:24:40,165  INFO  [OK] flux | de | P049 | seed=42 -> saved in 4.7s
2026-05-22 01:24:44,592  INFO  [OK] flux | de | P049 | seed=123 -> saved in 4.4s
2026-05-22 01:24:48,641  INFO  [OK] flux | de | P050 | seed=42 -> saved in 4.0s
2026-05-22 01:24:53,202  INFO  [OK] flux | de | P050 | seed=123 -> saved in 4.6s
2026-05-22 01:24:57,172  INFO  [OK] flux | fr | P001 | seed=42 -> saved in 4.0s
2026-05-22 01:25:01,322  INFO  [OK] flux | fr | P001 | seed=123 -> saved in 4.2s
2026-05-22 01:25:05,685  INFO  [OK] flux | fr | P002 | seed=42 -> saved in 4.4s
2026-05-22 01:25:10,122  INFO  [OK] flux | fr | P002 | seed=123 -> saved in 4.4s
2026-05-22 01:25:14,227  INFO  [OK] flux | fr | P003 | seed=42 -> saved in 4.1s
2026-05-22 01:25:18,422  INFO  [OK] flux | fr | P003 | seed=123 -> saved in 4.2s
2026-05-22 01:25:22,472  INFO  [OK] flux | fr | P004 | seed=42 -> saved in 4.0s
2026-05-22 01:25:27,151  INFO  [OK] flux | fr | P004 | seed=123 -> saved in 4.7s
2026-05-22 01:25:31,322  INFO  [OK] flux | fr | P005 | seed=42 -> saved in 4.2s
2026-05-22 01:25:35,254  INFO  [OK] flux | fr | P005 | seed=123 -> saved in 3.9s
2026-05-22 01:25:39,253  INFO  [OK] flux | fr | P006 | seed=42 -> saved in 4.0s
2026-05-22 01:25:43,717  INFO  [OK] flux | fr | P006 | seed=123 -> saved in 4.5s
2026-05-22 01:25:47,462  INFO  [OK] flux | fr | P007 | seed=42 -> saved in 3.7s
2026-05-22 01:25:52,012  INFO  [OK] flux | fr | P007 | seed=123 -> saved in 4.5s
2026-05-22 01:25:56,433  INFO  [OK] flux | fr | P008 | seed=42 -> saved in 4.4s
2026-05-22 01:26:01,060  INFO  [OK] flux | fr | P008 | seed=123 -> saved in 4.6s
2026-05-22 01:26:05,016  INFO  [OK] flux | fr | P009 | seed=42 -> saved in 3.9s
2026-05-22 01:26:09,183  INFO  [OK] flux | fr | P009 | seed=123 -> saved in 4.2s
2026-05-22 01:26:13,655  INFO  [OK] flux | fr | P010 | seed=42 -> saved in 4.5s
2026-05-22 01:26:17,867  INFO  [OK] flux | fr | P010 | seed=123 -> saved in 4.2s
2026-05-22 01:26:22,794  INFO  [OK] flux | fr | P011 | seed=42 -> saved in 4.9s
2026-05-22 01:26:32,693  INFO  [OK] flux | fr | P011 | seed=123 -> saved in 9.9s
2026-05-22 01:26:37,472  INFO  [OK] flux | fr | P012 | seed=42 -> saved in 4.7s
2026-05-22 01:26:41,775  INFO  [OK] flux | fr | P012 | seed=123 -> saved in 4.3s
2026-05-22 01:26:45,818  INFO  [OK] flux | fr | P013 | seed=42 -> saved in 4.0s
2026-05-22 01:26:55,174  INFO  [OK] flux | fr | P013 | seed=123 -> saved in 9.4s
2026-05-22 01:27:03,071  INFO  [OK] flux | fr | P014 | seed=42 -> saved in 7.9s
2026-05-22 01:27:07,580  INFO  [OK] flux | fr | P014 | seed=123 -> saved in 4.5s
2026-05-22 01:27:11,482  INFO  [OK] flux | fr | P015 | seed=42 -> saved in 3.9s
2026-05-22 01:27:15,546  INFO  [OK] flux | fr | P015 | seed=123 -> saved in 4.1s
2026-05-22 01:27:20,714  INFO  [OK] flux | fr | P016 | seed=42 -> saved in 5.2s
2026-05-22 01:27:24,651  INFO  [OK] flux | fr | P016 | seed=123 -> saved in 3.9s
2026-05-22 01:27:29,300  INFO  [OK] flux | fr | P017 | seed=42 -> saved in 4.6s
2026-05-22 01:27:33,529  INFO  [OK] flux | fr | P017 | seed=123 -> saved in 4.2s
2026-05-22 01:27:37,781  INFO  [OK] flux | fr | P018 | seed=42 -> saved in 4.2s
2026-05-22 01:27:43,782  INFO  [OK] flux | fr | P018 | seed=123 -> saved in 6.0s
2026-05-22 01:27:48,762  INFO  [OK] flux | fr | P019 | seed=42 -> saved in 5.0s
2026-05-22 01:27:53,144  INFO  [OK] flux | fr | P019 | seed=123 -> saved in 4.4s
2026-05-22 01:27:58,082  INFO  [OK] flux | fr | P020 | seed=42 -> saved in 4.9s
2026-05-22 01:28:03,161  INFO  [OK] flux | fr | P020 | seed=123 -> saved in 5.1s
2026-05-22 01:28:07,381  INFO  [OK] flux | fr | P021 | seed=42 -> saved in 4.2s
2026-05-22 01:28:13,632  INFO  [OK] flux | fr | P021 | seed=123 -> saved in 6.3s
2026-05-22 01:28:18,238  INFO  [OK] flux | fr | P022 | seed=42 -> saved in 4.6s
2026-05-22 01:28:23,317  INFO  [OK] flux | fr | P022 | seed=123 -> saved in 5.1s
2026-05-22 01:28:28,263  INFO  [OK] flux | fr | P023 | seed=42 -> saved in 4.9s
2026-05-22 01:28:32,812  INFO  [OK] flux | fr | P023 | seed=123 -> saved in 4.5s
2026-05-22 01:28:37,543  INFO  [OK] flux | fr | P024 | seed=42 -> saved in 4.7s
2026-05-22 01:28:42,193  INFO  [OK] flux | fr | P024 | seed=123 -> saved in 4.6s
2026-05-22 01:28:47,087  INFO  [OK] flux | fr | P025 | seed=42 -> saved in 4.9s
2026-05-22 01:28:51,083  INFO  [OK] flux | fr | P025 | seed=123 -> saved in 4.0s
2026-05-22 01:28:55,776  INFO  [OK] flux | fr | P026 | seed=42 -> saved in 4.7s
2026-05-22 01:29:00,201  INFO  [OK] flux | fr | P026 | seed=123 -> saved in 4.4s
2026-05-22 01:29:04,463  INFO  [OK] flux | fr | P027 | seed=42 -> saved in 4.3s
2026-05-22 01:29:08,545  INFO  [OK] flux | fr | P027 | seed=123 -> saved in 4.1s
2026-05-22 01:29:13,562  INFO  [OK] flux | fr | P028 | seed=42 -> saved in 5.0s
2026-05-22 01:29:18,191  INFO  [OK] flux | fr | P028 | seed=123 -> saved in 4.6s
2026-05-22 01:29:22,901  INFO  [OK] flux | fr | P029 | seed=42 -> saved in 4.7s
2026-05-22 01:29:28,212  INFO  [OK] flux | fr | P029 | seed=123 -> saved in 5.3s
2026-05-22 01:29:32,357  INFO  [OK] flux | fr | P030 | seed=42 -> saved in 4.1s
2026-05-22 01:29:37,062  INFO  [OK] flux | fr | P030 | seed=123 -> saved in 4.7s
2026-05-22 01:29:41,576  INFO  [OK] flux | fr | P031 | seed=42 -> saved in 4.5s
2026-05-22 01:29:45,894  INFO  [OK] flux | fr | P031 | seed=123 -> saved in 4.3s
2026-05-22 01:29:50,575  INFO  [OK] flux | fr | P032 | seed=42 -> saved in 4.7s
2026-05-22 01:29:55,505  INFO  [OK] flux | fr | P032 | seed=123 -> saved in 4.9s
2026-05-22 01:29:59,812  INFO  [OK] flux | fr | P033 | seed=42 -> saved in 4.3s
2026-05-22 01:30:03,991  INFO  [OK] flux | fr | P033 | seed=123 -> saved in 4.2s
2026-05-22 01:30:07,938  INFO  [OK] flux | fr | P034 | seed=42 -> saved in 3.9s
2026-05-22 01:30:11,843  INFO  [OK] flux | fr | P034 | seed=123 -> saved in 3.9s
2026-05-22 01:30:16,162  INFO  [OK] flux | fr | P035 | seed=42 -> saved in 4.3s
2026-05-22 01:30:20,724  INFO  [OK] flux | fr | P035 | seed=123 -> saved in 4.6s
2026-05-22 01:30:25,122  INFO  [OK] flux | fr | P036 | seed=42 -> saved in 4.4s
2026-05-22 01:30:30,141  INFO  [OK] flux | fr | P036 | seed=123 -> saved in 5.0s
2026-05-22 01:30:34,122  INFO  [OK] flux | fr | P037 | seed=42 -> saved in 4.0s
2026-05-22 01:30:38,638  INFO  [OK] flux | fr | P037 | seed=123 -> saved in 4.5s
2026-05-22 01:30:43,527  INFO  [OK] flux | fr | P038 | seed=42 -> saved in 4.9s
2026-05-22 01:30:47,547  INFO  [OK] flux | fr | P038 | seed=123 -> saved in 4.0s
2026-05-22 01:30:52,072  INFO  [OK] flux | fr | P039 | seed=42 -> saved in 4.5s
2026-05-22 01:30:56,753  INFO  [OK] flux | fr | P039 | seed=123 -> saved in 4.7s
2026-05-22 01:31:01,422  INFO  [OK] flux | fr | P040 | seed=42 -> saved in 4.7s
2026-05-22 01:31:05,564  INFO  [OK] flux | fr | P040 | seed=123 -> saved in 4.1s
2026-05-22 01:31:09,791  INFO  [OK] flux | fr | P041 | seed=42 -> saved in 4.2s
2026-05-22 01:31:14,055  INFO  [OK] flux | fr | P041 | seed=123 -> saved in 4.3s
2026-05-22 01:31:18,342  INFO  [OK] flux | fr | P042 | seed=42 -> saved in 4.3s
2026-05-22 01:31:22,407  INFO  [OK] flux | fr | P042 | seed=123 -> saved in 4.1s
2026-05-22 01:31:26,951  INFO  [OK] flux | fr | P043 | seed=42 -> saved in 4.5s
2026-05-22 01:31:31,321  INFO  [OK] flux | fr | P043 | seed=123 -> saved in 4.4s
2026-05-22 01:31:36,442  INFO  [OK] flux | fr | P044 | seed=42 -> saved in 5.1s
2026-05-22 01:31:41,002  INFO  [OK] flux | fr | P044 | seed=123 -> saved in 4.6s
2026-05-22 01:31:45,291  INFO  [OK] flux | fr | P045 | seed=42 -> saved in 4.3s
2026-05-22 01:31:49,507  INFO  [OK] flux | fr | P045 | seed=123 -> saved in 4.2s
2026-05-22 01:31:54,266  INFO  [OK] flux | fr | P046 | seed=42 -> saved in 4.8s
2026-05-22 01:31:58,583  INFO  [OK] flux | fr | P046 | seed=123 -> saved in 4.3s
2026-05-22 01:32:02,834  INFO  [OK] flux | fr | P047 | seed=42 -> saved in 4.3s
2026-05-22 01:32:07,246  INFO  [OK] flux | fr | P047 | seed=123 -> saved in 4.4s
2026-05-22 01:32:11,442  INFO  [OK] flux | fr | P048 | seed=42 -> saved in 4.2s
2026-05-22 01:32:15,733  INFO  [OK] flux | fr | P048 | seed=123 -> saved in 4.3s
2026-05-22 01:32:20,333  INFO  [OK] flux | fr | P049 | seed=42 -> saved in 4.6s
2026-05-22 01:32:24,465  INFO  [OK] flux | fr | P049 | seed=123 -> saved in 4.1s
2026-05-22 01:32:28,351  INFO  [OK] flux | fr | P050 | seed=42 -> saved in 3.9s
2026-05-22 01:32:32,684  INFO  [OK] flux | fr | P050 | seed=123 -> saved in 4.3s
2026-05-22 01:32:36,881  INFO  [OK] flux | es | P001 | seed=42 -> saved in 4.2s
2026-05-22 01:32:41,082  INFO  [OK] flux | es | P001 | seed=123 -> saved in 4.2s
2026-05-22 01:32:45,851  INFO  [OK] flux | es | P002 | seed=42 -> saved in 4.8s
2026-05-22 01:32:50,142  INFO  [OK] flux | es | P002 | seed=123 -> saved in 4.3s
2026-05-22 01:32:54,481  INFO  [OK] flux | es | P003 | seed=42 -> saved in 4.3s
2026-05-22 01:32:58,981  INFO  [OK] flux | es | P003 | seed=123 -> saved in 4.5s
2026-05-22 01:33:03,448  INFO  [OK] flux | es | P004 | seed=42 -> saved in 4.5s
2026-05-22 01:33:08,031  INFO  [OK] flux | es | P004 | seed=123 -> saved in 4.6s
2026-05-22 01:33:12,138  INFO  [OK] flux | es | P005 | seed=42 -> saved in 4.1s
2026-05-22 01:33:16,352  INFO  [OK] flux | es | P005 | seed=123 -> saved in 4.2s
2026-05-22 01:33:21,103  INFO  [OK] flux | es | P006 | seed=42 -> saved in 4.8s
2026-05-22 01:33:25,527  INFO  [OK] flux | es | P006 | seed=123 -> saved in 4.4s
2026-05-22 01:33:29,382  INFO  [OK] flux | es | P007 | seed=42 -> saved in 3.9s
2026-05-22 01:33:36,431  INFO  [OK] flux | es | P007 | seed=123 -> saved in 7.0s
2026-05-22 01:33:41,328  INFO  [OK] flux | es | P008 | seed=42 -> saved in 4.9s
2026-05-22 01:33:46,262  INFO  [OK] flux | es | P008 | seed=123 -> saved in 4.9s
2026-05-22 01:33:50,482  INFO  [OK] flux | es | P009 | seed=42 -> saved in 4.2s
2026-05-22 01:33:54,781  INFO  [OK] flux | es | P009 | seed=123 -> saved in 4.3s
2026-05-22 01:33:59,261  INFO  [OK] flux | es | P010 | seed=42 -> saved in 4.5s
2026-05-22 01:34:03,052  INFO  [OK] flux | es | P010 | seed=123 -> saved in 3.8s
2026-05-22 01:34:07,619  INFO  [OK] flux | es | P011 | seed=42 -> saved in 4.6s
2026-05-22 01:34:14,522  INFO  [OK] flux | es | P011 | seed=123 -> saved in 6.6s
2026-05-22 01:34:20,601  INFO  [OK] flux | es | P012 | seed=42 -> saved in 6.1s
2026-05-22 01:34:26,197  INFO  [OK] flux | es | P012 | seed=123 -> saved in 5.6s
2026-05-22 01:34:30,671  INFO  [OK] flux | es | P013 | seed=42 -> saved in 4.5s
2026-05-22 01:34:35,116  INFO  [OK] flux | es | P013 | seed=123 -> saved in 4.4s
2026-05-22 01:34:39,478  INFO  [OK] flux | es | P014 | seed=42 -> saved in 4.4s
2026-05-22 01:34:48,945  INFO  [OK] flux | es | P014 | seed=123 -> saved in 9.5s
2026-05-22 01:34:53,531  INFO  [OK] flux | es | P015 | seed=42 -> saved in 4.6s
2026-05-22 01:34:57,625  INFO  [OK] flux | es | P015 | seed=123 -> saved in 4.1s
2026-05-22 01:35:02,076  INFO  [OK] flux | es | P016 | seed=42 -> saved in 4.4s
2026-05-22 01:35:07,207  INFO  [OK] flux | es | P016 | seed=123 -> saved in 5.1s
2026-05-22 01:35:11,533  INFO  [OK] flux | es | P017 | seed=42 -> saved in 4.3s
2026-05-22 01:35:16,574  INFO  [OK] flux | es | P017 | seed=123 -> saved in 5.0s
2026-05-22 01:35:24,986  INFO  [OK] flux | es | P018 | seed=42 -> saved in 8.3s
2026-05-22 01:35:29,741  INFO  [OK] flux | es | P018 | seed=123 -> saved in 4.7s
2026-05-22 01:35:33,956  INFO  [OK] flux | es | P019 | seed=42 -> saved in 4.2s
2026-05-22 01:35:38,161  INFO  [OK] flux | es | P019 | seed=123 -> saved in 4.2s
2026-05-22 01:35:43,613  INFO  [OK] flux | es | P020 | seed=42 -> saved in 5.5s
2026-05-22 01:35:48,241  INFO  [OK] flux | es | P020 | seed=123 -> saved in 4.6s
2026-05-22 01:35:53,101  INFO  [OK] flux | es | P021 | seed=42 -> saved in 4.9s
2026-05-22 01:35:58,349  INFO  [OK] flux | es | P021 | seed=123 -> saved in 5.2s
2026-05-22 01:36:03,631  INFO  [OK] flux | es | P022 | seed=42 -> saved in 5.3s
2026-05-22 01:36:08,547  INFO  [OK] flux | es | P022 | seed=123 -> saved in 4.9s
2026-05-22 01:36:14,456  INFO  [OK] flux | es | P023 | seed=42 -> saved in 5.9s
2026-05-22 01:36:18,771  INFO  [OK] flux | es | P023 | seed=123 -> saved in 4.3s
2026-05-22 01:36:23,771  INFO  [OK] flux | es | P024 | seed=42 -> saved in 5.0s
2026-05-22 01:36:28,096  INFO  [OK] flux | es | P024 | seed=123 -> saved in 4.3s
2026-05-22 01:36:34,346  INFO  [OK] flux | es | P025 | seed=42 -> saved in 6.3s
2026-05-22 01:36:38,796  INFO  [OK] flux | es | P025 | seed=123 -> saved in 4.4s
2026-05-22 01:36:43,472  INFO  [OK] flux | es | P026 | seed=42 -> saved in 4.7s
2026-05-22 01:36:47,894  INFO  [OK] flux | es | P026 | seed=123 -> saved in 4.4s
2026-05-22 01:36:54,169  INFO  [OK] flux | es | P027 | seed=42 -> saved in 6.3s
2026-05-22 01:37:00,491  INFO  [OK] flux | es | P027 | seed=123 -> saved in 6.3s
2026-05-22 01:37:05,261  INFO  [OK] flux | es | P028 | seed=42 -> saved in 4.8s
2026-05-22 01:37:09,711  INFO  [OK] flux | es | P028 | seed=123 -> saved in 4.4s
2026-05-22 01:37:14,973  INFO  [OK] flux | es | P029 | seed=42 -> saved in 5.3s
2026-05-22 01:37:19,775  INFO  [OK] flux | es | P029 | seed=123 -> saved in 4.8s
2026-05-22 01:37:29,623  INFO  [OK] flux | es | P030 | seed=42 -> saved in 9.8s
2026-05-22 01:37:34,434  INFO  [OK] flux | es | P030 | seed=123 -> saved in 4.8s
2026-05-22 01:37:39,121  INFO  [OK] flux | es | P031 | seed=42 -> saved in 4.7s
2026-05-22 01:37:43,491  INFO  [OK] flux | es | P031 | seed=123 -> saved in 4.4s
2026-05-22 01:37:48,067  INFO  [OK] flux | es | P032 | seed=42 -> saved in 4.6s
2026-05-22 01:37:52,600  INFO  [OK] flux | es | P032 | seed=123 -> saved in 4.5s
2026-05-22 01:37:57,627  INFO  [OK] flux | es | P033 | seed=42 -> saved in 5.0s
2026-05-22 01:38:02,101  INFO  [OK] flux | es | P033 | seed=123 -> saved in 4.5s
2026-05-22 01:38:06,806  INFO  [OK] flux | es | P034 | seed=42 -> saved in 4.7s
2026-05-22 01:38:11,301  INFO  [OK] flux | es | P034 | seed=123 -> saved in 4.5s
2026-05-22 01:38:15,756  INFO  [OK] flux | es | P035 | seed=42 -> saved in 4.5s
2026-05-22 01:38:20,356  INFO  [OK] flux | es | P035 | seed=123 -> saved in 4.6s
2026-05-22 01:38:24,941  INFO  [OK] flux | es | P036 | seed=42 -> saved in 4.6s
2026-05-22 01:38:29,549  INFO  [OK] flux | es | P036 | seed=123 -> saved in 4.6s
2026-05-22 01:38:33,850  INFO  [OK] flux | es | P037 | seed=42 -> saved in 4.3s
2026-05-22 01:38:38,623  INFO  [OK] flux | es | P037 | seed=123 -> saved in 4.8s
2026-05-22 01:38:43,231  INFO  [OK] flux | es | P038 | seed=42 -> saved in 4.6s
2026-05-22 01:38:47,901  INFO  [OK] flux | es | P038 | seed=123 -> saved in 4.7s
2026-05-22 01:38:52,371  INFO  [OK] flux | es | P039 | seed=42 -> saved in 4.5s
2026-05-22 01:38:57,221  INFO  [OK] flux | es | P039 | seed=123 -> saved in 4.8s
2026-05-22 01:39:02,247  INFO  [OK] flux | es | P040 | seed=42 -> saved in 5.0s
2026-05-22 01:39:07,756  INFO  [OK] flux | es | P040 | seed=123 -> saved in 5.5s
2026-05-22 01:39:12,251  INFO  [OK] flux | es | P041 | seed=42 -> saved in 4.5s
2026-05-22 01:39:16,539  INFO  [OK] flux | es | P041 | seed=123 -> saved in 4.3s
2026-05-22 01:39:21,171  INFO  [OK] flux | es | P042 | seed=42 -> saved in 4.6s
2026-05-22 01:39:25,051  INFO  [OK] flux | es | P042 | seed=123 -> saved in 3.9s
2026-05-22 01:39:25,366  ERROR  [FAIL] Replicate error | flux | es | P043 | seed=42 -> ReplicateError Details:
status: 429
detail: Request was throttled. Your rate limit for creating predictions is reduced to 6 requests per minute with a burst of 1 requests while you have less than $5.0 in credit. Your rate limit resets in ~6s.
2026-05-22 01:39:30,553  ERROR  [FAIL] Replicate error | flux | es | P043 | seed=123 -> ReplicateError Details:
status: 429
detail: Request was throttled. Your rate limit for creating predictions is reduced to 6 requests per minute with a burst of 1 requests while you have less than $5.0 in credit. Your rate limit resets in ~1s.
2026-05-22 01:39:39,656  INFO  [OK] flux | es | P044 | seed=42 -> saved in 4.1s
2026-05-22 01:39:39,780  ERROR  [FAIL] Replicate error | flux | es | P044 | seed=123 -> ReplicateError Details:
status: 429
detail: Request was throttled. Your rate limit for creating predictions is reduced to 6 requests per minute with a burst of 1 requests while you have less than $5.0 in credit. Your rate limit resets in ~6s.
2026-05-22 01:39:44,952  ERROR  [FAIL] Replicate error | flux | es | P045 | seed=42 -> ReplicateError Details:
status: 429
detail: Request was throttled. Your rate limit for creating predictions is reduced to 6 requests per minute with a burst of 1 requests while you have less than $5.0 in credit. Your rate limit resets in ~1s.
2026-05-22 01:39:54,601  INFO  [OK] flux | es | P045 | seed=123 -> saved in 4.6s
2026-05-22 01:39:54,732  ERROR  [FAIL] Replicate error | flux | es | P046 | seed=42 -> ReplicateError Details:
status: 429
detail: Request was throttled. Your rate limit for creating predictions is reduced to 6 requests per minute with a burst of 1 requests while you have less than $5.0 in credit. Your rate limit resets in ~6s.
2026-05-22 01:40:00,134  ERROR  [FAIL] Replicate error | flux | es | P046 | seed=123 -> ReplicateError Details:
status: 429
detail: Request was throttled. Your rate limit for creating predictions is reduced to 6 requests per minute with a burst of 1 requests while you have less than $5.0 in credit. Your rate limit resets in ~1s.
2026-05-22 01:40:10,943  INFO  [OK] flux | es | P047 | seed=42 -> saved in 5.8s
2026-05-22 01:40:11,283  ERROR  [FAIL] Replicate error | flux | es | P047 | seed=123 -> ReplicateError Details:
status: 429
detail: Request was throttled. Your rate limit for creating predictions is reduced to 6 requests per minute with a burst of 1 requests while you have less than $5.0 in credit. Your rate limit resets in ~5s.
2026-05-22 01:40:21,576  INFO  [OK] flux | es | P048 | seed=42 -> saved in 5.3s
2026-05-22 01:40:21,882  ERROR  [FAIL] Replicate error | flux | es | P048 | seed=123 -> ReplicateError Details:
status: 429
detail: Request was throttled. Your rate limit for creating predictions is reduced to 6 requests per minute with a burst of 1 requests while you have less than $5.0 in credit. Your rate limit resets in ~5s.
2026-05-22 01:40:31,751  INFO  [OK] flux | es | P049 | seed=42 -> saved in 4.9s
2026-05-22 01:40:31,869  ERROR  [FAIL] Replicate error | flux | es | P049 | seed=123 -> ReplicateError Details:
status: 429
detail: Request was throttled. Your rate limit for creating predictions is reduced to 6 requests per minute with a burst of 1 requests while you have less than $5.0 in credit. Your rate limit resets in ~6s.
2026-05-22 01:40:37,011  ERROR  [FAIL] Replicate error | flux | es | P050 | seed=42 -> ReplicateError Details:
status: 429
detail: Request was throttled. Your rate limit for creating predictions is reduced to 6 requests per minute with a burst of 1 requests while you have less than $5.0 in credit. Your rate limit resets in ~1s.
2026-05-22 01:40:47,611  INFO  [OK] flux | es | P050 | seed=123 -> saved in 5.6s
2026-05-22 01:40:47,911  ERROR  [FAIL] Replicate error | flux | ar | P001 | seed=42 -> ReplicateError Details:
status: 429
detail: Request was throttled. Your rate limit for creating predictions is reduced to 6 requests per minute with a burst of 1 requests while you have less than $5.0 in credit. Your rate limit resets in ~5s.
2026-05-22 01:40:57,481  INFO  [OK] flux | ar | P001 | seed=123 -> saved in 4.6s
2026-05-22 01:40:57,610  ERROR  [FAIL] Replicate error | flux | ar | P002 | seed=42 -> ReplicateError Details:
status: 429
detail: Request was throttled. Your rate limit for creating predictions is reduced to 6 requests per minute with a burst of 1 requests while you have less than $5.0 in credit. Your rate limit resets in ~6s.
2026-05-22 01:41:02,949  ERROR  [FAIL] Replicate error | flux | ar | P002 | seed=123 -> ReplicateError Details:
status: 429
detail: Request was throttled. Your rate limit for creating predictions is reduced to 6 requests per minute with a burst of 1 requests while you have less than $5.0 in credit. Your rate limit resets in ~1s.
2026-05-22 01:41:12,874  INFO  [OK] flux | ar | P003 | seed=42 -> saved in 4.9s
2026-05-22 01:41:12,991  ERROR  [FAIL] Replicate error | flux | ar | P003 | seed=123 -> ReplicateError Details:
status: 429
detail: Request was throttled. Your rate limit for creating predictions is reduced to 6 requests per minute with a burst of 1 requests while you have less than $5.0 in credit. Your rate limit resets in ~6s.
2026-05-22 01:41:18,181  ERROR  [FAIL] Replicate error | flux | ar | P004 | seed=42 -> ReplicateError Details:
status: 429
detail: Request was throttled. Your rate limit for creating predictions is reduced to 6 requests per minute with a burst of 1 requests while you have less than $5.0 in credit. Your rate limit resets in ~1s.
2026-05-22 01:41:27,606  INFO  [OK] flux | ar | P004 | seed=123 -> saved in 4.4s
2026-05-22 01:41:27,723  ERROR  [FAIL] Replicate error | flux | ar | P005 | seed=42 -> ReplicateError Details:
status: 429
detail: Request was throttled. Your rate limit for creating predictions is reduced to 6 requests per minute with a burst of 1 requests while you have less than $5.0 in credit. Your rate limit resets in ~6s.
2026-05-22 01:41:33,011  ERROR  [FAIL] Replicate error | flux | ar | P005 | seed=123 -> ReplicateError Details:
status: 429
detail: Request was throttled. Your rate limit for creating predictions is reduced to 6 requests per minute with a burst of 1 requests while you have less than $5.0 in credit. Your rate limit resets in ~1s.
2026-05-22 01:41:42,373  INFO  [OK] flux | ar | P006 | seed=42 -> saved in 4.4s
2026-05-22 01:41:42,494  ERROR  [FAIL] Replicate error | flux | ar | P006 | seed=123 -> ReplicateError Details:
status: 429
detail: Request was throttled. Your rate limit for creating predictions is reduced to 6 requests per minute with a burst of 1 requests while you have less than $5.0 in credit. Your rate limit resets in ~6s.
2026-05-22 01:41:47,661  ERROR  [FAIL] Replicate error | flux | ar | P007 | seed=42 -> ReplicateError Details:
status: 429
detail: Request was throttled. Your rate limit for creating predictions is reduced to 6 requests per minute with a burst of 1 requests while you have less than $5.0 in credit. Your rate limit resets in ~1s.
2026-05-22 01:41:57,116  INFO  [OK] flux | ar | P007 | seed=123 -> saved in 4.5s
2026-05-22 01:41:57,231  ERROR  [FAIL] Replicate error | flux | ar | P008 | seed=42 -> ReplicateError Details:
status: 429
detail: Request was throttled. Your rate limit for creating predictions is reduced to 6 requests per minute with a burst of 1 requests while you have less than $5.0 in credit. Your rate limit resets in ~6s.
2026-05-22 01:42:02,401  ERROR  [FAIL] Replicate error | flux | ar | P008 | seed=123 -> ReplicateError Details:
status: 429
detail: Request was throttled. Your rate limit for creating predictions is reduced to 6 requests per minute with a burst of 1 requests while you have less than $5.0 in credit. Your rate limit resets in ~1s.
2026-05-22 01:42:10,508  ERROR  [FAIL] Unexpected error | flux | ar | P009 | seed=42 -> All generated images contained NSFW content. Try running it again with a different prompt.
2026-05-22 01:42:15,805  ERROR  [FAIL] Replicate error | flux | ar | P009 | seed=123 -> ReplicateError Details:
status: 429
detail: Request was throttled. Your rate limit for creating predictions is reduced to 6 requests per minute with a burst of 1 requests while you have less than $5.0 in credit. Your rate limit resets in ~2s.
2026-05-22 01:42:27,154  INFO  [OK] flux | ar | P010 | seed=42 -> saved in 6.3s
2026-05-22 01:42:27,273  ERROR  [FAIL] Replicate error | flux | ar | P010 | seed=123 -> ReplicateError Details:
status: 429
detail: Request was throttled. Your rate limit for creating predictions is reduced to 6 requests per minute with a burst of 1 requests while you have less than $5.0 in credit. Your rate limit resets in ~4s.
2026-05-22 01:42:36,591  INFO  [OK] flux | ar | P011 | seed=42 -> saved in 4.3s
2026-05-22 01:42:36,727  ERROR  [FAIL] Replicate error | flux | ar | P011 | seed=123 -> ReplicateError Details:
status: 429
detail: Request was throttled. Your rate limit for creating predictions is reduced to 6 requests per minute with a burst of 1 requests while you have less than $5.0 in credit. Your rate limit resets in ~6s.
2026-05-22 01:42:41,943  ERROR  [FAIL] Replicate error | flux | ar | P012 | seed=42 -> ReplicateError Details:
status: 429
detail: Request was throttled. Your rate limit for creating predictions is reduced to 6 requests per minute with a burst of 1 requests while you have less than $5.0 in credit. Your rate limit resets in ~1s.
2026-05-22 01:42:54,003  INFO  [OK] flux | ar | P012 | seed=123 -> saved in 7.0s
2026-05-22 01:42:54,224  ERROR  [FAIL] Replicate error | flux | ar | P013 | seed=42 -> ReplicateError Details:
status: 429
detail: Request was throttled. Your rate limit for creating predictions is reduced to 6 requests per minute with a burst of 1 requests while you have less than $5.0 in credit. Your rate limit resets in ~3s.
2026-05-22 01:43:03,653  INFO  [OK] flux | ar | P013 | seed=123 -> saved in 4.4s
2026-05-22 01:43:03,771  ERROR  [FAIL] Replicate error | flux | ar | P014 | seed=42 -> ReplicateError Details:
status: 429
detail: Request was throttled. Your rate limit for creating predictions is reduced to 6 requests per minute with a burst of 1 requests while you have less than $5.0 in credit. Your rate limit resets in ~6s.
2026-05-22 01:43:09,091  ERROR  [FAIL] Replicate error | flux | ar | P014 | seed=123 -> ReplicateError Details:
status: 429
detail: Request was throttled. Your rate limit for creating predictions is reduced to 6 requests per minute with a burst of 1 requests while you have less than $5.0 in credit. Your rate limit resets in ~1s.
2026-05-22 01:43:18,585  INFO  [OK] flux | ar | P015 | seed=42 -> saved in 4.5s
2026-05-22 01:43:18,724  ERROR  [FAIL] Replicate error | flux | ar | P015 | seed=123 -> ReplicateError Details:
status: 429
detail: Request was throttled. Your rate limit for creating predictions is reduced to 6 requests per minute with a burst of 1 requests while you have less than $5.0 in credit. Your rate limit resets in ~6s.
2026-05-22 01:43:24,088  ERROR  [FAIL] Replicate error | flux | ar | P016 | seed=42 -> ReplicateError Details:
status: 429
detail: Request was throttled. Your rate limit for creating predictions is reduced to 6 requests per minute with a burst of 1 requests while you have less than $5.0 in credit. Your rate limit resets in ~1s.
2026-05-22 01:43:33,471  INFO  [OK] flux | ar | P016 | seed=123 -> saved in 4.4s
2026-05-22 01:43:33,592  ERROR  [FAIL] Replicate error | flux | ar | P017 | seed=42 -> ReplicateError Details:
status: 429
detail: Request was throttled. Your rate limit for creating predictions is reduced to 6 requests per minute with a burst of 1 requests while you have less than $5.0 in credit. Your rate limit resets in ~6s.
2026-05-22 01:43:38,772  ERROR  [FAIL] Replicate error | flux | ar | P017 | seed=123 -> ReplicateError Details:
status: 429
detail: Request was throttled. Your rate limit for creating predictions is reduced to 6 requests per minute with a burst of 1 requests while you have less than $5.0 in credit. Your rate limit resets in ~1s.
2026-05-22 01:43:48,303  INFO  [OK] flux | ar | P018 | seed=42 -> saved in 4.5s
2026-05-22 01:43:48,422  ERROR  [FAIL] Replicate error | flux | ar | P018 | seed=123 -> ReplicateError Details:
status: 429
detail: Request was throttled. Your rate limit for creating predictions is reduced to 6 requests per minute with a burst of 1 requests while you have less than $5.0 in credit. Your rate limit resets in ~6s.
2026-05-22 01:43:53,604  ERROR  [FAIL] Replicate error | flux | ar | P019 | seed=42 -> ReplicateError Details:
status: 429
detail: Request was throttled. Your rate limit for creating predictions is reduced to 6 requests per minute with a burst of 1 requests while you have less than $5.0 in credit. Your rate limit resets in ~1s.
2026-05-22 01:44:03,806  INFO  [OK] flux | ar | P019 | seed=123 -> saved in 5.2s
2026-05-22 01:44:03,922  ERROR  [FAIL] Replicate error | flux | ar | P020 | seed=42 -> ReplicateError Details:
status: 429
detail: Request was throttled. Your rate limit for creating predictions is reduced to 6 requests per minute with a burst of 1 requests while you have less than $5.0 in credit. Your rate limit resets in ~5s.
2026-05-22 01:44:13,821  INFO  [OK] flux | ar | P020 | seed=123 -> saved in 4.9s
2026-05-22 01:44:13,951  ERROR  [FAIL] Replicate error | flux | ar | P021 | seed=42 -> ReplicateError Details:
status: 429
detail: Request was throttled. Your rate limit for creating predictions is reduced to 6 requests per minute with a burst of 1 requests while you have less than $5.0 in credit. Your rate limit resets in ~6s.
2026-05-22 01:44:19,141  ERROR  [FAIL] Replicate error | flux | ar | P021 | seed=123 -> ReplicateError Details:
status: 429
detail: Request was throttled. Your rate limit for creating predictions is reduced to 6 requests per minute with a burst of 1 requests while you have less than $5.0 in credit. Your rate limit resets in ~1s.
2026-05-22 01:44:28,606  INFO  [OK] flux | ar | P022 | seed=42 -> saved in 4.5s
2026-05-22 01:44:28,736  ERROR  [FAIL] Replicate error | flux | ar | P022 | seed=123 -> ReplicateError Details:
status: 429
detail: Request was throttled. Your rate limit for creating predictions is reduced to 6 requests per minute with a burst of 1 requests while you have less than $5.0 in credit. Your rate limit resets in ~6s.
2026-05-22 01:44:34,091  ERROR  [FAIL] Replicate error | flux | ar | P023 | seed=42 -> ReplicateError Details:
status: 429
detail: Request was throttled. Your rate limit for creating predictions is reduced to 6 requests per minute with a burst of 1 requests while you have less than $5.0 in credit. Your rate limit resets in ~1s.
2026-05-22 01:44:44,247  INFO  [OK] flux | ar | P023 | seed=123 -> saved in 5.1s
2026-05-22 01:44:44,360  ERROR  [FAIL] Replicate error | flux | ar | P024 | seed=42 -> ReplicateError Details:
status: 429
detail: Request was throttled. Your rate limit for creating predictions is reduced to 6 requests per minute with a burst of 1 requests while you have less than $5.0 in credit. Your rate limit resets in ~5s.
2026-05-22 01:44:54,135  INFO  [OK] flux | ar | P024 | seed=123 -> saved in 4.8s
2026-05-22 01:44:54,265  ERROR  [FAIL] Replicate error | flux | ar | P025 | seed=42 -> ReplicateError Details:
status: 429
detail: Request was throttled. Your rate limit for creating predictions is reduced to 6 requests per minute with a burst of 1 requests while you have less than $5.0 in credit. Your rate limit resets in ~6s.
2026-05-22 01:45:04,401  INFO  [OK] flux | ar | P025 | seed=123 -> saved in 5.1s
2026-05-22 01:45:04,521  ERROR  [FAIL] Replicate error | flux | ar | P026 | seed=42 -> ReplicateError Details:
status: 429
detail: Request was throttled. Your rate limit for creating predictions is reduced to 6 requests per minute with a burst of 1 requests while you have less than $5.0 in credit. Your rate limit resets in ~6s.
2026-05-22 01:45:14,481  INFO  [OK] flux | ar | P026 | seed=123 -> saved in 4.9s
2026-05-22 01:45:14,601  ERROR  [FAIL] Replicate error | flux | ar | P027 | seed=42 -> ReplicateError Details:
status: 429
detail: Request was throttled. Your rate limit for creating predictions is reduced to 6 requests per minute with a burst of 1 requests while you have less than $5.0 in credit. Your rate limit resets in ~6s.
2026-05-22 01:45:24,588  INFO  [OK] flux | ar | P027 | seed=123 -> saved in 4.9s
2026-05-22 01:45:24,706  ERROR  [FAIL] Replicate error | flux | ar | P028 | seed=42 -> ReplicateError Details:
status: 429
detail: Request was throttled. Your rate limit for creating predictions is reduced to 6 requests per minute with a burst of 1 requests while you have less than $5.0 in credit. Your rate limit resets in ~6s.
2026-05-22 01:45:35,061  INFO  [OK] flux | ar | P028 | seed=123 -> saved in 5.3s
2026-05-22 01:45:35,196  ERROR  [FAIL] Replicate error | flux | ar | P029 | seed=42 -> ReplicateError Details:
status: 429
detail: Request was throttled. Your rate limit for creating predictions is reduced to 6 requests per minute with a burst of 1 requests while you have less than $5.0 in credit. Your rate limit resets in ~5s.
2026-05-22 01:45:45,465  INFO  [OK] flux | ar | P029 | seed=123 -> saved in 5.3s
2026-05-22 01:45:45,751  ERROR  [FAIL] Replicate error | flux | ar | P030 | seed=42 -> ReplicateError Details:
status: 429
detail: Request was throttled. Your rate limit for creating predictions is reduced to 6 requests per minute with a burst of 1 requests while you have less than $5.0 in credit. Your rate limit resets in ~5s.
2026-05-22 01:45:59,994  INFO  [OK] flux | ar | P030 | seed=123 -> saved in 9.2s
2026-05-22 01:46:00,131  ERROR  [FAIL] Replicate error | flux | ar | P031 | seed=42 -> ReplicateError Details:
status: 429
detail: Request was throttled. Your rate limit for creating predictions is reduced to 6 requests per minute with a burst of 1 requests while you have less than $5.0 in credit. Your rate limit resets in ~1s.
2026-05-22 01:46:10,252  INFO  [OK] flux | ar | P031 | seed=123 -> saved in 5.1s
2026-05-22 01:46:10,401  ERROR  [FAIL] Replicate error | flux | ar | P032 | seed=42 -> ReplicateError Details:
status: 429
detail: Request was throttled. Your rate limit for creating predictions is reduced to 6 requests per minute with a burst of 1 requests while you have less than $5.0 in credit. Your rate limit resets in ~6s.
2026-05-22 01:46:19,909  INFO  [OK] flux | ar | P032 | seed=123 -> saved in 4.5s
2026-05-22 01:46:20,031  ERROR  [FAIL] Replicate error | flux | ar | P033 | seed=42 -> ReplicateError Details:
status: 429
detail: Request was throttled. Your rate limit for creating predictions is reduced to 6 requests per minute with a burst of 1 requests while you have less than $5.0 in credit. Your rate limit resets in ~6s.
2026-05-22 01:46:25,382  ERROR  [FAIL] Replicate error | flux | ar | P033 | seed=123 -> ReplicateError Details:
status: 429
detail: Request was throttled. Your rate limit for creating predictions is reduced to 6 requests per minute with a burst of 1 requests while you have less than $5.0 in credit. Your rate limit resets in ~1s.
2026-05-22 01:46:36,413  INFO  [OK] flux | ar | P034 | seed=42 -> saved in 6.0s
2026-05-22 01:46:36,530  ERROR  [FAIL] Replicate error | flux | ar | P034 | seed=123 -> ReplicateError Details:
status: 429
detail: Request was throttled. Your rate limit for creating predictions is reduced to 6 requests per minute with a burst of 1 requests while you have less than $5.0 in credit. Your rate limit resets in ~5s.
2026-05-22 01:46:46,693  INFO  [OK] flux | ar | P035 | seed=42 -> saved in 5.1s
2026-05-22 01:46:47,001  ERROR  [FAIL] Replicate error | flux | ar | P035 | seed=123 -> ReplicateError Details:
status: 429
detail: Request was throttled. Your rate limit for creating predictions is reduced to 6 requests per minute with a burst of 1 requests while you have less than $5.0 in credit. Your rate limit resets in ~5s.
2026-05-22 01:46:56,722  INFO  [OK] flux | ar | P036 | seed=42 -> saved in 4.7s
2026-05-22 01:46:56,831  ERROR  [FAIL] Replicate error | flux | ar | P036 | seed=123 -> ReplicateError Details:
status: 429
detail: Request was throttled. Your rate limit for creating predictions is reduced to 6 requests per minute with a burst of 1 requests while you have less than $5.0 in credit. Your rate limit resets in ~6s.
2026-05-22 01:47:02,001  ERROR  [FAIL] Replicate error | flux | ar | P037 | seed=42 -> ReplicateError Details:
status: 429
detail: Request was throttled. Your rate limit for creating predictions is reduced to 6 requests per minute with a burst of 1 requests while you have less than $5.0 in credit. Your rate limit resets in ~1s.
2026-05-22 01:47:11,991  INFO  [OK] flux | ar | P037 | seed=123 -> saved in 5.0s
2026-05-22 01:47:12,113  ERROR  [FAIL] Replicate error | flux | ar | P038 | seed=42 -> ReplicateError Details:
status: 429
detail: Request was throttled. Your rate limit for creating predictions is reduced to 6 requests per minute with a burst of 1 requests while you have less than $5.0 in credit. Your rate limit resets in ~6s.
2026-05-22 01:47:21,685  INFO  [OK] flux | ar | P038 | seed=123 -> saved in 4.6s
2026-05-22 01:47:21,815  ERROR  [FAIL] Replicate error | flux | ar | P039 | seed=42 -> ReplicateError Details:
status: 429
detail: Request was throttled. Your rate limit for creating predictions is reduced to 6 requests per minute with a burst of 1 requests while you have less than $5.0 in credit. Your rate limit resets in ~6s.
2026-05-22 01:47:26,937  ERROR  [FAIL] Replicate error | flux | ar | P039 | seed=123 -> ReplicateError Details:
status: 429
detail: Request was throttled. Your rate limit for creating predictions is reduced to 6 requests per minute with a burst of 1 requests while you have less than $5.0 in credit. Your rate limit resets in ~1s.
2026-05-22 01:47:42,661  INFO  [OK] flux | ar | P040 | seed=42 -> saved in 10.7s
2026-05-22 01:47:47,666  INFO  [OK] flux | ar | P040 | seed=123 -> saved in 5.0s
2026-05-22 01:47:47,791  ERROR  [FAIL] Replicate error | flux | ar | P041 | seed=42 -> ReplicateError Details:
status: 429
detail: Request was throttled. Your rate limit for creating predictions is reduced to 6 requests per minute with a burst of 1 requests while you have less than $5.0 in credit. Your rate limit resets in ~6s.
2026-05-22 01:47:57,641  INFO  [OK] flux | ar | P041 | seed=123 -> saved in 4.8s
2026-05-22 01:47:57,775  ERROR  [FAIL] Replicate error | flux | ar | P042 | seed=42 -> ReplicateError Details:
status: 429
detail: Request was throttled. Your rate limit for creating predictions is reduced to 6 requests per minute with a burst of 1 requests while you have less than $5.0 in credit. Your rate limit resets in ~6s.
2026-05-22 01:48:07,381  INFO  [OK] flux | ar | P042 | seed=123 -> saved in 4.6s
2026-05-22 01:48:07,491  ERROR  [FAIL] Replicate error | flux | ar | P043 | seed=42 -> ReplicateError Details:
status: 429
detail: Request was throttled. Your rate limit for creating predictions is reduced to 6 requests per minute with a burst of 1 requests while you have less than $5.0 in credit. Your rate limit resets in ~6s.
2026-05-22 01:48:12,843  ERROR  [FAIL] Replicate error | flux | ar | P043 | seed=123 -> ReplicateError Details:
status: 429
detail: Request was throttled. Your rate limit for creating predictions is reduced to 6 requests per minute with a burst of 1 requests while you have less than $5.0 in credit. Your rate limit resets in ~1s.
2026-05-22 01:48:28,087  INFO  [OK] flux | ar | P044 | seed=42 -> saved in 10.2s
2026-05-22 01:48:32,875  INFO  [OK] flux | ar | P044 | seed=123 -> saved in 4.8s
2026-05-22 01:48:32,995  ERROR  [FAIL] Replicate error | flux | ar | P045 | seed=42 -> ReplicateError Details:
status: 429
detail: Request was throttled. Your rate limit for creating predictions is reduced to 6 requests per minute with a burst of 1 requests while you have less than $5.0 in credit. Your rate limit resets in ~6s.
2026-05-22 01:48:47,740  INFO  [OK] flux | ar | P045 | seed=123 -> saved in 9.7s
2026-05-22 01:48:47,859  ERROR  [FAIL] Replicate error | flux | ar | P046 | seed=42 -> ReplicateError Details:
status: 429
detail: Request was throttled. Your rate limit for creating predictions is reduced to 6 requests per minute with a burst of 1 requests while you have less than $5.0 in credit. Your rate limit resets in ~1s.
2026-05-22 01:48:58,297  INFO  [OK] flux | ar | P046 | seed=123 -> saved in 5.4s
2026-05-22 01:48:58,425  ERROR  [FAIL] Replicate error | flux | ar | P047 | seed=42 -> ReplicateError Details:
status: 429
detail: Request was throttled. Your rate limit for creating predictions is reduced to 6 requests per minute with a burst of 1 requests while you have less than $5.0 in credit. Your rate limit resets in ~5s.
2026-05-22 01:49:08,371  INFO  [OK] flux | ar | P047 | seed=123 -> saved in 4.9s
2026-05-22 01:49:08,487  ERROR  [FAIL] Replicate error | flux | ar | P048 | seed=42 -> ReplicateError Details:
status: 429
detail: Request was throttled. Your rate limit for creating predictions is reduced to 6 requests per minute with a burst of 1 requests while you have less than $5.0 in credit. Your rate limit resets in ~6s.
2026-05-22 01:49:18,306  INFO  [OK] flux | ar | P048 | seed=123 -> saved in 4.8s
2026-05-22 01:49:18,420  ERROR  [FAIL] Replicate error | flux | ar | P049 | seed=42 -> ReplicateError Details:
status: 429
detail: Request was throttled. Your rate limit for creating predictions is reduced to 6 requests per minute with a burst of 1 requests while you have less than $5.0 in credit. Your rate limit resets in ~6s.
2026-05-22 01:49:23,571  ERROR  [FAIL] Replicate error | flux | ar | P049 | seed=123 -> ReplicateError Details:
status: 429
detail: Request was throttled. Your rate limit for creating predictions is reduced to 6 requests per minute with a burst of 1 requests while you have less than $5.0 in credit. Your rate limit resets in ~1s.
2026-05-22 01:49:36,175  INFO  [OK] flux | ar | P050 | seed=42 -> saved in 7.6s
2026-05-22 01:49:36,301  ERROR  [FAIL] Replicate error | flux | ar | P050 | seed=123 -> ReplicateError Details:
status: 429
detail: Request was throttled. Your rate limit for creating predictions is reduced to 6 requests per minute with a burst of 1 requests while you have less than $5.0 in credit. Your rate limit resets in ~3s.
2026-05-22 01:49:41,521  INFO  ============================================================
2026-05-22 01:49:41,521  INFO  Phase 1A complete -- [OK] 922 generated  [FAIL] 101 failed
2026-05-22 01:49:41,521  INFO  Failed images (re-run this script to retry them automatically):
2026-05-22 01:49:41,589  INFO  
model language prompt_id  seed                                                                                                                                                                                                                                                error
 sd15       en      P001    42                                                                        ReplicateError Details:\ntitle: Invalid version or not permitted\nstatus: 422\ndetail: The specified version does not exist (or perhaps you don't have permission to use it?)
 sd15       en      P001   123 ReplicateError Details:\nstatus: 429\ndetail: Request was throttled. Your rate limit for creating predictions is reduced to 6 requests per minute with a burst of 1 requests while you have less than $5.0 in credit. Your rate limit resets in ~5s.
 sd15       en      P002    42                                                                        ReplicateError Details:\ntitle: Invalid version or not permitted\nstatus: 422\ndetail: The specified version does not exist (or perhaps you don't have permission to use it?)
 sd15       en      P002   123 ReplicateError Details:\nstatus: 429\ndetail: Request was throttled. Your rate limit for creating predictions is reduced to 6 requests per minute with a burst of 1 requests while you have less than $5.0 in credit. Your rate limit resets in ~5s.
 sd15       en      P003    42                                                                        ReplicateError Details:\ntitle: Invalid version or not permitted\nstatus: 422\ndetail: The specified version does not exist (or perhaps you don't have permission to use it?)
 sd15       en      P003   123 ReplicateError Details:\nstatus: 429\ndetail: Request was throttled. Your rate limit for creating predictions is reduced to 6 requests per minute with a burst of 1 requests while you have less than $5.0 in credit. Your rate limit resets in ~5s.
 sd15       en      P004    42                                                                        ReplicateError Details:\ntitle: Invalid version or not permitted\nstatus: 422\ndetail: The specified version does not exist (or perhaps you don't have permission to use it?)
 sd15       en      P004   123 ReplicateError Details:\nstatus: 429\ndetail: Request was throttled. Your rate limit for creating predictions is reduced to 6 requests per minute with a burst of 1 requests while you have less than $5.0 in credit. Your rate limit resets in ~5s.
 sd15       en      P005    42                                                                        ReplicateError Details:\ntitle: Invalid version or not permitted\nstatus: 422\ndetail: The specified version does not exist (or perhaps you don't have permission to use it?)
 sd15       en      P005   123 ReplicateError Details:\nstatus: 429\ndetail: Request was throttled. Your rate limit for creating predictions is reduced to 6 requests per minute with a burst of 1 requests while you have less than $5.0 in credit. Your rate limit resets in ~5s.
 sd15       en      P006    42                                                                        ReplicateError Details:\ntitle: Invalid version or not permitted\nstatus: 422\ndetail: The specified version does not exist (or perhaps you don't have permission to use it?)
 sd15       en      P006   123 ReplicateError Details:\nstatus: 429\ndetail: Request was throttled. Your rate limit for creating predictions is reduced to 6 requests per minute with a burst of 1 requests while you have less than $5.0 in credit. Your rate limit resets in ~5s.
 sd15       en      P007    42                                                                        ReplicateError Details:\ntitle: Invalid version or not permitted\nstatus: 422\ndetail: The specified version does not exist (or perhaps you don't have permission to use it?)
 sd15       en      P007   123 ReplicateError Details:\nstatus: 429\ndetail: Request was throttled. Your rate limit for creating predictions is reduced to 6 requests per minute with a burst of 1 requests while you have less than $5.0 in credit. Your rate limit resets in ~5s.
 sd15       en      P008    42                                                                        ReplicateError Details:\ntitle: Invalid version or not permitted\nstatus: 422\ndetail: The specified version does not exist (or perhaps you don't have permission to use it?)
 sd15       en      P008   123 ReplicateError Details:\nstatus: 429\ndetail: Request was throttled. Your rate limit for creating predictions is reduced to 6 requests per minute with a burst of 1 requests while you have less than $5.0 in credit. Your rate limit resets in ~5s.
 sd15       en      P009    42                                                                        ReplicateError Details:\ntitle: Invalid version or not permitted\nstatus: 422\ndetail: The specified version does not exist (or perhaps you don't have permission to use it?)
 sd15       en      P009   123 ReplicateError Details:\nstatus: 429\ndetail: Request was throttled. Your rate limit for creating predictions is reduced to 6 requests per minute with a burst of 1 requests while you have less than $5.0 in credit. Your rate limit resets in ~5s.
 sd15       en      P010    42                                                                        ReplicateError Details:\ntitle: Invalid version or not permitted\nstatus: 422\ndetail: The specified version does not exist (or perhaps you don't have permission to use it?)
 sd15       en      P010   123 ReplicateError Details:\nstatus: 429\ndetail: Request was throttled. Your rate limit for creating predictions is reduced to 6 requests per minute with a burst of 1 requests while you have less than $5.0 in credit. Your rate limit resets in ~5s.
 sd15       en      P011    42                                                                        ReplicateError Details:\ntitle: Invalid version or not permitted\nstatus: 422\ndetail: The specified version does not exist (or perhaps you don't have permission to use it?)
 sd15       en      P011   123 ReplicateError Details:\nstatus: 429\ndetail: Request was throttled. Your rate limit for creating predictions is reduced to 6 requests per minute with a burst of 1 requests while you have less than $5.0 in credit. Your rate limit resets in ~5s.
 sd15       en      P012    42                                                                        ReplicateError Details:\ntitle: Invalid version or not permitted\nstatus: 422\ndetail: The specified version does not exist (or perhaps you don't have permission to use it?)
 sd15       en      P012   123                                                                                                                                                                              NSFW content detected. Try running it again, or try a different prompt.
 sd15       de      P028    42                                                                                                                                                                              NSFW content detected. Try running it again, or try a different prompt.
 sd15       es      P017    42                                                                                                                                                                              NSFW content detected. Try running it again, or try a different prompt.
 sd15       es      P021    42                                                                                                                                                                              NSFW content detected. Try running it again, or try a different prompt.
 sd15       es      P038    42                                                                                                                                                                              NSFW content detected. Try running it again, or try a different prompt.
 sd15       ar      P002   123                                                                                                                                                                              NSFW content detected. Try running it again, or try a different prompt.
 sd15       ar      P012   123                                                                                                                                                                              NSFW content detected. Try running it again, or try a different prompt.
 sd15       ar      P013    42                                                                                                                                                                              NSFW content detected. Try running it again, or try a different prompt.
 sd15       ar      P029   123                                                                                                                                                                              NSFW content detected. Try running it again, or try a different prompt.
 flux       es      P043    42 ReplicateError Details:\nstatus: 429\ndetail: Request was throttled. Your rate limit for creating predictions is reduced to 6 requests per minute with a burst of 1 requests while you have less than $5.0 in credit. Your rate limit resets in ~6s.
 flux       es      P043   123 ReplicateError Details:\nstatus: 429\ndetail: Request was throttled. Your rate limit for creating predictions is reduced to 6 requests per minute with a burst of 1 requests while you have less than $5.0 in credit. Your rate limit resets in ~1s.
 flux       es      P044   123 ReplicateError Details:\nstatus: 429\ndetail: Request was throttled. Your rate limit for creating predictions is reduced to 6 requests per minute with a burst of 1 requests while you have less than $5.0 in credit. Your rate limit resets in ~6s.
 flux       es      P045    42 ReplicateError Details:\nstatus: 429\ndetail: Request was throttled. Your rate limit for creating predictions is reduced to 6 requests per minute with a burst of 1 requests while you have less than $5.0 in credit. Your rate limit resets in ~1s.
 flux       es      P046    42 ReplicateError Details:\nstatus: 429\ndetail: Request was throttled. Your rate limit for creating predictions is reduced to 6 requests per minute with a burst of 1 requests while you have less than $5.0 in credit. Your rate limit resets in ~6s.
 flux       es      P046   123 ReplicateError Details:\nstatus: 429\ndetail: Request was throttled. Your rate limit for creating predictions is reduced to 6 requests per minute with a burst of 1 requests while you have less than $5.0 in credit. Your rate limit resets in ~1s.
 flux       es      P047   123 ReplicateError Details:\nstatus: 429\ndetail: Request was throttled. Your rate limit for creating predictions is reduced to 6 requests per minute with a burst of 1 requests while you have less than $5.0 in credit. Your rate limit resets in ~5s.
 flux       es      P048   123 ReplicateError Details:\nstatus: 429\ndetail: Request was throttled. Your rate limit for creating predictions is reduced to 6 requests per minute with a burst of 1 requests while you have less than $5.0 in credit. Your rate limit resets in ~5s.
 flux       es      P049   123 ReplicateError Details:\nstatus: 429\ndetail: Request was throttled. Your rate limit for creating predictions is reduced to 6 requests per minute with a burst of 1 requests while you have less than $5.0 in credit. Your rate limit resets in ~6s.
 flux       es      P050    42 ReplicateError Details:\nstatus: 429\ndetail: Request was throttled. Your rate limit for creating predictions is reduced to 6 requests per minute with a burst of 1 requests while you have less than $5.0 in credit. Your rate limit resets in ~1s.
 flux       ar      P001    42 ReplicateError Details:\nstatus: 429\ndetail: Request was throttled. Your rate limit for creating predictions is reduced to 6 requests per minute with a burst of 1 requests while you have less than $5.0 in credit. Your rate limit resets in ~5s.
 flux       ar      P002    42 ReplicateError Details:\nstatus: 429\ndetail: Request was throttled. Your rate limit for creating predictions is reduced to 6 requests per minute with a burst of 1 requests while you have less than $5.0 in credit. Your rate limit resets in ~6s.
 flux       ar      P002   123 ReplicateError Details:\nstatus: 429\ndetail: Request was throttled. Your rate limit for creating predictions is reduced to 6 requests per minute with a burst of 1 requests while you have less than $5.0 in credit. Your rate limit resets in ~1s.
 flux       ar      P003   123 ReplicateError Details:\nstatus: 429\ndetail: Request was throttled. Your rate limit for creating predictions is reduced to 6 requests per minute with a burst of 1 requests while you have less than $5.0 in credit. Your rate limit resets in ~6s.
 flux       ar      P004    42 ReplicateError Details:\nstatus: 429\ndetail: Request was throttled. Your rate limit for creating predictions is reduced to 6 requests per minute with a burst of 1 requests while you have less than $5.0 in credit. Your rate limit resets in ~1s.
 flux       ar      P005    42 ReplicateError Details:\nstatus: 429\ndetail: Request was throttled. Your rate limit for creating predictions is reduced to 6 requests per minute with a burst of 1 requests while you have less than $5.0 in credit. Your rate limit resets in ~6s.
 flux       ar      P005   123 ReplicateError Details:\nstatus: 429\ndetail: Request was throttled. Your rate limit for creating predictions is reduced to 6 requests per minute with a burst of 1 requests while you have less than $5.0 in credit. Your rate limit resets in ~1s.
 flux       ar      P006   123 ReplicateError Details:\nstatus: 429\ndetail: Request was throttled. Your rate limit for creating predictions is reduced to 6 requests per minute with a burst of 1 requests while you have less than $5.0 in credit. Your rate limit resets in ~6s.
 flux       ar      P007    42 ReplicateError Details:\nstatus: 429\ndetail: Request was throttled. Your rate limit for creating predictions is reduced to 6 requests per minute with a burst of 1 requests while you have less than $5.0 in credit. Your rate limit resets in ~1s.
 flux       ar      P008    42 ReplicateError Details:\nstatus: 429\ndetail: Request was throttled. Your rate limit for creating predictions is reduced to 6 requests per minute with a burst of 1 requests while you have less than $5.0 in credit. Your rate limit resets in ~6s.
 flux       ar      P008   123 ReplicateError Details:\nstatus: 429\ndetail: Request was throttled. Your rate limit for creating predictions is reduced to 6 requests per minute with a burst of 1 requests while you have less than $5.0 in credit. Your rate limit resets in ~1s.
 flux       ar      P009    42                                                                                                                                                           All generated images contained NSFW content. Try running it again with a different prompt.
 flux       ar      P009   123 ReplicateError Details:\nstatus: 429\ndetail: Request was throttled. Your rate limit for creating predictions is reduced to 6 requests per minute with a burst of 1 requests while you have less than $5.0 in credit. Your rate limit resets in ~2s.
 flux       ar      P010   123 ReplicateError Details:\nstatus: 429\ndetail: Request was throttled. Your rate limit for creating predictions is reduced to 6 requests per minute with a burst of 1 requests while you have less than $5.0 in credit. Your rate limit resets in ~4s.
 flux       ar      P011   123 ReplicateError Details:\nstatus: 429\ndetail: Request was throttled. Your rate limit for creating predictions is reduced to 6 requests per minute with a burst of 1 requests while you have less than $5.0 in credit. Your rate limit resets in ~6s.
 flux       ar      P012    42 ReplicateError Details:\nstatus: 429\ndetail: Request was throttled. Your rate limit for creating predictions is reduced to 6 requests per minute with a burst of 1 requests while you have less than $5.0 in credit. Your rate limit resets in ~1s.
 flux       ar      P013    42 ReplicateError Details:\nstatus: 429\ndetail: Request was throttled. Your rate limit for creating predictions is reduced to 6 requests per minute with a burst of 1 requests while you have less than $5.0 in credit. Your rate limit resets in ~3s.
 flux       ar      P014    42 ReplicateError Details:\nstatus: 429\ndetail: Request was throttled. Your rate limit for creating predictions is reduced to 6 requests per minute with a burst of 1 requests while you have less than $5.0 in credit. Your rate limit resets in ~6s.
 flux       ar      P014   123 ReplicateError Details:\nstatus: 429\ndetail: Request was throttled. Your rate limit for creating predictions is reduced to 6 requests per minute with a burst of 1 requests while you have less than $5.0 in credit. Your rate limit resets in ~1s.
 flux       ar      P015   123 ReplicateError Details:\nstatus: 429\ndetail: Request was throttled. Your rate limit for creating predictions is reduced to 6 requests per minute with a burst of 1 requests while you have less than $5.0 in credit. Your rate limit resets in ~6s.
 flux       ar      P016    42 ReplicateError Details:\nstatus: 429\ndetail: Request was throttled. Your rate limit for creating predictions is reduced to 6 requests per minute with a burst of 1 requests while you have less than $5.0 in credit. Your rate limit resets in ~1s.
 flux       ar      P017    42 ReplicateError Details:\nstatus: 429\ndetail: Request was throttled. Your rate limit for creating predictions is reduced to 6 requests per minute with a burst of 1 requests while you have less than $5.0 in credit. Your rate limit resets in ~6s.
 flux       ar      P017   123 ReplicateError Details:\nstatus: 429\ndetail: Request was throttled. Your rate limit for creating predictions is reduced to 6 requests per minute with a burst of 1 requests while you have less than $5.0 in credit. Your rate limit resets in ~1s.
 flux       ar      P018   123 ReplicateError Details:\nstatus: 429\ndetail: Request was throttled. Your rate limit for creating predictions is reduced to 6 requests per minute with a burst of 1 requests while you have less than $5.0 in credit. Your rate limit resets in ~6s.
 flux       ar      P019    42 ReplicateError Details:\nstatus: 429\ndetail: Request was throttled. Your rate limit for creating predictions is reduced to 6 requests per minute with a burst of 1 requests while you have less than $5.0 in credit. Your rate limit resets in ~1s.
 flux       ar      P020    42 ReplicateError Details:\nstatus: 429\ndetail: Request was throttled. Your rate limit for creating predictions is reduced to 6 requests per minute with a burst of 1 requests while you have less than $5.0 in credit. Your rate limit resets in ~5s.
 flux       ar      P021    42 ReplicateError Details:\nstatus: 429\ndetail: Request was throttled. Your rate limit for creating predictions is reduced to 6 requests per minute with a burst of 1 requests while you have less than $5.0 in credit. Your rate limit resets in ~6s.
 flux       ar      P021   123 ReplicateError Details:\nstatus: 429\ndetail: Request was throttled. Your rate limit for creating predictions is reduced to 6 requests per minute with a burst of 1 requests while you have less than $5.0 in credit. Your rate limit resets in ~1s.
 flux       ar      P022   123 ReplicateError Details:\nstatus: 429\ndetail: Request was throttled. Your rate limit for creating predictions is reduced to 6 requests per minute with a burst of 1 requests while you have less than $5.0 in credit. Your rate limit resets in ~6s.
 flux       ar      P023    42 ReplicateError Details:\nstatus: 429\ndetail: Request was throttled. Your rate limit for creating predictions is reduced to 6 requests per minute with a burst of 1 requests while you have less than $5.0 in credit. Your rate limit resets in ~1s.
 flux       ar      P024    42 ReplicateError Details:\nstatus: 429\ndetail: Request was throttled. Your rate limit for creating predictions is reduced to 6 requests per minute with a burst of 1 requests while you have less than $5.0 in credit. Your rate limit resets in ~5s.
 flux       ar      P025    42 ReplicateError Details:\nstatus: 429\ndetail: Request was throttled. Your rate limit for creating predictions is reduced to 6 requests per minute with a burst of 1 requests while you have less than $5.0 in credit. Your rate limit resets in ~6s.
 flux       ar      P026    42 ReplicateError Details:\nstatus: 429\ndetail: Request was throttled. Your rate limit for creating predictions is reduced to 6 requests per minute with a burst of 1 requests while you have less than $5.0 in credit. Your rate limit resets in ~6s.
 flux       ar      P027    42 ReplicateError Details:\nstatus: 429\ndetail: Request was throttled. Your rate limit for creating predictions is reduced to 6 requests per minute with a burst of 1 requests while you have less than $5.0 in credit. Your rate limit resets in ~6s.
 flux       ar      P028    42 ReplicateError Details:\nstatus: 429\ndetail: Request was throttled. Your rate limit for creating predictions is reduced to 6 requests per minute with a burst of 1 requests while you have less than $5.0 in credit. Your rate limit resets in ~6s.
 flux       ar      P029    42 ReplicateError Details:\nstatus: 429\ndetail: Request was throttled. Your rate limit for creating predictions is reduced to 6 requests per minute with a burst of 1 requests while you have less than $5.0 in credit. Your rate limit resets in ~5s.
 flux       ar      P030    42 ReplicateError Details:\nstatus: 429\ndetail: Request was throttled. Your rate limit for creating predictions is reduced to 6 requests per minute with a burst of 1 requests while you have less than $5.0 in credit. Your rate limit resets in ~5s.
 flux       ar      P031    42 ReplicateError Details:\nstatus: 429\ndetail: Request was throttled. Your rate limit for creating predictions is reduced to 6 requests per minute with a burst of 1 requests while you have less than $5.0 in credit. Your rate limit resets in ~1s.
 flux       ar      P032    42 ReplicateError Details:\nstatus: 429\ndetail: Request was throttled. Your rate limit for creating predictions is reduced to 6 requests per minute with a burst of 1 requests while you have less than $5.0 in credit. Your rate limit resets in ~6s.
 flux       ar      P033    42 ReplicateError Details:\nstatus: 429\ndetail: Request was throttled. Your rate limit for creating predictions is reduced to 6 requests per minute with a burst of 1 requests while you have less than $5.0 in credit. Your rate limit resets in ~6s.
 flux       ar      P033   123 ReplicateError Details:\nstatus: 429\ndetail: Request was throttled. Your rate limit for creating predictions is reduced to 6 requests per minute with a burst of 1 requests while you have less than $5.0 in credit. Your rate limit resets in ~1s.
 flux       ar      P034   123 ReplicateError Details:\nstatus: 429\ndetail: Request was throttled. Your rate limit for creating predictions is reduced to 6 requests per minute with a burst of 1 requests while you have less than $5.0 in credit. Your rate limit resets in ~5s.
 flux       ar      P035   123 ReplicateError Details:\nstatus: 429\ndetail: Request was throttled. Your rate limit for creating predictions is reduced to 6 requests per minute with a burst of 1 requests while you have less than $5.0 in credit. Your rate limit resets in ~5s.
 flux       ar      P036   123 ReplicateError Details:\nstatus: 429\ndetail: Request was throttled. Your rate limit for creating predictions is reduced to 6 requests per minute with a burst of 1 requests while you have less than $5.0 in credit. Your rate limit resets in ~6s.
 flux       ar      P037    42 ReplicateError Details:\nstatus: 429\ndetail: Request was throttled. Your rate limit for creating predictions is reduced to 6 requests per minute with a burst of 1 requests while you have less than $5.0 in credit. Your rate limit resets in ~1s.
 flux       ar      P038    42 ReplicateError Details:\nstatus: 429\ndetail: Request was throttled. Your rate limit for creating predictions is reduced to 6 requests per minute with a burst of 1 requests while you have less than $5.0 in credit. Your rate limit resets in ~6s.
 flux       ar      P039    42 ReplicateError Details:\nstatus: 429\ndetail: Request was throttled. Your rate limit for creating predictions is reduced to 6 requests per minute with a burst of 1 requests while you have less than $5.0 in credit. Your rate limit resets in ~6s.
 flux       ar      P039   123 ReplicateError Details:\nstatus: 429\ndetail: Request was throttled. Your rate limit for creating predictions is reduced to 6 requests per minute with a burst of 1 requests while you have less than $5.0 in credit. Your rate limit resets in ~1s.
 flux       ar      P041    42 ReplicateError Details:\nstatus: 429\ndetail: Request was throttled. Your rate limit for creating predictions is reduced to 6 requests per minute with a burst of 1 requests while you have less than $5.0 in credit. Your rate limit resets in ~6s.
 flux       ar      P042    42 ReplicateError Details:\nstatus: 429\ndetail: Request was throttled. Your rate limit for creating predictions is reduced to 6 requests per minute with a burst of 1 requests while you have less than $5.0 in credit. Your rate limit resets in ~6s.
 flux       ar      P043    42 ReplicateError Details:\nstatus: 429\ndetail: Request was throttled. Your rate limit for creating predictions is reduced to 6 requests per minute with a burst of 1 requests while you have less than $5.0 in credit. Your rate limit resets in ~6s.
 flux       ar      P043   123 ReplicateError Details:\nstatus: 429\ndetail: Request was throttled. Your rate limit for creating predictions is reduced to 6 requests per minute with a burst of 1 requests while you have less than $5.0 in credit. Your rate limit resets in ~1s.
 flux       ar      P045    42 ReplicateError Details:\nstatus: 429\ndetail: Request was throttled. Your rate limit for creating predictions is reduced to 6 requests per minute with a burst of 1 requests while you have less than $5.0 in credit. Your rate limit resets in ~6s.
 flux       ar      P046    42 ReplicateError Details:\nstatus: 429\ndetail: Request was throttled. Your rate limit for creating predictions is reduced to 6 requests per minute with a burst of 1 requests while you have less than $5.0 in credit. Your rate limit resets in ~1s.
 flux       ar      P047    42 ReplicateError Details:\nstatus: 429\ndetail: Request was throttled. Your rate limit for creating predictions is reduced to 6 requests per minute with a burst of 1 requests while you have less than $5.0 in credit. Your rate limit resets in ~5s.
 flux       ar      P048    42 ReplicateError Details:\nstatus: 429\ndetail: Request was throttled. Your rate limit for creating predictions is reduced to 6 requests per minute with a burst of 1 requests while you have less than $5.0 in credit. Your rate limit resets in ~6s.
 flux       ar      P049    42 ReplicateError Details:\nstatus: 429\ndetail: Request was throttled. Your rate limit for creating predictions is reduced to 6 requests per minute with a burst of 1 requests while you have less than $5.0 in credit. Your rate limit resets in ~6s.
 flux       ar      P049   123 ReplicateError Details:\nstatus: 429\ndetail: Request was throttled. Your rate limit for creating predictions is reduced to 6 requests per minute with a burst of 1 requests while you have less than $5.0 in credit. Your rate limit resets in ~1s.
 flux       ar      P050   123 ReplicateError Details:\nstatus: 429\ndetail: Request was throttled. Your rate limit for creating predictions is reduced to 6 requests per minute with a burst of 1 requests while you have less than $5.0 in credit. Your rate limit resets in ~3s.
2026-05-22 01:49:41,592  INFO  ============================================================
2026-05-22 01:49:41,592  INFO  Images saved to : data\generated_images\phase1a/
2026-05-22 01:49:41,592  INFO  Log saved to    : results\phase1a\generation_log.csv
2026-05-22 14:37:24,628  INFO  Phase 1A — 1000 total images | 922 already done | 78 to generate
2026-05-22 14:37:28,828  INFO  [OK] sd15 | en | P012 | seed=123 -> saved in 4.0s
2026-05-22 14:37:28,962  ERROR  [FAIL] Replicate error | sd15 | de | P028 | seed=42 -> ReplicateError Details:
status: 429
detail: Request was throttled. Your rate limit for creating predictions is reduced to 6 requests per minute with a burst of 1 requests while you have less than $5.0 in credit. Your rate limit resets in ~7s.
2026-05-22 14:37:34,381  ERROR  [FAIL] Replicate error | sd15 | es | P017 | seed=42 -> ReplicateError Details:
status: 429
detail: Request was throttled. Your rate limit for creating predictions is reduced to 6 requests per minute with a burst of 1 requests while you have less than $5.0 in credit. Your rate limit resets in ~2s.
2026-05-22 14:37:42,444  INFO  [OK] sd15 | es | P021 | seed=42 -> saved in 3.0s
2026-05-22 14:37:42,562  ERROR  [FAIL] Replicate error | sd15 | es | P038 | seed=42 -> ReplicateError Details:
status: 429
detail: Request was throttled. Your rate limit for creating predictions is reduced to 6 requests per minute with a burst of 1 requests while you have less than $5.0 in credit. Your rate limit resets in ~8s.
2026-05-22 14:39:40,242  INFO  Phase 1A — 1000 total images | 924 already done | 76 to generate
2026-05-22 14:39:44,068  INFO  [OK] sd15 | de | P028 | seed=42 -> saved in 3.7s
2026-05-22 14:39:45,762  ERROR  [FAIL] Unexpected error | sd15 | es | P017 | seed=42 -> NSFW content detected. Try running it again, or try a different prompt.
2026-05-22 14:39:53,716  INFO  [OK] sd15 | es | P038 | seed=42 -> saved in 2.9s
2026-05-22 14:39:56,231  INFO  [OK] sd15 | ar | P002 | seed=123 -> saved in 2.5s
2026-05-22 14:39:58,138  ERROR  [FAIL] Unexpected error | sd15 | ar | P012 | seed=123 -> NSFW content detected. Try running it again, or try a different prompt.
2026-05-22 14:40:06,267  INFO  [OK] sd15 | ar | P013 | seed=42 -> saved in 3.1s
2026-05-22 14:40:07,931  ERROR  [FAIL] Unexpected error | sd15 | ar | P029 | seed=123 -> NSFW content detected. Try running it again, or try a different prompt.
2026-05-22 14:40:17,616  INFO  [OK] flux | es | P043 | seed=42 -> saved in 4.6s
2026-05-22 14:40:22,691  INFO  [OK] flux | es | P043 | seed=123 -> saved in 5.1s
2026-05-22 14:40:27,072  INFO  [OK] flux | es | P044 | seed=123 -> saved in 4.4s
2026-05-22 14:40:31,454  INFO  [OK] flux | es | P045 | seed=42 -> saved in 4.4s
2026-05-22 14:40:35,891  INFO  [OK] flux | es | P046 | seed=42 -> saved in 4.4s
2026-05-22 14:40:40,281  INFO  [OK] flux | es | P046 | seed=123 -> saved in 4.4s
2026-05-22 14:40:44,676  INFO  [OK] flux | es | P047 | seed=123 -> saved in 4.4s
2026-05-22 14:40:49,153  INFO  [OK] flux | es | P048 | seed=123 -> saved in 4.5s
2026-05-22 14:40:53,191  INFO  [OK] flux | es | P049 | seed=123 -> saved in 4.0s
2026-05-22 14:40:59,011  INFO  [OK] flux | es | P050 | seed=42 -> saved in 5.8s
2026-05-22 14:41:03,660  INFO  [OK] flux | ar | P001 | seed=42 -> saved in 4.6s
2026-05-22 14:41:10,452  INFO  [OK] flux | ar | P002 | seed=42 -> saved in 6.8s
2026-05-22 14:41:15,335  INFO  [OK] flux | ar | P002 | seed=123 -> saved in 4.9s
2026-05-22 14:41:20,171  INFO  [OK] flux | ar | P003 | seed=123 -> saved in 4.8s
2026-05-22 14:41:24,902  INFO  [OK] flux | ar | P004 | seed=42 -> saved in 4.7s
2026-05-22 14:41:29,261  INFO  [OK] flux | ar | P005 | seed=42 -> saved in 4.4s
2026-05-22 14:41:33,951  INFO  [OK] flux | ar | P005 | seed=123 -> saved in 4.7s
2026-05-22 14:41:38,761  INFO  [OK] flux | ar | P006 | seed=123 -> saved in 4.8s
2026-05-22 14:41:44,133  INFO  [OK] flux | ar | P007 | seed=42 -> saved in 5.4s
2026-05-22 14:41:48,221  INFO  [OK] flux | ar | P008 | seed=42 -> saved in 4.1s
2026-05-22 14:41:53,071  INFO  [OK] flux | ar | P008 | seed=123 -> saved in 4.9s
2026-05-22 14:41:55,836  ERROR  [FAIL] Unexpected error | flux | ar | P009 | seed=42 -> All generated images contained NSFW content. Try running it again with a different prompt.
2026-05-22 14:42:04,791  INFO  [OK] flux | ar | P009 | seed=123 -> saved in 3.9s
2026-05-22 14:42:11,601  INFO  [OK] flux | ar | P010 | seed=123 -> saved in 6.8s
2026-05-22 14:42:16,351  INFO  [OK] flux | ar | P011 | seed=123 -> saved in 4.7s
2026-05-22 14:42:21,401  INFO  [OK] flux | ar | P012 | seed=42 -> saved in 5.0s
2026-05-22 14:42:26,048  INFO  [OK] flux | ar | P013 | seed=42 -> saved in 4.6s
2026-05-22 14:42:30,848  INFO  [OK] flux | ar | P014 | seed=42 -> saved in 4.8s
2026-05-22 14:42:35,701  INFO  [OK] flux | ar | P014 | seed=123 -> saved in 4.9s
2026-05-22 14:42:40,321  INFO  [OK] flux | ar | P015 | seed=123 -> saved in 4.6s
2026-05-22 14:42:44,647  INFO  [OK] flux | ar | P016 | seed=42 -> saved in 4.3s
2026-05-22 14:42:49,886  INFO  [OK] flux | ar | P017 | seed=42 -> saved in 5.2s
2026-05-22 14:42:54,351  INFO  [OK] flux | ar | P017 | seed=123 -> saved in 4.5s
2026-05-22 14:42:58,613  INFO  [OK] flux | ar | P018 | seed=123 -> saved in 4.3s
2026-05-22 14:43:03,356  INFO  [OK] flux | ar | P019 | seed=42 -> saved in 4.7s
2026-05-22 14:43:07,841  INFO  [OK] flux | ar | P020 | seed=42 -> saved in 4.5s
2026-05-22 14:43:12,156  INFO  [OK] flux | ar | P021 | seed=42 -> saved in 4.2s
2026-05-22 14:43:16,673  INFO  [OK] flux | ar | P021 | seed=123 -> saved in 4.5s
2026-05-22 14:43:21,562  INFO  [OK] flux | ar | P022 | seed=123 -> saved in 4.9s
2026-05-22 14:43:26,300  INFO  [OK] flux | ar | P023 | seed=42 -> saved in 4.7s
2026-05-22 14:43:30,991  INFO  [OK] flux | ar | P024 | seed=42 -> saved in 4.7s
2026-05-22 14:43:35,491  INFO  [OK] flux | ar | P025 | seed=42 -> saved in 4.5s
2026-05-22 14:43:39,921  INFO  [OK] flux | ar | P026 | seed=42 -> saved in 4.4s
2026-05-22 14:43:44,431  INFO  [OK] flux | ar | P027 | seed=42 -> saved in 4.5s
2026-05-22 14:43:49,150  INFO  [OK] flux | ar | P028 | seed=42 -> saved in 4.7s
2026-05-22 14:43:55,644  INFO  [OK] flux | ar | P029 | seed=42 -> saved in 6.5s
2026-05-22 14:44:00,395  INFO  [OK] flux | ar | P030 | seed=42 -> saved in 4.8s
2026-05-22 14:44:06,308  INFO  [OK] flux | ar | P031 | seed=42 -> saved in 5.9s
2026-05-22 14:44:10,914  INFO  [OK] flux | ar | P032 | seed=42 -> saved in 4.6s
2026-05-22 14:44:15,366  INFO  [OK] flux | ar | P033 | seed=42 -> saved in 4.5s
2026-05-22 14:44:20,093  INFO  [OK] flux | ar | P033 | seed=123 -> saved in 4.7s
2026-05-22 14:44:24,501  INFO  [OK] flux | ar | P034 | seed=123 -> saved in 4.4s
2026-05-22 14:44:28,983  INFO  [OK] flux | ar | P035 | seed=123 -> saved in 4.5s
2026-05-22 14:44:33,161  INFO  [OK] flux | ar | P036 | seed=123 -> saved in 4.2s
2026-05-22 14:44:37,736  INFO  [OK] flux | ar | P037 | seed=42 -> saved in 4.6s
2026-05-22 14:44:44,076  INFO  [OK] flux | ar | P038 | seed=42 -> saved in 6.3s
2026-05-22 14:44:48,911  INFO  [OK] flux | ar | P039 | seed=42 -> saved in 4.8s
2026-05-22 14:44:53,151  INFO  [OK] flux | ar | P039 | seed=123 -> saved in 4.2s
2026-05-22 14:44:57,461  INFO  [OK] flux | ar | P041 | seed=42 -> saved in 4.3s
2026-05-22 14:45:02,566  INFO  [OK] flux | ar | P042 | seed=42 -> saved in 5.1s
2026-05-22 14:45:07,311  INFO  [OK] flux | ar | P043 | seed=42 -> saved in 4.7s
2026-05-22 14:45:12,211  INFO  [OK] flux | ar | P043 | seed=123 -> saved in 4.9s
2026-05-22 14:45:17,011  INFO  [OK] flux | ar | P045 | seed=42 -> saved in 4.8s
2026-05-22 14:45:21,761  INFO  [OK] flux | ar | P046 | seed=42 -> saved in 4.7s
2026-05-22 14:45:26,946  INFO  [OK] flux | ar | P047 | seed=42 -> saved in 5.2s
2026-05-22 14:45:31,691  INFO  [OK] flux | ar | P048 | seed=42 -> saved in 4.7s
2026-05-22 14:45:36,631  INFO  [OK] flux | ar | P049 | seed=42 -> saved in 4.9s
2026-05-22 14:45:41,423  INFO  [OK] flux | ar | P049 | seed=123 -> saved in 4.8s
2026-05-22 14:45:48,790  INFO  [OK] flux | ar | P050 | seed=123 -> saved in 7.4s
2026-05-22 14:45:48,841  INFO  ============================================================
2026-05-22 14:45:48,841  INFO  Phase 1A complete -- [OK] 996 generated  [FAIL] 108 failed
2026-05-22 14:45:48,841  INFO  Failed images (re-run this script to retry them automatically):
2026-05-22 14:45:48,866  INFO  
model language prompt_id  seed                                                                                                                                                                                                                                                error
 sd15       en      P001    42                                                                        ReplicateError Details:\ntitle: Invalid version or not permitted\nstatus: 422\ndetail: The specified version does not exist (or perhaps you don't have permission to use it?)
 sd15       en      P001   123 ReplicateError Details:\nstatus: 429\ndetail: Request was throttled. Your rate limit for creating predictions is reduced to 6 requests per minute with a burst of 1 requests while you have less than $5.0 in credit. Your rate limit resets in ~5s.
 sd15       en      P002    42                                                                        ReplicateError Details:\ntitle: Invalid version or not permitted\nstatus: 422\ndetail: The specified version does not exist (or perhaps you don't have permission to use it?)
 sd15       en      P002   123 ReplicateError Details:\nstatus: 429\ndetail: Request was throttled. Your rate limit for creating predictions is reduced to 6 requests per minute with a burst of 1 requests while you have less than $5.0 in credit. Your rate limit resets in ~5s.
 sd15       en      P003    42                                                                        ReplicateError Details:\ntitle: Invalid version or not permitted\nstatus: 422\ndetail: The specified version does not exist (or perhaps you don't have permission to use it?)
 sd15       en      P003   123 ReplicateError Details:\nstatus: 429\ndetail: Request was throttled. Your rate limit for creating predictions is reduced to 6 requests per minute with a burst of 1 requests while you have less than $5.0 in credit. Your rate limit resets in ~5s.
 sd15       en      P004    42                                                                        ReplicateError Details:\ntitle: Invalid version or not permitted\nstatus: 422\ndetail: The specified version does not exist (or perhaps you don't have permission to use it?)
 sd15       en      P004   123 ReplicateError Details:\nstatus: 429\ndetail: Request was throttled. Your rate limit for creating predictions is reduced to 6 requests per minute with a burst of 1 requests while you have less than $5.0 in credit. Your rate limit resets in ~5s.
 sd15       en      P005    42                                                                        ReplicateError Details:\ntitle: Invalid version or not permitted\nstatus: 422\ndetail: The specified version does not exist (or perhaps you don't have permission to use it?)
 sd15       en      P005   123 ReplicateError Details:\nstatus: 429\ndetail: Request was throttled. Your rate limit for creating predictions is reduced to 6 requests per minute with a burst of 1 requests while you have less than $5.0 in credit. Your rate limit resets in ~5s.
 sd15       en      P006    42                                                                        ReplicateError Details:\ntitle: Invalid version or not permitted\nstatus: 422\ndetail: The specified version does not exist (or perhaps you don't have permission to use it?)
 sd15       en      P006   123 ReplicateError Details:\nstatus: 429\ndetail: Request was throttled. Your rate limit for creating predictions is reduced to 6 requests per minute with a burst of 1 requests while you have less than $5.0 in credit. Your rate limit resets in ~5s.
 sd15       en      P007    42                                                                        ReplicateError Details:\ntitle: Invalid version or not permitted\nstatus: 422\ndetail: The specified version does not exist (or perhaps you don't have permission to use it?)
 sd15       en      P007   123 ReplicateError Details:\nstatus: 429\ndetail: Request was throttled. Your rate limit for creating predictions is reduced to 6 requests per minute with a burst of 1 requests while you have less than $5.0 in credit. Your rate limit resets in ~5s.
 sd15       en      P008    42                                                                        ReplicateError Details:\ntitle: Invalid version or not permitted\nstatus: 422\ndetail: The specified version does not exist (or perhaps you don't have permission to use it?)
 sd15       en      P008   123 ReplicateError Details:\nstatus: 429\ndetail: Request was throttled. Your rate limit for creating predictions is reduced to 6 requests per minute with a burst of 1 requests while you have less than $5.0 in credit. Your rate limit resets in ~5s.
 sd15       en      P009    42                                                                        ReplicateError Details:\ntitle: Invalid version or not permitted\nstatus: 422\ndetail: The specified version does not exist (or perhaps you don't have permission to use it?)
 sd15       en      P009   123 ReplicateError Details:\nstatus: 429\ndetail: Request was throttled. Your rate limit for creating predictions is reduced to 6 requests per minute with a burst of 1 requests while you have less than $5.0 in credit. Your rate limit resets in ~5s.
 sd15       en      P010    42                                                                        ReplicateError Details:\ntitle: Invalid version or not permitted\nstatus: 422\ndetail: The specified version does not exist (or perhaps you don't have permission to use it?)
 sd15       en      P010   123 ReplicateError Details:\nstatus: 429\ndetail: Request was throttled. Your rate limit for creating predictions is reduced to 6 requests per minute with a burst of 1 requests while you have less than $5.0 in credit. Your rate limit resets in ~5s.
 sd15       en      P011    42                                                                        ReplicateError Details:\ntitle: Invalid version or not permitted\nstatus: 422\ndetail: The specified version does not exist (or perhaps you don't have permission to use it?)
 sd15       en      P011   123 ReplicateError Details:\nstatus: 429\ndetail: Request was throttled. Your rate limit for creating predictions is reduced to 6 requests per minute with a burst of 1 requests while you have less than $5.0 in credit. Your rate limit resets in ~5s.
 sd15       en      P012    42                                                                        ReplicateError Details:\ntitle: Invalid version or not permitted\nstatus: 422\ndetail: The specified version does not exist (or perhaps you don't have permission to use it?)
 sd15       en      P012   123                                                                                                                                                                              NSFW content detected. Try running it again, or try a different prompt.
 sd15       de      P028    42                                                                                                                                                                              NSFW content detected. Try running it again, or try a different prompt.
 sd15       es      P017    42                                                                                                                                                                              NSFW content detected. Try running it again, or try a different prompt.
 sd15       es      P021    42                                                                                                                                                                              NSFW content detected. Try running it again, or try a different prompt.
 sd15       es      P038    42                                                                                                                                                                              NSFW content detected. Try running it again, or try a different prompt.
 sd15       ar      P002   123                                                                                                                                                                              NSFW content detected. Try running it again, or try a different prompt.
 sd15       ar      P012   123                                                                                                                                                                              NSFW content detected. Try running it again, or try a different prompt.
 sd15       ar      P013    42                                                                                                                                                                              NSFW content detected. Try running it again, or try a different prompt.
 sd15       ar      P029   123                                                                                                                                                                              NSFW content detected. Try running it again, or try a different prompt.
 flux       es      P043    42 ReplicateError Details:\nstatus: 429\ndetail: Request was throttled. Your rate limit for creating predictions is reduced to 6 requests per minute with a burst of 1 requests while you have less than $5.0 in credit. Your rate limit resets in ~6s.
 flux       es      P043   123 ReplicateError Details:\nstatus: 429\ndetail: Request was throttled. Your rate limit for creating predictions is reduced to 6 requests per minute with a burst of 1 requests while you have less than $5.0 in credit. Your rate limit resets in ~1s.
 flux       es      P044   123 ReplicateError Details:\nstatus: 429\ndetail: Request was throttled. Your rate limit for creating predictions is reduced to 6 requests per minute with a burst of 1 requests while you have less than $5.0 in credit. Your rate limit resets in ~6s.
 flux       es      P045    42 ReplicateError Details:\nstatus: 429\ndetail: Request was throttled. Your rate limit for creating predictions is reduced to 6 requests per minute with a burst of 1 requests while you have less than $5.0 in credit. Your rate limit resets in ~1s.
 flux       es      P046    42 ReplicateError Details:\nstatus: 429\ndetail: Request was throttled. Your rate limit for creating predictions is reduced to 6 requests per minute with a burst of 1 requests while you have less than $5.0 in credit. Your rate limit resets in ~6s.
 flux       es      P046   123 ReplicateError Details:\nstatus: 429\ndetail: Request was throttled. Your rate limit for creating predictions is reduced to 6 requests per minute with a burst of 1 requests while you have less than $5.0 in credit. Your rate limit resets in ~1s.
 flux       es      P047   123 ReplicateError Details:\nstatus: 429\ndetail: Request was throttled. Your rate limit for creating predictions is reduced to 6 requests per minute with a burst of 1 requests while you have less than $5.0 in credit. Your rate limit resets in ~5s.
 flux       es      P048   123 ReplicateError Details:\nstatus: 429\ndetail: Request was throttled. Your rate limit for creating predictions is reduced to 6 requests per minute with a burst of 1 requests while you have less than $5.0 in credit. Your rate limit resets in ~5s.
 flux       es      P049   123 ReplicateError Details:\nstatus: 429\ndetail: Request was throttled. Your rate limit for creating predictions is reduced to 6 requests per minute with a burst of 1 requests while you have less than $5.0 in credit. Your rate limit resets in ~6s.
 flux       es      P050    42 ReplicateError Details:\nstatus: 429\ndetail: Request was throttled. Your rate limit for creating predictions is reduced to 6 requests per minute with a burst of 1 requests while you have less than $5.0 in credit. Your rate limit resets in ~1s.
 flux       ar      P001    42 ReplicateError Details:\nstatus: 429\ndetail: Request was throttled. Your rate limit for creating predictions is reduced to 6 requests per minute with a burst of 1 requests while you have less than $5.0 in credit. Your rate limit resets in ~5s.
 flux       ar      P002    42 ReplicateError Details:\nstatus: 429\ndetail: Request was throttled. Your rate limit for creating predictions is reduced to 6 requests per minute with a burst of 1 requests while you have less than $5.0 in credit. Your rate limit resets in ~6s.
 flux       ar      P002   123 ReplicateError Details:\nstatus: 429\ndetail: Request was throttled. Your rate limit for creating predictions is reduced to 6 requests per minute with a burst of 1 requests while you have less than $5.0 in credit. Your rate limit resets in ~1s.
 flux       ar      P003   123 ReplicateError Details:\nstatus: 429\ndetail: Request was throttled. Your rate limit for creating predictions is reduced to 6 requests per minute with a burst of 1 requests while you have less than $5.0 in credit. Your rate limit resets in ~6s.
 flux       ar      P004    42 ReplicateError Details:\nstatus: 429\ndetail: Request was throttled. Your rate limit for creating predictions is reduced to 6 requests per minute with a burst of 1 requests while you have less than $5.0 in credit. Your rate limit resets in ~1s.
 flux       ar      P005    42 ReplicateError Details:\nstatus: 429\ndetail: Request was throttled. Your rate limit for creating predictions is reduced to 6 requests per minute with a burst of 1 requests while you have less than $5.0 in credit. Your rate limit resets in ~6s.
 flux       ar      P005   123 ReplicateError Details:\nstatus: 429\ndetail: Request was throttled. Your rate limit for creating predictions is reduced to 6 requests per minute with a burst of 1 requests while you have less than $5.0 in credit. Your rate limit resets in ~1s.
 flux       ar      P006   123 ReplicateError Details:\nstatus: 429\ndetail: Request was throttled. Your rate limit for creating predictions is reduced to 6 requests per minute with a burst of 1 requests while you have less than $5.0 in credit. Your rate limit resets in ~6s.
 flux       ar      P007    42 ReplicateError Details:\nstatus: 429\ndetail: Request was throttled. Your rate limit for creating predictions is reduced to 6 requests per minute with a burst of 1 requests while you have less than $5.0 in credit. Your rate limit resets in ~1s.
 flux       ar      P008    42 ReplicateError Details:\nstatus: 429\ndetail: Request was throttled. Your rate limit for creating predictions is reduced to 6 requests per minute with a burst of 1 requests while you have less than $5.0 in credit. Your rate limit resets in ~6s.
 flux       ar      P008   123 ReplicateError Details:\nstatus: 429\ndetail: Request was throttled. Your rate limit for creating predictions is reduced to 6 requests per minute with a burst of 1 requests while you have less than $5.0 in credit. Your rate limit resets in ~1s.
 flux       ar      P009    42                                                                                                                                                           All generated images contained NSFW content. Try running it again with a different prompt.
 flux       ar      P009   123 ReplicateError Details:\nstatus: 429\ndetail: Request was throttled. Your rate limit for creating predictions is reduced to 6 requests per minute with a burst of 1 requests while you have less than $5.0 in credit. Your rate limit resets in ~2s.
 flux       ar      P010   123 ReplicateError Details:\nstatus: 429\ndetail: Request was throttled. Your rate limit for creating predictions is reduced to 6 requests per minute with a burst of 1 requests while you have less than $5.0 in credit. Your rate limit resets in ~4s.
 flux       ar      P011   123 ReplicateError Details:\nstatus: 429\ndetail: Request was throttled. Your rate limit for creating predictions is reduced to 6 requests per minute with a burst of 1 requests while you have less than $5.0 in credit. Your rate limit resets in ~6s.
 flux       ar      P012    42 ReplicateError Details:\nstatus: 429\ndetail: Request was throttled. Your rate limit for creating predictions is reduced to 6 requests per minute with a burst of 1 requests while you have less than $5.0 in credit. Your rate limit resets in ~1s.
 flux       ar      P013    42 ReplicateError Details:\nstatus: 429\ndetail: Request was throttled. Your rate limit for creating predictions is reduced to 6 requests per minute with a burst of 1 requests while you have less than $5.0 in credit. Your rate limit resets in ~3s.
 flux       ar      P014    42 ReplicateError Details:\nstatus: 429\ndetail: Request was throttled. Your rate limit for creating predictions is reduced to 6 requests per minute with a burst of 1 requests while you have less than $5.0 in credit. Your rate limit resets in ~6s.
 flux       ar      P014   123 ReplicateError Details:\nstatus: 429\ndetail: Request was throttled. Your rate limit for creating predictions is reduced to 6 requests per minute with a burst of 1 requests while you have less than $5.0 in credit. Your rate limit resets in ~1s.
 flux       ar      P015   123 ReplicateError Details:\nstatus: 429\ndetail: Request was throttled. Your rate limit for creating predictions is reduced to 6 requests per minute with a burst of 1 requests while you have less than $5.0 in credit. Your rate limit resets in ~6s.
 flux       ar      P016    42 ReplicateError Details:\nstatus: 429\ndetail: Request was throttled. Your rate limit for creating predictions is reduced to 6 requests per minute with a burst of 1 requests while you have less than $5.0 in credit. Your rate limit resets in ~1s.
 flux       ar      P017    42 ReplicateError Details:\nstatus: 429\ndetail: Request was throttled. Your rate limit for creating predictions is reduced to 6 requests per minute with a burst of 1 requests while you have less than $5.0 in credit. Your rate limit resets in ~6s.
 flux       ar      P017   123 ReplicateError Details:\nstatus: 429\ndetail: Request was throttled. Your rate limit for creating predictions is reduced to 6 requests per minute with a burst of 1 requests while you have less than $5.0 in credit. Your rate limit resets in ~1s.
 flux       ar      P018   123 ReplicateError Details:\nstatus: 429\ndetail: Request was throttled. Your rate limit for creating predictions is reduced to 6 requests per minute with a burst of 1 requests while you have less than $5.0 in credit. Your rate limit resets in ~6s.
 flux       ar      P019    42 ReplicateError Details:\nstatus: 429\ndetail: Request was throttled. Your rate limit for creating predictions is reduced to 6 requests per minute with a burst of 1 requests while you have less than $5.0 in credit. Your rate limit resets in ~1s.
 flux       ar      P020    42 ReplicateError Details:\nstatus: 429\ndetail: Request was throttled. Your rate limit for creating predictions is reduced to 6 requests per minute with a burst of 1 requests while you have less than $5.0 in credit. Your rate limit resets in ~5s.
 flux       ar      P021    42 ReplicateError Details:\nstatus: 429\ndetail: Request was throttled. Your rate limit for creating predictions is reduced to 6 requests per minute with a burst of 1 requests while you have less than $5.0 in credit. Your rate limit resets in ~6s.
 flux       ar      P021   123 ReplicateError Details:\nstatus: 429\ndetail: Request was throttled. Your rate limit for creating predictions is reduced to 6 requests per minute with a burst of 1 requests while you have less than $5.0 in credit. Your rate limit resets in ~1s.
 flux       ar      P022   123 ReplicateError Details:\nstatus: 429\ndetail: Request was throttled. Your rate limit for creating predictions is reduced to 6 requests per minute with a burst of 1 requests while you have less than $5.0 in credit. Your rate limit resets in ~6s.
 flux       ar      P023    42 ReplicateError Details:\nstatus: 429\ndetail: Request was throttled. Your rate limit for creating predictions is reduced to 6 requests per minute with a burst of 1 requests while you have less than $5.0 in credit. Your rate limit resets in ~1s.
 flux       ar      P024    42 ReplicateError Details:\nstatus: 429\ndetail: Request was throttled. Your rate limit for creating predictions is reduced to 6 requests per minute with a burst of 1 requests while you have less than $5.0 in credit. Your rate limit resets in ~5s.
 flux       ar      P025    42 ReplicateError Details:\nstatus: 429\ndetail: Request was throttled. Your rate limit for creating predictions is reduced to 6 requests per minute with a burst of 1 requests while you have less than $5.0 in credit. Your rate limit resets in ~6s.
 flux       ar      P026    42 ReplicateError Details:\nstatus: 429\ndetail: Request was throttled. Your rate limit for creating predictions is reduced to 6 requests per minute with a burst of 1 requests while you have less than $5.0 in credit. Your rate limit resets in ~6s.
 flux       ar      P027    42 ReplicateError Details:\nstatus: 429\ndetail: Request was throttled. Your rate limit for creating predictions is reduced to 6 requests per minute with a burst of 1 requests while you have less than $5.0 in credit. Your rate limit resets in ~6s.
 flux       ar      P028    42 ReplicateError Details:\nstatus: 429\ndetail: Request was throttled. Your rate limit for creating predictions is reduced to 6 requests per minute with a burst of 1 requests while you have less than $5.0 in credit. Your rate limit resets in ~6s.
 flux       ar      P029    42 ReplicateError Details:\nstatus: 429\ndetail: Request was throttled. Your rate limit for creating predictions is reduced to 6 requests per minute with a burst of 1 requests while you have less than $5.0 in credit. Your rate limit resets in ~5s.
 flux       ar      P030    42 ReplicateError Details:\nstatus: 429\ndetail: Request was throttled. Your rate limit for creating predictions is reduced to 6 requests per minute with a burst of 1 requests while you have less than $5.0 in credit. Your rate limit resets in ~5s.
 flux       ar      P031    42 ReplicateError Details:\nstatus: 429\ndetail: Request was throttled. Your rate limit for creating predictions is reduced to 6 requests per minute with a burst of 1 requests while you have less than $5.0 in credit. Your rate limit resets in ~1s.
 flux       ar      P032    42 ReplicateError Details:\nstatus: 429\ndetail: Request was throttled. Your rate limit for creating predictions is reduced to 6 requests per minute with a burst of 1 requests while you have less than $5.0 in credit. Your rate limit resets in ~6s.
 flux       ar      P033    42 ReplicateError Details:\nstatus: 429\ndetail: Request was throttled. Your rate limit for creating predictions is reduced to 6 requests per minute with a burst of 1 requests while you have less than $5.0 in credit. Your rate limit resets in ~6s.
 flux       ar      P033   123 ReplicateError Details:\nstatus: 429\ndetail: Request was throttled. Your rate limit for creating predictions is reduced to 6 requests per minute with a burst of 1 requests while you have less than $5.0 in credit. Your rate limit resets in ~1s.
 flux       ar      P034   123 ReplicateError Details:\nstatus: 429\ndetail: Request was throttled. Your rate limit for creating predictions is reduced to 6 requests per minute with a burst of 1 requests while you have less than $5.0 in credit. Your rate limit resets in ~5s.
 flux       ar      P035   123 ReplicateError Details:\nstatus: 429\ndetail: Request was throttled. Your rate limit for creating predictions is reduced to 6 requests per minute with a burst of 1 requests while you have less than $5.0 in credit. Your rate limit resets in ~5s.
 flux       ar      P036   123 ReplicateError Details:\nstatus: 429\ndetail: Request was throttled. Your rate limit for creating predictions is reduced to 6 requests per minute with a burst of 1 requests while you have less than $5.0 in credit. Your rate limit resets in ~6s.
 flux       ar      P037    42 ReplicateError Details:\nstatus: 429\ndetail: Request was throttled. Your rate limit for creating predictions is reduced to 6 requests per minute with a burst of 1 requests while you have less than $5.0 in credit. Your rate limit resets in ~1s.
 flux       ar      P038    42 ReplicateError Details:\nstatus: 429\ndetail: Request was throttled. Your rate limit for creating predictions is reduced to 6 requests per minute with a burst of 1 requests while you have less than $5.0 in credit. Your rate limit resets in ~6s.
 flux       ar      P039    42 ReplicateError Details:\nstatus: 429\ndetail: Request was throttled. Your rate limit for creating predictions is reduced to 6 requests per minute with a burst of 1 requests while you have less than $5.0 in credit. Your rate limit resets in ~6s.
 flux       ar      P039   123 ReplicateError Details:\nstatus: 429\ndetail: Request was throttled. Your rate limit for creating predictions is reduced to 6 requests per minute with a burst of 1 requests while you have less than $5.0 in credit. Your rate limit resets in ~1s.
 flux       ar      P041    42 ReplicateError Details:\nstatus: 429\ndetail: Request was throttled. Your rate limit for creating predictions is reduced to 6 requests per minute with a burst of 1 requests while you have less than $5.0 in credit. Your rate limit resets in ~6s.
 flux       ar      P042    42 ReplicateError Details:\nstatus: 429\ndetail: Request was throttled. Your rate limit for creating predictions is reduced to 6 requests per minute with a burst of 1 requests while you have less than $5.0 in credit. Your rate limit resets in ~6s.
 flux       ar      P043    42 ReplicateError Details:\nstatus: 429\ndetail: Request was throttled. Your rate limit for creating predictions is reduced to 6 requests per minute with a burst of 1 requests while you have less than $5.0 in credit. Your rate limit resets in ~6s.
 flux       ar      P043   123 ReplicateError Details:\nstatus: 429\ndetail: Request was throttled. Your rate limit for creating predictions is reduced to 6 requests per minute with a burst of 1 requests while you have less than $5.0 in credit. Your rate limit resets in ~1s.
 flux       ar      P045    42 ReplicateError Details:\nstatus: 429\ndetail: Request was throttled. Your rate limit for creating predictions is reduced to 6 requests per minute with a burst of 1 requests while you have less than $5.0 in credit. Your rate limit resets in ~6s.
 flux       ar      P046    42 ReplicateError Details:\nstatus: 429\ndetail: Request was throttled. Your rate limit for creating predictions is reduced to 6 requests per minute with a burst of 1 requests while you have less than $5.0 in credit. Your rate limit resets in ~1s.
 flux       ar      P047    42 ReplicateError Details:\nstatus: 429\ndetail: Request was throttled. Your rate limit for creating predictions is reduced to 6 requests per minute with a burst of 1 requests while you have less than $5.0 in credit. Your rate limit resets in ~5s.
 flux       ar      P048    42 ReplicateError Details:\nstatus: 429\ndetail: Request was throttled. Your rate limit for creating predictions is reduced to 6 requests per minute with a burst of 1 requests while you have less than $5.0 in credit. Your rate limit resets in ~6s.
 flux       ar      P049    42 ReplicateError Details:\nstatus: 429\ndetail: Request was throttled. Your rate limit for creating predictions is reduced to 6 requests per minute with a burst of 1 requests while you have less than $5.0 in credit. Your rate limit resets in ~6s.
 flux       ar      P049   123 ReplicateError Details:\nstatus: 429\ndetail: Request was throttled. Your rate limit for creating predictions is reduced to 6 requests per minute with a burst of 1 requests while you have less than $5.0 in credit. Your rate limit resets in ~1s.
 flux       ar      P050   123 ReplicateError Details:\nstatus: 429\ndetail: Request was throttled. Your rate limit for creating predictions is reduced to 6 requests per minute with a burst of 1 requests while you have less than $5.0 in credit. Your rate limit resets in ~3s.
 sd15       de      P028    42 ReplicateError Details:\nstatus: 429\ndetail: Request was throttled. Your rate limit for creating predictions is reduced to 6 requests per minute with a burst of 1 requests while you have less than $5.0 in credit. Your rate limit resets in ~7s.
 sd15       es      P017    42 ReplicateError Details:\nstatus: 429\ndetail: Request was throttled. Your rate limit for creating predictions is reduced to 6 requests per minute with a burst of 1 requests while you have less than $5.0 in credit. Your rate limit resets in ~2s.
 sd15       es      P038    42 ReplicateError Details:\nstatus: 429\ndetail: Request was throttled. Your rate limit for creating predictions is reduced to 6 requests per minute with a burst of 1 requests while you have less than $5.0 in credit. Your rate limit resets in ~8s.
 sd15       es      P017    42                                                                                                                                                                              NSFW content detected. Try running it again, or try a different prompt.
 sd15       ar      P012   123                                                                                                                                                                              NSFW content detected. Try running it again, or try a different prompt.
 sd15       ar      P029   123                                                                                                                                                                              NSFW content detected. Try running it again, or try a different prompt.
 flux       ar      P009    42                                                                                                                                                           All generated images contained NSFW content. Try running it again with a different prompt.
2026-05-22 14:45:48,866  INFO  ============================================================
2026-05-22 14:45:48,871  INFO  Images saved to : data\generated_images\phase1a/
2026-05-22 14:45:48,873  INFO  Log saved to    : results\phase1a\generation_log.csv
2026-05-22 14:55:36,023  INFO  Phase 1A — 1000 total images | 996 already done | 4 to generate
2026-05-22 14:55:53,986  INFO  Phase 1A — 1000 total images | 996 already done | 4 to generate
2026-05-22 14:55:58,150  INFO  [OK] sd15 | es | P017 | seed=42 -> saved in 3.9s
2026-05-22 14:56:00,844  INFO  [OK] sd15 | ar | P012 | seed=123 -> saved in 2.7s
2026-05-22 14:56:03,450  INFO  [OK] sd15 | ar | P029 | seed=123 -> saved in 2.6s
2026-05-22 14:56:09,435  ERROR  [FAIL] Unexpected error | flux | ar | P009 | seed=42 -> All generated images contained NSFW content. Try running it again with a different prompt.
2026-05-22 14:56:14,512  INFO  ============================================================
2026-05-22 14:56:14,512  INFO  Phase 1A complete -- [OK] 999 generated  [FAIL] 109 failed
2026-05-22 14:56:14,512  INFO  Failed images (re-run this script to retry them automatically):
2026-05-22 14:56:14,533  INFO  
model language prompt_id  seed                                                                                                                                                                                                                                                error
 sd15       en      P001    42                                                                        ReplicateError Details:\ntitle: Invalid version or not permitted\nstatus: 422\ndetail: The specified version does not exist (or perhaps you don't have permission to use it?)
 sd15       en      P001   123 ReplicateError Details:\nstatus: 429\ndetail: Request was throttled. Your rate limit for creating predictions is reduced to 6 requests per minute with a burst of 1 requests while you have less than $5.0 in credit. Your rate limit resets in ~5s.
 sd15       en      P002    42                                                                        ReplicateError Details:\ntitle: Invalid version or not permitted\nstatus: 422\ndetail: The specified version does not exist (or perhaps you don't have permission to use it?)
 sd15       en      P002   123 ReplicateError Details:\nstatus: 429\ndetail: Request was throttled. Your rate limit for creating predictions is reduced to 6 requests per minute with a burst of 1 requests while you have less than $5.0 in credit. Your rate limit resets in ~5s.
 sd15       en      P003    42                                                                        ReplicateError Details:\ntitle: Invalid version or not permitted\nstatus: 422\ndetail: The specified version does not exist (or perhaps you don't have permission to use it?)
 sd15       en      P003   123 ReplicateError Details:\nstatus: 429\ndetail: Request was throttled. Your rate limit for creating predictions is reduced to 6 requests per minute with a burst of 1 requests while you have less than $5.0 in credit. Your rate limit resets in ~5s.
 sd15       en      P004    42                                                                        ReplicateError Details:\ntitle: Invalid version or not permitted\nstatus: 422\ndetail: The specified version does not exist (or perhaps you don't have permission to use it?)
 sd15       en      P004   123 ReplicateError Details:\nstatus: 429\ndetail: Request was throttled. Your rate limit for creating predictions is reduced to 6 requests per minute with a burst of 1 requests while you have less than $5.0 in credit. Your rate limit resets in ~5s.
 sd15       en      P005    42                                                                        ReplicateError Details:\ntitle: Invalid version or not permitted\nstatus: 422\ndetail: The specified version does not exist (or perhaps you don't have permission to use it?)
 sd15       en      P005   123 ReplicateError Details:\nstatus: 429\ndetail: Request was throttled. Your rate limit for creating predictions is reduced to 6 requests per minute with a burst of 1 requests while you have less than $5.0 in credit. Your rate limit resets in ~5s.
 sd15       en      P006    42                                                                        ReplicateError Details:\ntitle: Invalid version or not permitted\nstatus: 422\ndetail: The specified version does not exist (or perhaps you don't have permission to use it?)
 sd15       en      P006   123 ReplicateError Details:\nstatus: 429\ndetail: Request was throttled. Your rate limit for creating predictions is reduced to 6 requests per minute with a burst of 1 requests while you have less than $5.0 in credit. Your rate limit resets in ~5s.
 sd15       en      P007    42                                                                        ReplicateError Details:\ntitle: Invalid version or not permitted\nstatus: 422\ndetail: The specified version does not exist (or perhaps you don't have permission to use it?)
 sd15       en      P007   123 ReplicateError Details:\nstatus: 429\ndetail: Request was throttled. Your rate limit for creating predictions is reduced to 6 requests per minute with a burst of 1 requests while you have less than $5.0 in credit. Your rate limit resets in ~5s.
 sd15       en      P008    42                                                                        ReplicateError Details:\ntitle: Invalid version or not permitted\nstatus: 422\ndetail: The specified version does not exist (or perhaps you don't have permission to use it?)
 sd15       en      P008   123 ReplicateError Details:\nstatus: 429\ndetail: Request was throttled. Your rate limit for creating predictions is reduced to 6 requests per minute with a burst of 1 requests while you have less than $5.0 in credit. Your rate limit resets in ~5s.
 sd15       en      P009    42                                                                        ReplicateError Details:\ntitle: Invalid version or not permitted\nstatus: 422\ndetail: The specified version does not exist (or perhaps you don't have permission to use it?)
 sd15       en      P009   123 ReplicateError Details:\nstatus: 429\ndetail: Request was throttled. Your rate limit for creating predictions is reduced to 6 requests per minute with a burst of 1 requests while you have less than $5.0 in credit. Your rate limit resets in ~5s.
 sd15       en      P010    42                                                                        ReplicateError Details:\ntitle: Invalid version or not permitted\nstatus: 422\ndetail: The specified version does not exist (or perhaps you don't have permission to use it?)
 sd15       en      P010   123 ReplicateError Details:\nstatus: 429\ndetail: Request was throttled. Your rate limit for creating predictions is reduced to 6 requests per minute with a burst of 1 requests while you have less than $5.0 in credit. Your rate limit resets in ~5s.
 sd15       en      P011    42                                                                        ReplicateError Details:\ntitle: Invalid version or not permitted\nstatus: 422\ndetail: The specified version does not exist (or perhaps you don't have permission to use it?)
 sd15       en      P011   123 ReplicateError Details:\nstatus: 429\ndetail: Request was throttled. Your rate limit for creating predictions is reduced to 6 requests per minute with a burst of 1 requests while you have less than $5.0 in credit. Your rate limit resets in ~5s.
 sd15       en      P012    42                                                                        ReplicateError Details:\ntitle: Invalid version or not permitted\nstatus: 422\ndetail: The specified version does not exist (or perhaps you don't have permission to use it?)
 sd15       en      P012   123                                                                                                                                                                              NSFW content detected. Try running it again, or try a different prompt.
 sd15       de      P028    42                                                                                                                                                                              NSFW content detected. Try running it again, or try a different prompt.
 sd15       es      P017    42                                                                                                                                                                              NSFW content detected. Try running it again, or try a different prompt.
 sd15       es      P021    42                                                                                                                                                                              NSFW content detected. Try running it again, or try a different prompt.
 sd15       es      P038    42                                                                                                                                                                              NSFW content detected. Try running it again, or try a different prompt.
 sd15       ar      P002   123                                                                                                                                                                              NSFW content detected. Try running it again, or try a different prompt.
 sd15       ar      P012   123                                                                                                                                                                              NSFW content detected. Try running it again, or try a different prompt.
 sd15       ar      P013    42                                                                                                                                                                              NSFW content detected. Try running it again, or try a different prompt.
 sd15       ar      P029   123                                                                                                                                                                              NSFW content detected. Try running it again, or try a different prompt.
 flux       es      P043    42 ReplicateError Details:\nstatus: 429\ndetail: Request was throttled. Your rate limit for creating predictions is reduced to 6 requests per minute with a burst of 1 requests while you have less than $5.0 in credit. Your rate limit resets in ~6s.
 flux       es      P043   123 ReplicateError Details:\nstatus: 429\ndetail: Request was throttled. Your rate limit for creating predictions is reduced to 6 requests per minute with a burst of 1 requests while you have less than $5.0 in credit. Your rate limit resets in ~1s.
 flux       es      P044   123 ReplicateError Details:\nstatus: 429\ndetail: Request was throttled. Your rate limit for creating predictions is reduced to 6 requests per minute with a burst of 1 requests while you have less than $5.0 in credit. Your rate limit resets in ~6s.
 flux       es      P045    42 ReplicateError Details:\nstatus: 429\ndetail: Request was throttled. Your rate limit for creating predictions is reduced to 6 requests per minute with a burst of 1 requests while you have less than $5.0 in credit. Your rate limit resets in ~1s.
 flux       es      P046    42 ReplicateError Details:\nstatus: 429\ndetail: Request was throttled. Your rate limit for creating predictions is reduced to 6 requests per minute with a burst of 1 requests while you have less than $5.0 in credit. Your rate limit resets in ~6s.
 flux       es      P046   123 ReplicateError Details:\nstatus: 429\ndetail: Request was throttled. Your rate limit for creating predictions is reduced to 6 requests per minute with a burst of 1 requests while you have less than $5.0 in credit. Your rate limit resets in ~1s.
 flux       es      P047   123 ReplicateError Details:\nstatus: 429\ndetail: Request was throttled. Your rate limit for creating predictions is reduced to 6 requests per minute with a burst of 1 requests while you have less than $5.0 in credit. Your rate limit resets in ~5s.
 flux       es      P048   123 ReplicateError Details:\nstatus: 429\ndetail: Request was throttled. Your rate limit for creating predictions is reduced to 6 requests per minute with a burst of 1 requests while you have less than $5.0 in credit. Your rate limit resets in ~5s.
 flux       es      P049   123 ReplicateError Details:\nstatus: 429\ndetail: Request was throttled. Your rate limit for creating predictions is reduced to 6 requests per minute with a burst of 1 requests while you have less than $5.0 in credit. Your rate limit resets in ~6s.
 flux       es      P050    42 ReplicateError Details:\nstatus: 429\ndetail: Request was throttled. Your rate limit for creating predictions is reduced to 6 requests per minute with a burst of 1 requests while you have less than $5.0 in credit. Your rate limit resets in ~1s.
 flux       ar      P001    42 ReplicateError Details:\nstatus: 429\ndetail: Request was throttled. Your rate limit for creating predictions is reduced to 6 requests per minute with a burst of 1 requests while you have less than $5.0 in credit. Your rate limit resets in ~5s.
 flux       ar      P002    42 ReplicateError Details:\nstatus: 429\ndetail: Request was throttled. Your rate limit for creating predictions is reduced to 6 requests per minute with a burst of 1 requests while you have less than $5.0 in credit. Your rate limit resets in ~6s.
 flux       ar      P002   123 ReplicateError Details:\nstatus: 429\ndetail: Request was throttled. Your rate limit for creating predictions is reduced to 6 requests per minute with a burst of 1 requests while you have less than $5.0 in credit. Your rate limit resets in ~1s.
 flux       ar      P003   123 ReplicateError Details:\nstatus: 429\ndetail: Request was throttled. Your rate limit for creating predictions is reduced to 6 requests per minute with a burst of 1 requests while you have less than $5.0 in credit. Your rate limit resets in ~6s.
 flux       ar      P004    42 ReplicateError Details:\nstatus: 429\ndetail: Request was throttled. Your rate limit for creating predictions is reduced to 6 requests per minute with a burst of 1 requests while you have less than $5.0 in credit. Your rate limit resets in ~1s.
 flux       ar      P005    42 ReplicateError Details:\nstatus: 429\ndetail: Request was throttled. Your rate limit for creating predictions is reduced to 6 requests per minute with a burst of 1 requests while you have less than $5.0 in credit. Your rate limit resets in ~6s.
 flux       ar      P005   123 ReplicateError Details:\nstatus: 429\ndetail: Request was throttled. Your rate limit for creating predictions is reduced to 6 requests per minute with a burst of 1 requests while you have less than $5.0 in credit. Your rate limit resets in ~1s.
 flux       ar      P006   123 ReplicateError Details:\nstatus: 429\ndetail: Request was throttled. Your rate limit for creating predictions is reduced to 6 requests per minute with a burst of 1 requests while you have less than $5.0 in credit. Your rate limit resets in ~6s.
 flux       ar      P007    42 ReplicateError Details:\nstatus: 429\ndetail: Request was throttled. Your rate limit for creating predictions is reduced to 6 requests per minute with a burst of 1 requests while you have less than $5.0 in credit. Your rate limit resets in ~1s.
 flux       ar      P008    42 ReplicateError Details:\nstatus: 429\ndetail: Request was throttled. Your rate limit for creating predictions is reduced to 6 requests per minute with a burst of 1 requests while you have less than $5.0 in credit. Your rate limit resets in ~6s.
 flux       ar      P008   123 ReplicateError Details:\nstatus: 429\ndetail: Request was throttled. Your rate limit for creating predictions is reduced to 6 requests per minute with a burst of 1 requests while you have less than $5.0 in credit. Your rate limit resets in ~1s.
 flux       ar      P009    42                                                                                                                                                           All generated images contained NSFW content. Try running it again with a different prompt.
 flux       ar      P009   123 ReplicateError Details:\nstatus: 429\ndetail: Request was throttled. Your rate limit for creating predictions is reduced to 6 requests per minute with a burst of 1 requests while you have less than $5.0 in credit. Your rate limit resets in ~2s.
 flux       ar      P010   123 ReplicateError Details:\nstatus: 429\ndetail: Request was throttled. Your rate limit for creating predictions is reduced to 6 requests per minute with a burst of 1 requests while you have less than $5.0 in credit. Your rate limit resets in ~4s.
 flux       ar      P011   123 ReplicateError Details:\nstatus: 429\ndetail: Request was throttled. Your rate limit for creating predictions is reduced to 6 requests per minute with a burst of 1 requests while you have less than $5.0 in credit. Your rate limit resets in ~6s.
 flux       ar      P012    42 ReplicateError Details:\nstatus: 429\ndetail: Request was throttled. Your rate limit for creating predictions is reduced to 6 requests per minute with a burst of 1 requests while you have less than $5.0 in credit. Your rate limit resets in ~1s.
 flux       ar      P013    42 ReplicateError Details:\nstatus: 429\ndetail: Request was throttled. Your rate limit for creating predictions is reduced to 6 requests per minute with a burst of 1 requests while you have less than $5.0 in credit. Your rate limit resets in ~3s.
 flux       ar      P014    42 ReplicateError Details:\nstatus: 429\ndetail: Request was throttled. Your rate limit for creating predictions is reduced to 6 requests per minute with a burst of 1 requests while you have less than $5.0 in credit. Your rate limit resets in ~6s.
 flux       ar      P014   123 ReplicateError Details:\nstatus: 429\ndetail: Request was throttled. Your rate limit for creating predictions is reduced to 6 requests per minute with a burst of 1 requests while you have less than $5.0 in credit. Your rate limit resets in ~1s.
 flux       ar      P015   123 ReplicateError Details:\nstatus: 429\ndetail: Request was throttled. Your rate limit for creating predictions is reduced to 6 requests per minute with a burst of 1 requests while you have less than $5.0 in credit. Your rate limit resets in ~6s.
 flux       ar      P016    42 ReplicateError Details:\nstatus: 429\ndetail: Request was throttled. Your rate limit for creating predictions is reduced to 6 requests per minute with a burst of 1 requests while you have less than $5.0 in credit. Your rate limit resets in ~1s.
 flux       ar      P017    42 ReplicateError Details:\nstatus: 429\ndetail: Request was throttled. Your rate limit for creating predictions is reduced to 6 requests per minute with a burst of 1 requests while you have less than $5.0 in credit. Your rate limit resets in ~6s.
 flux       ar      P017   123 ReplicateError Details:\nstatus: 429\ndetail: Request was throttled. Your rate limit for creating predictions is reduced to 6 requests per minute with a burst of 1 requests while you have less than $5.0 in credit. Your rate limit resets in ~1s.
 flux       ar      P018   123 ReplicateError Details:\nstatus: 429\ndetail: Request was throttled. Your rate limit for creating predictions is reduced to 6 requests per minute with a burst of 1 requests while you have less than $5.0 in credit. Your rate limit resets in ~6s.
 flux       ar      P019    42 ReplicateError Details:\nstatus: 429\ndetail: Request was throttled. Your rate limit for creating predictions is reduced to 6 requests per minute with a burst of 1 requests while you have less than $5.0 in credit. Your rate limit resets in ~1s.
 flux       ar      P020    42 ReplicateError Details:\nstatus: 429\ndetail: Request was throttled. Your rate limit for creating predictions is reduced to 6 requests per minute with a burst of 1 requests while you have less than $5.0 in credit. Your rate limit resets in ~5s.
 flux       ar      P021    42 ReplicateError Details:\nstatus: 429\ndetail: Request was throttled. Your rate limit for creating predictions is reduced to 6 requests per minute with a burst of 1 requests while you have less than $5.0 in credit. Your rate limit resets in ~6s.
 flux       ar      P021   123 ReplicateError Details:\nstatus: 429\ndetail: Request was throttled. Your rate limit for creating predictions is reduced to 6 requests per minute with a burst of 1 requests while you have less than $5.0 in credit. Your rate limit resets in ~1s.
 flux       ar      P022   123 ReplicateError Details:\nstatus: 429\ndetail: Request was throttled. Your rate limit for creating predictions is reduced to 6 requests per minute with a burst of 1 requests while you have less than $5.0 in credit. Your rate limit resets in ~6s.
 flux       ar      P023    42 ReplicateError Details:\nstatus: 429\ndetail: Request was throttled. Your rate limit for creating predictions is reduced to 6 requests per minute with a burst of 1 requests while you have less than $5.0 in credit. Your rate limit resets in ~1s.
 flux       ar      P024    42 ReplicateError Details:\nstatus: 429\ndetail: Request was throttled. Your rate limit for creating predictions is reduced to 6 requests per minute with a burst of 1 requests while you have less than $5.0 in credit. Your rate limit resets in ~5s.
 flux       ar      P025    42 ReplicateError Details:\nstatus: 429\ndetail: Request was throttled. Your rate limit for creating predictions is reduced to 6 requests per minute with a burst of 1 requests while you have less than $5.0 in credit. Your rate limit resets in ~6s.
 flux       ar      P026    42 ReplicateError Details:\nstatus: 429\ndetail: Request was throttled. Your rate limit for creating predictions is reduced to 6 requests per minute with a burst of 1 requests while you have less than $5.0 in credit. Your rate limit resets in ~6s.
 flux       ar      P027    42 ReplicateError Details:\nstatus: 429\ndetail: Request was throttled. Your rate limit for creating predictions is reduced to 6 requests per minute with a burst of 1 requests while you have less than $5.0 in credit. Your rate limit resets in ~6s.
 flux       ar      P028    42 ReplicateError Details:\nstatus: 429\ndetail: Request was throttled. Your rate limit for creating predictions is reduced to 6 requests per minute with a burst of 1 requests while you have less than $5.0 in credit. Your rate limit resets in ~6s.
 flux       ar      P029    42 ReplicateError Details:\nstatus: 429\ndetail: Request was throttled. Your rate limit for creating predictions is reduced to 6 requests per minute with a burst of 1 requests while you have less than $5.0 in credit. Your rate limit resets in ~5s.
 flux       ar      P030    42 ReplicateError Details:\nstatus: 429\ndetail: Request was throttled. Your rate limit for creating predictions is reduced to 6 requests per minute with a burst of 1 requests while you have less than $5.0 in credit. Your rate limit resets in ~5s.
 flux       ar      P031    42 ReplicateError Details:\nstatus: 429\ndetail: Request was throttled. Your rate limit for creating predictions is reduced to 6 requests per minute with a burst of 1 requests while you have less than $5.0 in credit. Your rate limit resets in ~1s.
 flux       ar      P032    42 ReplicateError Details:\nstatus: 429\ndetail: Request was throttled. Your rate limit for creating predictions is reduced to 6 requests per minute with a burst of 1 requests while you have less than $5.0 in credit. Your rate limit resets in ~6s.
 flux       ar      P033    42 ReplicateError Details:\nstatus: 429\ndetail: Request was throttled. Your rate limit for creating predictions is reduced to 6 requests per minute with a burst of 1 requests while you have less than $5.0 in credit. Your rate limit resets in ~6s.
 flux       ar      P033   123 ReplicateError Details:\nstatus: 429\ndetail: Request was throttled. Your rate limit for creating predictions is reduced to 6 requests per minute with a burst of 1 requests while you have less than $5.0 in credit. Your rate limit resets in ~1s.
 flux       ar      P034   123 ReplicateError Details:\nstatus: 429\ndetail: Request was throttled. Your rate limit for creating predictions is reduced to 6 requests per minute with a burst of 1 requests while you have less than $5.0 in credit. Your rate limit resets in ~5s.
 flux       ar      P035   123 ReplicateError Details:\nstatus: 429\ndetail: Request was throttled. Your rate limit for creating predictions is reduced to 6 requests per minute with a burst of 1 requests while you have less than $5.0 in credit. Your rate limit resets in ~5s.
 flux       ar      P036   123 ReplicateError Details:\nstatus: 429\ndetail: Request was throttled. Your rate limit for creating predictions is reduced to 6 requests per minute with a burst of 1 requests while you have less than $5.0 in credit. Your rate limit resets in ~6s.
 flux       ar      P037    42 ReplicateError Details:\nstatus: 429\ndetail: Request was throttled. Your rate limit for creating predictions is reduced to 6 requests per minute with a burst of 1 requests while you have less than $5.0 in credit. Your rate limit resets in ~1s.
 flux       ar      P038    42 ReplicateError Details:\nstatus: 429\ndetail: Request was throttled. Your rate limit for creating predictions is reduced to 6 requests per minute with a burst of 1 requests while you have less than $5.0 in credit. Your rate limit resets in ~6s.
 flux       ar      P039    42 ReplicateError Details:\nstatus: 429\ndetail: Request was throttled. Your rate limit for creating predictions is reduced to 6 requests per minute with a burst of 1 requests while you have less than $5.0 in credit. Your rate limit resets in ~6s.
 flux       ar      P039   123 ReplicateError Details:\nstatus: 429\ndetail: Request was throttled. Your rate limit for creating predictions is reduced to 6 requests per minute with a burst of 1 requests while you have less than $5.0 in credit. Your rate limit resets in ~1s.
 flux       ar      P041    42 ReplicateError Details:\nstatus: 429\ndetail: Request was throttled. Your rate limit for creating predictions is reduced to 6 requests per minute with a burst of 1 requests while you have less than $5.0 in credit. Your rate limit resets in ~6s.
 flux       ar      P042    42 ReplicateError Details:\nstatus: 429\ndetail: Request was throttled. Your rate limit for creating predictions is reduced to 6 requests per minute with a burst of 1 requests while you have less than $5.0 in credit. Your rate limit resets in ~6s.
 flux       ar      P043    42 ReplicateError Details:\nstatus: 429\ndetail: Request was throttled. Your rate limit for creating predictions is reduced to 6 requests per minute with a burst of 1 requests while you have less than $5.0 in credit. Your rate limit resets in ~6s.
 flux       ar      P043   123 ReplicateError Details:\nstatus: 429\ndetail: Request was throttled. Your rate limit for creating predictions is reduced to 6 requests per minute with a burst of 1 requests while you have less than $5.0 in credit. Your rate limit resets in ~1s.
 flux       ar      P045    42 ReplicateError Details:\nstatus: 429\ndetail: Request was throttled. Your rate limit for creating predictions is reduced to 6 requests per minute with a burst of 1 requests while you have less than $5.0 in credit. Your rate limit resets in ~6s.
 flux       ar      P046    42 ReplicateError Details:\nstatus: 429\ndetail: Request was throttled. Your rate limit for creating predictions is reduced to 6 requests per minute with a burst of 1 requests while you have less than $5.0 in credit. Your rate limit resets in ~1s.
 flux       ar      P047    42 ReplicateError Details:\nstatus: 429\ndetail: Request was throttled. Your rate limit for creating predictions is reduced to 6 requests per minute with a burst of 1 requests while you have less than $5.0 in credit. Your rate limit resets in ~5s.
 flux       ar      P048    42 ReplicateError Details:\nstatus: 429\ndetail: Request was throttled. Your rate limit for creating predictions is reduced to 6 requests per minute with a burst of 1 requests while you have less than $5.0 in credit. Your rate limit resets in ~6s.
 flux       ar      P049    42 ReplicateError Details:\nstatus: 429\ndetail: Request was throttled. Your rate limit for creating predictions is reduced to 6 requests per minute with a burst of 1 requests while you have less than $5.0 in credit. Your rate limit resets in ~6s.
 flux       ar      P049   123 ReplicateError Details:\nstatus: 429\ndetail: Request was throttled. Your rate limit for creating predictions is reduced to 6 requests per minute with a burst of 1 requests while you have less than $5.0 in credit. Your rate limit resets in ~1s.
 flux       ar      P050   123 ReplicateError Details:\nstatus: 429\ndetail: Request was throttled. Your rate limit for creating predictions is reduced to 6 requests per minute with a burst of 1 requests while you have less than $5.0 in credit. Your rate limit resets in ~3s.
 sd15       de      P028    42 ReplicateError Details:\nstatus: 429\ndetail: Request was throttled. Your rate limit for creating predictions is reduced to 6 requests per minute with a burst of 1 requests while you have less than $5.0 in credit. Your rate limit resets in ~7s.
 sd15       es      P017    42 ReplicateError Details:\nstatus: 429\ndetail: Request was throttled. Your rate limit for creating predictions is reduced to 6 requests per minute with a burst of 1 requests while you have less than $5.0 in credit. Your rate limit resets in ~2s.
 sd15       es      P038    42 ReplicateError Details:\nstatus: 429\ndetail: Request was throttled. Your rate limit for creating predictions is reduced to 6 requests per minute with a burst of 1 requests while you have less than $5.0 in credit. Your rate limit resets in ~8s.
 sd15       es      P017    42                                                                                                                                                                              NSFW content detected. Try running it again, or try a different prompt.
 sd15       ar      P012   123                                                                                                                                                                              NSFW content detected. Try running it again, or try a different prompt.
 sd15       ar      P029   123                                                                                                                                                                              NSFW content detected. Try running it again, or try a different prompt.
 flux       ar      P009    42                                                                                                                                                           All generated images contained NSFW content. Try running it again with a different prompt.
 flux       ar      P009    42                                                                                                                                                           All generated images contained NSFW content. Try running it again with a different prompt.
2026-05-22 14:56:14,533  INFO  ============================================================
2026-05-22 14:56:14,534  INFO  Images saved to : data\generated_images\phase1a/
2026-05-22 14:56:14,534  INFO  Log saved to    : results\phase1a\generation_log.csv
2026-05-22 14:56:54,311  INFO  Phase 1A — 1000 total images | 999 already done | 1 to generate
2026-05-22 14:56:57,880  ERROR  [FAIL] Unexpected error | flux | ar | P009 | seed=42 -> All generated images contained NSFW content. Try running it again with a different prompt.
2026-05-22 14:57:02,958  INFO  ============================================================
2026-05-22 14:57:02,959  INFO  Phase 1A complete -- [OK] 999 generated  [FAIL] 110 failed
2026-05-22 14:57:02,959  INFO  Failed images (re-run this script to retry them automatically):
2026-05-22 14:57:02,968  INFO  
model language prompt_id  seed                                                                                                                                                                                                                                                error
 sd15       en      P001    42                                                                        ReplicateError Details:\ntitle: Invalid version or not permitted\nstatus: 422\ndetail: The specified version does not exist (or perhaps you don't have permission to use it?)
 sd15       en      P001   123 ReplicateError Details:\nstatus: 429\ndetail: Request was throttled. Your rate limit for creating predictions is reduced to 6 requests per minute with a burst of 1 requests while you have less than $5.0 in credit. Your rate limit resets in ~5s.
 sd15       en      P002    42                                                                        ReplicateError Details:\ntitle: Invalid version or not permitted\nstatus: 422\ndetail: The specified version does not exist (or perhaps you don't have permission to use it?)
 sd15       en      P002   123 ReplicateError Details:\nstatus: 429\ndetail: Request was throttled. Your rate limit for creating predictions is reduced to 6 requests per minute with a burst of 1 requests while you have less than $5.0 in credit. Your rate limit resets in ~5s.
 sd15       en      P003    42                                                                        ReplicateError Details:\ntitle: Invalid version or not permitted\nstatus: 422\ndetail: The specified version does not exist (or perhaps you don't have permission to use it?)
 sd15       en      P003   123 ReplicateError Details:\nstatus: 429\ndetail: Request was throttled. Your rate limit for creating predictions is reduced to 6 requests per minute with a burst of 1 requests while you have less than $5.0 in credit. Your rate limit resets in ~5s.
 sd15       en      P004    42                                                                        ReplicateError Details:\ntitle: Invalid version or not permitted\nstatus: 422\ndetail: The specified version does not exist (or perhaps you don't have permission to use it?)
 sd15       en      P004   123 ReplicateError Details:\nstatus: 429\ndetail: Request was throttled. Your rate limit for creating predictions is reduced to 6 requests per minute with a burst of 1 requests while you have less than $5.0 in credit. Your rate limit resets in ~5s.
 sd15       en      P005    42                                                                        ReplicateError Details:\ntitle: Invalid version or not permitted\nstatus: 422\ndetail: The specified version does not exist (or perhaps you don't have permission to use it?)
 sd15       en      P005   123 ReplicateError Details:\nstatus: 429\ndetail: Request was throttled. Your rate limit for creating predictions is reduced to 6 requests per minute with a burst of 1 requests while you have less than $5.0 in credit. Your rate limit resets in ~5s.
 sd15       en      P006    42                                                                        ReplicateError Details:\ntitle: Invalid version or not permitted\nstatus: 422\ndetail: The specified version does not exist (or perhaps you don't have permission to use it?)
 sd15       en      P006   123 ReplicateError Details:\nstatus: 429\ndetail: Request was throttled. Your rate limit for creating predictions is reduced to 6 requests per minute with a burst of 1 requests while you have less than $5.0 in credit. Your rate limit resets in ~5s.
 sd15       en      P007    42                                                                        ReplicateError Details:\ntitle: Invalid version or not permitted\nstatus: 422\ndetail: The specified version does not exist (or perhaps you don't have permission to use it?)
 sd15       en      P007   123 ReplicateError Details:\nstatus: 429\ndetail: Request was throttled. Your rate limit for creating predictions is reduced to 6 requests per minute with a burst of 1 requests while you have less than $5.0 in credit. Your rate limit resets in ~5s.
 sd15       en      P008    42                                                                        ReplicateError Details:\ntitle: Invalid version or not permitted\nstatus: 422\ndetail: The specified version does not exist (or perhaps you don't have permission to use it?)
 sd15       en      P008   123 ReplicateError Details:\nstatus: 429\ndetail: Request was throttled. Your rate limit for creating predictions is reduced to 6 requests per minute with a burst of 1 requests while you have less than $5.0 in credit. Your rate limit resets in ~5s.
 sd15       en      P009    42                                                                        ReplicateError Details:\ntitle: Invalid version or not permitted\nstatus: 422\ndetail: The specified version does not exist (or perhaps you don't have permission to use it?)
 sd15       en      P009   123 ReplicateError Details:\nstatus: 429\ndetail: Request was throttled. Your rate limit for creating predictions is reduced to 6 requests per minute with a burst of 1 requests while you have less than $5.0 in credit. Your rate limit resets in ~5s.
 sd15       en      P010    42                                                                        ReplicateError Details:\ntitle: Invalid version or not permitted\nstatus: 422\ndetail: The specified version does not exist (or perhaps you don't have permission to use it?)
 sd15       en      P010   123 ReplicateError Details:\nstatus: 429\ndetail: Request was throttled. Your rate limit for creating predictions is reduced to 6 requests per minute with a burst of 1 requests while you have less than $5.0 in credit. Your rate limit resets in ~5s.
 sd15       en      P011    42                                                                        ReplicateError Details:\ntitle: Invalid version or not permitted\nstatus: 422\ndetail: The specified version does not exist (or perhaps you don't have permission to use it?)
 sd15       en      P011   123 ReplicateError Details:\nstatus: 429\ndetail: Request was throttled. Your rate limit for creating predictions is reduced to 6 requests per minute with a burst of 1 requests while you have less than $5.0 in credit. Your rate limit resets in ~5s.
 sd15       en      P012    42                                                                        ReplicateError Details:\ntitle: Invalid version or not permitted\nstatus: 422\ndetail: The specified version does not exist (or perhaps you don't have permission to use it?)
 sd15       en      P012   123                                                                                                                                                                              NSFW content detected. Try running it again, or try a different prompt.
 sd15       de      P028    42                                                                                                                                                                              NSFW content detected. Try running it again, or try a different prompt.
 sd15       es      P017    42                                                                                                                                                                              NSFW content detected. Try running it again, or try a different prompt.
 sd15       es      P021    42                                                                                                                                                                              NSFW content detected. Try running it again, or try a different prompt.
 sd15       es      P038    42                                                                                                                                                                              NSFW content detected. Try running it again, or try a different prompt.
 sd15       ar      P002   123                                                                                                                                                                              NSFW content detected. Try running it again, or try a different prompt.
 sd15       ar      P012   123                                                                                                                                                                              NSFW content detected. Try running it again, or try a different prompt.
 sd15       ar      P013    42                                                                                                                                                                              NSFW content detected. Try running it again, or try a different prompt.
 sd15       ar      P029   123                                                                                                                                                                              NSFW content detected. Try running it again, or try a different prompt.
 flux       es      P043    42 ReplicateError Details:\nstatus: 429\ndetail: Request was throttled. Your rate limit for creating predictions is reduced to 6 requests per minute with a burst of 1 requests while you have less than $5.0 in credit. Your rate limit resets in ~6s.
 flux       es      P043   123 ReplicateError Details:\nstatus: 429\ndetail: Request was throttled. Your rate limit for creating predictions is reduced to 6 requests per minute with a burst of 1 requests while you have less than $5.0 in credit. Your rate limit resets in ~1s.
 flux       es      P044   123 ReplicateError Details:\nstatus: 429\ndetail: Request was throttled. Your rate limit for creating predictions is reduced to 6 requests per minute with a burst of 1 requests while you have less than $5.0 in credit. Your rate limit resets in ~6s.
 flux       es      P045    42 ReplicateError Details:\nstatus: 429\ndetail: Request was throttled. Your rate limit for creating predictions is reduced to 6 requests per minute with a burst of 1 requests while you have less than $5.0 in credit. Your rate limit resets in ~1s.
 flux       es      P046    42 ReplicateError Details:\nstatus: 429\ndetail: Request was throttled. Your rate limit for creating predictions is reduced to 6 requests per minute with a burst of 1 requests while you have less than $5.0 in credit. Your rate limit resets in ~6s.
 flux       es      P046   123 ReplicateError Details:\nstatus: 429\ndetail: Request was throttled. Your rate limit for creating predictions is reduced to 6 requests per minute with a burst of 1 requests while you have less than $5.0 in credit. Your rate limit resets in ~1s.
 flux       es      P047   123 ReplicateError Details:\nstatus: 429\ndetail: Request was throttled. Your rate limit for creating predictions is reduced to 6 requests per minute with a burst of 1 requests while you have less than $5.0 in credit. Your rate limit resets in ~5s.
 flux       es      P048   123 ReplicateError Details:\nstatus: 429\ndetail: Request was throttled. Your rate limit for creating predictions is reduced to 6 requests per minute with a burst of 1 requests while you have less than $5.0 in credit. Your rate limit resets in ~5s.
 flux       es      P049   123 ReplicateError Details:\nstatus: 429\ndetail: Request was throttled. Your rate limit for creating predictions is reduced to 6 requests per minute with a burst of 1 requests while you have less than $5.0 in credit. Your rate limit resets in ~6s.
 flux       es      P050    42 ReplicateError Details:\nstatus: 429\ndetail: Request was throttled. Your rate limit for creating predictions is reduced to 6 requests per minute with a burst of 1 requests while you have less than $5.0 in credit. Your rate limit resets in ~1s.
 flux       ar      P001    42 ReplicateError Details:\nstatus: 429\ndetail: Request was throttled. Your rate limit for creating predictions is reduced to 6 requests per minute with a burst of 1 requests while you have less than $5.0 in credit. Your rate limit resets in ~5s.
 flux       ar      P002    42 ReplicateError Details:\nstatus: 429\ndetail: Request was throttled. Your rate limit for creating predictions is reduced to 6 requests per minute with a burst of 1 requests while you have less than $5.0 in credit. Your rate limit resets in ~6s.
 flux       ar      P002   123 ReplicateError Details:\nstatus: 429\ndetail: Request was throttled. Your rate limit for creating predictions is reduced to 6 requests per minute with a burst of 1 requests while you have less than $5.0 in credit. Your rate limit resets in ~1s.
 flux       ar      P003   123 ReplicateError Details:\nstatus: 429\ndetail: Request was throttled. Your rate limit for creating predictions is reduced to 6 requests per minute with a burst of 1 requests while you have less than $5.0 in credit. Your rate limit resets in ~6s.
 flux       ar      P004    42 ReplicateError Details:\nstatus: 429\ndetail: Request was throttled. Your rate limit for creating predictions is reduced to 6 requests per minute with a burst of 1 requests while you have less than $5.0 in credit. Your rate limit resets in ~1s.
 flux       ar      P005    42 ReplicateError Details:\nstatus: 429\ndetail: Request was throttled. Your rate limit for creating predictions is reduced to 6 requests per minute with a burst of 1 requests while you have less than $5.0 in credit. Your rate limit resets in ~6s.
 flux       ar      P005   123 ReplicateError Details:\nstatus: 429\ndetail: Request was throttled. Your rate limit for creating predictions is reduced to 6 requests per minute with a burst of 1 requests while you have less than $5.0 in credit. Your rate limit resets in ~1s.
 flux       ar      P006   123 ReplicateError Details:\nstatus: 429\ndetail: Request was throttled. Your rate limit for creating predictions is reduced to 6 requests per minute with a burst of 1 requests while you have less than $5.0 in credit. Your rate limit resets in ~6s.
 flux       ar      P007    42 ReplicateError Details:\nstatus: 429\ndetail: Request was throttled. Your rate limit for creating predictions is reduced to 6 requests per minute with a burst of 1 requests while you have less than $5.0 in credit. Your rate limit resets in ~1s.
 flux       ar      P008    42 ReplicateError Details:\nstatus: 429\ndetail: Request was throttled. Your rate limit for creating predictions is reduced to 6 requests per minute with a burst of 1 requests while you have less than $5.0 in credit. Your rate limit resets in ~6s.
 flux       ar      P008   123 ReplicateError Details:\nstatus: 429\ndetail: Request was throttled. Your rate limit for creating predictions is reduced to 6 requests per minute with a burst of 1 requests while you have less than $5.0 in credit. Your rate limit resets in ~1s.
 flux       ar      P009    42                                                                                                                                                           All generated images contained NSFW content. Try running it again with a different prompt.
 flux       ar      P009   123 ReplicateError Details:\nstatus: 429\ndetail: Request was throttled. Your rate limit for creating predictions is reduced to 6 requests per minute with a burst of 1 requests while you have less than $5.0 in credit. Your rate limit resets in ~2s.
 flux       ar      P010   123 ReplicateError Details:\nstatus: 429\ndetail: Request was throttled. Your rate limit for creating predictions is reduced to 6 requests per minute with a burst of 1 requests while you have less than $5.0 in credit. Your rate limit resets in ~4s.
 flux       ar      P011   123 ReplicateError Details:\nstatus: 429\ndetail: Request was throttled. Your rate limit for creating predictions is reduced to 6 requests per minute with a burst of 1 requests while you have less than $5.0 in credit. Your rate limit resets in ~6s.
 flux       ar      P012    42 ReplicateError Details:\nstatus: 429\ndetail: Request was throttled. Your rate limit for creating predictions is reduced to 6 requests per minute with a burst of 1 requests while you have less than $5.0 in credit. Your rate limit resets in ~1s.
 flux       ar      P013    42 ReplicateError Details:\nstatus: 429\ndetail: Request was throttled. Your rate limit for creating predictions is reduced to 6 requests per minute with a burst of 1 requests while you have less than $5.0 in credit. Your rate limit resets in ~3s.
 flux       ar      P014    42 ReplicateError Details:\nstatus: 429\ndetail: Request was throttled. Your rate limit for creating predictions is reduced to 6 requests per minute with a burst of 1 requests while you have less than $5.0 in credit. Your rate limit resets in ~6s.
 flux       ar      P014   123 ReplicateError Details:\nstatus: 429\ndetail: Request was throttled. Your rate limit for creating predictions is reduced to 6 requests per minute with a burst of 1 requests while you have less than $5.0 in credit. Your rate limit resets in ~1s.
 flux       ar      P015   123 ReplicateError Details:\nstatus: 429\ndetail: Request was throttled. Your rate limit for creating predictions is reduced to 6 requests per minute with a burst of 1 requests while you have less than $5.0 in credit. Your rate limit resets in ~6s.
 flux       ar      P016    42 ReplicateError Details:\nstatus: 429\ndetail: Request was throttled. Your rate limit for creating predictions is reduced to 6 requests per minute with a burst of 1 requests while you have less than $5.0 in credit. Your rate limit resets in ~1s.
 flux       ar      P017    42 ReplicateError Details:\nstatus: 429\ndetail: Request was throttled. Your rate limit for creating predictions is reduced to 6 requests per minute with a burst of 1 requests while you have less than $5.0 in credit. Your rate limit resets in ~6s.
 flux       ar      P017   123 ReplicateError Details:\nstatus: 429\ndetail: Request was throttled. Your rate limit for creating predictions is reduced to 6 requests per minute with a burst of 1 requests while you have less than $5.0 in credit. Your rate limit resets in ~1s.
 flux       ar      P018   123 ReplicateError Details:\nstatus: 429\ndetail: Request was throttled. Your rate limit for creating predictions is reduced to 6 requests per minute with a burst of 1 requests while you have less than $5.0 in credit. Your rate limit resets in ~6s.
 flux       ar      P019    42 ReplicateError Details:\nstatus: 429\ndetail: Request was throttled. Your rate limit for creating predictions is reduced to 6 requests per minute with a burst of 1 requests while you have less than $5.0 in credit. Your rate limit resets in ~1s.
 flux       ar      P020    42 ReplicateError Details:\nstatus: 429\ndetail: Request was throttled. Your rate limit for creating predictions is reduced to 6 requests per minute with a burst of 1 requests while you have less than $5.0 in credit. Your rate limit resets in ~5s.
 flux       ar      P021    42 ReplicateError Details:\nstatus: 429\ndetail: Request was throttled. Your rate limit for creating predictions is reduced to 6 requests per minute with a burst of 1 requests while you have less than $5.0 in credit. Your rate limit resets in ~6s.
 flux       ar      P021   123 ReplicateError Details:\nstatus: 429\ndetail: Request was throttled. Your rate limit for creating predictions is reduced to 6 requests per minute with a burst of 1 requests while you have less than $5.0 in credit. Your rate limit resets in ~1s.
 flux       ar      P022   123 ReplicateError Details:\nstatus: 429\ndetail: Request was throttled. Your rate limit for creating predictions is reduced to 6 requests per minute with a burst of 1 requests while you have less than $5.0 in credit. Your rate limit resets in ~6s.
 flux       ar      P023    42 ReplicateError Details:\nstatus: 429\ndetail: Request was throttled. Your rate limit for creating predictions is reduced to 6 requests per minute with a burst of 1 requests while you have less than $5.0 in credit. Your rate limit resets in ~1s.
 flux       ar      P024    42 ReplicateError Details:\nstatus: 429\ndetail: Request was throttled. Your rate limit for creating predictions is reduced to 6 requests per minute with a burst of 1 requests while you have less than $5.0 in credit. Your rate limit resets in ~5s.
 flux       ar      P025    42 ReplicateError Details:\nstatus: 429\ndetail: Request was throttled. Your rate limit for creating predictions is reduced to 6 requests per minute with a burst of 1 requests while you have less than $5.0 in credit. Your rate limit resets in ~6s.
 flux       ar      P026    42 ReplicateError Details:\nstatus: 429\ndetail: Request was throttled. Your rate limit for creating predictions is reduced to 6 requests per minute with a burst of 1 requests while you have less than $5.0 in credit. Your rate limit resets in ~6s.
 flux       ar      P027    42 ReplicateError Details:\nstatus: 429\ndetail: Request was throttled. Your rate limit for creating predictions is reduced to 6 requests per minute with a burst of 1 requests while you have less than $5.0 in credit. Your rate limit resets in ~6s.
 flux       ar      P028    42 ReplicateError Details:\nstatus: 429\ndetail: Request was throttled. Your rate limit for creating predictions is reduced to 6 requests per minute with a burst of 1 requests while you have less than $5.0 in credit. Your rate limit resets in ~6s.
 flux       ar      P029    42 ReplicateError Details:\nstatus: 429\ndetail: Request was throttled. Your rate limit for creating predictions is reduced to 6 requests per minute with a burst of 1 requests while you have less than $5.0 in credit. Your rate limit resets in ~5s.
 flux       ar      P030    42 ReplicateError Details:\nstatus: 429\ndetail: Request was throttled. Your rate limit for creating predictions is reduced to 6 requests per minute with a burst of 1 requests while you have less than $5.0 in credit. Your rate limit resets in ~5s.
 flux       ar      P031    42 ReplicateError Details:\nstatus: 429\ndetail: Request was throttled. Your rate limit for creating predictions is reduced to 6 requests per minute with a burst of 1 requests while you have less than $5.0 in credit. Your rate limit resets in ~1s.
 flux       ar      P032    42 ReplicateError Details:\nstatus: 429\ndetail: Request was throttled. Your rate limit for creating predictions is reduced to 6 requests per minute with a burst of 1 requests while you have less than $5.0 in credit. Your rate limit resets in ~6s.
 flux       ar      P033    42 ReplicateError Details:\nstatus: 429\ndetail: Request was throttled. Your rate limit for creating predictions is reduced to 6 requests per minute with a burst of 1 requests while you have less than $5.0 in credit. Your rate limit resets in ~6s.
 flux       ar      P033   123 ReplicateError Details:\nstatus: 429\ndetail: Request was throttled. Your rate limit for creating predictions is reduced to 6 requests per minute with a burst of 1 requests while you have less than $5.0 in credit. Your rate limit resets in ~1s.
 flux       ar      P034   123 ReplicateError Details:\nstatus: 429\ndetail: Request was throttled. Your rate limit for creating predictions is reduced to 6 requests per minute with a burst of 1 requests while you have less than $5.0 in credit. Your rate limit resets in ~5s.
 flux       ar      P035   123 ReplicateError Details:\nstatus: 429\ndetail: Request was throttled. Your rate limit for creating predictions is reduced to 6 requests per minute with a burst of 1 requests while you have less than $5.0 in credit. Your rate limit resets in ~5s.
 flux       ar      P036   123 ReplicateError Details:\nstatus: 429\ndetail: Request was throttled. Your rate limit for creating predictions is reduced to 6 requests per minute with a burst of 1 requests while you have less than $5.0 in credit. Your rate limit resets in ~6s.
 flux       ar      P037    42 ReplicateError Details:\nstatus: 429\ndetail: Request was throttled. Your rate limit for creating predictions is reduced to 6 requests per minute with a burst of 1 requests while you have less than $5.0 in credit. Your rate limit resets in ~1s.
 flux       ar      P038    42 ReplicateError Details:\nstatus: 429\ndetail: Request was throttled. Your rate limit for creating predictions is reduced to 6 requests per minute with a burst of 1 requests while you have less than $5.0 in credit. Your rate limit resets in ~6s.
 flux       ar      P039    42 ReplicateError Details:\nstatus: 429\ndetail: Request was throttled. Your rate limit for creating predictions is reduced to 6 requests per minute with a burst of 1 requests while you have less than $5.0 in credit. Your rate limit resets in ~6s.
 flux       ar      P039   123 ReplicateError Details:\nstatus: 429\ndetail: Request was throttled. Your rate limit for creating predictions is reduced to 6 requests per minute with a burst of 1 requests while you have less than $5.0 in credit. Your rate limit resets in ~1s.
 flux       ar      P041    42 ReplicateError Details:\nstatus: 429\ndetail: Request was throttled. Your rate limit for creating predictions is reduced to 6 requests per minute with a burst of 1 requests while you have less than $5.0 in credit. Your rate limit resets in ~6s.
 flux       ar      P042    42 ReplicateError Details:\nstatus: 429\ndetail: Request was throttled. Your rate limit for creating predictions is reduced to 6 requests per minute with a burst of 1 requests while you have less than $5.0 in credit. Your rate limit resets in ~6s.
 flux       ar      P043    42 ReplicateError Details:\nstatus: 429\ndetail: Request was throttled. Your rate limit for creating predictions is reduced to 6 requests per minute with a burst of 1 requests while you have less than $5.0 in credit. Your rate limit resets in ~6s.
 flux       ar      P043   123 ReplicateError Details:\nstatus: 429\ndetail: Request was throttled. Your rate limit for creating predictions is reduced to 6 requests per minute with a burst of 1 requests while you have less than $5.0 in credit. Your rate limit resets in ~1s.
 flux       ar      P045    42 ReplicateError Details:\nstatus: 429\ndetail: Request was throttled. Your rate limit for creating predictions is reduced to 6 requests per minute with a burst of 1 requests while you have less than $5.0 in credit. Your rate limit resets in ~6s.
 flux       ar      P046    42 ReplicateError Details:\nstatus: 429\ndetail: Request was throttled. Your rate limit for creating predictions is reduced to 6 requests per minute with a burst of 1 requests while you have less than $5.0 in credit. Your rate limit resets in ~1s.
 flux       ar      P047    42 ReplicateError Details:\nstatus: 429\ndetail: Request was throttled. Your rate limit for creating predictions is reduced to 6 requests per minute with a burst of 1 requests while you have less than $5.0 in credit. Your rate limit resets in ~5s.
 flux       ar      P048    42 ReplicateError Details:\nstatus: 429\ndetail: Request was throttled. Your rate limit for creating predictions is reduced to 6 requests per minute with a burst of 1 requests while you have less than $5.0 in credit. Your rate limit resets in ~6s.
 flux       ar      P049    42 ReplicateError Details:\nstatus: 429\ndetail: Request was throttled. Your rate limit for creating predictions is reduced to 6 requests per minute with a burst of 1 requests while you have less than $5.0 in credit. Your rate limit resets in ~6s.
 flux       ar      P049   123 ReplicateError Details:\nstatus: 429\ndetail: Request was throttled. Your rate limit for creating predictions is reduced to 6 requests per minute with a burst of 1 requests while you have less than $5.0 in credit. Your rate limit resets in ~1s.
 flux       ar      P050   123 ReplicateError Details:\nstatus: 429\ndetail: Request was throttled. Your rate limit for creating predictions is reduced to 6 requests per minute with a burst of 1 requests while you have less than $5.0 in credit. Your rate limit resets in ~3s.
 sd15       de      P028    42 ReplicateError Details:\nstatus: 429\ndetail: Request was throttled. Your rate limit for creating predictions is reduced to 6 requests per minute with a burst of 1 requests while you have less than $5.0 in credit. Your rate limit resets in ~7s.
 sd15       es      P017    42 ReplicateError Details:\nstatus: 429\ndetail: Request was throttled. Your rate limit for creating predictions is reduced to 6 requests per minute with a burst of 1 requests while you have less than $5.0 in credit. Your rate limit resets in ~2s.
 sd15       es      P038    42 ReplicateError Details:\nstatus: 429\ndetail: Request was throttled. Your rate limit for creating predictions is reduced to 6 requests per minute with a burst of 1 requests while you have less than $5.0 in credit. Your rate limit resets in ~8s.
 sd15       es      P017    42                                                                                                                                                                              NSFW content detected. Try running it again, or try a different prompt.
 sd15       ar      P012   123                                                                                                                                                                              NSFW content detected. Try running it again, or try a different prompt.
 sd15       ar      P029   123                                                                                                                                                                              NSFW content detected. Try running it again, or try a different prompt.
 flux       ar      P009    42                                                                                                                                                           All generated images contained NSFW content. Try running it again with a different prompt.
 flux       ar      P009    42                                                                                                                                                           All generated images contained NSFW content. Try running it again with a different prompt.
 flux       ar      P009    42                                                                                                                                                           All generated images contained NSFW content. Try running it again with a different prompt.
2026-05-22 14:57:02,968  INFO  ============================================================
2026-05-22 14:57:02,969  INFO  Images saved to : data\generated_images\phase1a/
2026-05-22 14:57:02,969  INFO  Log saved to    : results\phase1a\generation_log.csv
2026-05-22 15:07:38,162  INFO  Phase 1A — 1000 total images | 999 already done | 1 to generate
2026-05-22 15:07:42,442  ERROR  [FAIL] Unexpected error | flux | ar | P009 | seed=42 -> All generated images contained NSFW content. Try running it again with a different prompt.
2026-05-22 15:07:47,521  INFO  ============================================================
2026-05-22 15:07:47,521  INFO  Phase 1A complete -- [OK] 999 generated  [FAIL] 111 failed
2026-05-22 15:07:47,521  INFO  Failed images (re-run this script to retry them automatically):
2026-05-22 15:07:47,546  INFO  
model language prompt_id  seed                                                                                                                                                                                                                                                error
 sd15       en      P001    42                                                                        ReplicateError Details:\ntitle: Invalid version or not permitted\nstatus: 422\ndetail: The specified version does not exist (or perhaps you don't have permission to use it?)
 sd15       en      P001   123 ReplicateError Details:\nstatus: 429\ndetail: Request was throttled. Your rate limit for creating predictions is reduced to 6 requests per minute with a burst of 1 requests while you have less than $5.0 in credit. Your rate limit resets in ~5s.
 sd15       en      P002    42                                                                        ReplicateError Details:\ntitle: Invalid version or not permitted\nstatus: 422\ndetail: The specified version does not exist (or perhaps you don't have permission to use it?)
 sd15       en      P002   123 ReplicateError Details:\nstatus: 429\ndetail: Request was throttled. Your rate limit for creating predictions is reduced to 6 requests per minute with a burst of 1 requests while you have less than $5.0 in credit. Your rate limit resets in ~5s.
 sd15       en      P003    42                                                                        ReplicateError Details:\ntitle: Invalid version or not permitted\nstatus: 422\ndetail: The specified version does not exist (or perhaps you don't have permission to use it?)
 sd15       en      P003   123 ReplicateError Details:\nstatus: 429\ndetail: Request was throttled. Your rate limit for creating predictions is reduced to 6 requests per minute with a burst of 1 requests while you have less than $5.0 in credit. Your rate limit resets in ~5s.
 sd15       en      P004    42                                                                        ReplicateError Details:\ntitle: Invalid version or not permitted\nstatus: 422\ndetail: The specified version does not exist (or perhaps you don't have permission to use it?)
 sd15       en      P004   123 ReplicateError Details:\nstatus: 429\ndetail: Request was throttled. Your rate limit for creating predictions is reduced to 6 requests per minute with a burst of 1 requests while you have less than $5.0 in credit. Your rate limit resets in ~5s.
 sd15       en      P005    42                                                                        ReplicateError Details:\ntitle: Invalid version or not permitted\nstatus: 422\ndetail: The specified version does not exist (or perhaps you don't have permission to use it?)
 sd15       en      P005   123 ReplicateError Details:\nstatus: 429\ndetail: Request was throttled. Your rate limit for creating predictions is reduced to 6 requests per minute with a burst of 1 requests while you have less than $5.0 in credit. Your rate limit resets in ~5s.
 sd15       en      P006    42                                                                        ReplicateError Details:\ntitle: Invalid version or not permitted\nstatus: 422\ndetail: The specified version does not exist (or perhaps you don't have permission to use it?)
 sd15       en      P006   123 ReplicateError Details:\nstatus: 429\ndetail: Request was throttled. Your rate limit for creating predictions is reduced to 6 requests per minute with a burst of 1 requests while you have less than $5.0 in credit. Your rate limit resets in ~5s.
 sd15       en      P007    42                                                                        ReplicateError Details:\ntitle: Invalid version or not permitted\nstatus: 422\ndetail: The specified version does not exist (or perhaps you don't have permission to use it?)
 sd15       en      P007   123 ReplicateError Details:\nstatus: 429\ndetail: Request was throttled. Your rate limit for creating predictions is reduced to 6 requests per minute with a burst of 1 requests while you have less than $5.0 in credit. Your rate limit resets in ~5s.
 sd15       en      P008    42                                                                        ReplicateError Details:\ntitle: Invalid version or not permitted\nstatus: 422\ndetail: The specified version does not exist (or perhaps you don't have permission to use it?)
 sd15       en      P008   123 ReplicateError Details:\nstatus: 429\ndetail: Request was throttled. Your rate limit for creating predictions is reduced to 6 requests per minute with a burst of 1 requests while you have less than $5.0 in credit. Your rate limit resets in ~5s.
 sd15       en      P009    42                                                                        ReplicateError Details:\ntitle: Invalid version or not permitted\nstatus: 422\ndetail: The specified version does not exist (or perhaps you don't have permission to use it?)
 sd15       en      P009   123 ReplicateError Details:\nstatus: 429\ndetail: Request was throttled. Your rate limit for creating predictions is reduced to 6 requests per minute with a burst of 1 requests while you have less than $5.0 in credit. Your rate limit resets in ~5s.
 sd15       en      P010    42                                                                        ReplicateError Details:\ntitle: Invalid version or not permitted\nstatus: 422\ndetail: The specified version does not exist (or perhaps you don't have permission to use it?)
 sd15       en      P010   123 ReplicateError Details:\nstatus: 429\ndetail: Request was throttled. Your rate limit for creating predictions is reduced to 6 requests per minute with a burst of 1 requests while you have less than $5.0 in credit. Your rate limit resets in ~5s.
 sd15       en      P011    42                                                                        ReplicateError Details:\ntitle: Invalid version or not permitted\nstatus: 422\ndetail: The specified version does not exist (or perhaps you don't have permission to use it?)
 sd15       en      P011   123 ReplicateError Details:\nstatus: 429\ndetail: Request was throttled. Your rate limit for creating predictions is reduced to 6 requests per minute with a burst of 1 requests while you have less than $5.0 in credit. Your rate limit resets in ~5s.
 sd15       en      P012    42                                                                        ReplicateError Details:\ntitle: Invalid version or not permitted\nstatus: 422\ndetail: The specified version does not exist (or perhaps you don't have permission to use it?)
 sd15       en      P012   123                                                                                                                                                                              NSFW content detected. Try running it again, or try a different prompt.
 sd15       de      P028    42                                                                                                                                                                              NSFW content detected. Try running it again, or try a different prompt.
 sd15       es      P017    42                                                                                                                                                                              NSFW content detected. Try running it again, or try a different prompt.
 sd15       es      P021    42                                                                                                                                                                              NSFW content detected. Try running it again, or try a different prompt.
 sd15       es      P038    42                                                                                                                                                                              NSFW content detected. Try running it again, or try a different prompt.
 sd15       ar      P002   123                                                                                                                                                                              NSFW content detected. Try running it again, or try a different prompt.
 sd15       ar      P012   123                                                                                                                                                                              NSFW content detected. Try running it again, or try a different prompt.
 sd15       ar      P013    42                                                                                                                                                                              NSFW content detected. Try running it again, or try a different prompt.
 sd15       ar      P029   123                                                                                                                                                                              NSFW content detected. Try running it again, or try a different prompt.
 flux       es      P043    42 ReplicateError Details:\nstatus: 429\ndetail: Request was throttled. Your rate limit for creating predictions is reduced to 6 requests per minute with a burst of 1 requests while you have less than $5.0 in credit. Your rate limit resets in ~6s.
 flux       es      P043   123 ReplicateError Details:\nstatus: 429\ndetail: Request was throttled. Your rate limit for creating predictions is reduced to 6 requests per minute with a burst of 1 requests while you have less than $5.0 in credit. Your rate limit resets in ~1s.
 flux       es      P044   123 ReplicateError Details:\nstatus: 429\ndetail: Request was throttled. Your rate limit for creating predictions is reduced to 6 requests per minute with a burst of 1 requests while you have less than $5.0 in credit. Your rate limit resets in ~6s.
 flux       es      P045    42 ReplicateError Details:\nstatus: 429\ndetail: Request was throttled. Your rate limit for creating predictions is reduced to 6 requests per minute with a burst of 1 requests while you have less than $5.0 in credit. Your rate limit resets in ~1s.
 flux       es      P046    42 ReplicateError Details:\nstatus: 429\ndetail: Request was throttled. Your rate limit for creating predictions is reduced to 6 requests per minute with a burst of 1 requests while you have less than $5.0 in credit. Your rate limit resets in ~6s.
 flux       es      P046   123 ReplicateError Details:\nstatus: 429\ndetail: Request was throttled. Your rate limit for creating predictions is reduced to 6 requests per minute with a burst of 1 requests while you have less than $5.0 in credit. Your rate limit resets in ~1s.
 flux       es      P047   123 ReplicateError Details:\nstatus: 429\ndetail: Request was throttled. Your rate limit for creating predictions is reduced to 6 requests per minute with a burst of 1 requests while you have less than $5.0 in credit. Your rate limit resets in ~5s.
 flux       es      P048   123 ReplicateError Details:\nstatus: 429\ndetail: Request was throttled. Your rate limit for creating predictions is reduced to 6 requests per minute with a burst of 1 requests while you have less than $5.0 in credit. Your rate limit resets in ~5s.
 flux       es      P049   123 ReplicateError Details:\nstatus: 429\ndetail: Request was throttled. Your rate limit for creating predictions is reduced to 6 requests per minute with a burst of 1 requests while you have less than $5.0 in credit. Your rate limit resets in ~6s.
 flux       es      P050    42 ReplicateError Details:\nstatus: 429\ndetail: Request was throttled. Your rate limit for creating predictions is reduced to 6 requests per minute with a burst of 1 requests while you have less than $5.0 in credit. Your rate limit resets in ~1s.
 flux       ar      P001    42 ReplicateError Details:\nstatus: 429\ndetail: Request was throttled. Your rate limit for creating predictions is reduced to 6 requests per minute with a burst of 1 requests while you have less than $5.0 in credit. Your rate limit resets in ~5s.
 flux       ar      P002    42 ReplicateError Details:\nstatus: 429\ndetail: Request was throttled. Your rate limit for creating predictions is reduced to 6 requests per minute with a burst of 1 requests while you have less than $5.0 in credit. Your rate limit resets in ~6s.
 flux       ar      P002   123 ReplicateError Details:\nstatus: 429\ndetail: Request was throttled. Your rate limit for creating predictions is reduced to 6 requests per minute with a burst of 1 requests while you have less than $5.0 in credit. Your rate limit resets in ~1s.
 flux       ar      P003   123 ReplicateError Details:\nstatus: 429\ndetail: Request was throttled. Your rate limit for creating predictions is reduced to 6 requests per minute with a burst of 1 requests while you have less than $5.0 in credit. Your rate limit resets in ~6s.
 flux       ar      P004    42 ReplicateError Details:\nstatus: 429\ndetail: Request was throttled. Your rate limit for creating predictions is reduced to 6 requests per minute with a burst of 1 requests while you have less than $5.0 in credit. Your rate limit resets in ~1s.
 flux       ar      P005    42 ReplicateError Details:\nstatus: 429\ndetail: Request was throttled. Your rate limit for creating predictions is reduced to 6 requests per minute with a burst of 1 requests while you have less than $5.0 in credit. Your rate limit resets in ~6s.
 flux       ar      P005   123 ReplicateError Details:\nstatus: 429\ndetail: Request was throttled. Your rate limit for creating predictions is reduced to 6 requests per minute with a burst of 1 requests while you have less than $5.0 in credit. Your rate limit resets in ~1s.
 flux       ar      P006   123 ReplicateError Details:\nstatus: 429\ndetail: Request was throttled. Your rate limit for creating predictions is reduced to 6 requests per minute with a burst of 1 requests while you have less than $5.0 in credit. Your rate limit resets in ~6s.
 flux       ar      P007    42 ReplicateError Details:\nstatus: 429\ndetail: Request was throttled. Your rate limit for creating predictions is reduced to 6 requests per minute with a burst of 1 requests while you have less than $5.0 in credit. Your rate limit resets in ~1s.
 flux       ar      P008    42 ReplicateError Details:\nstatus: 429\ndetail: Request was throttled. Your rate limit for creating predictions is reduced to 6 requests per minute with a burst of 1 requests while you have less than $5.0 in credit. Your rate limit resets in ~6s.
 flux       ar      P008   123 ReplicateError Details:\nstatus: 429\ndetail: Request was throttled. Your rate limit for creating predictions is reduced to 6 requests per minute with a burst of 1 requests while you have less than $5.0 in credit. Your rate limit resets in ~1s.
 flux       ar      P009    42                                                                                                                                                           All generated images contained NSFW content. Try running it again with a different prompt.
 flux       ar      P009   123 ReplicateError Details:\nstatus: 429\ndetail: Request was throttled. Your rate limit for creating predictions is reduced to 6 requests per minute with a burst of 1 requests while you have less than $5.0 in credit. Your rate limit resets in ~2s.
 flux       ar      P010   123 ReplicateError Details:\nstatus: 429\ndetail: Request was throttled. Your rate limit for creating predictions is reduced to 6 requests per minute with a burst of 1 requests while you have less than $5.0 in credit. Your rate limit resets in ~4s.
 flux       ar      P011   123 ReplicateError Details:\nstatus: 429\ndetail: Request was throttled. Your rate limit for creating predictions is reduced to 6 requests per minute with a burst of 1 requests while you have less than $5.0 in credit. Your rate limit resets in ~6s.
 flux       ar      P012    42 ReplicateError Details:\nstatus: 429\ndetail: Request was throttled. Your rate limit for creating predictions is reduced to 6 requests per minute with a burst of 1 requests while you have less than $5.0 in credit. Your rate limit resets in ~1s.
 flux       ar      P013    42 ReplicateError Details:\nstatus: 429\ndetail: Request was throttled. Your rate limit for creating predictions is reduced to 6 requests per minute with a burst of 1 requests while you have less than $5.0 in credit. Your rate limit resets in ~3s.
 flux       ar      P014    42 ReplicateError Details:\nstatus: 429\ndetail: Request was throttled. Your rate limit for creating predictions is reduced to 6 requests per minute with a burst of 1 requests while you have less than $5.0 in credit. Your rate limit resets in ~6s.
 flux       ar      P014   123 ReplicateError Details:\nstatus: 429\ndetail: Request was throttled. Your rate limit for creating predictions is reduced to 6 requests per minute with a burst of 1 requests while you have less than $5.0 in credit. Your rate limit resets in ~1s.
 flux       ar      P015   123 ReplicateError Details:\nstatus: 429\ndetail: Request was throttled. Your rate limit for creating predictions is reduced to 6 requests per minute with a burst of 1 requests while you have less than $5.0 in credit. Your rate limit resets in ~6s.
 flux       ar      P016    42 ReplicateError Details:\nstatus: 429\ndetail: Request was throttled. Your rate limit for creating predictions is reduced to 6 requests per minute with a burst of 1 requests while you have less than $5.0 in credit. Your rate limit resets in ~1s.
 flux       ar      P017    42 ReplicateError Details:\nstatus: 429\ndetail: Request was throttled. Your rate limit for creating predictions is reduced to 6 requests per minute with a burst of 1 requests while you have less than $5.0 in credit. Your rate limit resets in ~6s.
 flux       ar      P017   123 ReplicateError Details:\nstatus: 429\ndetail: Request was throttled. Your rate limit for creating predictions is reduced to 6 requests per minute with a burst of 1 requests while you have less than $5.0 in credit. Your rate limit resets in ~1s.
 flux       ar      P018   123 ReplicateError Details:\nstatus: 429\ndetail: Request was throttled. Your rate limit for creating predictions is reduced to 6 requests per minute with a burst of 1 requests while you have less than $5.0 in credit. Your rate limit resets in ~6s.
 flux       ar      P019    42 ReplicateError Details:\nstatus: 429\ndetail: Request was throttled. Your rate limit for creating predictions is reduced to 6 requests per minute with a burst of 1 requests while you have less than $5.0 in credit. Your rate limit resets in ~1s.
 flux       ar      P020    42 ReplicateError Details:\nstatus: 429\ndetail: Request was throttled. Your rate limit for creating predictions is reduced to 6 requests per minute with a burst of 1 requests while you have less than $5.0 in credit. Your rate limit resets in ~5s.
 flux       ar      P021    42 ReplicateError Details:\nstatus: 429\ndetail: Request was throttled. Your rate limit for creating predictions is reduced to 6 requests per minute with a burst of 1 requests while you have less than $5.0 in credit. Your rate limit resets in ~6s.
 flux       ar      P021   123 ReplicateError Details:\nstatus: 429\ndetail: Request was throttled. Your rate limit for creating predictions is reduced to 6 requests per minute with a burst of 1 requests while you have less than $5.0 in credit. Your rate limit resets in ~1s.
 flux       ar      P022   123 ReplicateError Details:\nstatus: 429\ndetail: Request was throttled. Your rate limit for creating predictions is reduced to 6 requests per minute with a burst of 1 requests while you have less than $5.0 in credit. Your rate limit resets in ~6s.
 flux       ar      P023    42 ReplicateError Details:\nstatus: 429\ndetail: Request was throttled. Your rate limit for creating predictions is reduced to 6 requests per minute with a burst of 1 requests while you have less than $5.0 in credit. Your rate limit resets in ~1s.
 flux       ar      P024    42 ReplicateError Details:\nstatus: 429\ndetail: Request was throttled. Your rate limit for creating predictions is reduced to 6 requests per minute with a burst of 1 requests while you have less than $5.0 in credit. Your rate limit resets in ~5s.
 flux       ar      P025    42 ReplicateError Details:\nstatus: 429\ndetail: Request was throttled. Your rate limit for creating predictions is reduced to 6 requests per minute with a burst of 1 requests while you have less than $5.0 in credit. Your rate limit resets in ~6s.
 flux       ar      P026    42 ReplicateError Details:\nstatus: 429\ndetail: Request was throttled. Your rate limit for creating predictions is reduced to 6 requests per minute with a burst of 1 requests while you have less than $5.0 in credit. Your rate limit resets in ~6s.
 flux       ar      P027    42 ReplicateError Details:\nstatus: 429\ndetail: Request was throttled. Your rate limit for creating predictions is reduced to 6 requests per minute with a burst of 1 requests while you have less than $5.0 in credit. Your rate limit resets in ~6s.
 flux       ar      P028    42 ReplicateError Details:\nstatus: 429\ndetail: Request was throttled. Your rate limit for creating predictions is reduced to 6 requests per minute with a burst of 1 requests while you have less than $5.0 in credit. Your rate limit resets in ~6s.
 flux       ar      P029    42 ReplicateError Details:\nstatus: 429\ndetail: Request was throttled. Your rate limit for creating predictions is reduced to 6 requests per minute with a burst of 1 requests while you have less than $5.0 in credit. Your rate limit resets in ~5s.
 flux       ar      P030    42 ReplicateError Details:\nstatus: 429\ndetail: Request was throttled. Your rate limit for creating predictions is reduced to 6 requests per minute with a burst of 1 requests while you have less than $5.0 in credit. Your rate limit resets in ~5s.
 flux       ar      P031    42 ReplicateError Details:\nstatus: 429\ndetail: Request was throttled. Your rate limit for creating predictions is reduced to 6 requests per minute with a burst of 1 requests while you have less than $5.0 in credit. Your rate limit resets in ~1s.
 flux       ar      P032    42 ReplicateError Details:\nstatus: 429\ndetail: Request was throttled. Your rate limit for creating predictions is reduced to 6 requests per minute with a burst of 1 requests while you have less than $5.0 in credit. Your rate limit resets in ~6s.
 flux       ar      P033    42 ReplicateError Details:\nstatus: 429\ndetail: Request was throttled. Your rate limit for creating predictions is reduced to 6 requests per minute with a burst of 1 requests while you have less than $5.0 in credit. Your rate limit resets in ~6s.
 flux       ar      P033   123 ReplicateError Details:\nstatus: 429\ndetail: Request was throttled. Your rate limit for creating predictions is reduced to 6 requests per minute with a burst of 1 requests while you have less than $5.0 in credit. Your rate limit resets in ~1s.
 flux       ar      P034   123 ReplicateError Details:\nstatus: 429\ndetail: Request was throttled. Your rate limit for creating predictions is reduced to 6 requests per minute with a burst of 1 requests while you have less than $5.0 in credit. Your rate limit resets in ~5s.
 flux       ar      P035   123 ReplicateError Details:\nstatus: 429\ndetail: Request was throttled. Your rate limit for creating predictions is reduced to 6 requests per minute with a burst of 1 requests while you have less than $5.0 in credit. Your rate limit resets in ~5s.
 flux       ar      P036   123 ReplicateError Details:\nstatus: 429\ndetail: Request was throttled. Your rate limit for creating predictions is reduced to 6 requests per minute with a burst of 1 requests while you have less than $5.0 in credit. Your rate limit resets in ~6s.
 flux       ar      P037    42 ReplicateError Details:\nstatus: 429\ndetail: Request was throttled. Your rate limit for creating predictions is reduced to 6 requests per minute with a burst of 1 requests while you have less than $5.0 in credit. Your rate limit resets in ~1s.
 flux       ar      P038    42 ReplicateError Details:\nstatus: 429\ndetail: Request was throttled. Your rate limit for creating predictions is reduced to 6 requests per minute with a burst of 1 requests while you have less than $5.0 in credit. Your rate limit resets in ~6s.
 flux       ar      P039    42 ReplicateError Details:\nstatus: 429\ndetail: Request was throttled. Your rate limit for creating predictions is reduced to 6 requests per minute with a burst of 1 requests while you have less than $5.0 in credit. Your rate limit resets in ~6s.
 flux       ar      P039   123 ReplicateError Details:\nstatus: 429\ndetail: Request was throttled. Your rate limit for creating predictions is reduced to 6 requests per minute with a burst of 1 requests while you have less than $5.0 in credit. Your rate limit resets in ~1s.
 flux       ar      P041    42 ReplicateError Details:\nstatus: 429\ndetail: Request was throttled. Your rate limit for creating predictions is reduced to 6 requests per minute with a burst of 1 requests while you have less than $5.0 in credit. Your rate limit resets in ~6s.
 flux       ar      P042    42 ReplicateError Details:\nstatus: 429\ndetail: Request was throttled. Your rate limit for creating predictions is reduced to 6 requests per minute with a burst of 1 requests while you have less than $5.0 in credit. Your rate limit resets in ~6s.
 flux       ar      P043    42 ReplicateError Details:\nstatus: 429\ndetail: Request was throttled. Your rate limit for creating predictions is reduced to 6 requests per minute with a burst of 1 requests while you have less than $5.0 in credit. Your rate limit resets in ~6s.
 flux       ar      P043   123 ReplicateError Details:\nstatus: 429\ndetail: Request was throttled. Your rate limit for creating predictions is reduced to 6 requests per minute with a burst of 1 requests while you have less than $5.0 in credit. Your rate limit resets in ~1s.
 flux       ar      P045    42 ReplicateError Details:\nstatus: 429\ndetail: Request was throttled. Your rate limit for creating predictions is reduced to 6 requests per minute with a burst of 1 requests while you have less than $5.0 in credit. Your rate limit resets in ~6s.
 flux       ar      P046    42 ReplicateError Details:\nstatus: 429\ndetail: Request was throttled. Your rate limit for creating predictions is reduced to 6 requests per minute with a burst of 1 requests while you have less than $5.0 in credit. Your rate limit resets in ~1s.
 flux       ar      P047    42 ReplicateError Details:\nstatus: 429\ndetail: Request was throttled. Your rate limit for creating predictions is reduced to 6 requests per minute with a burst of 1 requests while you have less than $5.0 in credit. Your rate limit resets in ~5s.
 flux       ar      P048    42 ReplicateError Details:\nstatus: 429\ndetail: Request was throttled. Your rate limit for creating predictions is reduced to 6 requests per minute with a burst of 1 requests while you have less than $5.0 in credit. Your rate limit resets in ~6s.
 flux       ar      P049    42 ReplicateError Details:\nstatus: 429\ndetail: Request was throttled. Your rate limit for creating predictions is reduced to 6 requests per minute with a burst of 1 requests while you have less than $5.0 in credit. Your rate limit resets in ~6s.
 flux       ar      P049   123 ReplicateError Details:\nstatus: 429\ndetail: Request was throttled. Your rate limit for creating predictions is reduced to 6 requests per minute with a burst of 1 requests while you have less than $5.0 in credit. Your rate limit resets in ~1s.
 flux       ar      P050   123 ReplicateError Details:\nstatus: 429\ndetail: Request was throttled. Your rate limit for creating predictions is reduced to 6 requests per minute with a burst of 1 requests while you have less than $5.0 in credit. Your rate limit resets in ~3s.
 sd15       de      P028    42 ReplicateError Details:\nstatus: 429\ndetail: Request was throttled. Your rate limit for creating predictions is reduced to 6 requests per minute with a burst of 1 requests while you have less than $5.0 in credit. Your rate limit resets in ~7s.
 sd15       es      P017    42 ReplicateError Details:\nstatus: 429\ndetail: Request was throttled. Your rate limit for creating predictions is reduced to 6 requests per minute with a burst of 1 requests while you have less than $5.0 in credit. Your rate limit resets in ~2s.
 sd15       es      P038    42 ReplicateError Details:\nstatus: 429\ndetail: Request was throttled. Your rate limit for creating predictions is reduced to 6 requests per minute with a burst of 1 requests while you have less than $5.0 in credit. Your rate limit resets in ~8s.
 sd15       es      P017    42                                                                                                                                                                              NSFW content detected. Try running it again, or try a different prompt.
 sd15       ar      P012   123                                                                                                                                                                              NSFW content detected. Try running it again, or try a different prompt.
 sd15       ar      P029   123                                                                                                                                                                              NSFW content detected. Try running it again, or try a different prompt.
 flux       ar      P009    42                                                                                                                                                           All generated images contained NSFW content. Try running it again with a different prompt.
 flux       ar      P009    42                                                                                                                                                           All generated images contained NSFW content. Try running it again with a different prompt.
 flux       ar      P009    42                                                                                                                                                           All generated images contained NSFW content. Try running it again with a different prompt.
 flux       ar      P009    42                                                                                                                                                           All generated images contained NSFW content. Try running it again with a different prompt.
2026-05-22 15:07:47,548  INFO  ============================================================
2026-05-22 15:07:47,548  INFO  Images saved to : data\generated_images\phase1a/
2026-05-22 15:07:47,548  INFO  Log saved to    : results\phase1a\generation_log.csv
2026-05-22 15:12:14,776  INFO  Phase 1A — 1000 total images | 999 already done | 1 to generate
2026-05-22 15:12:18,354  ERROR  [FAIL] Unexpected error | flux | ar | P009 | seed=42 -> All generated images contained NSFW content. Try running it again with a different prompt.
2026-05-22 15:12:23,556  INFO  ============================================================
2026-05-22 15:12:23,557  INFO  Phase 1A complete -- [OK] 999 generated  [FAIL] 112 failed
2026-05-22 15:12:23,558  INFO  Failed images (re-run this script to retry them automatically):
2026-05-22 15:12:23,604  INFO  
model language prompt_id  seed                                                                                                                                                                                                                                                error
 sd15       en      P001    42                                                                        ReplicateError Details:\ntitle: Invalid version or not permitted\nstatus: 422\ndetail: The specified version does not exist (or perhaps you don't have permission to use it?)
 sd15       en      P001   123 ReplicateError Details:\nstatus: 429\ndetail: Request was throttled. Your rate limit for creating predictions is reduced to 6 requests per minute with a burst of 1 requests while you have less than $5.0 in credit. Your rate limit resets in ~5s.
 sd15       en      P002    42                                                                        ReplicateError Details:\ntitle: Invalid version or not permitted\nstatus: 422\ndetail: The specified version does not exist (or perhaps you don't have permission to use it?)
 sd15       en      P002   123 ReplicateError Details:\nstatus: 429\ndetail: Request was throttled. Your rate limit for creating predictions is reduced to 6 requests per minute with a burst of 1 requests while you have less than $5.0 in credit. Your rate limit resets in ~5s.
 sd15       en      P003    42                                                                        ReplicateError Details:\ntitle: Invalid version or not permitted\nstatus: 422\ndetail: The specified version does not exist (or perhaps you don't have permission to use it?)
 sd15       en      P003   123 ReplicateError Details:\nstatus: 429\ndetail: Request was throttled. Your rate limit for creating predictions is reduced to 6 requests per minute with a burst of 1 requests while you have less than $5.0 in credit. Your rate limit resets in ~5s.
 sd15       en      P004    42                                                                        ReplicateError Details:\ntitle: Invalid version or not permitted\nstatus: 422\ndetail: The specified version does not exist (or perhaps you don't have permission to use it?)
 sd15       en      P004   123 ReplicateError Details:\nstatus: 429\ndetail: Request was throttled. Your rate limit for creating predictions is reduced to 6 requests per minute with a burst of 1 requests while you have less than $5.0 in credit. Your rate limit resets in ~5s.
 sd15       en      P005    42                                                                        ReplicateError Details:\ntitle: Invalid version or not permitted\nstatus: 422\ndetail: The specified version does not exist (or perhaps you don't have permission to use it?)
 sd15       en      P005   123 ReplicateError Details:\nstatus: 429\ndetail: Request was throttled. Your rate limit for creating predictions is reduced to 6 requests per minute with a burst of 1 requests while you have less than $5.0 in credit. Your rate limit resets in ~5s.
 sd15       en      P006    42                                                                        ReplicateError Details:\ntitle: Invalid version or not permitted\nstatus: 422\ndetail: The specified version does not exist (or perhaps you don't have permission to use it?)
 sd15       en      P006   123 ReplicateError Details:\nstatus: 429\ndetail: Request was throttled. Your rate limit for creating predictions is reduced to 6 requests per minute with a burst of 1 requests while you have less than $5.0 in credit. Your rate limit resets in ~5s.
 sd15       en      P007    42                                                                        ReplicateError Details:\ntitle: Invalid version or not permitted\nstatus: 422\ndetail: The specified version does not exist (or perhaps you don't have permission to use it?)
 sd15       en      P007   123 ReplicateError Details:\nstatus: 429\ndetail: Request was throttled. Your rate limit for creating predictions is reduced to 6 requests per minute with a burst of 1 requests while you have less than $5.0 in credit. Your rate limit resets in ~5s.
 sd15       en      P008    42                                                                        ReplicateError Details:\ntitle: Invalid version or not permitted\nstatus: 422\ndetail: The specified version does not exist (or perhaps you don't have permission to use it?)
 sd15       en      P008   123 ReplicateError Details:\nstatus: 429\ndetail: Request was throttled. Your rate limit for creating predictions is reduced to 6 requests per minute with a burst of 1 requests while you have less than $5.0 in credit. Your rate limit resets in ~5s.
 sd15       en      P009    42                                                                        ReplicateError Details:\ntitle: Invalid version or not permitted\nstatus: 422\ndetail: The specified version does not exist (or perhaps you don't have permission to use it?)
 sd15       en      P009   123 ReplicateError Details:\nstatus: 429\ndetail: Request was throttled. Your rate limit for creating predictions is reduced to 6 requests per minute with a burst of 1 requests while you have less than $5.0 in credit. Your rate limit resets in ~5s.
 sd15       en      P010    42                                                                        ReplicateError Details:\ntitle: Invalid version or not permitted\nstatus: 422\ndetail: The specified version does not exist (or perhaps you don't have permission to use it?)
 sd15       en      P010   123 ReplicateError Details:\nstatus: 429\ndetail: Request was throttled. Your rate limit for creating predictions is reduced to 6 requests per minute with a burst of 1 requests while you have less than $5.0 in credit. Your rate limit resets in ~5s.
 sd15       en      P011    42                                                                        ReplicateError Details:\ntitle: Invalid version or not permitted\nstatus: 422\ndetail: The specified version does not exist (or perhaps you don't have permission to use it?)
 sd15       en      P011   123 ReplicateError Details:\nstatus: 429\ndetail: Request was throttled. Your rate limit for creating predictions is reduced to 6 requests per minute with a burst of 1 requests while you have less than $5.0 in credit. Your rate limit resets in ~5s.
 sd15       en      P012    42                                                                        ReplicateError Details:\ntitle: Invalid version or not permitted\nstatus: 422\ndetail: The specified version does not exist (or perhaps you don't have permission to use it?)
 sd15       en      P012   123                                                                                                                                                                              NSFW content detected. Try running it again, or try a different prompt.
 sd15       de      P028    42                                                                                                                                                                              NSFW content detected. Try running it again, or try a different prompt.
 sd15       es      P017    42                                                                                                                                                                              NSFW content detected. Try running it again, or try a different prompt.
 sd15       es      P021    42                                                                                                                                                                              NSFW content detected. Try running it again, or try a different prompt.
 sd15       es      P038    42                                                                                                                                                                              NSFW content detected. Try running it again, or try a different prompt.
 sd15       ar      P002   123                                                                                                                                                                              NSFW content detected. Try running it again, or try a different prompt.
 sd15       ar      P012   123                                                                                                                                                                              NSFW content detected. Try running it again, or try a different prompt.
 sd15       ar      P013    42                                                                                                                                                                              NSFW content detected. Try running it again, or try a different prompt.
 sd15       ar      P029   123                                                                                                                                                                              NSFW content detected. Try running it again, or try a different prompt.
 flux       es      P043    42 ReplicateError Details:\nstatus: 429\ndetail: Request was throttled. Your rate limit for creating predictions is reduced to 6 requests per minute with a burst of 1 requests while you have less than $5.0 in credit. Your rate limit resets in ~6s.
 flux       es      P043   123 ReplicateError Details:\nstatus: 429\ndetail: Request was throttled. Your rate limit for creating predictions is reduced to 6 requests per minute with a burst of 1 requests while you have less than $5.0 in credit. Your rate limit resets in ~1s.
 flux       es      P044   123 ReplicateError Details:\nstatus: 429\ndetail: Request was throttled. Your rate limit for creating predictions is reduced to 6 requests per minute with a burst of 1 requests while you have less than $5.0 in credit. Your rate limit resets in ~6s.
 flux       es      P045    42 ReplicateError Details:\nstatus: 429\ndetail: Request was throttled. Your rate limit for creating predictions is reduced to 6 requests per minute with a burst of 1 requests while you have less than $5.0 in credit. Your rate limit resets in ~1s.
 flux       es      P046    42 ReplicateError Details:\nstatus: 429\ndetail: Request was throttled. Your rate limit for creating predictions is reduced to 6 requests per minute with a burst of 1 requests while you have less than $5.0 in credit. Your rate limit resets in ~6s.
 flux       es      P046   123 ReplicateError Details:\nstatus: 429\ndetail: Request was throttled. Your rate limit for creating predictions is reduced to 6 requests per minute with a burst of 1 requests while you have less than $5.0 in credit. Your rate limit resets in ~1s.
 flux       es      P047   123 ReplicateError Details:\nstatus: 429\ndetail: Request was throttled. Your rate limit for creating predictions is reduced to 6 requests per minute with a burst of 1 requests while you have less than $5.0 in credit. Your rate limit resets in ~5s.
 flux       es      P048   123 ReplicateError Details:\nstatus: 429\ndetail: Request was throttled. Your rate limit for creating predictions is reduced to 6 requests per minute with a burst of 1 requests while you have less than $5.0 in credit. Your rate limit resets in ~5s.
 flux       es      P049   123 ReplicateError Details:\nstatus: 429\ndetail: Request was throttled. Your rate limit for creating predictions is reduced to 6 requests per minute with a burst of 1 requests while you have less than $5.0 in credit. Your rate limit resets in ~6s.
 flux       es      P050    42 ReplicateError Details:\nstatus: 429\ndetail: Request was throttled. Your rate limit for creating predictions is reduced to 6 requests per minute with a burst of 1 requests while you have less than $5.0 in credit. Your rate limit resets in ~1s.
 flux       ar      P001    42 ReplicateError Details:\nstatus: 429\ndetail: Request was throttled. Your rate limit for creating predictions is reduced to 6 requests per minute with a burst of 1 requests while you have less than $5.0 in credit. Your rate limit resets in ~5s.
 flux       ar      P002    42 ReplicateError Details:\nstatus: 429\ndetail: Request was throttled. Your rate limit for creating predictions is reduced to 6 requests per minute with a burst of 1 requests while you have less than $5.0 in credit. Your rate limit resets in ~6s.
 flux       ar      P002   123 ReplicateError Details:\nstatus: 429\ndetail: Request was throttled. Your rate limit for creating predictions is reduced to 6 requests per minute with a burst of 1 requests while you have less than $5.0 in credit. Your rate limit resets in ~1s.
 flux       ar      P003   123 ReplicateError Details:\nstatus: 429\ndetail: Request was throttled. Your rate limit for creating predictions is reduced to 6 requests per minute with a burst of 1 requests while you have less than $5.0 in credit. Your rate limit resets in ~6s.
 flux       ar      P004    42 ReplicateError Details:\nstatus: 429\ndetail: Request was throttled. Your rate limit for creating predictions is reduced to 6 requests per minute with a burst of 1 requests while you have less than $5.0 in credit. Your rate limit resets in ~1s.
 flux       ar      P005    42 ReplicateError Details:\nstatus: 429\ndetail: Request was throttled. Your rate limit for creating predictions is reduced to 6 requests per minute with a burst of 1 requests while you have less than $5.0 in credit. Your rate limit resets in ~6s.
 flux       ar      P005   123 ReplicateError Details:\nstatus: 429\ndetail: Request was throttled. Your rate limit for creating predictions is reduced to 6 requests per minute with a burst of 1 requests while you have less than $5.0 in credit. Your rate limit resets in ~1s.
 flux       ar      P006   123 ReplicateError Details:\nstatus: 429\ndetail: Request was throttled. Your rate limit for creating predictions is reduced to 6 requests per minute with a burst of 1 requests while you have less than $5.0 in credit. Your rate limit resets in ~6s.
 flux       ar      P007    42 ReplicateError Details:\nstatus: 429\ndetail: Request was throttled. Your rate limit for creating predictions is reduced to 6 requests per minute with a burst of 1 requests while you have less than $5.0 in credit. Your rate limit resets in ~1s.
 flux       ar      P008    42 ReplicateError Details:\nstatus: 429\ndetail: Request was throttled. Your rate limit for creating predictions is reduced to 6 requests per minute with a burst of 1 requests while you have less than $5.0 in credit. Your rate limit resets in ~6s.
 flux       ar      P008   123 ReplicateError Details:\nstatus: 429\ndetail: Request was throttled. Your rate limit for creating predictions is reduced to 6 requests per minute with a burst of 1 requests while you have less than $5.0 in credit. Your rate limit resets in ~1s.
 flux       ar      P009    42                                                                                                                                                           All generated images contained NSFW content. Try running it again with a different prompt.
 flux       ar      P009   123 ReplicateError Details:\nstatus: 429\ndetail: Request was throttled. Your rate limit for creating predictions is reduced to 6 requests per minute with a burst of 1 requests while you have less than $5.0 in credit. Your rate limit resets in ~2s.
 flux       ar      P010   123 ReplicateError Details:\nstatus: 429\ndetail: Request was throttled. Your rate limit for creating predictions is reduced to 6 requests per minute with a burst of 1 requests while you have less than $5.0 in credit. Your rate limit resets in ~4s.
 flux       ar      P011   123 ReplicateError Details:\nstatus: 429\ndetail: Request was throttled. Your rate limit for creating predictions is reduced to 6 requests per minute with a burst of 1 requests while you have less than $5.0 in credit. Your rate limit resets in ~6s.
 flux       ar      P012    42 ReplicateError Details:\nstatus: 429\ndetail: Request was throttled. Your rate limit for creating predictions is reduced to 6 requests per minute with a burst of 1 requests while you have less than $5.0 in credit. Your rate limit resets in ~1s.
 flux       ar      P013    42 ReplicateError Details:\nstatus: 429\ndetail: Request was throttled. Your rate limit for creating predictions is reduced to 6 requests per minute with a burst of 1 requests while you have less than $5.0 in credit. Your rate limit resets in ~3s.
 flux       ar      P014    42 ReplicateError Details:\nstatus: 429\ndetail: Request was throttled. Your rate limit for creating predictions is reduced to 6 requests per minute with a burst of 1 requests while you have less than $5.0 in credit. Your rate limit resets in ~6s.
 flux       ar      P014   123 ReplicateError Details:\nstatus: 429\ndetail: Request was throttled. Your rate limit for creating predictions is reduced to 6 requests per minute with a burst of 1 requests while you have less than $5.0 in credit. Your rate limit resets in ~1s.
 flux       ar      P015   123 ReplicateError Details:\nstatus: 429\ndetail: Request was throttled. Your rate limit for creating predictions is reduced to 6 requests per minute with a burst of 1 requests while you have less than $5.0 in credit. Your rate limit resets in ~6s.
 flux       ar      P016    42 ReplicateError Details:\nstatus: 429\ndetail: Request was throttled. Your rate limit for creating predictions is reduced to 6 requests per minute with a burst of 1 requests while you have less than $5.0 in credit. Your rate limit resets in ~1s.
 flux       ar      P017    42 ReplicateError Details:\nstatus: 429\ndetail: Request was throttled. Your rate limit for creating predictions is reduced to 6 requests per minute with a burst of 1 requests while you have less than $5.0 in credit. Your rate limit resets in ~6s.
 flux       ar      P017   123 ReplicateError Details:\nstatus: 429\ndetail: Request was throttled. Your rate limit for creating predictions is reduced to 6 requests per minute with a burst of 1 requests while you have less than $5.0 in credit. Your rate limit resets in ~1s.
 flux       ar      P018   123 ReplicateError Details:\nstatus: 429\ndetail: Request was throttled. Your rate limit for creating predictions is reduced to 6 requests per minute with a burst of 1 requests while you have less than $5.0 in credit. Your rate limit resets in ~6s.
 flux       ar      P019    42 ReplicateError Details:\nstatus: 429\ndetail: Request was throttled. Your rate limit for creating predictions is reduced to 6 requests per minute with a burst of 1 requests while you have less than $5.0 in credit. Your rate limit resets in ~1s.
 flux       ar      P020    42 ReplicateError Details:\nstatus: 429\ndetail: Request was throttled. Your rate limit for creating predictions is reduced to 6 requests per minute with a burst of 1 requests while you have less than $5.0 in credit. Your rate limit resets in ~5s.
 flux       ar      P021    42 ReplicateError Details:\nstatus: 429\ndetail: Request was throttled. Your rate limit for creating predictions is reduced to 6 requests per minute with a burst of 1 requests while you have less than $5.0 in credit. Your rate limit resets in ~6s.
 flux       ar      P021   123 ReplicateError Details:\nstatus: 429\ndetail: Request was throttled. Your rate limit for creating predictions is reduced to 6 requests per minute with a burst of 1 requests while you have less than $5.0 in credit. Your rate limit resets in ~1s.
 flux       ar      P022   123 ReplicateError Details:\nstatus: 429\ndetail: Request was throttled. Your rate limit for creating predictions is reduced to 6 requests per minute with a burst of 1 requests while you have less than $5.0 in credit. Your rate limit resets in ~6s.
 flux       ar      P023    42 ReplicateError Details:\nstatus: 429\ndetail: Request was throttled. Your rate limit for creating predictions is reduced to 6 requests per minute with a burst of 1 requests while you have less than $5.0 in credit. Your rate limit resets in ~1s.
 flux       ar      P024    42 ReplicateError Details:\nstatus: 429\ndetail: Request was throttled. Your rate limit for creating predictions is reduced to 6 requests per minute with a burst of 1 requests while you have less than $5.0 in credit. Your rate limit resets in ~5s.
 flux       ar      P025    42 ReplicateError Details:\nstatus: 429\ndetail: Request was throttled. Your rate limit for creating predictions is reduced to 6 requests per minute with a burst of 1 requests while you have less than $5.0 in credit. Your rate limit resets in ~6s.
 flux       ar      P026    42 ReplicateError Details:\nstatus: 429\ndetail: Request was throttled. Your rate limit for creating predictions is reduced to 6 requests per minute with a burst of 1 requests while you have less than $5.0 in credit. Your rate limit resets in ~6s.
 flux       ar      P027    42 ReplicateError Details:\nstatus: 429\ndetail: Request was throttled. Your rate limit for creating predictions is reduced to 6 requests per minute with a burst of 1 requests while you have less than $5.0 in credit. Your rate limit resets in ~6s.
 flux       ar      P028    42 ReplicateError Details:\nstatus: 429\ndetail: Request was throttled. Your rate limit for creating predictions is reduced to 6 requests per minute with a burst of 1 requests while you have less than $5.0 in credit. Your rate limit resets in ~6s.
 flux       ar      P029    42 ReplicateError Details:\nstatus: 429\ndetail: Request was throttled. Your rate limit for creating predictions is reduced to 6 requests per minute with a burst of 1 requests while you have less than $5.0 in credit. Your rate limit resets in ~5s.
 flux       ar      P030    42 ReplicateError Details:\nstatus: 429\ndetail: Request was throttled. Your rate limit for creating predictions is reduced to 6 requests per minute with a burst of 1 requests while you have less than $5.0 in credit. Your rate limit resets in ~5s.
 flux       ar      P031    42 ReplicateError Details:\nstatus: 429\ndetail: Request was throttled. Your rate limit for creating predictions is reduced to 6 requests per minute with a burst of 1 requests while you have less than $5.0 in credit. Your rate limit resets in ~1s.
 flux       ar      P032    42 ReplicateError Details:\nstatus: 429\ndetail: Request was throttled. Your rate limit for creating predictions is reduced to 6 requests per minute with a burst of 1 requests while you have less than $5.0 in credit. Your rate limit resets in ~6s.
 flux       ar      P033    42 ReplicateError Details:\nstatus: 429\ndetail: Request was throttled. Your rate limit for creating predictions is reduced to 6 requests per minute with a burst of 1 requests while you have less than $5.0 in credit. Your rate limit resets in ~6s.
 flux       ar      P033   123 ReplicateError Details:\nstatus: 429\ndetail: Request was throttled. Your rate limit for creating predictions is reduced to 6 requests per minute with a burst of 1 requests while you have less than $5.0 in credit. Your rate limit resets in ~1s.
 flux       ar      P034   123 ReplicateError Details:\nstatus: 429\ndetail: Request was throttled. Your rate limit for creating predictions is reduced to 6 requests per minute with a burst of 1 requests while you have less than $5.0 in credit. Your rate limit resets in ~5s.
 flux       ar      P035   123 ReplicateError Details:\nstatus: 429\ndetail: Request was throttled. Your rate limit for creating predictions is reduced to 6 requests per minute with a burst of 1 requests while you have less than $5.0 in credit. Your rate limit resets in ~5s.
 flux       ar      P036   123 ReplicateError Details:\nstatus: 429\ndetail: Request was throttled. Your rate limit for creating predictions is reduced to 6 requests per minute with a burst of 1 requests while you have less than $5.0 in credit. Your rate limit resets in ~6s.
 flux       ar      P037    42 ReplicateError Details:\nstatus: 429\ndetail: Request was throttled. Your rate limit for creating predictions is reduced to 6 requests per minute with a burst of 1 requests while you have less than $5.0 in credit. Your rate limit resets in ~1s.
 flux       ar      P038    42 ReplicateError Details:\nstatus: 429\ndetail: Request was throttled. Your rate limit for creating predictions is reduced to 6 requests per minute with a burst of 1 requests while you have less than $5.0 in credit. Your rate limit resets in ~6s.
 flux       ar      P039    42 ReplicateError Details:\nstatus: 429\ndetail: Request was throttled. Your rate limit for creating predictions is reduced to 6 requests per minute with a burst of 1 requests while you have less than $5.0 in credit. Your rate limit resets in ~6s.
 flux       ar      P039   123 ReplicateError Details:\nstatus: 429\ndetail: Request was throttled. Your rate limit for creating predictions is reduced to 6 requests per minute with a burst of 1 requests while you have less than $5.0 in credit. Your rate limit resets in ~1s.
 flux       ar      P041    42 ReplicateError Details:\nstatus: 429\ndetail: Request was throttled. Your rate limit for creating predictions is reduced to 6 requests per minute with a burst of 1 requests while you have less than $5.0 in credit. Your rate limit resets in ~6s.
 flux       ar      P042    42 ReplicateError Details:\nstatus: 429\ndetail: Request was throttled. Your rate limit for creating predictions is reduced to 6 requests per minute with a burst of 1 requests while you have less than $5.0 in credit. Your rate limit resets in ~6s.
 flux       ar      P043    42 ReplicateError Details:\nstatus: 429\ndetail: Request was throttled. Your rate limit for creating predictions is reduced to 6 requests per minute with a burst of 1 requests while you have less than $5.0 in credit. Your rate limit resets in ~6s.
 flux       ar      P043   123 ReplicateError Details:\nstatus: 429\ndetail: Request was throttled. Your rate limit for creating predictions is reduced to 6 requests per minute with a burst of 1 requests while you have less than $5.0 in credit. Your rate limit resets in ~1s.
 flux       ar      P045    42 ReplicateError Details:\nstatus: 429\ndetail: Request was throttled. Your rate limit for creating predictions is reduced to 6 requests per minute with a burst of 1 requests while you have less than $5.0 in credit. Your rate limit resets in ~6s.
 flux       ar      P046    42 ReplicateError Details:\nstatus: 429\ndetail: Request was throttled. Your rate limit for creating predictions is reduced to 6 requests per minute with a burst of 1 requests while you have less than $5.0 in credit. Your rate limit resets in ~1s.
 flux       ar      P047    42 ReplicateError Details:\nstatus: 429\ndetail: Request was throttled. Your rate limit for creating predictions is reduced to 6 requests per minute with a burst of 1 requests while you have less than $5.0 in credit. Your rate limit resets in ~5s.
 flux       ar      P048    42 ReplicateError Details:\nstatus: 429\ndetail: Request was throttled. Your rate limit for creating predictions is reduced to 6 requests per minute with a burst of 1 requests while you have less than $5.0 in credit. Your rate limit resets in ~6s.
 flux       ar      P049    42 ReplicateError Details:\nstatus: 429\ndetail: Request was throttled. Your rate limit for creating predictions is reduced to 6 requests per minute with a burst of 1 requests while you have less than $5.0 in credit. Your rate limit resets in ~6s.
 flux       ar      P049   123 ReplicateError Details:\nstatus: 429\ndetail: Request was throttled. Your rate limit for creating predictions is reduced to 6 requests per minute with a burst of 1 requests while you have less than $5.0 in credit. Your rate limit resets in ~1s.
 flux       ar      P050   123 ReplicateError Details:\nstatus: 429\ndetail: Request was throttled. Your rate limit for creating predictions is reduced to 6 requests per minute with a burst of 1 requests while you have less than $5.0 in credit. Your rate limit resets in ~3s.
 sd15       de      P028    42 ReplicateError Details:\nstatus: 429\ndetail: Request was throttled. Your rate limit for creating predictions is reduced to 6 requests per minute with a burst of 1 requests while you have less than $5.0 in credit. Your rate limit resets in ~7s.
 sd15       es      P017    42 ReplicateError Details:\nstatus: 429\ndetail: Request was throttled. Your rate limit for creating predictions is reduced to 6 requests per minute with a burst of 1 requests while you have less than $5.0 in credit. Your rate limit resets in ~2s.
 sd15       es      P038    42 ReplicateError Details:\nstatus: 429\ndetail: Request was throttled. Your rate limit for creating predictions is reduced to 6 requests per minute with a burst of 1 requests while you have less than $5.0 in credit. Your rate limit resets in ~8s.
 sd15       es      P017    42                                                                                                                                                                              NSFW content detected. Try running it again, or try a different prompt.
 sd15       ar      P012   123                                                                                                                                                                              NSFW content detected. Try running it again, or try a different prompt.
 sd15       ar      P029   123                                                                                                                                                                              NSFW content detected. Try running it again, or try a different prompt.
 flux       ar      P009    42                                                                                                                                                           All generated images contained NSFW content. Try running it again with a different prompt.
 flux       ar      P009    42                                                                                                                                                           All generated images contained NSFW content. Try running it again with a different prompt.
 flux       ar      P009    42                                                                                                                                                           All generated images contained NSFW content. Try running it again with a different prompt.
 flux       ar      P009    42                                                                                                                                                           All generated images contained NSFW content. Try running it again with a different prompt.
 flux       ar      P009    42                                                                                                                                                           All generated images contained NSFW content. Try running it again with a different prompt.
2026-05-22 15:12:23,606  INFO  ============================================================
2026-05-22 15:12:23,606  INFO  Images saved to : data\generated_images\phase1a/
2026-05-22 15:12:23,606  INFO  Log saved to    : results\phase1a\generation_log.csv
