brief_id,industry,brand_name,prompt_text,prompt_text_en,required_objects,colour_attributes,spatial_constraints,required_text,style_descriptors,back_translated,cc_score,status,language,cometkiwi_score
MB001,tech_product,ZYRA,صورة منتج لساعة ذكية فضية موضوعة على يسار شاحن لاسلكي أسود فوق سطح أبيض نظيف، مع ظهور اسم «ZYRA» على وجه الساعة، وإضاءة استوديو بسيطة,"Product photography of a silver smartwatch placed to the left of a black wireless charger on a clean white surface, ZYRA on watch face, minimalist studio lighting","[""smartwatch"", ""wireless charger""]","{""smartwatch"": ""silver"", ""wireless charger"": ""black""}","[""smartwatch left of wireless charger""]","[""ZYRA""]","[""product photography"", ""minimalist"", ""white background"", ""studio lighting""]","A product photo of a silver smartwatch placed to the left of a black wireless charger on a clean white surface, with the name “ZYRA” visible on the watch face and simple studio lighting",0.9508,PASS,ar,0.7707286477088928
MB002,tech_product,KESTRA,صورة منتج تم التقاطها في الاستوديو لجهاز كمبيوتر محمول أسود اللون، مع ماوس لاسلكي أبيض على يمينه فوق مكتب رمادي اللون، وشعار KESTRA على غطاء الكمبيوتر المحمول، مع إضاءة علوية,"Studio product shot of a black laptop with a white wireless mouse to its right on a gray desk, KESTRA logo on laptop lid, overhead lighting","[""laptop"", ""wireless mouse""]","{""laptop"": ""black"", ""wireless mouse"": ""white""}","[""wireless mouse right of laptop""]","[""KESTRA""]","[""studio lighting"", ""overhead shot"", ""gray background""]","A studio-shot product photo of a black laptop, with a white wireless mouse to its right on a gray desk; the KESTRA logo is visible on the laptop’s lid, with overhead lighting",0.9562,PASS,ar,0.7787648439407349
MB003,tech_product,APEX,صورة منتج واضحة لسماعات أذن لاسلكية بيضاء موضوعة فوق علبة الشحن السوداء الخاصة بها على سطح داكن، مع وجود نقش «APEX» على العلبة، بأسلوب بسيط,"Clean product photography of white wireless earbuds placed above their black charging case on a dark surface, APEX engraved on case, minimal style","[""wireless earbuds"", ""charging case""]","{""wireless earbuds"": ""white"", ""charging case"": ""black""}","[""wireless earbuds above charging case""]","[""APEX""]","[""product photography"", ""dark background"", ""minimal""]","A clear product photo of white wireless earbuds placed on top of their black charging case on a dark surface, with “APEX” engraved on the case in a simple style",0.9578,PASS,ar,0.7875727415084839
MB004,tech_product,VOLT,صورة منتج لهاتف ذكي أسود مثبت على حامل معدني فضي، مع كلمة «VOLT» مطبوعة على ظهر الهاتف، وإضاءة استوديو على خلفية زرقاء,"Product shot of a black smartphone mounted on a silver metal stand, VOLT printed on the back of the phone, studio lighting against a blue background","[""smartphone"", ""metal stand""]","{""smartphone"": ""black"", ""metal stand"": ""silver""}","[""smartphone above metal stand""]","[""VOLT""]","[""product photography"", ""studio lighting"", ""blue background""]","A product photo of a black smartphone mounted on a silver metal stand, with the word “VOLT” printed on the back of the phone, and studio lighting against a blue background",0.9311,PASS,ar,0.796654999256134
MB005,tech_product,PRISM,صورة منتج ملتقطة من أعلى لقرص أبيض يظهر إلى يمينه قلم ستايلس ذهبي على سطح رخامي، مع ظهور كلمة «PRISM» على حافة القرص، وتركيب بسيط,"Overhead product photography of a white tablet with a gold stylus pen to its right on a marble surface, PRISM on tablet bezel, clean composition","[""tablet"", ""stylus pen""]","{""tablet"": ""white"", ""stylus pen"": ""gold""}","[""stylus pen right of tablet""]","[""PRISM""]","[""overhead shot"", ""marble surface"", ""clean composition""]","A top-down product photo of a white disc with a gold Stylus pen to its right on a marble surface; the word “PRISM” appears on the edge of the disc, and the composition is simple.",0.8762,PASS,ar,0.7351231575012207
MB006,tech_product,SYNTH,صورة منتج تُظهر لوحة مفاتيح ميكانيكية سوداء مع ماوس لاسلكي أحمر إلى يمينها على سجادة مكتب داكنة اللون، وشعار SYNTH على مفتاح المسافة في لوحة المفاتيح، بتصميم مستوحى من عالم الألعاب,"Product photography of a black mechanical keyboard with a red wireless mouse to its right on a dark desk mat, SYNTH logo on keyboard space bar, gaming aesthetic","[""mechanical keyboard"", ""wireless mouse""]","{""mechanical keyboard"": ""black"", ""wireless mouse"": ""red""}","[""wireless mouse right of mechanical keyboard""]","[""SYNTH""]","[""product photography"", ""gaming aesthetic"", ""dark background""]","A product photo showing a black mechanical keyboard with a red wireless mouse to its right on a dark-colored desk mat, featuring the SYNTH logo on the keyboard’s spacebar, with a design inspired by the world of gaming",0.917,PASS,ar,0.7798899412155151
MB007,tech_product,NEXUS,صورة ترويجية لمنتج من فئة أسلوب الحياة تُظهر مكبر صوت بلوتوث أزرق اللون، مع هاتف ذكي أسود مائل إلى يمينه على طاولة خشبية، وكلمة «NEXUS» مكتوبة على هيكل مكبر الصوت، وإضاءة دافئة,"Lifestyle product shot of a blue Bluetooth speaker with a black smartphone leaning to its right on a wooden table, NEXUS on speaker body, warm lighting","[""bluetooth speaker"", ""smartphone""]","{""bluetooth speaker"": ""blue"", ""smartphone"": ""black""}","[""smartphone right of bluetooth speaker""]","[""NEXUS""]","[""lifestyle photography"", ""wooden surface"", ""warm lighting""]","A promotional image for a lifestyle product showing a blue Bluetooth speaker, with a black smartphone tilted to its right on a wooden table; the word “NEXUS” is written on the speaker’s body, and warm lighting is visible",0.8061,REVIEW,ar,0.813186526298523
MB008,tech_product,KOVAL,صورة منتج تم التقاطها في الاستوديو لكاميرا DSLR سوداء اللون مع عدسة فضية موضوعة على يمينها فوق قاعدة بيضاء، وكلمة «KOVAL» محفورة على جسم العدسة، مع إضاءة احترافية,"Studio product photography of a black DSLR camera with a silver camera lens placed to its right on a white pedestal, KOVAL engraved on lens barrel, professional lighting","[""camera"", ""camera lens""]","{""camera"": ""black"", ""camera lens"": ""silver""}","[""camera lens right of camera""]","[""KOVAL""]","[""studio photography"", ""white background"", ""professional lighting""]","A product photo taken in a studio of a black DSLR camera with a silver lens positioned to its right on a white base; the word “KOVAL” is engraved on the lens barrel, with professional lighting",0.9444,PASS,ar,0.7808682322502136
MB009,tech_product,LUNEX,صورة منتج تُظهر جهاز تحكم ألعاب أبيض موضوعًا على يسار سماعة رأس ألعاب سوداء فوق سطح رمادي نظيف، مع وجود شعار LUNEX على جهاز التحكم، وإضاءة جانبية مثيرة,"Product photography of a white gaming controller placed to the left of a black gaming headset on a clean gray surface, LUNEX logo on controller, dramatic side lighting","[""gaming controller"", ""gaming headset""]","{""gaming controller"": ""white"", ""gaming headset"": ""black""}","[""gaming controller left of gaming headset""]","[""LUNEX""]","[""product photography"", ""gray background"", ""dramatic lighting""]","A product photo showing a white game controller placed to the left of a black gaming headset on a clean gray surface, with the LUNEX logo on the controller and striking side lighting",0.9761,PASS,ar,0.7796039581298828
MB010,tech_product,KORE,صورة واضحة لمنتج عبارة عن شاشة ذكية سوداء مع جهاز تحكم عن بُعد فضي موضوع أسفلها على سطح أبيض، وكلمة «KORE» معروضة على الشاشة، وإضاءة استوديو,"Clean product shot of a black smart display with a silver remote control placed below it on a white surface, KORE on display screen, studio lighting","[""smart display"", ""remote control""]","{""smart display"": ""black"", ""remote control"": ""silver""}","[""remote control below smart display""]","[""KORE""]","[""product photography"", ""white background"", ""studio lighting""]","A clear image of a product: a black smart screen with a silver remote control placed beneath it on a white surface; the word “KORE” is displayed on the screen, and studio lighting is visible.",0.9011,PASS,ar,0.7737579345703125
MB011,tech_product,LUMIX,صورة منتج بتصميم بسيط لشاحن محمول أبيض مستطيل الشكل مع كابل USB أحمر ملفوف أسفله على سطح رمادي فاتح، وكلمة «LUMIX» مكتوبة على الشاحن، وتركيب بسيط,"Minimalist product photography of a white rectangular power bank with a red USB cable coiled below it on a light gray surface, LUMIX on power bank, clean composition","[""power bank"", ""USB cable""]","{""power bank"": ""white"", ""USB cable"": ""red""}","[""USB cable below power bank""]","[""LUMIX""]","[""minimalist"", ""gray background"", ""clean composition""]","A product photo showing a simple design of a white, rectangular portable charger with a red USB cable coiled beneath it on a light gray surface; the word “LUMIX” is written on the charger, and the composition is simple.",0.934,PASS,ar,0.7897314429283142
MB012,tech_product,MIRAX,صورة ترويجية لمنتج من فئة أسلوب الحياة تُظهر جهاز كمبيوتر محمول فضي مفتوح، بجانبه الأيمن كوب قهوة خزفي أبيض على مكتب خشبي داكن، مع ظهور شعار «MIRAX» على شاشة الكمبيوتر المحمول، في ضوء الصباح,"Lifestyle product shot of an open silver laptop with a white ceramic coffee mug to its right on a dark wood desk, MIRAX logo on laptop screen, morning light","[""laptop"", ""coffee mug""]","{""laptop"": ""silver"", ""coffee mug"": ""white""}","[""coffee mug right of laptop""]","[""MIRAX""]","[""lifestyle photography"", ""dark wood surface"", ""morning light""]","A promotional image for a lifestyle product showing a silver laptop open, with a white ceramic coffee cup to its right on a dark wooden desk, and the ""MIRAX"" logo visible on the laptop screen, bathed in morning light",0.8631,PASS,ar,0.7659791707992554
MB013,tech_product,NEURO,صورة ترويجية لمنتج عبارة عن سماعات أذن لاسلكية بيضاء موضوعة فوق هاتف ذكي أسود على سطح داكن، مع شعار NEURO على علبة السماعات، وإضاءة الاستوديو,"Product photography of white wireless earbuds placed above a black smartphone on a dark surface, NEURO logo on earbuds case, studio lighting","[""wireless earbuds"", ""smartphone""]","{""wireless earbuds"": ""white"", ""smartphone"": ""black""}","[""wireless earbuds above smartphone""]","[""NEURO""]","[""product photography"", ""dark background"", ""studio lighting""]","A promotional image of a product—white wireless earbuds placed on top of a black smartphone on a dark surface, with the NEURO logo on the earbud case, and studio lighting",0.9388,PASS,ar,0.8076838254928589
MB014,tech_product,OPUS,صورة منتج تم التقاطها في الاستوديو لكاميرا ويب سوداء مثبتة فوق شاشة بيضاء على مكتب، مع شعار OPUS على هيكل الكاميرا، في بيئة مكتبية مرتبة,"Studio product shot of a black webcam mounted above a white monitor on a desk, OPUS logo on webcam body, clean office setup","[""webcam"", ""monitor""]","{""webcam"": ""black"", ""monitor"": ""white""}","[""webcam above monitor""]","[""OPUS""]","[""product photography"", ""office setting"", ""clean composition""]","A product photo taken in a studio of a black webcam mounted above a white monitor on a desk, with the OPUS logo on the camera body, in a tidy office setting",0.9581,PASS,ar,0.737644612789154
MB015,tech_product,PHASE,صورة منتج لكاميرا مغامرات برتقالية اللون موضوعة على يسار خوذة دراجات بيضاء فوق سطح صخري، مع ظهور كلمة «PHASE» على هيكل الكاميرا، وإضاءة خارجية,"Action product shot of an orange action camera placed to the left of a white cycling helmet on a rocky surface, PHASE on camera body, outdoor lighting","[""action camera"", ""cycling helmet""]","{""action camera"": ""orange"", ""cycling helmet"": ""white""}","[""action camera left of cycling helmet""]","[""PHASE""]","[""product photography"", ""outdoor setting"", ""natural lighting""]","A product photo of an orange adventure camera placed to the left of a white bicycle helmet on a rocky surface, with the word “PHASE” visible on the camera body and external lighting",0.9099,PASS,ar,0.6713672876358032
MB016,tech_product,QUBIT,صورة تعكس نمط الحياة تُظهر مكبر صوت ذكي أسطواني أبيض اللون موضوعًا على يسار ساعة رقمية سوداء فوق منضدة سرير بيضاء، مع شعار «QUBIT» على الجزء العلوي من مكبر الصوت، وإضاءة محيطة خافتة,"Lifestyle shot of a white cylindrical smart speaker placed to the left of a black digital clock on a white nightstand, QUBIT logo on speaker top, soft ambient lighting","[""smart speaker"", ""digital clock""]","{""smart speaker"": ""white"", ""digital clock"": ""black""}","[""smart speaker left of digital clock""]","[""QUBIT""]","[""lifestyle photography"", ""soft lighting"", ""white background""]","A lifestyle photo showing a white cylindrical smart speaker placed to the left of a black digital clock on a white bedside table, with the “QUBIT” logo on the top of the speaker and soft ambient lighting",0.9089,PASS,ar,0.819404125213623
MB017,tech_product,RADIUS,صورة منتج تُظهر سماعة رأس الواقع الافتراضي بيضاء اللون موضوعة فوق جهازي تحكم بالحركة أسودين على سطح داكن، مع شعار RADIUS على حاجب السماعة، وإضاءة استوديو درامية,"Product photography of a white VR headset placed above two black motion controllers on a dark surface, RADIUS logo on headset visor, dramatic studio lighting","[""VR headset"", ""motion controllers""]","{""VR headset"": ""white"", ""motion controllers"": ""black""}","[""VR headset above motion controllers""]","[""RADIUS""]","[""product photography"", ""dark background"", ""dramatic lighting""]","A product photo showing a white virtual reality headset placed on top of two black motion controllers on a dark surface, with the RADIUS logo on the headset’s headband and dramatic studio lighting",0.8735,PASS,ar,0.7738618850708008
MB018,tech_product,SPARK,صورة منتج تم التقاطها في الاستوديو لشاشة منحنية سوداء مع لوحة مفاتيح فضية موضوعة أسفلها على مكتب زجاجي، وشعار SPARK على إطار الشاشة، وإضاءة محيطة زرقاء,"Studio product shot of a black curved monitor with a silver keyboard placed below it on a glass desk, SPARK logo on monitor bezel, blue ambient lighting","[""curved monitor"", ""keyboard""]","{""curved monitor"": ""black"", ""keyboard"": ""silver""}","[""keyboard below curved monitor""]","[""SPARK""]","[""product photography"", ""glass surface"", ""blue lighting""]","A product photo taken in a studio showing a black curved monitor with a silver keyboard placed beneath it on a glass desk, the SPARK logo on the monitor's bezel, and blue ambient lighting",0.8992,PASS,ar,0.7868039608001709
MB019,tech_product,VORTA,صورة منتج لطائرة بدون طيار رباعية المراوح سوداء اللون موضوعة على يسار جهاز تحكم عن بعد رمادي اللون فوق سطح أبيض، مع شعار VORTA على هيكل الطائرة، لقطة استوديو واضحة,"Product photography of a black quadcopter drone placed to the left of a gray remote control on a white surface, VORTA logo on drone body, clean studio shot","[""drone"", ""remote control""]","{""drone"": ""black"", ""remote control"": ""gray""}","[""drone left of remote control""]","[""VORTA""]","[""product photography"", ""white background"", ""studio lighting""]","Product photo of a black quadcopter drone placed to the left of a gray remote control on a white surface, with the VORTA logo on the drone’s body; a clear studio shot",0.9791,PASS,ar,0.7479379177093506
MB020,tech_product,RIVOX,صورة منتج مأخوذة بتقنية «فلات لاي» لقارئ إلكتروني أبيض موضوع على يسار نظارات قراءة سوداء فوق سطح من الكتان البيج، مع ظهور كلمة «RIVOX» على شاشة القارئ الإلكتروني، في ضوء طبيعي,"Flat lay product shot of a white e-reader placed to the left of black reading glasses on a beige linen surface, RIVOX on e-reader screen, natural light","[""e-reader"", ""reading glasses""]","{""e-reader"": ""white"", ""reading glasses"": ""black""}","[""e-reader left of reading glasses""]","[""RIVOX""]","[""flat lay"", ""linen surface"", ""natural lighting""]","A product photo taken using the “flat lay” technique, showing a white e-reader placed to the left of a pair of black reading glasses on a beige linen surface, with the word “RIVOX” visible on the e-reader’s screen, in natural light",0.7643,REVIEW,ar,0.7371365427970886
MB021,tech_product,WAVE,صورة منتج لموزع USB رمادي اللون موضوع على يسار حاسوب محمول فضي اللون فوق سطح مكتب أبيض، مع نقش «WAVE» على الموزع، في إطار بسيط وأنيق,"Product photography of a gray USB hub placed to the left of a silver laptop on a white desk surface, WAVE engraved on hub, clean minimalist setup","[""USB hub"", ""laptop""]","{""USB hub"": ""gray"", ""laptop"": ""silver""}","[""USB hub left of laptop""]","[""WAVE""]","[""product photography"", ""white background"", ""minimalist""]","A product photo of a gray USB hub placed to the left of a silver laptop on a white desk, with “WAVE” engraved on the hub, in a simple and elegant frame",0.9683,PASS,ar,0.7517856359481812
MB022,tech_product,XENON,صورة منتج لسماعة رأس ألعاب سوداء موضوعة على حامل سماعات أبيض فوق سطح داكن، مع شعار XENON على كأس الأذن، وإضاءة جانبية مثيرة,"Product shot of a black gaming headset placed on a white headphone stand on a dark surface, XENON logo on ear cup, dramatic side lighting","[""gaming headset"", ""headphone stand""]","{""gaming headset"": ""black"", ""headphone stand"": ""white""}","[""gaming headset above headphone stand""]","[""XENON""]","[""product photography"", ""dark background"", ""side lighting""]","A product photo of black gaming headphones placed on a white headphone stand against a dark background, featuring the XENON logo on the ear cups and striking side lighting",0.9277,PASS,ar,0.6339558959007263
MB023,tech_product,ZETA,صورة ترويجية لمنتج من فئة أسلوب الحياة تُظهر جهاز تتبع اللياقة البدنية الأسود موضوعًا على يسار هاتف ذكي أبيض على سطح رخامي، مع ظهور شعار ZETA على شاشة الجهاز، وتحت إضاءة علوية,"Lifestyle product shot of a black fitness tracker placed to the left of a white smartphone on a marble surface, ZETA logo on tracker display, overhead lighting","[""fitness tracker"", ""smartphone""]","{""fitness tracker"": ""black"", ""smartphone"": ""white""}","[""fitness tracker left of smartphone""]","[""ZETA""]","[""lifestyle photography"", ""marble surface"", ""overhead lighting""]","A promotional image for a lifestyle product showing a black fitness tracker placed to the left of a white smartphone on a marble surface, with the ZETA logo visible on the device's screen, under overhead lighting",0.8417,REVIEW,ar,0.8071765899658203
MB024,tech_product,AXON,صورة منتج لجهاز عرض محمول أبيض اللون موضوع فوق جهاز تحكم عن بُعد أسود على سطح خشبي داكن، مع شعار AXON على هيكل جهاز العرض، وإضاءة استوديو,"Product photography of a white portable projector placed above a black remote control on a dark wood surface, AXON logo on projector body, studio lighting","[""portable projector"", ""remote control""]","{""portable projector"": ""white"", ""remote control"": ""black""}","[""portable projector above remote control""]","[""AXON""]","[""product photography"", ""dark wood surface"", ""studio lighting""]","Product photo of a white portable projector placed on top of a black remote control on a dark wooden surface, with the AXON logo on the projector's body, and studio lighting",0.9743,PASS,ar,0.7849129438400269
MB025,tech_product,BREEZE,صورة منتج لنظارات ذكية بلون الذهب الوردي موضوعة فوق حافظة نظارات سوداء على سطح أبيض، مع شعار BREEZE على غطاء الحافظة، وإضاءة طبيعية خافتة,"Product shot of rose gold smart glasses placed above a black glasses case on a white surface, BREEZE logo on case lid, soft natural lighting","[""smart glasses"", ""glasses case""]","{""smart glasses"": ""rose gold"", ""glasses case"": ""black""}","[""smart glasses above glasses case""]","[""BREEZE""]","[""product photography"", ""white background"", ""soft lighting""]","A product photo of rose gold smart glasses placed on top of a black glasses case on a white surface, with the BREEZE logo on the case lid, and soft natural lighting",0.9665,PASS,ar,0.7649414539337158
MB026,tech_product,CREST,صورة منتج واضحة لقرص SSD محمول فضي اللون مع كابل USB أزرق موضوع على يمينه على سطح أبيض، مع وجود شعار «CREST» على هيكل القرص، بأسلوب بسيط,"Clean product photography of a silver portable SSD with a blue USB cable placed to its right on a white surface, CREST on SSD body, minimalist style","[""portable SSD"", ""USB cable""]","{""portable SSD"": ""silver"", ""USB cable"": ""blue""}","[""USB cable right of portable SSD""]","[""CREST""]","[""product photography"", ""white background"", ""minimalist""]","A clear product photo of a silver-colored portable SSD drive with a blue USB cable placed to its right on a white surface, featuring the “CREST” logo on the drive’s casing in a simple style",0.944,PASS,ar,0.7882676124572754
MB027,tech_product,DAWN,صورة منتج تُظهر قاعدة شحن لاسلكية بيضاء اللون، مع هاتف ذكي أسود موضوع فوقها على منضدة نوم خشبية، وكلمة «DAWN» مكتوبة على قاعدة الشحن، وضوء الصباح الدافئ,"Product photography of a white wireless charging pad with a black smartphone placed on top of it on a wooden nightstand, DAWN on charging pad, warm morning light","[""wireless charging pad"", ""smartphone""]","{""wireless charging pad"": ""white"", ""smartphone"": ""black""}","[""smartphone above wireless charging pad""]","[""DAWN""]","[""lifestyle photography"", ""wooden surface"", ""warm lighting""]","A product photo showing a white wireless charging pad with a black smartphone placed on top of it on a wooden nightstand; the word “DAWN” is written on the charging pad, and there is a warm morning light",0.8719,PASS,ar,0.8007549047470093
MB028,tech_product,NYRIC,صورة منتج لجهاز قفل ذكي أسود مثبت فوق مقبض باب فضي على باب أبيض، مع ظهور شعار NYRIC على شاشة القفل، لقطة تحريرية واضحة,"Product photography of a black smart lock device mounted above a silver door handle on a white door, NYRIC logo on lock display, clean editorial shot","[""smart lock"", ""door handle""]","{""smart lock"": ""black"", ""door handle"": ""silver""}","[""smart lock above door handle""]","[""NYRIC""]","[""product photography"", ""white door"", ""editorial""]","Product photo of a black smart lock mounted above a silver door handle on a white door, with the NYRIC logo visible on the lock's screen; a clear editorial shot",0.9831,PASS,ar,0.742121696472168
MB029,tech_product,FUSE,صورة منتج لجهاز توجيه واي فاي أبيض اللون مع كابل إيثرنت أصفر موضوع أسفله على سطح رمادي، وكلمة «FUSE» مكتوبة على الجزء العلوي من جهاز التوجيه، لقطة استوديو واضحة,"Product photography of a white WiFi router with a yellow ethernet cable placed below it on a gray surface, FUSE on router top, clean studio shot","[""WiFi router"", ""ethernet cable""]","{""WiFi router"": ""white"", ""ethernet cable"": ""yellow""}","[""ethernet cable below WiFi router""]","[""FUSE""]","[""product photography"", ""gray background"", ""studio lighting""]",Product photo of a white Wi-Fi router with a yellow Ethernet cable placed underneath it on a gray surface; the word “FUSE” is written on the top of the router; a clear studio shot,0.9536,PASS,ar,0.761986494064331
MB030,tech_product,GRID,صورة منتج لفأرة ألعاب سوداء مزودة بإضاءة RGB موضوعة على لوحة فأرة حمراء، مع شعار GRID على الفأرة، وديكور مكتبي داكن مخصص للألعاب,"Product photography of a black gaming mouse with RGB lighting placed on a red mousepad, GRID logo on mouse, dark gaming desk aesthetic","[""gaming mouse"", ""mousepad""]","{""gaming mouse"": ""black"", ""mousepad"": ""red""}","[""gaming mouse above mousepad""]","[""GRID""]","[""product photography"", ""dark background"", ""gaming aesthetic""]","Product photo of a black gaming mouse with RGB lighting placed on a red mouse pad, featuring the GRID logo on the mouse, against a dark gaming-themed desk setup",0.9684,PASS,ar,0.7183248996734619
MB031,food_beverage,ZEST,صورة منتج لزجاجة عصير زجاجية برتقالية اللون موضوعة على يسار كوب خزفي أبيض فوق سطح رخامي، مع وجود ملصق «ZEST» على الزجاجة، في إضاءة طبيعية ساطعة,"Product photography of an orange glass juice bottle placed to the left of a white ceramic cup on a marble surface, ZEST label on bottle, bright natural lighting","[""juice bottle"", ""ceramic cup""]","{""juice bottle"": ""orange"", ""ceramic cup"": ""white""}","[""juice bottle left of ceramic cup""]","[""ZEST""]","[""product photography"", ""marble surface"", ""natural lighting""]","Product photo of an orange-colored glass juice bottle placed to the left of a white ceramic cup on a marble surface, with a “ZEST” label on the bottle, in bright natural light",0.9703,PASS,ar,0.8198282718658447
MB032,food_beverage,PURE,صورة مأخوذة من زاوية علوية لكيس قهوة بني من ورق الكرافت موضوع فوق فنجان إسبريسو أسود على طاولة خشبية، مع كلمة «PURE» على واجهة الكيس، وإضاءة دافئة على غرار المقاهي,"Flat lay of a brown kraft coffee bag placed above a black espresso cup on a wooden table, PURE on bag front, warm cafe lighting","[""coffee bag"", ""espresso cup""]","{""coffee bag"": ""brown"", ""espresso cup"": ""black""}","[""coffee bag above espresso cup""]","[""PURE""]","[""flat lay"", ""wooden surface"", ""warm lighting""]","A top-down view of a brown kraft paper coffee bag placed over a black espresso cup on a wooden table, with the word “PURE” on the front of the bag, and warm, café-style lighting",0.8709,PASS,ar,0.6020891666412354
MB033,food_beverage,BLOOM,صورة منتج لعلبة حبوب إفطار صفراء موضوعة على يسار كرتونة حليب بيضاء على منضدة مطبخ مشرقة، وكلمة «BLOOM» مكتوبة على واجهة العلبة، في ضوء الصباح,"Product photography of a yellow cereal box placed to the left of a white milk carton on a bright kitchen counter, BLOOM on box front, morning light","[""cereal box"", ""milk carton""]","{""cereal box"": ""yellow"", ""milk carton"": ""white""}","[""cereal box left of milk carton""]","[""BLOOM""]","[""product photography"", ""kitchen setting"", ""morning light""]","A product photo of a yellow box of breakfast cereal placed to the left of a white carton of milk on a bright kitchen counter; the word “BLOOM” is written on the front of the box, in the morning light",0.8581,PASS,ar,0.6640524864196777
MB034,food_beverage,GROVE,صورة منتج لزجاجة صلصة حارة حمراء موضوعة على يمين لوح تقطيع خشبي بني فوق طاولة ذات طابع ريفي، مع وجود ملصق «GROVE» على الزجاجة، وإضاءة طبيعية دافئة,"Product shot of a red hot sauce bottle placed to the right of a brown wooden cutting board on a rustic table, GROVE label on bottle, warm natural lighting","[""hot sauce bottle"", ""cutting board""]","{""hot sauce bottle"": ""red"", ""cutting board"": ""brown""}","[""cutting board left of hot sauce bottle""]","[""GROVE""]","[""product photography"", ""rustic style"", ""warm lighting""]","Product photo of a bottle of red hot sauce placed to the right of a brown wooden cutting board on a rustic-style table, with a “GROVE” label on the bottle and warm natural lighting",0.9523,PASS,ar,0.7749691009521484
MB035,food_beverage,FRESH,صورة ترويجية لمنتج تُظهر زجاجة نبيذ خضراء موضوعة على يمين عنقود عنب أرجواني فوق رخام أبيض، مع وجود ملصق «FRESH» على الزجاجة، وإضاءة طبيعية أنيقة,"Product photography of a green wine bottle placed to the right of a bunch of purple grapes on white marble, FRESH label on bottle, elegant natural lighting","[""wine bottle"", ""grapes""]","{""wine bottle"": ""green"", ""grapes"": ""purple""}","[""wine bottle right of grapes""]","[""FRESH""]","[""product photography"", ""marble surface"", ""elegant lighting""]","A promotional product image showing a green wine bottle placed to the right of a cluster of purple grapes on white marble, with a “FRESH” label on the bottle and elegant natural lighting",0.9287,PASS,ar,0.8108624219894409
MB036,food_beverage,CRISP,صورة مأخوذة من زاوية علوية لعلبة شاي بلون أزرق مخضر موضوعة فوق فنجان شاي خزفي أبيض وصحن صغير على سطح رمادي فاتح، وكلمة «CRISP» مكتوبة على غطاء العلبة، وإضاءة طبيعية ناعمة,"Flat lay of a teal tea box placed above a white ceramic teacup and saucer on a light gray surface, CRISP on box lid, soft natural lighting","[""tea box"", ""teacup""]","{""tea box"": ""teal"", ""teacup"": ""white""}","[""tea box above teacup""]","[""CRISP""]","[""flat lay"", ""gray background"", ""soft lighting""]","A top-down view of a blue-green tea canister placed on top of a white porcelain teacup and a small saucer on a light gray surface, with the word “CRISP” written on the lid of the box, and soft natural lighting",0.7613,REVIEW,ar,0.6210713386535645
MB037,food_beverage,BOLD,صورة منتج لعلبة مشروب طاقة من الألومنيوم الأسود موضوعة على يسار دمبل فضي فوق أرضية صالة رياضية داكنة، وكلمة «BOLD» مكتوبة على واجهة العلبة، مع إضاءة درامية,"Product shot of a black aluminum energy drink can placed to the left of a silver dumbbell on a dark gym surface, BOLD on can front, dramatic lighting","[""energy drink can"", ""dumbbell""]","{""energy drink can"": ""black"", ""dumbbell"": ""silver""}","[""energy drink can left of dumbbell""]","[""BOLD""]","[""product photography"", ""gym setting"", ""dramatic lighting""]","A product photo of a black aluminum energy drink can placed to the left of a silver dumbbell on a dark gym floor; the word “BOLD” is written on the front of the can, with dramatic lighting",0.9272,PASS,ar,0.6933687329292297
MB038,food_beverage,MIST,صورة منتج لزجاجة مياه زرقاء مصنوعة من الألومنيوم موضوعة فوق شرائح ليمون صفراء على سطح رخامي أبيض، مع وجود ملصق «MIST» على الزجاجة، وإضاءة طبيعية ساطعة,"Product photography of a blue aluminum water bottle placed above yellow lemon slices on a white marble surface, MIST label on bottle, bright natural lighting","[""water bottle"", ""lemon""]","{""water bottle"": ""blue"", ""lemon"": ""yellow""}","[""water bottle above lemon""]","[""MIST""]","[""product photography"", ""marble surface"", ""bright lighting""]","A product photo of a blue aluminum water bottle placed on top of yellow lemon slices on a white marble surface, with a “MIST” label on the bottle and bright natural lighting",0.9677,PASS,ar,0.8319326639175415
MB039,food_beverage,GLOW,صورة منتج مأخوذة من زاوية مسطحة لوعاء زبادي أبيض موضوع على يسار حبات فراولة حمراء فوق سطح وردي فاتح، مع كلمة «GLOW» مكتوبة على الوعاء، في ضوء الصباح الناعم,"Product flat lay of a white yogurt container placed to the left of red strawberries on a pink pastel surface, GLOW on container, soft morning light","[""yogurt container"", ""strawberries""]","{""yogurt container"": ""white"", ""strawberries"": ""red""}","[""yogurt container left of strawberries""]","[""GLOW""]","[""flat lay"", ""pink background"", ""soft lighting""]","A flat-lay product photo of a white yogurt cup placed to the left of red strawberries on a light pink surface, with the word “GLOW” written on the cup, in soft morning light",0.9305,PASS,ar,0.5644732713699341
MB040,food_beverage,PETAL,صورة منتج لعلبة بسكويت مستديرة حمراء موضوعة على يمين كوب زجاجي أبيض من الحليب على سطح خشبي في المطبخ، وكلمة «PETAL» مكتوبة على غطاء العلبة، وإضاءة دافئة في المطبخ,"Product photography of a red round cookie tin placed to the right of a white glass of milk on a wooden kitchen surface, PETAL on tin lid, warm kitchen lighting","[""cookie tin"", ""glass of milk""]","{""cookie tin"": ""red"", ""glass of milk"": ""white""}","[""glass of milk left of cookie tin""]","[""PETAL""]","[""product photography"", ""kitchen setting"", ""warm lighting""]","A product photo of a round red cookie tin placed to the right of a white glass of milk on a wooden countertop in the kitchen; the word “PETAL” is written on the lid of the tin, and there is warm lighting in the kitchen",0.8412,REVIEW,ar,0.7659083604812622
MB041,food_beverage,QUENCH,صورة منتج لعلبة صودا زرقاء موضوعة على يسار دلو ثلج فضي فوق سطح بار داكن، مع شعار «QUENCH» على مقدمة العلبة، وإضاءة جذابة تخلق أجواءً رائعة,"Product photography of a blue soda can placed to the left of a silver ice bucket on a dark bar surface, QUENCH logo on can front, cool atmospheric lighting","[""soda can"", ""ice bucket""]","{""soda can"": ""blue"", ""ice bucket"": ""silver""}","[""soda can left of ice bucket""]","[""QUENCH""]","[""product photography"", ""dark background"", ""cool lighting""]","A product photo of a blue soda can placed to the left of a silver ice bucket on a dark bar countertop, with the “QUENCH” logo on the front of the can and attractive lighting that creates a wonderful atmosphere",0.9127,PASS,ar,0.7570498585700989
MB042,food_beverage,RIPPLE,صورة منتج لوعاء أسود من مسحوق البروتين موضوع على يسار زجاجة شاكر بيضاء على أرضية صالة رياضية، مع وجود كلمة «RIPPLE» على ملصق الوعاء، وإضاءة درامية في الصالة الرياضية,"Product photography of a black protein powder jar placed to the left of a white shaker bottle on a gym floor, RIPPLE on jar label, dramatic gym lighting","[""protein powder jar"", ""shaker bottle""]","{""protein powder jar"": ""black"", ""shaker bottle"": ""white""}","[""protein powder jar left of shaker bottle""]","[""RIPPLE""]","[""product photography"", ""gym setting"", ""dramatic lighting""]","A product photo of a black protein powder container placed to the left of a white shaker bottle on a gym floor, with the word “RIPPLE” on the container’s label and dramatic lighting in the gym",0.8788,PASS,ar,0.7576509714126587
MB043,food_beverage,SWAY,صورة منتج لزجاجة زجاجية خضراء طويلة من زيت الزيتون موضوعة فوق رأس ثوم أبيض على سطح رخامي، مع وجود ملصق «SWAY» على الزجاجة، في ضوء طبيعي خافت,"Product photography of a tall green glass olive oil bottle placed above a white garlic bulb on a marble surface, SWAY label on bottle, soft natural light","[""olive oil bottle"", ""garlic bulb""]","{""olive oil bottle"": ""green"", ""garlic bulb"": ""white""}","[""olive oil bottle above garlic bulb""]","[""SWAY""]","[""product photography"", ""marble surface"", ""soft lighting""]","A product photo of a tall green glass bottle of olive oil placed atop a head of white garlic on a marble surface, with a “SWAY” label on the bottle, in soft natural light",0.9434,PASS,ar,0.7348407506942749
MB044,food_beverage,TEMPO,صورة منتج مأخوذة من زاوية مسطحة لقطعة غرانولا ملفوفة بورق بني، موضوعة على يسار موزة صفراء ناضجة على سطح أبيض، مع ظهور كلمة «TEMPO» على الغلاف، وإضاءة استوديو ساطعة,"Product flat lay of a brown paper-wrapped granola bar placed to the left of a ripe yellow banana on a white surface, TEMPO on wrapper, bright studio lighting","[""granola bar"", ""banana""]","{""granola bar"": ""brown"", ""banana"": ""yellow""}","[""granola bar left of banana""]","[""TEMPO""]","[""flat lay"", ""white background"", ""bright lighting""]","A product photo taken from a flat-lay angle of a granola bar wrapped in brown paper, placed to the left of a ripe yellow banana on a white surface, with the word “TEMPO” visible on the wrapper, and bright studio lighting",0.8461,REVIEW,ar,0.6075626611709595
MB045,food_beverage,UMBER,صورة منتج لزجاجة قهوة «كولد برو» بنية اللون موضوعة على يسار ماصّة معدنية فضية فوق سطح خرساني داكن، مع ملصق «أومبر» على الزجاجة، وإضاءة ذات أجواء خاصة,"Product photography of a brown cold brew coffee bottle placed to the left of a silver metal straw on a dark concrete surface, UMBER label on bottle, moody lighting","[""cold brew coffee bottle"", ""metal straw""]","{""cold brew coffee bottle"": ""brown"", ""metal straw"": ""silver""}","[""cold brew coffee bottle left of metal straw""]","[""UMBER""]","[""product photography"", ""dark background"", ""moody lighting""]","A product photo of a brown “Cold Brew” coffee bottle placed to the left of a silver metal straw on a dark concrete surface, with an “Ombre” label on the bottle and atmospheric lighting",0.9271,PASS,ar,0.7772822380065918
MB046,food_beverage,VERDE,صورة منتج لعلبة مياه فوارة زرقاء موضوعة على يسار ليمونة خضراء طازجة فوق رخام أبيض، مع وجود كلمة «VERDE» على العلبة، وإضاءة طبيعية طازجة,"Product photography of a blue sparkling water can placed to the left of a fresh green lime on white marble, VERDE on can, fresh natural lighting","[""sparkling water can"", ""lime""]","{""sparkling water can"": ""blue"", ""lime"": ""green""}","[""sparkling water can left of lime""]","[""VERDE""]","[""product photography"", ""marble surface"", ""natural lighting""]","Product photo of a blue sparkling water can placed to the left of a fresh green lemon on white marble, with the word “VERDE” on the can, and fresh natural lighting",0.9533,PASS,ar,0.6578500270843506
MB047,food_beverage,WARM,صورة منتج لوعاء عسل كهرماني اللون موضوع فوق شريحة من الخبز المحمص البني على لوح خشبي مخصص للإفطار، وكلمة «WARM» مكتوبة على غطاء الوعاء، وإضاءة صباحية دافئة,"Product photography of an amber honey jar placed above a slice of brown toast on a wooden breakfast board, WARM on jar lid, cozy morning lighting","[""honey jar"", ""toast""]","{""honey jar"": ""amber"", ""toast"": ""brown""}","[""honey jar above toast""]","[""WARM""]","[""product photography"", ""wooden surface"", ""warm lighting""]","A product photo of an amber-colored honey jar placed on a slice of brown toast on a wooden breakfast board, with the word “WARM” written on the jar’s lid, and warm morning lighting",0.9188,PASS,ar,0.7528836727142334
MB048,food_beverage,XTRA,صورة منتج لزجاجة سموذي أرجوانية موضوعة على يسار حبات التوت الأحمر الطازجة على سطح أبيض، مع وجود ملصق «XTRA» على الزجاجة، وإضاءة طبيعية زاهية,"Product photography of a purple smoothie bottle placed to the left of fresh red berries on a white surface, XTRA label on bottle, vibrant natural lighting","[""smoothie bottle"", ""berries""]","{""smoothie bottle"": ""purple"", ""berries"": ""red""}","[""smoothie bottle left of berries""]","[""XTRA""]","[""product photography"", ""white background"", ""vibrant lighting""]","Product photo of a purple smoothie bottle placed to the left of fresh red berries on a white surface, with an “XTRA” label on the bottle and bright natural lighting",0.9787,PASS,ar,0.7899361252784729
MB049,food_beverage,YUMA,صورة منتج لزجاجة شاي زجاجية بيضاء موضوعة على يمين ساق من الخيزران الأخضر فوق سطح رمادي فاتح، مع وجود ملصق «YUMA» على الزجاجة، في تركيبة بسيطة على طراز «الزين»,"Product photography of a white glass tea bottle placed to the right of a green bamboo stalk on a light gray surface, YUMA label on bottle, minimal zen composition","[""tea bottle"", ""bamboo stalk""]","{""tea bottle"": ""white"", ""bamboo stalk"": ""green""}","[""tea bottle right of bamboo stalk""]","[""YUMA""]","[""product photography"", ""gray background"", ""minimal""]","A product photo of a white glass tea bottle placed to the right of a green bamboo stalk on a light gray surface, with a “YUMA” label on the bottle, in a simple “Zen”-style composition",0.9553,PASS,ar,0.702855110168457
MB050,food_beverage,ZEAL,صورة منتج لقطعة شوكولاتة بنية داكنة ملفوفة جزئيًا بورق ذهبي على سطح من الرخام الأسود، مع كتابة «ZEAL» على الغلاف، وإضاءة فاخرة على غرار الصور التحريرية,"Product photography of a dark brown chocolate bar partially wrapped in a gold foil wrapper on a black marble surface, ZEAL on wrapper, luxury editorial lighting","[""chocolate bar"", ""wrapper""]","{""chocolate bar"": ""brown"", ""wrapper"": ""gold""}","[""chocolate bar above wrapper""]","[""ZEAL""]","[""product photography"", ""black marble"", ""luxury editorial""]","A product photo of a dark brown chocolate bar partially wrapped in gold foil on a black marble surface, with the word “ZEAL” printed on the wrapper, and luxurious lighting in the style of editorial photography",0.9298,PASS,ar,0.6915071606636047
MB051,food_beverage,AMBER,صورة منتج لعلبة عصير برتقال موضوعة على يمين قشة خشبية بنية اللون فوق سطح أبيض، مع وجود كلمة «AMBER» على العلبة، وإضاءة طبيعية ساطعة,"Product photography of an orange juice pouch placed to the right of a brown wooden straw on a white surface, AMBER on pouch, natural bright lighting","[""juice pouch"", ""wooden straw""]","{""juice pouch"": ""orange"", ""wooden straw"": ""brown""}","[""juice pouch right of wooden straw""]","[""AMBER""]","[""product photography"", ""white background"", ""natural lighting""]","A product photo of an orange juice carton placed to the right of a brown wooden straw on a white surface, with the word “AMBER” on the carton, and bright natural lighting",0.8952,PASS,ar,0.765779972076416
MB052,food_beverage,BRISK,صورة مأخوذة من زاوية مسطحة لوعاء بني من زبدة اللوز موضوع فوق شرائح من الخبز الأبيض على سطح أزرق فاتح، مع كلمة «BRISK» على ملصق الوعاء، وإضاءة تعكس أجواء نمط الحياة الصباحية,"Flat lay of a brown almond butter jar placed above slices of white bread on a light blue surface, BRISK on jar label, morning lifestyle lighting","[""almond butter jar"", ""bread""]","{""almond butter jar"": ""brown"", ""bread"": ""white""}","[""almond butter jar above bread""]","[""BRISK""]","[""flat lay"", ""light blue background"", ""morning lighting""]","A flat-angle photo of a brown almond butter jar placed on top of slices of white bread on a light blue surface, with the word “BRISK” on the container’s label, and lighting that reflects a morning lifestyle atmosphere",0.8477,REVIEW,ar,0.6725742816925049
MB053,food_beverage,COVE,صورة منتج لزجاجة كومبوتشا زجاجية بنية اللون موضوعة على يمين جذر زنجبيل أصفر على سطح خشبي داكن، مع وجود ملصق «COVE» على الزجاجة، وإضاءة طبيعية تضفي جوًّا رومانسيًّا,"Product photography of a brown glass kombucha bottle placed to the right of a yellow ginger root on a dark wooden surface, COVE label on bottle, moody natural lighting","[""kombucha bottle"", ""ginger root""]","{""kombucha bottle"": ""brown"", ""ginger root"": ""yellow""}","[""ginger root left of kombucha bottle""]","[""COVE""]","[""product photography"", ""dark wood surface"", ""moody lighting""]","A product photo of a brown glass kombucha bottle placed to the right of a yellow ginger root on a dark wooden surface, with a “COVE” label on the bottle and natural lighting that creates a romantic atmosphere",0.8991,PASS,ar,0.8085243105888367
MB054,food_beverage,DRIP,صورة ترويجية لمنتج عبارة عن زجاجة مياه زرقاء موضوعة فوق باقة من أغصان النعناع الأخضر الطازجة على سطح من الرخام الأبيض، مع وجود ملصق «DRIP» على الزجاجة، وإضاءة مشرقة ونقية,"Product photography of a blue water bottle placed above a bunch of fresh green mint sprigs on a white marble surface, DRIP label on bottle, fresh bright lighting","[""water bottle"", ""mint sprigs""]","{""water bottle"": ""blue"", ""mint sprigs"": ""green""}","[""water bottle above mint sprigs""]","[""DRIP""]","[""product photography"", ""marble surface"", ""bright lighting""]","A promotional image of a product featuring a blue water bottle placed atop a bouquet of fresh green mint sprigs on a white marble surface, with a “DRIP” label on the bottle and bright, crisp lighting",0.9105,PASS,ar,0.8103493452072144
MB055,food_beverage,ELIXIR,صورة منتج لعلبة ماتشا خضراء موضوعة على يمين خفاقة من الخيزران البني فوق سطح خزفي أبيض، مع كلمة «ELIXIR» مكتوبة على غطاء العلبة، وتركيبة بسيطة مستوحاة من الطراز الياباني,"Product photography of a green matcha tin placed to the right of a brown bamboo whisk on a white ceramic surface, ELIXIR on tin lid, minimal Japanese-inspired composition","[""matcha tin"", ""bamboo whisk""]","{""matcha tin"": ""green"", ""bamboo whisk"": ""brown""}","[""matcha tin right of bamboo whisk""]","[""ELIXIR""]","[""product photography"", ""ceramic surface"", ""minimal""]","A product photo of a green matcha tin placed to the right of a brown bamboo whisk on a white ceramic surface, with the word “ELIXIR” written on the lid of the tin, and a simple composition inspired by Japanese style",0.8753,PASS,ar,0.7189756035804749
MB056,food_beverage,FERN,صورة ترويجية لمنتج من فئة أسلوب الحياة تُظهر علبة حليب الشوفان البيضاء موضوعة على يمين وعاء خزفي بني مملوء بالجرانولا على طاولة خشبية، مع ظهور كلمة «FERN» على واجهة العلبة، في إضاءة صباحية دافئة,"Lifestyle product shot of a white oat milk carton placed to the right of a brown ceramic bowl filled with granola on a wooden table, FERN on carton front, warm morning lighting","[""oat milk carton"", ""ceramic bowl""]","{""oat milk carton"": ""white"", ""ceramic bowl"": ""brown""}","[""oat milk carton right of ceramic bowl""]","[""FERN""]","[""lifestyle photography"", ""wooden surface"", ""warm lighting""]","A promotional image for a lifestyle product shows a white carton of oat milk placed to the right of a brown ceramic bowl filled with granola on a wooden table, with the word “FERN” visible on the front of the carton, in warm morning light",0.9364,PASS,ar,0.7932484745979309
MB057,food_beverage,GUSTO,صورة ترويجية لمنتج عبارة عن علبة بيضاء من الألومنيوم تحتوي على ماء جوز الهند، موضوعة على يمين جوزة هند بنية اللون فوق سطح رملي، مع وجود كلمة «GUSTO» مكتوبة على العلبة، وإضاءة استوائية مشرقة,"Product photography of a white aluminum coconut water can placed to the right of a brown coconut on a sandy surface, GUSTO on can, tropical bright lighting","[""coconut water can"", ""coconut""]","{""coconut water can"": ""white"", ""coconut"": ""brown""}","[""coconut water can right of coconut""]","[""GUSTO""]","[""product photography"", ""sandy surface"", ""tropical lighting""]","A promotional image of a product—a white aluminum can containing coconut water—placed to the right of a brown coconut on a sandy surface, with the word “GUSTO” written on the can, and bright tropical lighting",0.8949,PASS,ar,0.7568507194519043
MB058,food_beverage,HERBA,صورة منتج لزجاجة شوت صغيرة من الزجاج الأصفر موضوعة فوق جذر كركم برتقالي طازج على سطح أبيض، مع وجود ملصق «HERBA» على الزجاجة، وإضاءة استوديو نقية,"Product photography of a small yellow glass shot bottle placed above a fresh orange turmeric root on a white surface, HERBA label on bottle, clean studio lighting","[""shot bottle"", ""turmeric root""]","{""shot bottle"": ""yellow"", ""turmeric root"": ""orange""}","[""shot bottle above turmeric root""]","[""HERBA""]","[""product photography"", ""white background"", ""studio lighting""]","Product photo of a small yellow glass shot glass placed on top of a fresh orange turmeric root on a white surface, with a “HERBA” label on the glass and clean studio lighting",0.9265,PASS,ar,0.7564057111740112
MB059,food_beverage,INFUSE,صورة منتج لزجاجة عصير فوارة من الزجاج الأرجواني موضوعة على يمين عنقود عنب أخضر فوق رخام أبيض، مع وجود ملصق «INFUSE» على الزجاجة، وإضاءة أنيقة,"Product photography of a purple glass sparkling juice bottle placed to the right of a bunch of green grapes on white marble, INFUSE label on bottle, elegant lighting","[""sparkling juice bottle"", ""grapes""]","{""sparkling juice bottle"": ""purple"", ""grapes"": ""green""}","[""sparkling juice bottle right of grapes""]","[""INFUSE""]","[""product photography"", ""marble surface"", ""elegant lighting""]","Product photo of a purple glass bottle of sparkling juice placed to the right of a bunch of green grapes on white marble, with an “INFUSE” label on the bottle and elegant lighting",0.9672,PASS,ar,0.7102733850479126
MB060,food_beverage,JUVO,صورة منتج لزجاجة عصير خضراء معصورة على البارد، موضوعة أسفل جزر برتقالي طازج على سطح خشبي أبيض، مع وجود ملصق «JUVO» على الزجاجة، وإضاءة طبيعية ساطعة,"Product photography of a green cold press juice bottle placed below fresh orange carrots on a white wooden surface, JUVO label on bottle, bright natural lighting","[""juice bottle"", ""carrots""]","{""juice bottle"": ""green"", ""carrots"": ""orange""}","[""juice bottle below carrots""]","[""JUVO""]","[""product photography"", ""white wood surface"", ""natural lighting""]","Product photo of a green bottle of cold-pressed juice, placed beneath fresh orange carrots on a white wooden surface, with a “JUVO” label on the bottle and bright natural lighting",0.9509,PASS,ar,0.5914359092712402
MB061,fashion_apparel,MODE,صورة منتج لحذاء رياضي أبيض موضوع فوق صندوقه الأحمر على سطح أبيض نظيف، مع شعار MODE على لسان الحذاء، وإضاءة الاستوديو,"Product photography of a white sneaker placed above its red shoebox on a clean white surface, MODE logo on shoe tongue, studio lighting","[""sneaker"", ""shoebox""]","{""sneaker"": ""white"", ""shoebox"": ""red""}","[""sneaker above shoebox""]","[""MODE""]","[""product photography"", ""white background"", ""studio lighting""]","Product photo of a pair of white sneakers placed on top of their red box on a clean white surface, with the MODE logo on the tongue of the shoe, and studio lighting",0.9243,PASS,ar,0.6858758926391602
MB062,fashion_apparel,LUXE,صورة منتج لسترة جلدية سوداء معلقة على علاقة خشبية بنية اللون أمام حائط أبيض، مع وجود علامة «LUXE» على السترة، وإضاءة تحريرية ناعمة,"Product photography of a black leather jacket hanging on a brown wooden hanger against a white wall, LUXE label on jacket, soft editorial lighting","[""leather jacket"", ""wooden hanger""]","{""leather jacket"": ""black"", ""wooden hanger"": ""brown""}","[""leather jacket above wooden hanger""]","[""LUXE""]","[""editorial photography"", ""white background"", ""soft lighting""]","A product photo of a black leather jacket hanging on a brown wooden hanger in front of a white wall, with the word “LUXE” visible on the jacket and soft, artistic lighting",0.9461,PASS,ar,0.707537055015564
MB063,fashion_apparel,FORM,صورة ترويجية لمنتج أزياء تُظهر حقيبة يد جلدية بلون بني فاتح موضوعة على يسار نظارات شمسية سوداء فوق سطح أبيض، مع شعار FORM على قطع التثبيت المعدنية للحقيبة، وإضاءة تحريرية بسيطة,"Fashion product shot of a tan leather handbag placed to the left of black sunglasses on a white surface, FORM logo on bag hardware, clean editorial lighting","[""handbag"", ""sunglasses""]","{""handbag"": ""tan"", ""sunglasses"": ""black""}","[""handbag left of sunglasses""]","[""FORM""]","[""editorial photography"", ""white background"", ""clean lighting""]","A promotional image for a fashion product showing a light brown leather handbag placed to the left of a pair of black sunglasses on a white surface, with the FORM logo on the bag’s metal hardware and simple editorial lighting",0.8112,REVIEW,ar,0.7868934869766235
MB064,fashion_apparel,GRACE,صورة ترويجية لمنتج تُظهر ساعة يد ذهبية موضوعة فوق صندوق ساعات من الجلد الأسود على سطح رخامي داكن، مع شعار «GRACE» على وجه الساعة، وإضاءة فاخرة على غرار الصور التحريرية,"Product photography of a gold wristwatch placed above a black leather watch box on a dark marble surface, GRACE logo on watch face, luxury editorial lighting","[""wristwatch"", ""watch box""]","{""wristwatch"": ""gold"", ""watch box"": ""black""}","[""wristwatch above watch box""]","[""GRACE""]","[""luxury editorial"", ""dark marble"", ""dramatic lighting""]","A promotional product image showing a gold wristwatch placed on top of a black leather watch box on a dark marble surface, with the “GRACE” logo on the watch face and luxurious lighting reminiscent of editorial photography",0.9131,PASS,ar,0.7223434448242188
MB065,fashion_apparel,HAVEN,صورة منتج لنظارات شمسية بلون بني مرقط موضوعة فوق حافظة نظارات جلدية سوداء على خلفية بيضاء، مع كتابة «HAVEN» على الحافظة، لقطة استوديو واضحة,"Product photography of brown tortoiseshell sunglasses placed above a black leather glasses case on a white background, HAVEN on case, clean studio shot","[""sunglasses"", ""glasses case""]","{""sunglasses"": ""brown"", ""glasses case"": ""black""}","[""sunglasses above glasses case""]","[""HAVEN""]","[""product photography"", ""white background"", ""clean lighting""]","Product photo of brown-patterned sunglasses placed on a black leather case against a white background, with the word “HAVEN” written on the case; a clear studio shot",0.8867,PASS,ar,0.6751879453659058
MB066,fashion_apparel,INKE,صورة منتج لأحذية جري زرقاء موضوعة على يسار جوارب رياضية بيضاء على سطح خرساني رمادي، مع شعار INKE على كعب الحذاء، وإضاءة تعكس نمط الحياة,"Product photography of blue running shoes placed to the left of white athletic socks on a gray concrete surface, INKE logo on shoe heel, lifestyle lighting","[""running shoes"", ""athletic socks""]","{""running shoes"": ""blue"", ""athletic socks"": ""white""}","[""running shoes left of athletic socks""]","[""INKE""]","[""lifestyle photography"", ""concrete surface"", ""natural lighting""]","A product photo of blue running shoes placed to the left of white athletic socks on a gray concrete surface, with the INKE logo on the heel of the shoe, and lighting that reflects a lifestyle",0.9341,PASS,ar,0.7157522439956665
MB067,fashion_apparel,JOIE,صورة ممددة لسترة جينز زرقاء موضوعة فوق حقيبة قماشية بيضاء على سطح رمادي فاتح، مع كتابة «JOIE» على الحقيبة، وإضاءة طبيعية,"Flat lay of a blue denim jacket placed above a white canvas tote bag on a light gray surface, JOIE on tote bag, natural lighting","[""denim jacket"", ""tote bag""]","{""denim jacket"": ""blue"", ""tote bag"": ""white""}","[""denim jacket above tote bag""]","[""JOIE""]","[""flat lay"", ""gray background"", ""natural lighting""]","A wide-angle shot of a blue denim jacket draped over a white canvas bag on a light gray surface, with the word “JOIE” written on the bag, and natural lighting",0.9244,PASS,ar,0.7016299962997437
MB068,fashion_apparel,KEEN,صورة منتج لحقيبة يد جلدية بنية اللون موضوعة على يسار وشاح حريري أحمر فوق سطح من الكتان البيج، مع شعار «KEEN» منقوش على الحقيبة، وإضاءة ناعمة ودافئة,"Product photography of a brown leather tote bag placed to the left of a red silk scarf on a beige linen surface, KEEN embossed on bag, soft warm lighting","[""leather tote bag"", ""silk scarf""]","{""leather tote bag"": ""brown"", ""silk scarf"": ""red""}","[""leather tote bag left of silk scarf""]","[""KEEN""]","[""product photography"", ""linen surface"", ""warm lighting""]","Product photo of a brown leather handbag placed to the left of a red silk scarf on a beige linen surface, with the “KEEN” logo embossed on the bag, and soft, warm lighting",0.9473,PASS,ar,0.74319988489151
MB069,fashion_apparel,LACE,صورة ترويجية لمنتج من فئة أسلوب الحياة تُظهر حذاءً رياضيًّا قماشيًّا أبيض موضوعًا فوق لوح تزلج أحمر على سطح خرساني، مع شعار LACE على جانب الحذاء، في إضاءة طبيعية حضرية,"Lifestyle product shot of a white canvas sneaker placed above a red skateboard on a concrete surface, LACE logo on sneaker side, urban natural lighting","[""canvas sneaker"", ""skateboard""]","{""canvas sneaker"": ""white"", ""skateboard"": ""red""}","[""canvas sneaker above skateboard""]","[""LACE""]","[""lifestyle photography"", ""concrete surface"", ""urban lighting""]","A promotional image for a lifestyle product showing a pair of white canvas sneakers placed on top of a red skateboard on a concrete surface, with the LACE logo on the side of the shoe, in natural urban lighting",0.8602,PASS,ar,0.8078925609588623
MB070,fashion_apparel,MAUVE,صورة منتج بتقنية «فلات لاي» لصدريّة رياضية وردية موضوعة فوق سجادة يوغا أرجوانية على أرضية بيضاء، مع وجود ملصق «MAUVE» على علامة الصدريّة، وإضاءة استوديو ساطعة,"Flat lay product shot of a pink sports bra placed above a purple yoga mat on a white floor surface, MAUVE label on bra tag, bright studio lighting","[""sports bra"", ""yoga mat""]","{""sports bra"": ""pink"", ""yoga mat"": ""purple""}","[""sports bra above yoga mat""]","[""MAUVE""]","[""flat lay"", ""white background"", ""bright lighting""]","A ""Flat Lay"" product photo of a pink sports bra placed on a purple yoga mat on a white floor, featuring a ""MAUVE"" label on the bra, with bright studio lighting",0.9442,PASS,ar,0.7021156549453735
MB071,fashion_apparel,NOIR,صورة منتج بتقنية «فلات لاي» لقبعة بيسبول سوداء موضوعة فوق قميص أبيض على خلفية رمادية، مع كلمة «NOIR» مطرزة على مقدمة القبعة، صورة تحريرية أنيقة,"Flat lay product shot of a black baseball cap placed above a white t-shirt on a gray background, NOIR embroidered on cap front, clean editorial shot","[""baseball cap"", ""t-shirt""]","{""baseball cap"": ""black"", ""t-shirt"": ""white""}","[""baseball cap above t-shirt""]","[""NOIR""]","[""flat lay"", ""gray background"", ""editorial""]","A ""Flat Lay"" product photo of a black baseball cap placed on top of a white T-shirt against a gray background, with the word ""NOIR"" embroidered on the front of the cap; a stylish editorial image",0.9371,PASS,ar,0.7185910940170288
MB072,fashion_apparel,ONYX,صورة منتج لأحذية «تشيلسي» سوداء موضوعة على يسار حزام جلدي بني فوق سطح أبيض، مع وجود كلمة «ONYX» على نعل الحذاء، وإضاءة استوديو نقية,"Product photography of black Chelsea boots placed to the left of a brown leather belt on a white surface, ONYX on boot sole, clean studio lighting","[""Chelsea boots"", ""leather belt""]","{""Chelsea boots"": ""black"", ""leather belt"": ""brown""}","[""Chelsea boots left of leather belt""]","[""ONYX""]","[""product photography"", ""white background"", ""studio lighting""]","A product photo of black ""Chelsea"" boots placed to the left of a brown leather belt on a white background, with the word ""ONYX"" on the sole of the boot, and crisp studio lighting",0.9431,PASS,ar,0.742202639579773
MB073,fashion_apparel,POISE,صورة ترويجية لمنتج من فئة أسلوب الحياة تُظهر معطفًا مطريًّا أصفر معلَّقًا فوق مظلة سوداء على خلفية جدار أبيض، مع وجود شعار «POISE» على المعطف، وإضاءة تحريرية بسيطة,"Lifestyle product shot of a yellow raincoat hung above a black umbrella against a white wall, POISE label on raincoat, clean editorial lighting","[""raincoat"", ""umbrella""]","{""raincoat"": ""yellow"", ""umbrella"": ""black""}","[""raincoat above umbrella""]","[""POISE""]","[""lifestyle photography"", ""white wall"", ""editorial""]","A promotional image for a lifestyle product showing a yellow raincoat hanging over a black umbrella against a white wall, with the “POISE” logo on the raincoat and simple stylized lighting",0.8962,PASS,ar,0.791295051574707
MB074,fashion_apparel,RIVE,صورة مأخوذة من زاوية علوية لسترة صوفية رمادية موضوعة فوق وشاح أبيض محبوك على سطح خشبي فاتح، مع ظهور علامة «RIVE»، وإضاءة طبيعية ناعمة,"Flat lay of a gray wool sweater placed above a white knit scarf on a light wooden surface, RIVE label visible, soft natural lighting","[""wool sweater"", ""knit scarf""]","{""wool sweater"": ""gray"", ""knit scarf"": ""white""}","[""wool sweater above knit scarf""]","[""RIVE""]","[""flat lay"", ""wooden surface"", ""soft lighting""]","A top-down view of a gray wool sweater draped over a white knitted scarf on a light-colored wooden surface, featuring the “RIVE” logo and soft natural lighting",0.9212,PASS,ar,0.5477142930030823
MB075,fashion_apparel,SILK,صورة منتج مأخوذة من زاوية مسطحة لملابس سباحة برتقالية اللون موضوعة على يسار زجاجة بيضاء من واقي الشمس على سطح باللون الفيروزي، مع وجود ملصق «SILK» على الزجاجة، وإضاءة صيفية مشرقة,"Product flat lay of an orange swimsuit placed to the left of a white sunscreen bottle on a turquoise surface, SILK label on bottle, bright summery lighting","[""swimsuit"", ""sunscreen bottle""]","{""swimsuit"": ""orange"", ""sunscreen bottle"": ""white""}","[""swimsuit left of sunscreen bottle""]","[""SILK""]","[""flat lay"", ""turquoise background"", ""bright lighting""]","A flat-lay product photo of orange swimwear placed to the left of a white bottle of sunscreen on a turquoise surface, with a “SILK” label on the bottle, and bright summer lighting",0.9373,PASS,ar,0.6361395716667175
MB076,fashion_apparel,TONE,صورة منتج لحقيبة ظهر زرقاء داكنة موضوعة على يسار زجاجة مياه فضية على خلفية بيضاء، مع وجود كلمة «TONE» على الجيب الأمامي للحقيبة، صورة استوديو واضحة,"Product photography of a navy blue backpack placed to the left of a silver water bottle on a white background, TONE on backpack front pocket, clean studio shot","[""backpack"", ""water bottle""]","{""backpack"": ""navy"", ""water bottle"": ""silver""}","[""backpack left of water bottle""]","[""TONE""]","[""product photography"", ""white background"", ""clean lighting""]","Product photo of a dark blue backpack placed to the left of a silver water bottle against a white background, with the word “TONE” on the backpack’s front pocket; clear studio photo",0.9249,PASS,ar,0.7258527278900146
MB077,fashion_apparel,ULAN,صورة أزياء بتقنية «فلات لاي» تُظهر سترة رمادية بغطاء رأس موضوعة فوق بنطال جري أسود على سطح أبيض، مع ظهور علامة «ULAN» بوضوح على السترة، وإضاءة تحريرية نقية,"Flat lay fashion shot of a gray hoodie placed above black jogger pants on a white surface, ULAN tag visible on hoodie, clean editorial lighting","[""hoodie"", ""jogger pants""]","{""hoodie"": ""gray"", ""jogger pants"": ""black""}","[""hoodie above jogger pants""]","[""ULAN""]","[""flat lay"", ""white background"", ""editorial""]","A ""Flat Lay"" fashion photo shows a gray hoodie paired with black running pants on a white background, with the ""ULAN"" logo clearly visible on the hoodie and clean, editorial lighting.",0.9261,PASS,ar,0.7242469191551208
MB078,fashion_apparel,VIBE,صورة منتج لأحذية «أوكسفورد» الرسمية المصنوعة من الجلد البني، موضوعة على يسار حقيبة يد جلدية بلون بني فاتح على أرضية رخامية داكنة، مع وجود كلمة «VIBE» على نعل الحذاء، وإضاءة احترافية خاصة بالتصوير التحريري,"Product photography of brown leather Oxford dress shoes placed to the left of a tan leather briefcase on a dark marble floor, VIBE on shoe sole, professional editorial lighting","[""dress shoes"", ""briefcase""]","{""dress shoes"": ""brown"", ""briefcase"": ""tan""}","[""dress shoes left of briefcase""]","[""VIBE""]","[""editorial photography"", ""dark marble"", ""professional lighting""]","A product photo of brown leather formal “Oxford” shoes, placed to the left of a light brown leather handbag on a dark marble floor, with the word “VIBE” on the sole of the shoe, and professional lighting typical of editorial photography",0.8793,PASS,ar,0.7498050928115845
MB079,fashion_apparel,WOVEN,صورة منتج لسترة شتوية حمراء موضوعة أسفل قفازات جلدية سوداء على خلفية بيضاء، مع وجود ملصق «WOVEN» على سحاب السترة، وإضاءة شتوية دافئة,"Product photography of a red winter jacket placed below black leather gloves on a white background, WOVEN label on jacket zip, cozy winter lighting","[""winter jacket"", ""leather gloves""]","{""winter jacket"": ""red"", ""leather gloves"": ""black""}","[""winter jacket below leather gloves""]","[""WOVEN""]","[""product photography"", ""white background"", ""soft lighting""]","A product photo of a red winter jacket placed beneath black leather gloves against a white background, featuring a “WOVEN” label on the jacket’s zipper and warm winter lighting",0.9357,PASS,ar,0.7393101453781128
MB080,fashion_apparel,XARA,صورة منتج بتقنية «فلات لاي» لشورت رياضي أسود موضوع أسفل حذاء جري أبيض على أرضية صالة رياضية رمادية، مع شعار XARA على حزام الخصر للشورت، وإضاءة استوديو ساطعة,"Flat lay product shot of black athletic shorts placed below white running sneakers on a gray gym floor, XARA logo on shorts waistband, bright studio lighting","[""athletic shorts"", ""sneakers""]","{""athletic shorts"": ""black"", ""sneakers"": ""white""}","[""athletic shorts below sneakers""]","[""XARA""]","[""flat lay"", ""gray background"", ""bright lighting""]","A ""Flat Lay"" product photo of black athletic shorts placed beneath a pair of white running shoes on a gray gym floor, with the XARA logo on the waistband of the shorts and bright studio lighting",0.9536,PASS,ar,0.7286937236785889
MB081,fashion_apparel,YARN,صورة «فلات لاي» تعكس أسلوب الحياة، تُظهر حقيبة قماشية باللون البيج موضوعة على يسار كتاب ورقي أبيض على سطح خشبي، مع ظهور كلمة «YARN» على جانب الحقيبة، في إضاءة طبيعية دافئة,"Lifestyle flat lay of a beige canvas tote bag placed to the left of a white paperback book on a wooden surface, YARN on tote side, warm natural lighting","[""canvas tote bag"", ""paperback book""]","{""canvas tote bag"": ""beige"", ""paperback book"": ""white""}","[""canvas tote bag left of paperback book""]","[""YARN""]","[""flat lay"", ""wooden surface"", ""warm lighting""]","A ""Flat Lay"" photo that captures a lifestyle, showing a beige canvas bag placed to the left of a white paperback book on a wooden surface, with the word ""YARN"" visible on the side of the bag, in warm natural lighting",0.8749,PASS,ar,0.656204342842102
MB082,fashion_apparel,ZOLA,صورة ترويجية لأزياء تُظهر معطفًا طويلًا باللون البيج مُعلَّقًا أسفل مظلة سوداء أمام جدار أبيض، مع وجود علامة «ZOLA» على المعطف، وإضاءة ترويجية بسيطة,"Fashion editorial product shot of a beige trench coat hung below a black umbrella against a white wall, ZOLA label on coat, clean editorial lighting","[""trench coat"", ""umbrella""]","{""trench coat"": ""beige"", ""umbrella"": ""black""}","[""trench coat below umbrella""]","[""ZOLA""]","[""editorial photography"", ""white wall"", ""clean lighting""]","A fashion promotional photo showing a long beige coat hanging beneath a black umbrella in front of a white wall, with the “ZOLA” logo on the coat and simple promotional lighting",0.8561,PASS,ar,0.8131916522979736
MB083,fashion_apparel,AEON,صورة منتج لشورت ركوب دراجات أسود موضوع على يمين خوذة ركوب دراجات بيضاء على سطح رمادي فاتح، مع شعار AEON على جانب الخوذة، لقطة استوديو واضحة,"Product photography of black cycling shorts placed to the right of a white cycling helmet on a light gray surface, AEON logo on helmet side, clean studio shot","[""cycling shorts"", ""cycling helmet""]","{""cycling shorts"": ""black"", ""cycling helmet"": ""white""}","[""cycling shorts right of cycling helmet""]","[""AEON""]","[""product photography"", ""gray background"", ""studio lighting""]","Product photo of black cycling shorts placed to the right of a white cycling helmet on a light gray surface, with the AEON logo on the side of the helmet; a clear studio shot",0.9819,PASS,ar,0.6851803064346313
MB084,fashion_apparel,BRIM,صورة ترويجية لمنتج تتمثل في محفظة جلدية سوداء موضوعة أسفل عملات فضية على سطح رخامي داكن، مع شعار «BRIM» منقوش على واجهة المحفظة، وإضاءة فاخرة على غرار الصور التحريرية,"Product photography of a black leather wallet placed below silver coins on a dark marble surface, BRIM embossed on wallet front, luxury editorial lighting","[""leather wallet"", ""coins""]","{""leather wallet"": ""black"", ""coins"": ""silver""}","[""leather wallet below coins""]","[""BRIM""]","[""luxury editorial"", ""dark marble"", ""dramatic lighting""]","A promotional image of a product featuring a black leather wallet placed beneath silver coins on a dark marble surface, with the “BRIM” logo embossed on the front of the wallet, and luxurious lighting reminiscent of editorial photography",0.864,PASS,ar,0.7146586179733276
MB085,fashion_apparel,CORD,صورة أزياء بتقنية «فلات لاي» لقبعة صوفية رمادية موضوعة أسفل سترة زرقاء داكنة على سطح أبيض، مع وجود علامة «CORD» على القبعة، وإضاءة طبيعية نقية,"Flat lay fashion shot of a gray knit beanie hat placed below a navy jacket on a white surface, CORD tag on beanie, clean natural lighting","[""beanie hat"", ""jacket""]","{""beanie hat"": ""gray"", ""jacket"": ""navy""}","[""beanie hat below jacket""]","[""CORD""]","[""flat lay"", ""white background"", ""natural lighting""]","A ""flat lay"" fashion photo of a gray wool hat placed beneath a dark blue jacket on a white surface, featuring the ""CORD"" logo on the hat and crisp, natural lighting",0.8469,REVIEW,ar,0.6695128679275513
MB086,fashion_apparel,DUSK,صورة ترويجية لمنتج أزياء تُظهر حذاءً بكعب عالٍ أسود موضوعًا على يمين حقيبة كلتش جلدية حمراء فوق سطح ذهبي، مع شعار DUSK على الكعب، وإضاءة تصويرية ساحرة,"Fashion product photography of black platform heels placed to the right of a red leather clutch bag on a gold surface, DUSK logo on heel, glamorous editorial lighting","[""platform heels"", ""clutch bag""]","{""platform heels"": ""black"", ""clutch bag"": ""red""}","[""platform heels right of clutch bag""]","[""DUSK""]","[""editorial photography"", ""gold surface"", ""glamorous lighting""]","A promotional image for a fashion product showing a pair of black high-heeled shoes placed to the right of a red leather clutch bag on a gold surface, with the DUSK logo on the heel and captivating lighting",0.928,PASS,ar,0.7554106712341309
MB087,fashion_apparel,ZYLO,صورة منتج لسروال كارغو أخضر موضوع أسفل حذاء جلدي بني على خلفية بيضاء، مع وجود علامة ZYLO على حزام الخصر، وإضاءة استوديو واضحة,"Product photography of green cargo pants placed below brown leather boots on a white background, ZYLO label on pants waistband, clean studio lighting","[""cargo pants"", ""leather boots""]","{""cargo pants"": ""green"", ""leather boots"": ""brown""}","[""cargo pants below leather boots""]","[""ZYLO""]","[""product photography"", ""white background"", ""studio lighting""]","A product photo of green cargo pants placed beneath a pair of brown leather shoes on a white background, featuring the ZYLO logo on the waistband, with clear studio lighting",0.9159,PASS,ar,0.7472389936447144
MB088,fashion_apparel,FINN,صورة منتج بتقنية «فلات لاي» لربطة عنق حريرية باللون الأزرق الداكن موضوعة أسفل قميص أبيض على سطح رمادي، مع كلمة «FINN» منسوجة على ملصق ربطة العنق، وإضاءة احترافية على غرار الصور التحريرية,"Flat lay product shot of a navy blue silk tie placed below a white dress shirt on a gray surface, FINN woven on tie label, professional editorial lighting","[""silk tie"", ""dress shirt""]","{""silk tie"": ""navy"", ""dress shirt"": ""white""}","[""silk tie below dress shirt""]","[""FINN""]","[""flat lay"", ""gray background"", ""professional lighting""]","Product photo using ""Flat Lay"" of a dark blue silk tie placed beneath a white shirt on a gray surface, with the word ""FINN"" woven onto the tie's label, and professional lighting in the style of editorial photography",0.8679,PASS,ar,0.7180405855178833
MB089,fashion_apparel,GILD,صورة «فلات لاي» تعكس أسلوب الحياة، تُظهر بنطال رياضي أرجواني موضوعًا على يمين حذاء رياضي أبيض على أرضية صالة رياضية نظيفة، مع شعار GILD على حزام الخصر، وإضاءة استوديو ساطعة,"Lifestyle flat lay of purple gym leggings placed to the right of white sports shoes on a clean gym floor, GILD logo on leggings waistband, bright studio lighting","[""gym leggings"", ""sports shoes""]","{""gym leggings"": ""purple"", ""sports shoes"": ""white""}","[""gym leggings right of sports shoes""]","[""GILD""]","[""flat lay"", ""white background"", ""bright lighting""]","The “Flat Lay” photo captures a lifestyle moment, showing purple sweatpants placed to the right of a pair of white sneakers on the floor of a clean gym, with the GILD logo on the waistband and bright studio lighting.",0.8793,PASS,ar,0.6430644989013672
MB090,fashion_apparel,HAZE,تصوير «فلات لاي» يعكس أسلوب الحياة الصيفي، حيث تظهر صندل جلدية بلون بني فاتح موضوعة على يمين قبعة شاطئية بيضاء مصنوعة من القش على سطح رملي، مع شعار HAZE على حزام الصندل، وإضاءة طبيعية ساطعة,"Summer lifestyle flat lay of tan leather sandals placed to the right of a white straw beach hat on a sandy surface, HAZE logo on sandal strap, bright natural lighting","[""leather sandals"", ""straw beach hat""]","{""leather sandals"": ""tan"", ""straw beach hat"": ""white""}","[""leather sandals right of straw beach hat""]","[""HAZE""]","[""flat lay"", ""sandy surface"", ""natural lighting""]","Photography “Flat Lay” captures the summer lifestyle, featuring light brown leather sandals placed to the right of a white straw beach hat on a sandy surface, with the HAZE logo on the sandal strap and bright natural lighting.",0.8065,REVIEW,ar,0.6280079483985901
MB091,automotive,TORQ,صورة ترويجية لسيارة رياضية حمراء موضوعة على يسار خوذة سباق بيضاء على أرضية استوديو داكنة، مع شعار «TORQ» على غطاء محرك السيارة، وإضاءة استوديو مثيرة,"Automotive product photography of a red sports car placed to the left of a white racing helmet on a dark studio floor, TORQ logo on car hood, dramatic studio lighting","[""sports car"", ""racing helmet""]","{""sports car"": ""red"", ""racing helmet"": ""white""}","[""sports car left of racing helmet""]","[""TORQ""]","[""product photography"", ""dark background"", ""dramatic lighting""]","A promotional photo of a red sports car positioned to the left of a white racing helmet on a dark studio floor, with the “TORQ” logo on the hood and dramatic studio lighting",0.9495,PASS,ar,0.7810624837875366
MB092,automotive,RUSH,صورة منتج لسيارة كهربائية بيضاء مع كابل شحن أخضر موضوع على يسارها على أرضية استوديو نظيفة، وشعار RUSH على باب السيارة، وخلفية بيضاء نظيفة,"Product photography of a white electric car with a green charging cable placed to its left on a clean studio floor, RUSH logo on car door, clean white background","[""electric car"", ""charging cable""]","{""electric car"": ""white"", ""charging cable"": ""green""}","[""charging cable left of electric car""]","[""RUSH""]","[""product photography"", ""white background"", ""clean lighting""]","Product photo of a white electric car with a green charging cable placed to its left on a clean studio floor, the RUSH logo on the car door, and a clean white background",0.9927,PASS,ar,0.7906579971313477
MB093,automotive,FORGE,صورة ترويجية لسيارة دفع رباعي سوداء مزودة بحامل سقف فضي مثبت فوقها، على أرضية استوديو بيضاء، مع شعار «FORGE» على غطاء المحرك، وإضاءة استوديو درامية,"Automotive product shot of a black SUV with a silver roof rack mounted above on a white studio floor, FORGE on hood, dramatic studio lighting","[""SUV"", ""roof rack""]","{""SUV"": ""black"", ""roof rack"": ""silver""}","[""roof rack above SUV""]","[""FORGE""]","[""product photography"", ""white background"", ""dramatic lighting""]","A promotional photo of a black SUV with a silver roof rack mounted on top, set against a white studio floor, featuring the “FORGE” logo on the hood and dramatic studio lighting",0.9185,PASS,ar,0.7458274364471436
MB094,automotive,HELIX,صورة منتج لدراجة نارية سوداء موضوعة على يسار خوذة بيضاء تغطي الوجه بالكامل على أرضية استوديو داكنة، وشعار HELIX على خزان الوقود للدراجة النارية، وإضاءة استوديو درامية,"Product photography of a black motorcycle placed to the left of a white full-face helmet on a dark studio floor, HELIX logo on motorcycle tank, dramatic studio lighting","[""motorcycle"", ""helmet""]","{""motorcycle"": ""black"", ""helmet"": ""white""}","[""motorcycle left of helmet""]","[""HELIX""]","[""product photography"", ""dark background"", ""dramatic lighting""]","A product photo of a black motorcycle positioned to the left of a white full-face helmet on a dark studio floor, with the HELIX logo on the motorcycle's fuel tank and dramatic studio lighting",0.9577,PASS,ar,0.7459975481033325
MB095,automotive,JOLT,صورة منتج سيارات لسيارة رياضية زرقاء مع إطار أسود موضوع أسفلها على أرضية استوديو بيضاء، وشعار «JOLT» على غطاء محرك السيارة، وإضاءة درامية واضحة,"Automotive product shot of a blue sports car with a black tire placed below on a white studio floor, JOLT on car hood, clean dramatic lighting","[""sports car"", ""tire""]","{""sports car"": ""blue"", ""tire"": ""black""}","[""tire below sports car""]","[""JOLT""]","[""product photography"", ""white background"", ""dramatic lighting""]","A product photo of a blue sports car with a black rim, set against a white studio floor, featuring the “JOLT” logo on the hood and dramatic lighting",0.9132,PASS,ar,0.7499406337738037
MB096,automotive,KINETIC,صورة منتج لشاحنة بيك آب برتقالية اللون موضوعة على يسار صندوق أدوات معدني أسود على سطح خرساني، مع وجود كلمة «KINETIC» على باب الشاحنة، وإضاءة طبيعية في الهواء الطلق,"Product photography of an orange pickup truck placed to the left of a black metal toolbox on a concrete surface, KINETIC on truck door, outdoor natural lighting","[""pickup truck"", ""toolbox""]","{""pickup truck"": ""orange"", ""toolbox"": ""black""}","[""pickup truck left of toolbox""]","[""KINETIC""]","[""product photography"", ""concrete surface"", ""outdoor lighting""]","A product photo of an orange pickup truck positioned to the left of a black metal toolbox on a concrete surface, with the word “KINETIC” on the truck’s door, and natural outdoor lighting",0.912,PASS,ar,0.763210654258728
MB097,automotive,LAUNCH,صورة منتج لسكوتر كهربائي أبيض موضوع على يسار خوذة أمان سوداء على رصيف حضري رمادي، وكلمة «LAUNCH» مكتوبة على سطح السكوتر، وإضاءة طبيعية نقية,"Product photography of a white electric scooter placed to the left of a black safety helmet on a gray urban sidewalk, LAUNCH on scooter deck, clean natural lighting","[""electric scooter"", ""safety helmet""]","{""electric scooter"": ""white"", ""safety helmet"": ""black""}","[""electric scooter left of safety helmet""]","[""LAUNCH""]","[""product photography"", ""urban setting"", ""natural lighting""]","A product photo of a white electric scooter placed to the left of a black safety helmet on a gray urban sidewalk; the word “LAUNCH” is written on the scooter’s surface, and the lighting is natural and crisp",0.9059,PASS,ar,0.7102093696594238
MB098,automotive,MOTION,صورة ترويجية لسيارة مدينة صغيرة فضية اللون موضوعة على يسار لافتة وقوف بيضاء في أحد شوارع المدينة، مع شعار «MOTION» على غطاء محرك السيارة، وإضاءة حضرية ساطعة,"Product photography of a silver compact city car placed to the left of a white parking sign on a city street, MOTION logo on car hood, bright urban lighting","[""city car"", ""parking sign""]","{""city car"": ""silver"", ""parking sign"": ""white""}","[""city car left of parking sign""]","[""MOTION""]","[""product photography"", ""urban setting"", ""bright lighting""]","A promotional photo of a small silver city car parked to the left of a white parking sign on a city street, with the “MOTION” logo on the hood and bright city lights in the background",0.9415,PASS,ar,0.8015298843383789
MB099,automotive,PULSE,صورة ترويجية لسيارة مكشوفة صفراء موضوعة فوق مفتاح سيارة فضي على أرضية صالة عرض داكنة، وكلمة «PULSE» مكتوبة على باب السيارة، وإضاءة درامية في صالة العرض,"Product photography of a yellow convertible car placed above a silver car key on a dark showroom floor, PULSE on car door, dramatic showroom lighting","[""convertible car"", ""car key""]","{""convertible car"": ""yellow"", ""car key"": ""silver""}","[""convertible car above car key""]","[""PULSE""]","[""product photography"", ""dark showroom"", ""dramatic lighting""]","A promotional photo of a yellow convertible placed on top of a silver car key on the floor of a dark showroom, with the word “PULSE” written on the car door, and dramatic lighting in the showroom",0.8216,REVIEW,ar,0.7268480062484741
MB100,automotive,QUEST,صورة منتج لسيارة هجينة خضراء موضوعة على يسار لوح شمسي أزرق داكن على سطح نظيف في الاستوديو، مع وجود شعار «QUEST» على غطاء محرك السيارة، وخلفية بيضاء نظيفة في الاستوديو,"Product photography of a green hybrid car placed to the left of a navy solar panel on a clean studio surface, QUEST on car hood, clean white studio background","[""hybrid car"", ""solar panel""]","{""hybrid car"": ""green"", ""solar panel"": ""navy""}","[""hybrid car left of solar panel""]","[""QUEST""]","[""product photography"", ""white background"", ""clean lighting""]","A product photo of a green hybrid car positioned to the left of a dark blue solar panel on a clean studio floor, with the “QUEST” logo on the hood and a clean white studio background",0.9281,PASS,ar,0.7149282097816467
MB101,automotive,RACER,صورة مثيرة لسيارة سباق حمراء موضوعة على يسار علم مربّع بالأبيض والأسود على مضمار سباق، مع شعار «RACER» على غطاء محرك السيارة، وإضاءة سباق مثيرة,"Dramatic product shot of a red racing car placed to the left of a black and white checkered flag on a racing track, RACER logo on car hood, dramatic race lighting","[""racing car"", ""checkered flag""]","{""racing car"": ""red"", ""checkered flag"": ""black""}","[""racing car left of checkered flag""]","[""RACER""]","[""product photography"", ""race track"", ""dramatic lighting""]","A striking photo of a red race car positioned to the left of a black-and-white checkered flag on a racetrack, with the “RACER” logo on the hood and dramatic race lights",0.9529,PASS,ar,0.7557855844497681
MB102,automotive,SPEED,صورة منتج لدراجة نارية رياضية فضية موضوعة فوق قفازات سباق جلدية سوداء على سطح استوديو داكن، وكلمة «SPEED» مكتوبة على غطاء الدراجة النارية، مع إضاءة استوديو درامية,"Product photography of a silver sports motorcycle placed above black leather racing gloves on a dark studio surface, SPEED on motorcycle fairing, dramatic studio lighting","[""sports motorcycle"", ""racing gloves""]","{""sports motorcycle"": ""silver"", ""racing gloves"": ""black""}","[""sports motorcycle above racing gloves""]","[""SPEED""]","[""product photography"", ""dark background"", ""dramatic lighting""]","A product photo of a silver sports motorcycle placed on top of black leather racing gloves on a dark studio background, with the word “SPEED” written on the motorcycle’s fairing, under dramatic studio lighting",0.9127,PASS,ar,0.767331600189209
MB103,automotive,THRUST,صورة منتج لسيارة سيدان عائلية بيضاء اللون، مع مقعد أطفال أسود موضوع على يمينها على سطح استوديو رمادي، وكلمة «THRUST» مكتوبة على باب السيارة، وإضاءة استوديو واضحة,"Product photography of a white family sedan with a black child seat placed to its right on a gray studio surface, THRUST on sedan door, clean studio lighting","[""family sedan"", ""child seat""]","{""family sedan"": ""white"", ""child seat"": ""black""}","[""child seat right of family sedan""]","[""THRUST""]","[""product photography"", ""gray background"", ""clean lighting""]","A product photo of a white family sedan with a black child seat placed to its right on a gray studio background; the word “THRUST” is written on the car door, and the studio lighting is bright.",0.9121,PASS,ar,0.7553721070289612
MB104,automotive,VEER,صورة منتج لسيارة دفع رباعي بنية اللون موضوعة على يسار إطار احتياطي أسود على سطح خارجي وعر، مع شعار «VEER» على غطاء المحرك، وإضاءة طبيعية خارجية,"Product photography of a brown off-road vehicle placed to the left of a black spare tire on a rugged outdoor surface, VEER on hood, outdoor natural lighting","[""off-road vehicle"", ""spare tire""]","{""off-road vehicle"": ""brown"", ""spare tire"": ""black""}","[""off-road vehicle left of spare tire""]","[""VEER""]","[""product photography"", ""outdoor surface"", ""natural lighting""]","A product photo of a brown SUV positioned to the left of a black spare tire on a rugged outdoor surface, with the “VEER” logo on the hood and natural outdoor lighting",0.9589,PASS,ar,0.6172730326652527
MB105,automotive,WARP,تصوير منتج فاخر لسيارة سيدان سوداء موضوعة فوق مفتاح ذهبي على أرضية صالة عرض من الرخام الداكن، مع وجود كلمة «WARP» على غطاء محرك السيارة، وإضاءة تحريرية مثيرة,"Luxury product photography of a black sedan placed above a gold key fob on a dark marble showroom floor, WARP on sedan hood, dramatic editorial lighting","[""sedan"", ""key fob""]","{""sedan"": ""black"", ""key fob"": ""gold""}","[""sedan above key fob""]","[""WARP""]","[""luxury editorial"", ""dark marble"", ""dramatic lighting""]","A luxury product shot of a black sedan placed atop a gold key on the floor of a dark marble showroom, with the word “WARP” on the hood and dramatic creative lighting",0.9391,PASS,ar,0.7036013603210449
MB106,automotive,XCEL,صورة منتج لدراجة كهربائية بيضاء موضوعة على يسار كابل شحن أسود على أرضية استوديو بيضاء نظيفة، مع وجود شعار «XCEL» على هيكل الدراجة، وإضاءة استوديو نقية,"Product photography of a white electric bicycle placed to the left of a black charging cable on a clean white studio floor, XCEL on bicycle frame, clean studio lighting","[""electric bicycle"", ""charging cable""]","{""electric bicycle"": ""white"", ""charging cable"": ""black""}","[""electric bicycle left of charging cable""]","[""XCEL""]","[""product photography"", ""white background"", ""studio lighting""]","A product photo of a white electric bike positioned to the left of a black charging cable on a clean white studio floor, featuring the “XCEL” logo on the bike’s frame and crisp studio lighting",0.9546,PASS,ar,0.7887676954269409
MB107,automotive,YOKE,صورة ترويجية جذابة لسيارة سباق حمراء موضوعة على يسار كأس ذهبي على أرضية صالة عرض داكنة، مع وجود شعار «YOKE» على غطاء محرك السيارة، في أجواء درامية مضاءة باللون الذهبي,"Glamour product shot of a red racing car placed to the left of a gold trophy on a dark showroom floor, YOKE on car hood, dramatic gold-lit atmosphere","[""racing car"", ""trophy""]","{""racing car"": ""red"", ""trophy"": ""gold""}","[""racing car left of trophy""]","[""YOKE""]","[""product photography"", ""dark showroom"", ""glamorous lighting""]","An eye-catching promotional image of a red race car positioned to the left of a golden trophy on the floor of a dark showroom, with the “YOKE” logo on the hood, set against a dramatic backdrop illuminated in gold",0.8438,REVIEW,ar,0.752719521522522
MB108,automotive,ZOOM,صورة منتج لشاحنة توصيل بيضاء موضوعة على يسار صندوق كرتوني بني على سطح شارع رمادي، تكبير على باب الشاحنة، إضاءة تجارية واضحة,"Product photography of a white delivery van placed to the left of a brown cardboard box on a gray street surface, ZOOM on van door, clean commercial lighting","[""delivery van"", ""cardboard box""]","{""delivery van"": ""white"", ""cardboard box"": ""brown""}","[""delivery van left of cardboard box""]","[""ZOOM""]","[""product photography"", ""gray surface"", ""commercial lighting""]",Product photo of a white delivery truck positioned to the left of a brown cardboard box on a gray street; close-up of the truck's door; bright commercial lighting,0.9416,PASS,ar,0.6156357526779175
MB109,automotive,ALPHA,صورة منتج لسيارة كامبر فان باللون البيج موضوعة على يسار خيمة تخييم خضراء على سطح عشبي في الهواء الطلق، مع وجود كلمة «ALPHA» على جانب السيارة، وإضاءة «الساعة الذهبية»,"Product photography of a beige campervan placed to the left of a green camping tent on a grassy outdoor surface, ALPHA on van side, golden hour lighting","[""campervan"", ""camping tent""]","{""campervan"": ""beige"", ""camping tent"": ""green""}","[""campervan left of camping tent""]","[""ALPHA""]","[""product photography"", ""outdoor setting"", ""golden hour""]","A product photo of a beige Camper Van parked to the left of a green camping tent on a grassy outdoor area, with the word “ALPHA” on the side of the van and the “Golden Clock” lighting",0.8975,PASS,ar,0.7241621017456055
MB110,automotive,BRAVO,صورة منتج بأسلوب رجعي لسيارة كلاسيكية زرقاء موضوعة على يسار مضخة وقود فضية فوق سطح خرساني، مع كلمة «BRAVO» على غطاء محرك السيارة، وإضاءة كلاسيكية دافئة,"Retro product shot of a blue vintage car placed to the left of a silver fuel pump on a concrete surface, BRAVO on car hood, warm vintage lighting","[""vintage car"", ""fuel pump""]","{""vintage car"": ""blue"", ""fuel pump"": ""silver""}","[""vintage car left of fuel pump""]","[""BRAVO""]","[""product photography"", ""concrete surface"", ""vintage lighting""]","A retro-style product photo of a blue classic car positioned to the left of a silver fuel pump on a concrete surface, with the word “BRAVO” on the hood and warm, classic lighting",0.9523,PASS,ar,0.7375304698944092
MB111,automotive,TORVEX,صورة منتج لسيارة هاتشباك رياضية سوداء مزودة بحامل سقف فضي مثبت فوقها، على أرضية استوديو بيضاء، مع وجود كلمة «TORVEX» على باب السيارة، وإضاءة استوديو مثيرة,"Product photography of a black sports hatchback with a silver roof rack mounted above on a white studio floor, TORVEX on car door, dramatic studio lighting","[""sports hatchback"", ""roof rack""]","{""sports hatchback"": ""black"", ""roof rack"": ""silver""}","[""roof rack above sports hatchback""]","[""TORVEX""]","[""product photography"", ""white background"", ""dramatic lighting""]","A product photo of a black sports hatchback with a silver roof rack mounted on top, set against a white studio background, featuring the word “TORVEX” on the car door and dramatic studio lighting",0.8053,REVIEW,ar,0.7541616559028625
MB112,automotive,DELTA,صورة منتج لسيارة شرطة بيضاء مزودة بضوء صفارة إنذار أحمر مثبت أعلى السيارة على سطح رمادي، وكلمة «DELTA» مكتوبة على باب السيارة، مع إضاءة ليلية مثيرة,"Product photography of a white police car with a red siren light placed above on a gray surface, DELTA on car door, dramatic night lighting","[""police car"", ""siren light""]","{""police car"": ""white"", ""siren light"": ""red""}","[""siren light above police car""]","[""DELTA""]","[""product photography"", ""gray surface"", ""dramatic lighting""]","A product photo of a white police car equipped with a red siren mounted on top of the car on a gray background, with the word “DELTA” written on the car door, featuring dramatic night lighting",0.7428,FAIL,ar,0.7210888266563416
MB113,automotive,EAGLE,صورة منتج لحافلة مدرسية صفراء موضوعة على يمين لافتة توقف حمراء على سطح طريق رمادي، مع كلمة «EAGLE» مكتوبة على جانب الحافلة، وإضاءة طبيعية ساطعة,"Product photography of a yellow school bus placed to the right of a red stop sign on a gray road surface, EAGLE on bus side, bright natural lighting","[""school bus"", ""stop sign""]","{""school bus"": ""yellow"", ""stop sign"": ""red""}","[""school bus right of stop sign""]","[""EAGLE""]","[""product photography"", ""gray road"", ""bright lighting""]","A product photo of a yellow school bus positioned to the right of a red stop sign on a gray road, with the word “EAGLE” written on the side of the bus, and bright natural lighting",0.9242,PASS,ar,0.7274600863456726
MB114,automotive,FOXTROT,صورة منتج لشاحنة إطفاء حمراء موضوعة على يمين خرطوم إطفاء أصفر ملفوف على سطح خرساني، مع وجود كلمة «FOXTROT» على باب الشاحنة، في أجواء درامية مضاءة باللون الأحمر,"Product photography of a red fire truck placed to the right of a yellow coiled fire hose on a concrete surface, FOXTROT on truck door, dramatic red-lit atmosphere","[""fire truck"", ""fire hose""]","{""fire truck"": ""red"", ""fire hose"": ""yellow""}","[""fire truck right of fire hose""]","[""FOXTROT""]","[""product photography"", ""concrete surface"", ""dramatic lighting""]","A product photo of a red fire truck positioned to the right of a yellow fire hose coiled on a concrete surface, with the word “FOXTROT” on the truck’s door, set against a dramatic backdrop illuminated in red",0.8561,PASS,ar,0.7286990880966187
MB115,automotive,GRAND,صورة ترويجية فاخرة لسيارة ليموزين سوداء موضوعة فوق سجادة حمراء في شارع مدني مظلم، مع كلمة «GRAND» مكتوبة على باب السيارة، وإضاءة ليلية ساحرة,"Luxury product shot of a black limousine placed above a red carpet on a dark city street, GRAND on limo door, glamorous night lighting","[""limousine"", ""red carpet""]","{""limousine"": ""black"", ""red carpet"": ""red""}","[""limousine above red carpet""]","[""GRAND""]","[""luxury editorial"", ""dark setting"", ""glamorous lighting""]","A luxurious promotional photo of a black limousine parked on a red carpet on a dark city street, with the word “GRAND” written on the car door and enchanting nighttime lighting",0.921,PASS,ar,0.7954979538917542
MB116,automotive,HOUND,صورة ترويجية لمركبة رملية رمادية اللون موضوعة على يمين سلاسل ثلجية فضية على سطح ثلجي أبيض، مع وجود كلمة «HOUND» على باب المركبة، وإضاءة شتوية باردة,"Product photography of a gray all-terrain vehicle placed to the right of silver snow chains on a white snowy surface, HOUND on vehicle door, cold winter lighting","[""all-terrain vehicle"", ""snow chains""]","{""all-terrain vehicle"": ""gray"", ""snow chains"": ""silver""}","[""all-terrain vehicle right of snow chains""]","[""HOUND""]","[""product photography"", ""snowy surface"", ""cold lighting""]","A promotional image of a gray sand-colored vehicle positioned to the right of silver snow chains on a white snowy surface, with the word “HOUND” on the vehicle’s door and cool winter lighting",0.8871,PASS,ar,0.7500070333480835
MB117,automotive,IRON,صورة منتج لدراجة نارية من طراز «كروزر» سوداء اللون موضوعة فوق حقائب جانبية جلدية بنية اللون على أرضية استوديو داكنة، وكلمة «IRON» مكتوبة على خزان الوقود، مع إضاءة استوديو درامية,"Product photography of a black cruiser motorcycle placed above brown leather saddlebags on a dark studio floor, IRON on motorcycle tank, dramatic studio lighting","[""motorcycle"", ""saddlebags""]","{""motorcycle"": ""black"", ""saddlebags"": ""brown""}","[""motorcycle above saddlebags""]","[""IRON""]","[""product photography"", ""dark background"", ""dramatic lighting""]","A product photo of a black “Cruiser” motorcycle placed on top of brown leather side bags against a dark studio backdrop, with the word “IRON” written on the fuel tank, and dramatic studio lighting",0.7991,REVIEW,ar,0.7376558184623718
MB118,automotive,VANTIS,صورة منتج لسيارة دفع رباعي مدرعة خضراء اللون، مع هوائي راديو أسود موضوع على يمينها فوق سطح رمادي، وكلمة «VANTIS» مكتوبة على غطاء المحرك، وإضاءة استوديو مثيرة,"Product photography of a green armored SUV with a black radio antenna placed to its right on a gray surface, VANTIS on hood, dramatic studio lighting","[""armored SUV"", ""radio antenna""]","{""armored SUV"": ""green"", ""radio antenna"": ""black""}","[""radio antenna right of armored SUV""]","[""VANTIS""]","[""product photography"", ""gray surface"", ""dramatic lighting""]","A product photo of a green armored SUV, with a black radio antenna mounted on the right side above a gray roof, the word “VANTIS” written on the hood, and dramatic studio lighting",0.9097,PASS,ar,0.6523294448852539
MB119,automotive,KILO,صورة منتج لسيارة صغيرة حمراء موضوعة على يمين خريطة مدينة بيضاء مطوية على سطح حضري رمادي، مع وجود كلمة «KILO» على باب السيارة، وإضاءة حضرية ساطعة,"Product photography of a red micro car placed to the right of a white folded city map on a gray urban surface, KILO on car door, bright urban lighting","[""micro car"", ""city map""]","{""micro car"": ""red"", ""city map"": ""white""}","[""micro car right of city map""]","[""KILO""]","[""product photography"", ""urban setting"", ""bright lighting""]","A product photo of a small red car positioned to the right of a white city map folded on a gray urban backdrop, with the word “KILO” on the car door and bright city lights",0.9151,PASS,ar,0.7412930727005005
MB120,automotive,LANCE,صورة منتج لدراجة نارية فائقة السرعة برتقالية اللون موضوعة على يمين مخروط أسود من مخاريط حلبات السباق على سطح حلبة رمادي، وكلمة «LANCE» مكتوبة على غطاء الدراجة، مع إضاءة سباق مثيرة,"Product photography of an orange superbike placed to the right of a black racing track cone on a gray track surface, LANCE on bike fairing, dramatic race lighting","[""superbike"", ""track cone""]","{""superbike"": ""orange"", ""track cone"": ""black""}","[""superbike right of track cone""]","[""LANCE""]","[""product photography"", ""race track"", ""dramatic lighting""]","A product photo of an orange high-speed motorcycle positioned to the right of a black racing cone on a gray track surface, and the word “LANCE” written on the bike’s fairing, with dramatic racing lights",0.8057,REVIEW,ar,0.6711674928665161
MB121,lifestyle_wellness,ZENITH,صورة منتج لسجادة يوغا أرجوانية موضوعة على يسار زجاجة مياه فضية من الفولاذ المقاوم للصدأ على أرضية استوديو بيضاء، مع كلمة «ZENITH» مكتوبة على السجادة، وإضاءة ساطعة ونقية,"Product photography of a purple yoga mat placed to the left of a silver stainless steel water bottle on a white studio floor, ZENITH on mat, bright clean lighting","[""yoga mat"", ""water bottle""]","{""yoga mat"": ""purple"", ""water bottle"": ""silver""}","[""yoga mat left of water bottle""]","[""ZENITH""]","[""product photography"", ""white background"", ""bright lighting""]","A product photo of a purple yoga mat placed to the left of a silver stainless steel water bottle on a white studio floor, with the word “ZENITH” written on the mat, and bright, crisp lighting",0.959,PASS,ar,0.7767115831375122
MB122,lifestyle_wellness,REVIVE,صورة منتج لزجاجة مكمل غذائي بيضاء اللون، مع كبسولات برتقالية موضوعة على يمينها على سطح أبيض نظيف، وكلمة «REVIVE» مكتوبة على ملصق الزجاجة، وإضاءة استوديو,"Product photography of a white supplement bottle with orange capsules placed to its right on a clean white surface, REVIVE on bottle label, studio lighting","[""supplement bottle"", ""capsules""]","{""supplement bottle"": ""white"", ""capsules"": ""orange""}","[""capsules right of supplement bottle""]","[""REVIVE""]","[""product photography"", ""white background"", ""studio lighting""]","Product photo of a white dietary supplement bottle, with orange capsules placed to its right on a clean white surface; the word “REVIVE” is written on the bottle label; studio lighting",0.9149,PASS,ar,0.7905046939849854
MB123,lifestyle_wellness,BOOST,صورة ترويجية لمنتج من فئة أسلوب الحياة تُظهر حقيبة رياضية سوداء موضوعة على يسار منشفة بيضاء مطوية على أرضية صالة رياضية رمادية، مع شعار «BOOST» على حزام الحقيبة، وإضاءة ساطعة في الصالة الرياضية,"Lifestyle product shot of a black gym bag placed to the left of a white folded towel on a gray gym floor, BOOST logo on bag strap, bright gym lighting","[""gym bag"", ""towel""]","{""gym bag"": ""black"", ""towel"": ""white""}","[""gym bag left of towel""]","[""BOOST""]","[""lifestyle photography"", ""gym setting"", ""bright lighting""]","A promotional image for a lifestyle product showing a black gym bag placed to the left of a folded white towel on the gray floor of a gym, with the “BOOST” on the bag’s strap, and bright lighting in the gym",0.9067,PASS,ar,0.8120992183685303
MB124,lifestyle_wellness,AURA,صورة ترويجية لمنتج تجميلي تُظهر عبوة كريم للوجه بيضاء موضوعة فوق أزهار وردية على سطح رخامي، مع كلمة «AURA» مكتوبة على غطاء العبوة، وإضاءة طبيعية ناعمة,"Beauty product photography of a white face cream jar placed above pink flowers on a marble surface, AURA on jar lid, soft natural lighting","[""face cream jar"", ""flowers""]","{""face cream jar"": ""white"", ""flowers"": ""pink""}","[""face cream jar above flowers""]","[""AURA""]","[""beauty photography"", ""marble surface"", ""soft lighting""]","A promotional image for a beauty product showing a white face cream jar placed atop pink flowers on a marble surface, with the word “AURA” written on the lid, and soft natural lighting",0.8483,REVIEW,ar,0.8207124471664429
MB125,lifestyle_wellness,PEAK,صورة منتج لزجاجة خلط البروتين سوداء اللون موضوعة على يسار دمبل فضي اللون فوق حصيرة رياضية رمادية، مع وجود كلمة «PEAK» على الزجاجة، وإضاءة رياضية درامية,"Product photography of a black protein shaker bottle placed to the left of a silver dumbbell on a gray gym mat, PEAK on shaker, dramatic gym lighting","[""protein shaker"", ""dumbbell""]","{""protein shaker"": ""black"", ""dumbbell"": ""silver""}","[""protein shaker left of dumbbell""]","[""PEAK""]","[""product photography"", ""gym setting"", ""dramatic lighting""]","A product photo of a black protein shaker bottle placed to the left of a silver dumbbell on a gray exercise mat, with the word “PEAK” on the bottle and dramatic sports lighting",0.9278,PASS,ar,0.7013067007064819
MB126,lifestyle_wellness,CALM,صورة ترويجية لمنتج أسلوب حياة تُظهر وسادة تأمل أرجوانية موضوعة على يسار شمعة بيضاء فوق أرضية من خشب البامبو، مع كلمة «CALM» مكتوبة على جانب الوسادة، وإضاءة محيطة خافتة,"Lifestyle product shot of a purple meditation cushion placed to the left of a white candle on a bamboo wood floor, CALM on cushion side, soft ambient lighting","[""meditation cushion"", ""candle""]","{""meditation cushion"": ""purple"", ""candle"": ""white""}","[""meditation cushion left of candle""]","[""CALM""]","[""lifestyle photography"", ""bamboo surface"", ""soft lighting""]","A promotional image for a lifestyle product showing a purple meditation pillow placed to the left of a white candle on a bamboo floor, with the word “CALM” written on the side of the pillow, and soft ambient lighting",0.893,PASS,ar,0.7899163961410522
MB127,lifestyle_wellness,ALIGN,صورة منتج مأخوذة من زاوية مسطحة لأسطوانة رغوية زرقاء موضوعة فوق سجادة يوغا أرجوانية على أرضية بيضاء نظيفة، مع كلمة «ALIGN» منقوشة على الأسطوانة، وإضاءة استوديو ساطعة,"Product flat lay of a blue foam roller placed above a purple yoga mat on a clean white floor, ALIGN embossed on roller, bright studio lighting","[""foam roller"", ""yoga mat""]","{""foam roller"": ""blue"", ""yoga mat"": ""purple""}","[""foam roller above yoga mat""]","[""ALIGN""]","[""flat lay"", ""white background"", ""bright lighting""]","A flat-angle product photo of a blue foam roller placed on a purple yoga mat on a clean white floor, with the word “ALIGN” embossed on the roller, and bright studio lighting",0.9588,PASS,ar,0.5881998538970947
MB128,lifestyle_wellness,TENZO,صورة منتج لأشرطة مقاومة حمراء موضوعة على يسار زجاجة مياه سوداء على أرضية صالة رياضية بيضاء، مع وجود كلمة «TENZO» مكتوبة على الشريط، وإضاءة ساطعة في صالة اللياقة البدنية,"Product photography of red resistance bands placed to the left of a black water bottle on a white gym floor, TENZO on band, bright fitness studio lighting","[""resistance bands"", ""water bottle""]","{""resistance bands"": ""red"", ""water bottle"": ""black""}","[""resistance bands left of water bottle""]","[""TENZO""]","[""product photography"", ""white background"", ""bright lighting""]","A product photo of red resistance bands placed to the left of a black water bottle on the white floor of a gym, with the word “TENZO” written on the band, and bright lighting in the gym",0.9201,PASS,ar,0.7547271251678467
MB129,lifestyle_wellness,TERRA,صورة ترويجية لمنتج من فئة أسلوب الحياة تُظهر زجاجة زيت عطري من الزجاج البني موضوعة على يسار ناشر عطري من السيراميك الأبيض فوق سطح خشبي، مع كتابة «TERRA» على الزجاجة، وإضاءة كهرمانية دافئة,"Lifestyle product shot of a brown glass essential oil bottle placed to the left of a white ceramic diffuser on a wood surface, TERRA on bottle, warm amber lighting","[""essential oil bottle"", ""ceramic diffuser""]","{""essential oil bottle"": ""brown"", ""ceramic diffuser"": ""white""}","[""essential oil bottle left of ceramic diffuser""]","[""TERRA""]","[""lifestyle photography"", ""wood surface"", ""warm lighting""]","A promotional image for a lifestyle product showing a brown glass bottle of essential oil placed to the left of a white ceramic diffuser on a wooden surface, with the word “TERRA” on the bottle, and warm amber lighting",0.8842,PASS,ar,0.7344256639480591
MB130,lifestyle_wellness,REST,صورة «فلات لاي» تعكس أسلوب الحياة، تُظهر قناع نوم حريري أسود موضوعًا فوق وسادة بيضاء على سطح سرير رمادي، وكلمة «REST» مكتوبة على القناع، وإضاءة خافتة بجانب السرير,"Lifestyle flat lay of a black silk sleep mask placed above a white pillow on a gray bed surface, REST on mask, soft bedside lighting","[""sleep mask"", ""pillow""]","{""sleep mask"": ""black"", ""pillow"": ""white""}","[""sleep mask above pillow""]","[""REST""]","[""flat lay"", ""gray surface"", ""soft lighting""]","The ""Flat Lay"" photo captures a lifestyle scene, showing a black silk sleep mask placed on a white pillow atop a gray bed, with the word ""REST"" written on the mask, and soft lighting next to the bed",0.9163,PASS,ar,0.6823034286499023
MB131,lifestyle_wellness,RYNTH,صورة «فلات لاي» تعكس أسلوب الحياة، تُظهر دفتر يوميات أبيض بغلاف صلب موضوعًا على يسار قلم أسود فوق سطح مكتب رخامي، مع كلمة «RYNTH» على غلاف الدفتر، وإضاءة طبيعية دافئة,"Lifestyle flat lay of a white hardcover journal placed to the left of a black pen on a marble desk surface, RYNTH on journal cover, warm natural lighting","[""journal"", ""pen""]","{""journal"": ""white"", ""pen"": ""black""}","[""journal left of pen""]","[""RYNTH""]","[""flat lay"", ""marble surface"", ""natural lighting""]","The “Flat Lay” photo captures a lifestyle scene, showing a white hardcover journal placed to the left of a black pen on a marble desk, with the word “RYNTH” on the journal’s cover, and warm natural lighting",0.8608,PASS,ar,0.6608120203018188
MB132,lifestyle_wellness,TRACE,صورة ترويجية لمنتج من فئة أسلوب الحياة تُظهر ساعة لياقة بدنية سوداء موضوعة على يسار هاتف ذكي أبيض فوق سطح رمادي فاتح، مع ظهور كلمة «TRACE» على وجه الساعة، وإضاءة استوديو نقية,"Lifestyle product shot of a black fitness watch placed to the left of a white smartphone on a light gray surface, TRACE on watch face, clean studio lighting","[""fitness watch"", ""smartphone""]","{""fitness watch"": ""black"", ""smartphone"": ""white""}","[""fitness watch left of smartphone""]","[""TRACE""]","[""lifestyle photography"", ""gray background"", ""studio lighting""]","A promotional image for a lifestyle product showing a black fitness watch placed to the left of a white smartphone on a light gray surface, with the word “TRACE” visible on the watch face, and crisp studio lighting",0.8628,PASS,ar,0.8070716857910156
MB133,lifestyle_wellness,EASE,صورة منتج لمسدس تدليك أسود موضوع فوق قاعدة الشحن البيضاء الخاصة به على سطح رمادي، مع وجود كلمة «EASE» على جسم المسدس، وإضاءة استوديو نقية,"Product photography of a black massage gun placed above its white charging base on a gray surface, EASE on gun body, clean studio lighting","[""massage gun"", ""charging base""]","{""massage gun"": ""black"", ""charging base"": ""white""}","[""massage gun above charging base""]","[""EASE""]","[""product photography"", ""gray background"", ""clean lighting""]","Product photo of a black massage gun placed on its white charging base on a gray surface, with the word “EASE” on the gun’s body, and clean studio lighting",0.9351,PASS,ar,0.7183703184127808
MB134,lifestyle_wellness,RENEW,صورة منتج لوعاء أبيض يحتوي على مسحوق الكولاجين، موضوع على يسار كوب زجاجي وردي فوق سطح رخامي، مع وجود كلمة «RENEW» على ملصق الوعاء، وإضاءة نظيفة ومشرقة,"Product photography of a white collagen powder jar placed to the left of a pink glass on a marble surface, RENEW on jar label, clean bright lighting","[""collagen powder jar"", ""glass""]","{""collagen powder jar"": ""white"", ""glass"": ""pink""}","[""collagen powder jar left of glass""]","[""RENEW""]","[""product photography"", ""marble surface"", ""bright lighting""]","A product photo of a white container holding collagen powder, placed to the left of a pink glass cup on a marble surface; the word “RENEW” appears on the container’s label, and the lighting is clean and bright",0.8416,REVIEW,ar,0.7972618341445923
MB135,lifestyle_wellness,VOXA,صورة ترويجية لمنتج من فئة أسلوب الحياة تُظهر ترمسًا أخضر موضوعًا على يسار كيس بني يحتوي على مزيج من المكسرات والفواكه المجففة، على سطح صخري في الهواء الطلق، مع وجود شعار «VOXA» على الترمس، وإضاءة طبيعية في الهواء الطلق,"Lifestyle product shot of a green thermos placed to the left of a brown trail mix bag on a rocky outdoor surface, VOXA on thermos, outdoor natural lighting","[""thermos"", ""trail mix bag""]","{""thermos"": ""green"", ""trail mix bag"": ""brown""}","[""thermos left of trail mix bag""]","[""VOXA""]","[""lifestyle photography"", ""rocky surface"", ""outdoor lighting""]","A promotional image for a lifestyle product showing a green thermos placed to the left of a brown bag containing a mix of nuts and dried fruit, on a rocky surface outdoors, with the “VOXA” logo on the thermos, and natural outdoor lighting",0.7964,REVIEW,ar,0.7153636813163757
MB136,lifestyle_wellness,VIVID,صورة منتج ملتقطة من أعلى لوعاء سموذي خزفي أصفر موضوع فوق ملعقة فضية على سطح رخامي أبيض، مع ظهور كلمة «VIVID» على جانب الوعاء، وإضاءة طبيعية ساطعة,"Overhead product shot of a yellow ceramic smoothie bowl placed above a silver spoon on a white marble surface, VIVID on bowl side, bright natural lighting","[""smoothie bowl"", ""spoon""]","{""smoothie bowl"": ""yellow"", ""spoon"": ""silver""}","[""smoothie bowl above spoon""]","[""VIVID""]","[""overhead shot"", ""marble surface"", ""bright lighting""]","A top-down product photo of a yellow ceramic smoothie bowl placed on a silver spoon on a white marble surface, with the word “VIVID” visible on the side of the bowl, and bright natural lighting",0.9014,PASS,ar,0.7575827836990356
MB137,lifestyle_wellness,SHIELD,صورة ترويجية لمنتج من فئة أسلوب الحياة تُظهر زجاجة واقية من الشمس بيضاء موضوعة على يسار منشفة شاطئ برتقالية اللون فوق سطح رملي، مع وجود كلمة «SHIELD» على الزجاجة، وإضاءة صيفية ساطعة,"Lifestyle product shot of a white sunscreen bottle placed to the left of an orange beach towel on a sandy surface, SHIELD on bottle, bright summer lighting","[""sunscreen bottle"", ""beach towel""]","{""sunscreen bottle"": ""white"", ""beach towel"": ""orange""}","[""sunscreen bottle left of beach towel""]","[""SHIELD""]","[""lifestyle photography"", ""sandy surface"", ""summer lighting""]","A promotional image for a lifestyle product showing a white bottle of sunscreen placed to the left of an orange beach towel on a sandy surface, with the word “SHIELD” on the bottle and bright summer lighting",0.8563,PASS,ar,0.8089517951011658
MB138,lifestyle_wellness,VITAL,صورة منتج لزجاجة فيتامينات برتقالية اللون موضوعة على يمين عبوة بلاستر فضية على سطح أبيض، وكلمة «VITAL» مكتوبة على ملصق الزجاجة، وإضاءة استوديو ساطعة,"Product photography of an orange vitamin bottle placed to the right of a silver blister pack on a white surface, VITAL on bottle label, bright studio lighting","[""vitamin bottle"", ""blister pack""]","{""vitamin bottle"": ""orange"", ""blister pack"": ""silver""}","[""blister pack left of vitamin bottle""]","[""VITAL""]","[""product photography"", ""white background"", ""bright lighting""]","A product photo of an orange-colored vitamin bottle placed to the right of a silver plaster package on a white surface; the word “VITAL” is written on the bottle’s label, and the lighting is bright studio lighting.",0.8857,PASS,ar,0.7887923717498779
MB139,lifestyle_wellness,CORE,صورة منتج لوح توازن بلون أزرق مخضر موضوع فوق حذاء رياضي أبيض على أرضية صالة رياضية، مع كلمة «CORE» مكتوبة على سطح اللوح، وإضاءة ساطعة في الصالة الرياضية,"Product photography of a teal balance board placed above white athletic sneakers on a gym floor, CORE on board surface, bright gym lighting","[""balance board"", ""sneakers""]","{""balance board"": ""teal"", ""sneakers"": ""white""}","[""balance board above sneakers""]","[""CORE""]","[""product photography"", ""gym setting"", ""bright lighting""]","Product photo of a blue-green balance board placed on top of a pair of white sneakers on a gym floor, with the word “CORE” written on the surface of the board, and bright lighting in the gym",0.7986,REVIEW,ar,0.687974214553833
MB140,lifestyle_wellness,CHILL,صورة ترويجية لمنتج تجميلي تُظهر أسطوانة جليدية بيضاء موضوعة على يسار زجاجة سيروم ذهبية للوجه على سطح من الرخام الأبيض، مع كلمة «CHILL» مكتوبة على مقبض الأسطوانة، وإضاءة باردة ونقية,"Beauty product photography of a white ice roller placed to the left of a gold face serum bottle on a white marble surface, CHILL on roller handle, cool clean lighting","[""ice roller"", ""face serum bottle""]","{""ice roller"": ""white"", ""face serum bottle"": ""gold""}","[""ice roller left of face serum bottle""]","[""CHILL""]","[""beauty photography"", ""marble surface"", ""clean lighting""]","A promotional image for a beauty product showing a white ice roller placed to the left of a gold facial serum bottle on a white marble surface, with the word “CHILL” written on the roller’s handle, and cool, crisp lighting",0.9281,PASS,ar,0.7513584494590759
MB141,lifestyle_wellness,STEAM,صورة ترويجية لمنتج متعلق بنمط حياة السبا، تُظهر منشفة بيضاء مطوية موضوعة فوق زجاجة مياه سوداء على مقعد خشبي في الساونا، مع كلمة «STEAM» مكتوبة على زاوية المنشفة، وإضاءة دافئة تشبه البخار,"Spa lifestyle product shot of a white folded towel placed above a black water bottle on a wooden sauna bench, STEAM on towel corner, warm steam lighting","[""towel"", ""water bottle""]","{""towel"": ""white"", ""water bottle"": ""black""}","[""towel above water bottle""]","[""STEAM""]","[""lifestyle photography"", ""wooden surface"", ""warm lighting""]","A promotional image for a spa-themed lifestyle product, showing a folded white towel placed on top of a black water bottle on a wooden bench in a sauna, with the word “STEAM” written in the corner of the towel, and warm, steam-like lighting",0.8095,REVIEW,ar,0.8002244234085083
MB142,lifestyle_wellness,PRESS,صورة منتج لحصيرة ضغط إبرية أرجوانية موضوعة على يمين وسادة مستطيلة بيضاء فوق أرضية رمادية فاتحة، وكلمة «PRESS» مكتوبة على زاوية الحصيرة، وإضاءة استوديو نقية,"Product photography of a purple acupressure mat placed to the right of a white rectangular pillow on a light gray floor, PRESS on mat corner, clean studio lighting","[""acupressure mat"", ""pillow""]","{""acupressure mat"": ""purple"", ""pillow"": ""white""}","[""acupressure mat right of pillow""]","[""PRESS""]","[""product photography"", ""gray background"", ""clean lighting""]",A product photo of a purple needle-punch mat placed to the right of a white rectangular pillow on a light gray floor; the word “PRESS” is written in the corner of the mat; clean studio lighting,0.8896,PASS,ar,0.7276933193206787
MB143,lifestyle_wellness,FUEL,صورة منتج لغلاف لوح تغذية أخضر اللون موضوع فوق زجاجة مياه فضية من الفولاذ المقاوم للصدأ على سطح أبيض في صالة رياضية، مع كلمة «FUEL» مكتوبة على الغلاف، وإضاءة رياضية ساطعة,"Product photography of a green nutrition bar wrapper placed above a silver stainless steel water bottle on a white gym surface, FUEL on wrapper, bright athletic lighting","[""nutrition bar"", ""water bottle""]","{""nutrition bar"": ""green"", ""water bottle"": ""silver""}","[""nutrition bar above water bottle""]","[""FUEL""]","[""product photography"", ""white background"", ""bright lighting""]","Product photo of a green protein shake container placed on top of a silver stainless steel water bottle on a white surface in a gym, with the word “FUEL” written on the container, and bright gym lighting",0.8952,PASS,ar,0.7537024617195129
MB144,lifestyle_wellness,MASS,صورة منتج تُظهر كيسًا كبيرًا أسود اللون من مسحوق البروتين موضوعًا على يمين زجاجة شاكر حمراء على أرضية صالة رياضية، مع كلمة «MASS» مكتوبة على واجهة الكيس، وإضاءة درامية في الصالة الرياضية,"Product photography of a large black protein powder bag placed to the right of a red shaker bottle on a gym floor, MASS on bag front, dramatic gym lighting","[""protein powder bag"", ""shaker bottle""]","{""protein powder bag"": ""black"", ""shaker bottle"": ""red""}","[""protein powder bag right of shaker bottle""]","[""MASS""]","[""product photography"", ""gym setting"", ""dramatic lighting""]","A product photo showing a large black bag of protein powder placed to the right of a red shaker bottle on the floor of a gym, with the word “MASS” written on the front of the bag, and dramatic lighting in the gym",0.8419,REVIEW,ar,0.8138445615768433
MB145,lifestyle_wellness,LUMI,صورة ترويجية لمنتج تجميلي تُظهر أنبوب كريم للعينين أبيض اللون موضوعًا على يمين مرآة يدوية ذهبية فوق سطح من الرخام الوردي، مع كتابة «LUMI» على غطاء الأنبوب، وإضاءة ناعمة ساحرة,"Beauty product photography of a white eye cream tube placed to the right of a gold handheld mirror on a pink marble surface, LUMI on tube cap, soft glamorous lighting","[""eye cream tube"", ""handheld mirror""]","{""eye cream tube"": ""white"", ""handheld mirror"": ""gold""}","[""eye cream tube right of handheld mirror""]","[""LUMI""]","[""beauty photography"", ""pink marble"", ""soft lighting""]","A promotional image for a beauty product showing a white tube of eye cream placed to the right of a gold hand mirror on a pink marble surface, with the word “LUMI” written on the tube’s cap, and soft, enchanting lighting",0.8881,PASS,ar,0.7941142916679382
MB146,lifestyle_wellness,EXTEND,صورة منتج مأخوذة من زاوية مسطحة لشريط تمدد أزرق موضوع أسفل سجادة يوغا أرجوانية على أرضية استوديو بيضاء، مع كلمة «EXTEND» مكتوبة على الشريط، وإضاءة ساطعة ونقية,"Product flat lay of a blue stretching strap placed below a purple yoga mat on a white studio floor, EXTEND on strap, bright clean lighting","[""stretching strap"", ""yoga mat""]","{""stretching strap"": ""blue"", ""yoga mat"": ""purple""}","[""stretching strap below yoga mat""]","[""EXTEND""]","[""flat lay"", ""white background"", ""bright lighting""]","A flat-lay product photo of a blue resistance band placed under a purple yoga mat on a white studio floor, with the word “EXTEND” written on the band, and bright, crisp lighting",0.9297,PASS,ar,0.5643708109855652
MB147,lifestyle_wellness,DRIFT,صورة ترويجية لمنتج من فئة أسلوب الحياة تُظهر زجاجة بيضاء لمكمل غذائي للنوم موضوعة على يمين مصباح فضي على شكل قمر فوق طاولة سرير جانبية داكنة اللون، مع وجود كلمة «DRIFT» على ملصق الزجاجة، وإضاءة ناعمة تشبه ضوء القمر,"Lifestyle product shot of a white sleep supplement bottle placed to the right of a silver moon lamp on a dark bedside table, DRIFT on bottle label, soft moonlit lighting","[""supplement bottle"", ""moon lamp""]","{""supplement bottle"": ""white"", ""moon lamp"": ""silver""}","[""supplement bottle right of moon lamp""]","[""DRIFT""]","[""lifestyle photography"", ""dark background"", ""soft lighting""]","A promotional image for a lifestyle product showing a white bottle of a sleep supplement placed to the right of a silver moon-shaped lamp on a dark-colored bedside table, with the word “DRIFT” on the bottle label, and soft, moonlight-like lighting",0.8736,PASS,ar,0.7724416851997375
MB148,lifestyle_wellness,PACE,صورة خارجية لمنتج عبارة عن سترة زرقاء لتزويد الجسم بالسوائل، موضوعة أسفل حذاء برتقالي للركض على الطرق الوعرة على سطح صخري، مع وجود كلمة «PACE» على السترة، وإضاءة خارجية ساطعة,"Outdoor product photography of a blue hydration vest placed below orange trail running shoes on a rocky surface, PACE on vest, bright outdoor lighting","[""hydration vest"", ""trail running shoes""]","{""hydration vest"": ""blue"", ""trail running shoes"": ""orange""}","[""hydration vest below trail running shoes""]","[""PACE""]","[""product photography"", ""rocky surface"", ""outdoor lighting""]","An exterior shot of a product—a blue hydration vest—placed beneath an orange trail running shoe on a rocky surface, with the word “PACE” on the vest and bright exterior lighting",0.8496,REVIEW,ar,0.7928009033203125
MB149,lifestyle_wellness,SERENE,صورة ترويجية لمنتج من فئة أسلوب الحياة تُظهر حامل بخور خزفي أسود موضوعًا على يمين مسبحة خشبية بنية اللون فوق سطح من الخيزران، مع كلمة «SERENE» مكتوبة على قاعدة الحامل، وإضاءة محيطة دافئة,"Lifestyle product shot of a black ceramic incense holder placed to the right of brown wooden meditation beads on a bamboo surface, SERENE on holder base, warm ambient lighting","[""incense holder"", ""meditation beads""]","{""incense holder"": ""black"", ""meditation beads"": ""brown""}","[""incense holder right of meditation beads""]","[""SERENE""]","[""lifestyle photography"", ""bamboo surface"", ""warm lighting""]","A promotional image for a lifestyle product showing a black ceramic incense holder placed to the right of a brown wooden rosary on a bamboo surface, with the word “SERENE” written on the holder’s base, and warm ambient lighting",0.8955,PASS,ar,0.732491135597229
MB150,lifestyle_wellness,POLAR,صورة منتج لحوض استحمام بارد أبيض اللون موضوع على يمين منشفة زرقاء على أرضية حمام نظيفة، مع وجود كلمة «POLAR» على جانب الحوض، وإضاءة ساطعة ونقية,"Product photography of a white cold plunge tub placed to the right of a blue towel on a clean bathroom floor, POLAR on tub side, bright clean lighting","[""cold plunge tub"", ""towel""]","{""cold plunge tub"": ""white"", ""towel"": ""blue""}","[""cold plunge tub right of towel""]","[""POLAR""]","[""product photography"", ""white floor"", ""bright lighting""]","A product photo of a white cold-water bathtub placed to the right of a blue towel on a clean bathroom floor, with the word “POLAR” on the side of the tub, and bright, crisp lighting",0.9558,PASS,ar,0.7529484033584595
