brief_id,industry,brand_name,prompt_text,prompt_text_en,required_objects,colour_attributes,spatial_constraints,required_text,style_descriptors,back_translated,cc_score,status,language,cometkiwi_score
MB001,tech_product,ZYRA,"Photo de produit représentant une montre connectée argentée placée à gauche d'un chargeur sans fil noir sur une surface blanche immaculée, avec « ZYRA » inscrit sur le cadran, éclairage de studio minimaliste","Product photography of a silver smartwatch placed to the left of a black wireless charger on a clean white surface, ZYRA on watch face, minimalist studio lighting","[""smartwatch"", ""wireless charger""]","{""smartwatch"": ""silver"", ""wireless charger"": ""black""}","[""smartwatch left of wireless charger""]","[""ZYRA""]","[""product photography"", ""minimalist"", ""white background"", ""studio lighting""]","Product photo showing a silver smartwatch placed to the left of a black wireless charger on a pristine white surface, with “ZYRA” inscribed on the dial, minimalist studio lighting",0.9768,PASS,fr,0.8576278686523438
MB002,tech_product,KESTRA,"Photo de produit prise en studio montrant un ordinateur portable noir avec une souris sans fil blanche à sa droite, posés sur un bureau gris ; le logo KESTRA figure sur le couvercle de l'ordinateur portable ; éclairage par le haut","Studio product shot of a black laptop with a white wireless mouse to its right on a gray desk, KESTRA logo on laptop lid, overhead lighting","[""laptop"", ""wireless mouse""]","{""laptop"": ""black"", ""wireless mouse"": ""white""}","[""wireless mouse right of laptop""]","[""KESTRA""]","[""studio lighting"", ""overhead shot"", ""gray background""]","Studio product photo showing a black laptop with a white wireless mouse to its right, both placed on a gray desk; the KESTRA logo appears on the laptop's lid; top lighting",0.9647,PASS,fr,0.846656322479248
MB003,tech_product,APEX,Photo de produit épurée représentant des écouteurs sans fil blancs posés au-dessus de leur boîtier de recharge noir sur une surface sombre ; la mention « APEX » est gravée sur le boîtier ; style minimaliste,"Clean product photography of white wireless earbuds placed above their black charging case on a dark surface, APEX engraved on case, minimal style","[""wireless earbuds"", ""charging case""]","{""wireless earbuds"": ""white"", ""charging case"": ""black""}","[""wireless earbuds above charging case""]","[""APEX""]","[""product photography"", ""dark background"", ""minimal""]",A clean product photo showing white wireless earbuds resting on top of their black charging case on a dark surface; the word “APEX” is engraved on the case; minimalist style,0.9316,PASS,fr,0.8647757768630981
MB004,tech_product,VOLT,"Photo de produit représentant un smartphone noir posé sur un socle en métal argenté, avec l'inscription « VOLT » imprimée au dos de l'appareil, éclairage de studio sur fond bleu","Product shot of a black smartphone mounted on a silver metal stand, VOLT printed on the back of the phone, studio lighting against a blue background","[""smartphone"", ""metal stand""]","{""smartphone"": ""black"", ""metal stand"": ""silver""}","[""smartphone above metal stand""]","[""VOLT""]","[""product photography"", ""studio lighting"", ""blue background""]","Product photo showing a black smartphone resting on a silver metal stand, with the word “VOLT” printed on the back of the device, under studio lighting against a blue background",0.8616,PASS,fr,0.8684508204460144
MB005,tech_product,PRISM,"Photographie de produit prise en plongée d'une tablette blanche avec un stylet doré à sa droite, posée sur une surface en marbre ; inscription « PRISM » sur le cadre de la tablette ; composition épurée","Overhead product photography of a white tablet with a gold stylus pen to its right on a marble surface, PRISM on tablet bezel, clean composition","[""tablet"", ""stylus pen""]","{""tablet"": ""white"", ""stylus pen"": ""gold""}","[""stylus pen right of tablet""]","[""PRISM""]","[""overhead shot"", ""marble surface"", ""clean composition""]","A top-down product photograph of a white tablet with a gold stylus to its right, resting on a marble surface; the word “PRISM” is inscribed on the tablet’s frame; minimalist composition",0.9071,PASS,fr,0.823655366897583
MB006,tech_product,SYNTH,"Photo de produit représentant un clavier mécanique noir, avec une souris sans fil rouge à sa droite, posés sur un tapis de bureau foncé ; logo SYNTH sur la barre d'espace du clavier ; style « gaming ».","Product photography of a black mechanical keyboard with a red wireless mouse to its right on a dark desk mat, SYNTH logo on keyboard space bar, gaming aesthetic","[""mechanical keyboard"", ""wireless mouse""]","{""mechanical keyboard"": ""black"", ""wireless mouse"": ""red""}","[""wireless mouse right of mechanical keyboard""]","[""SYNTH""]","[""product photography"", ""gaming aesthetic"", ""dark background""]","Product photo showing a black mechanical keyboard with a red wireless mouse to its right, both placed on a dark desk mat; the SYNTH logo on the keyboard's space bar; ""gaming"" style.",0.9788,PASS,fr,0.8394478559494019
MB007,tech_product,NEXUS,"Photo de produit lifestyle représentant une enceinte Bluetooth bleue, avec un smartphone noir posé à sa droite sur une table en bois ; l'inscription « NEXUS » figure sur le boîtier de l'enceinte, dans un éclairage chaleureux","Lifestyle product shot of a blue Bluetooth speaker with a black smartphone leaning to its right on a wooden table, NEXUS on speaker body, warm lighting","[""bluetooth speaker"", ""smartphone""]","{""bluetooth speaker"": ""blue"", ""smartphone"": ""black""}","[""smartphone right of bluetooth speaker""]","[""NEXUS""]","[""lifestyle photography"", ""wooden surface"", ""warm lighting""]","Lifestyle product photo showing a blue Bluetooth speaker with a black smartphone placed to its right on a wooden table; the word “NEXUS” appears on the speaker’s casing, bathed in warm lighting",0.8956,PASS,fr,0.8393292427062988
MB008,tech_product,KOVAL,"Photographie de produit en studio représentant un appareil photo reflex numérique noir, avec un objectif argenté placé à sa droite sur un socle blanc ; la mention « KOVAL » est gravée sur le barillet de l'objectif ; éclairage professionnel","Studio product photography of a black DSLR camera with a silver camera lens placed to its right on a white pedestal, KOVAL engraved on lens barrel, professional lighting","[""camera"", ""camera lens""]","{""camera"": ""black"", ""camera lens"": ""silver""}","[""camera lens right of camera""]","[""KOVAL""]","[""studio photography"", ""white background"", ""professional lighting""]",Studio product photograph showing a black digital SLR camera with a silver lens placed to its right on a white stand; the word “KOVAL” is engraved on the lens barrel; professional lighting,0.9583,PASS,fr,0.8506192564964294
MB009,tech_product,LUNEX,"Photo de produit représentant une manette de jeu blanche placée à gauche d'un casque de jeu noir sur une surface grise unie, avec le logo LUNEX sur la manette et un éclairage latéral spectaculaire","Product photography of a white gaming controller placed to the left of a black gaming headset on a clean gray surface, LUNEX logo on controller, dramatic side lighting","[""gaming controller"", ""gaming headset""]","{""gaming controller"": ""white"", ""gaming headset"": ""black""}","[""gaming controller left of gaming headset""]","[""LUNEX""]","[""product photography"", ""gray background"", ""dramatic lighting""]","Product photo showing a white game controller placed to the left of a black gaming headset on a solid gray surface, with the LUNEX logo on the controller and dramatic side lighting",0.9837,PASS,fr,0.7987339496612549
MB010,tech_product,KORE,Photo de produit épurée représentant un écran connecté noir avec une télécommande argentée posée en dessous sur une surface blanche ; le mot « KORE » s'affiche à l'écran ; éclairage de studio,"Clean product shot of a black smart display with a silver remote control placed below it on a white surface, KORE on display screen, studio lighting","[""smart display"", ""remote control""]","{""smart display"": ""black"", ""remote control"": ""silver""}","[""remote control below smart display""]","[""KORE""]","[""product photography"", ""white background"", ""studio lighting""]",Minimalist product photo showing a black smart TV with a silver remote control placed beneath it on a white surface; the word “KORE” is displayed on the screen; studio lighting,0.9318,PASS,fr,0.8263744115829468
MB011,tech_product,LUMIX,"Photographie minimaliste d'une batterie externe rectangulaire blanche, avec un câble USB rouge enroulé en dessous, posée sur une surface gris clair ; inscription « LUMIX » sur la batterie externe ; composition épurée","Minimalist product photography of a white rectangular power bank with a red USB cable coiled below it on a light gray surface, LUMIX on power bank, clean composition","[""power bank"", ""USB cable""]","{""power bank"": ""white"", ""USB cable"": ""red""}","[""USB cable below power bank""]","[""LUMIX""]","[""minimalist"", ""gray background"", ""clean composition""]","Minimalist photograph of a white rectangular power bank, with a red USB cable coiled beneath it, resting on a light gray surface; “LUMIX” inscription on the power bank; clean composition",0.9342,PASS,fr,0.821104884147644
MB012,tech_product,MIRAX,"Photo de produit lifestyle représentant un ordinateur portable argenté ouvert, avec à sa droite une tasse à café en céramique blanche posée sur un bureau en bois foncé ; le logo MIRAX apparaît sur l'écran de l'ordinateur portable, dans la lumière du matin","Lifestyle product shot of an open silver laptop with a white ceramic coffee mug to its right on a dark wood desk, MIRAX logo on laptop screen, morning light","[""laptop"", ""coffee mug""]","{""laptop"": ""silver"", ""coffee mug"": ""white""}","[""coffee mug right of laptop""]","[""MIRAX""]","[""lifestyle photography"", ""dark wood surface"", ""morning light""]","Lifestyle product photo showing a silver laptop with its lid open, with a white ceramic coffee mug to its right on a dark wooden desk; the MIRAX logo appears on the laptop screen, bathed in morning light",0.9136,PASS,fr,0.841614842414856
MB013,tech_product,NEURO,"Photographie de produit représentant des écouteurs sans fil blancs posés au-dessus d'un smartphone noir sur une surface sombre, avec le logo NEURO sur le boîtier des écouteurs, éclairage de studio","Product photography of white wireless earbuds placed above a black smartphone on a dark surface, NEURO logo on earbuds case, studio lighting","[""wireless earbuds"", ""smartphone""]","{""wireless earbuds"": ""white"", ""smartphone"": ""black""}","[""wireless earbuds above smartphone""]","[""NEURO""]","[""product photography"", ""dark background"", ""studio lighting""]","Product photograph showing white wireless earbuds placed on top of a black smartphone on a dark surface, with the NEURO logo on the earbud case; studio lighting",0.9634,PASS,fr,0.8654547929763794
MB014,tech_product,OPUS,Photo de produit prise en studio montrant une webcam noire fixée au-dessus d'un écran blanc sur un bureau ; le logo OPUS figure sur le boîtier de la webcam ; décor de bureau épuré,"Studio product shot of a black webcam mounted above a white monitor on a desk, OPUS logo on webcam body, clean office setup","[""webcam"", ""monitor""]","{""webcam"": ""black"", ""monitor"": ""white""}","[""webcam above monitor""]","[""OPUS""]","[""product photography"", ""office setting"", ""clean composition""]",Studio product photo showing a black webcam mounted above a white screen on a desk; the OPUS logo appears on the webcam's casing; minimalist desk setting,0.96,PASS,fr,0.8660154342651367
MB015,tech_product,PHASE,"Photo de produit en action montrant une caméra d'action orange placée à gauche d'un casque de vélo blanc sur une surface rocheuse, avec l'inscription « PHASE » sur le boîtier de la caméra, éclairage extérieur","Action product shot of an orange action camera placed to the left of a white cycling helmet on a rocky surface, PHASE on camera body, outdoor lighting","[""action camera"", ""cycling helmet""]","{""action camera"": ""orange"", ""cycling helmet"": ""white""}","[""action camera left of cycling helmet""]","[""PHASE""]","[""product photography"", ""outdoor setting"", ""natural lighting""]","Product photo showing an orange action camera positioned to the left of a white bike helmet on a rocky surface, with the word “PHASE” on the camera housing; outdoor lighting",0.9393,PASS,fr,0.8470402956008911
MB016,tech_product,QUBIT,"Photo d'ambiance montrant une enceinte connectée cylindrique blanche placée à gauche d'un réveil numérique noir sur une table de chevet blanche, avec le logo QUBIT sur le dessus de l'enceinte, dans une lumière d'ambiance tamisée","Lifestyle shot of a white cylindrical smart speaker placed to the left of a black digital clock on a white nightstand, QUBIT logo on speaker top, soft ambient lighting","[""smart speaker"", ""digital clock""]","{""smart speaker"": ""white"", ""digital clock"": ""black""}","[""smart speaker left of digital clock""]","[""QUBIT""]","[""lifestyle photography"", ""soft lighting"", ""white background""]","Mood shot showing a white cylindrical smart speaker placed to the left of a black digital alarm clock on a white nightstand, with the QUBIT logo on top of the speaker, in soft ambient lighting",0.9472,PASS,fr,0.8165603280067444
MB017,tech_product,RADIUS,"Photo de produit représentant un casque de réalité virtuelle blanc posé au-dessus de deux manettes de mouvement noires sur une surface sombre, avec le logo RADIUS sur la visière du casque, sous un éclairage de studio spectaculaire","Product photography of a white VR headset placed above two black motion controllers on a dark surface, RADIUS logo on headset visor, dramatic studio lighting","[""VR headset"", ""motion controllers""]","{""VR headset"": ""white"", ""motion controllers"": ""black""}","[""VR headset above motion controllers""]","[""RADIUS""]","[""product photography"", ""dark background"", ""dramatic lighting""]","Product photo showing a white virtual reality headset placed on top of two black motion controllers on a dark surface, with the RADIUS logo on the headset's visor, under dramatic studio lighting",0.9018,PASS,fr,0.8567765951156616
MB018,tech_product,SPARK,Photo de produit prise en studio montrant un écran incurvé noir avec un clavier argenté posé en dessous sur un bureau en verre ; logo SPARK sur le cadre de l'écran ; éclairage d'ambiance bleu,"Studio product shot of a black curved monitor with a silver keyboard placed below it on a glass desk, SPARK logo on monitor bezel, blue ambient lighting","[""curved monitor"", ""keyboard""]","{""curved monitor"": ""black"", ""keyboard"": ""silver""}","[""keyboard below curved monitor""]","[""SPARK""]","[""product photography"", ""glass surface"", ""blue lighting""]",Studio product photo showing a black curved monitor with a silver keyboard placed beneath it on a glass desk; SPARK logo on the monitor frame; blue ambient lighting,0.9806,PASS,fr,0.8644369840621948
MB019,tech_product,VORTA,"Photo de produit représentant un drone quadricoptère noir placé à gauche d'une télécommande grise sur une surface blanche, avec le logo VORTA sur le corps du drone ; prise de vue épurée en studio","Product photography of a black quadcopter drone placed to the left of a gray remote control on a white surface, VORTA logo on drone body, clean studio shot","[""drone"", ""remote control""]","{""drone"": ""black"", ""remote control"": ""gray""}","[""drone left of remote control""]","[""VORTA""]","[""product photography"", ""white background"", ""studio lighting""]","Product photo showing a black quadcopter drone positioned to the left of a gray remote control on a white surface, with the VORTA logo on the drone's body; minimalist studio shot",0.9706,PASS,fr,0.8479037284851074
MB020,tech_product,RIVOX,Photo de produit en « flat lay » montrant une liseuse blanche placée à gauche d'une paire de lunettes de lecture noires sur une surface en lin beige ; le mot « RIVOX » apparaît sur l'écran de la liseuse ; lumière naturelle,"Flat lay product shot of a white e-reader placed to the left of black reading glasses on a beige linen surface, RIVOX on e-reader screen, natural light","[""e-reader"", ""reading glasses""]","{""e-reader"": ""white"", ""reading glasses"": ""black""}","[""e-reader left of reading glasses""]","[""RIVOX""]","[""flat lay"", ""linen surface"", ""natural lighting""]","""Flat lay"" product photo showing a white e-reader placed to the left of a pair of black reading glasses on a beige linen surface; the word ""RIVOX"" appears on the e-reader's screen; natural light",0.9545,PASS,fr,0.7751437425613403
MB021,tech_product,WAVE,Photo de produit représentant un hub USB gris placé à gauche d'un ordinateur portable argenté sur un bureau blanc ; le mot « WAVE » est gravé sur le hub ; mise en scène épurée et minimaliste,"Product photography of a gray USB hub placed to the left of a silver laptop on a white desk surface, WAVE engraved on hub, clean minimalist setup","[""USB hub"", ""laptop""]","{""USB hub"": ""gray"", ""laptop"": ""silver""}","[""USB hub left of laptop""]","[""WAVE""]","[""product photography"", ""white background"", ""minimalist""]","Product photo showing a gray USB hub placed to the left of a silver laptop on a white desk; the word “WAVE” is engraved on the hub; clean, minimalist setting",0.9662,PASS,fr,0.8650632500648499
MB022,tech_product,XENON,"Photo de produit représentant un casque de gaming noir posé sur un support blanc, sur une surface sombre ; logo XENON sur l'oreillette ; éclairage latéral spectaculaire","Product shot of a black gaming headset placed on a white headphone stand on a dark surface, XENON logo on ear cup, dramatic side lighting","[""gaming headset"", ""headphone stand""]","{""gaming headset"": ""black"", ""headphone stand"": ""white""}","[""gaming headset above headphone stand""]","[""XENON""]","[""product photography"", ""dark background"", ""side lighting""]","Product photo showing a black gaming headset resting on a white stand, on a dark surface; XENON logo on the ear cup; spectacular side lighting",0.972,PASS,fr,0.841453492641449
MB023,tech_product,ZETA,"Photo de produit lifestyle représentant un bracelet connecté noir placé à gauche d'un smartphone blanc sur une surface en marbre, avec le logo ZETA affiché sur l'écran du bracelet, éclairage par le haut","Lifestyle product shot of a black fitness tracker placed to the left of a white smartphone on a marble surface, ZETA logo on tracker display, overhead lighting","[""fitness tracker"", ""smartphone""]","{""fitness tracker"": ""black"", ""smartphone"": ""white""}","[""fitness tracker left of smartphone""]","[""ZETA""]","[""lifestyle photography"", ""marble surface"", ""overhead lighting""]","Lifestyle product photo showing a black smartwatch placed to the left of a white smartphone on a marble surface, with the ZETA logo displayed on the watch’s screen; lit from above",0.8993,PASS,fr,0.8082181215286255
MB024,tech_product,AXON,"Photographie de produit représentant un projecteur portable blanc posé au-dessus d'une télécommande noire sur une surface en bois foncé, avec le logo AXON sur le boîtier du projecteur, éclairage de studio","Product photography of a white portable projector placed above a black remote control on a dark wood surface, AXON logo on projector body, studio lighting","[""portable projector"", ""remote control""]","{""portable projector"": ""white"", ""remote control"": ""black""}","[""portable projector above remote control""]","[""AXON""]","[""product photography"", ""dark wood surface"", ""studio lighting""]","Product photograph showing a white portable projector placed on top of a black remote control on a dark wooden surface, with the AXON logo on the projector's casing; studio lighting",0.9585,PASS,fr,0.8646811246871948
MB025,tech_product,BREEZE,"Photo de produit montrant des lunettes connectées couleur or rose posées au-dessus d'un étui à lunettes noir sur une surface blanche, avec le logo BREEZE sur le couvercle de l'étui, sous un éclairage naturel et tamisé","Product shot of rose gold smart glasses placed above a black glasses case on a white surface, BREEZE logo on case lid, soft natural lighting","[""smart glasses"", ""glasses case""]","{""smart glasses"": ""rose gold"", ""glasses case"": ""black""}","[""smart glasses above glasses case""]","[""BREEZE""]","[""product photography"", ""white background"", ""soft lighting""]","Product photo showing rose gold smart glasses resting on top of a black glasses case on a white surface, with the BREEZE logo on the case lid, under soft, natural lighting",0.9428,PASS,fr,0.8467541933059692
MB026,tech_product,CREST,"Photo de produit épurée représentant un SSD portable argenté, avec un câble USB bleu placé à sa droite sur une surface blanche ; inscription « CREST » sur le boîtier du SSD, style minimaliste","Clean product photography of a silver portable SSD with a blue USB cable placed to its right on a white surface, CREST on SSD body, minimalist style","[""portable SSD"", ""USB cable""]","{""portable SSD"": ""silver"", ""USB cable"": ""blue""}","[""USB cable right of portable SSD""]","[""CREST""]","[""product photography"", ""white background"", ""minimalist""]",A clean product photo showing a silver portable SSD with a blue USB cable to its right on a white surface; the word “CREST” is printed on the SSD case in a minimalist style,0.9667,PASS,fr,0.8560397624969482
MB027,tech_product,DAWN,"Photographie de produit représentant un socle de recharge sans fil blanc sur lequel est posé un smartphone noir, le tout sur une table de chevet en bois ; l'inscription « DAWN » figure sur le socle ; lumière chaude du matin","Product photography of a white wireless charging pad with a black smartphone placed on top of it on a wooden nightstand, DAWN on charging pad, warm morning light","[""wireless charging pad"", ""smartphone""]","{""wireless charging pad"": ""white"", ""smartphone"": ""black""}","[""smartphone above wireless charging pad""]","[""DAWN""]","[""lifestyle photography"", ""wooden surface"", ""warm lighting""]","Product photograph showing a white wireless charging stand with a black smartphone resting on it, all set on a wooden nightstand; the word “DAWN” is displayed on the stand; warm morning light",0.8809,PASS,fr,0.8398236036300659
MB028,tech_product,NYRIC,"Photographie de produit représentant une serrure intelligente noire fixée au-dessus d'une poignée de porte argentée sur une porte blanche, avec le logo NYRIC visible sur la serrure ; cliché épuré de style éditorial","Product photography of a black smart lock device mounted above a silver door handle on a white door, NYRIC logo on lock display, clean editorial shot","[""smart lock"", ""door handle""]","{""smart lock"": ""black"", ""door handle"": ""silver""}","[""smart lock above door handle""]","[""NYRIC""]","[""product photography"", ""white door"", ""editorial""]","Product photograph showing a black smart lock mounted above a silver door handle on a white door, with the NYRIC logo visible on the lock; a clean, editorial-style shot",0.9701,PASS,fr,0.8235918283462524
MB029,tech_product,FUSE,"Photo de produit représentant un routeur Wi-Fi blanc avec un câble Ethernet jaune posé en dessous, sur une surface grise ; l'inscription « FUSE » figure sur le dessus du routeur ; prise de vue épurée en studio","Product photography of a white WiFi router with a yellow ethernet cable placed below it on a gray surface, FUSE on router top, clean studio shot","[""WiFi router"", ""ethernet cable""]","{""WiFi router"": ""white"", ""ethernet cable"": ""yellow""}","[""ethernet cable below WiFi router""]","[""FUSE""]","[""product photography"", ""gray background"", ""studio lighting""]",Product photo showing a white Wi-Fi router with a yellow Ethernet cable placed underneath it on a gray surface; the word “FUSE” appears on the top of the router; minimalist studio shot,0.9321,PASS,fr,0.8526450395584106
MB030,tech_product,GRID,"Photo de produit représentant une souris de jeu noire dotée d'un éclairage RVB, posée sur un tapis de souris rouge ; logo GRID sur la souris ; esthétique sombre d'un bureau de jeu","Product photography of a black gaming mouse with RGB lighting placed on a red mousepad, GRID logo on mouse, dark gaming desk aesthetic","[""gaming mouse"", ""mousepad""]","{""gaming mouse"": ""black"", ""mousepad"": ""red""}","[""gaming mouse above mousepad""]","[""GRID""]","[""product photography"", ""dark background"", ""gaming aesthetic""]","Product photo showing a black gaming mouse with RGB lighting, resting on a red mouse pad; the GRID logo on the mouse; the dark aesthetic of a gaming desk",0.9741,PASS,fr,0.8547912836074829
MB031,food_beverage,ZEST,Photographie de produit représentant une bouteille de jus en verre orange placée à gauche d'une tasse en céramique blanche sur une surface en marbre ; étiquette « ZEST » sur la bouteille ; éclairage naturel et lumineux,"Product photography of an orange glass juice bottle placed to the left of a white ceramic cup on a marble surface, ZEST label on bottle, bright natural lighting","[""juice bottle"", ""ceramic cup""]","{""juice bottle"": ""orange"", ""ceramic cup"": ""white""}","[""juice bottle left of ceramic cup""]","[""ZEST""]","[""product photography"", ""marble surface"", ""natural lighting""]","Product photograph showing an orange glass juice bottle placed to the left of a white ceramic cup on a marble surface; ""ZEST"" label on the bottle; natural, bright lighting",0.9776,PASS,fr,0.8725701570510864
MB032,food_beverage,PURE,Photo en « flat lay » d'un sachet de café en papier kraft marron posé au-dessus d'une tasse à expresso noire sur une table en bois ; l'inscription « PURE » figure sur le devant du sachet ; éclairage chaleureux de café.,"Flat lay of a brown kraft coffee bag placed above a black espresso cup on a wooden table, PURE on bag front, warm cafe lighting","[""coffee bag"", ""espresso cup""]","{""coffee bag"": ""brown"", ""espresso cup"": ""black""}","[""coffee bag above espresso cup""]","[""PURE""]","[""flat lay"", ""wooden surface"", ""warm lighting""]","A ""flat lay"" photo of a brown kraft paper coffee bag placed on top of a black espresso cup on a wooden table; the word ""PURE"" appears on the front of the bag; warm, coffee-colored lighting.",0.9127,PASS,fr,0.7751298546791077
MB033,food_beverage,BLOOM,"Photo de produit représentant une boîte de céréales jaune posée à gauche d'un carton de lait blanc sur un plan de travail de cuisine clair, avec l'inscription « BLOOM » sur le devant de la boîte, à la lumière du matin","Product photography of a yellow cereal box placed to the left of a white milk carton on a bright kitchen counter, BLOOM on box front, morning light","[""cereal box"", ""milk carton""]","{""cereal box"": ""yellow"", ""milk carton"": ""white""}","[""cereal box left of milk carton""]","[""BLOOM""]","[""product photography"", ""kitchen setting"", ""morning light""]","Product photo showing a yellow cereal box placed to the left of a white carton of milk on a light-colored kitchen countertop, with the word “BLOOM” on the front of the box, in the morning light",0.9063,PASS,fr,0.8314206600189209
MB034,food_beverage,GROVE,Photo de produit représentant un flacon de sauce piquante rouge posé à droite d'une planche à découper en bois brun sur une table rustique ; l'étiquette « GROVE » figure sur le flacon ; éclairage naturel et chaleureux,"Product shot of a red hot sauce bottle placed to the right of a brown wooden cutting board on a rustic table, GROVE label on bottle, warm natural lighting","[""hot sauce bottle"", ""cutting board""]","{""hot sauce bottle"": ""red"", ""cutting board"": ""brown""}","[""cutting board left of hot sauce bottle""]","[""GROVE""]","[""product photography"", ""rustic style"", ""warm lighting""]","Product photo showing a bottle of red hot sauce placed to the right of a brown wooden cutting board on a rustic table; the bottle bears the ""GROVE"" label; warm, natural lighting",0.9594,PASS,fr,0.8561795353889465
MB035,food_beverage,FRESH,"Photographie de produit représentant une bouteille de vin verte placée à droite d'une grappe de raisin violet sur du marbre blanc, avec l'étiquette « FRESH » sur la bouteille, sous un éclairage naturel et élégant","Product photography of a green wine bottle placed to the right of a bunch of purple grapes on white marble, FRESH label on bottle, elegant natural lighting","[""wine bottle"", ""grapes""]","{""wine bottle"": ""green"", ""grapes"": ""purple""}","[""wine bottle right of grapes""]","[""FRESH""]","[""product photography"", ""marble surface"", ""elegant lighting""]","Product photograph showing a green wine bottle placed to the right of a bunch of purple grapes on white marble, with the ""FRESH"" label on the bottle, under natural and elegant lighting",0.958,PASS,fr,0.8657803535461426
MB036,food_beverage,CRISP,Photo en « flat lay » d'une boîte à thé bleu sarcelle posée au-dessus d'une tasse à thé et d'une soucoupe en céramique blanche sur une surface gris clair ; inscription « CRISP » sur le couvercle de la boîte ; éclairage naturel et tamisé,"Flat lay of a teal tea box placed above a white ceramic teacup and saucer on a light gray surface, CRISP on box lid, soft natural lighting","[""tea box"", ""teacup""]","{""tea box"": ""teal"", ""teacup"": ""white""}","[""tea box above teacup""]","[""CRISP""]","[""flat lay"", ""gray background"", ""soft lighting""]","A ""flat lay"" photo of a teal-blue tea box placed on top of a white ceramic teacup and saucer on a light gray surface; the word ""CRISP"" is written on the lid of the box; natural, soft lighting",0.9056,PASS,fr,0.6743695735931396
MB037,food_beverage,BOLD,"Photo de produit montrant une canette en aluminium noir contenant une boisson énergisante, placée à gauche d'un haltère argenté sur le sol sombre d'une salle de sport ; le mot « BOLD » figure sur le devant de la canette, dans un éclairage spectaculaire","Product shot of a black aluminum energy drink can placed to the left of a silver dumbbell on a dark gym surface, BOLD on can front, dramatic lighting","[""energy drink can"", ""dumbbell""]","{""energy drink can"": ""black"", ""dumbbell"": ""silver""}","[""energy drink can left of dumbbell""]","[""BOLD""]","[""product photography"", ""gym setting"", ""dramatic lighting""]","Product photo showing a black aluminum can containing an energy drink, placed to the left of a silver dumbbell on the dark floor of a gym; the word “BOLD” appears on the front of the can, illuminated in a dramatic light",0.8857,PASS,fr,0.8223981857299805
MB038,food_beverage,MIST,"Photographie de produit représentant une gourde en aluminium bleue posée sur des tranches de citron jaunes, sur une surface en marbre blanc ; étiquette « MIST » sur la gourde ; éclairage naturel et lumineux","Product photography of a blue aluminum water bottle placed above yellow lemon slices on a white marble surface, MIST label on bottle, bright natural lighting","[""water bottle"", ""lemon""]","{""water bottle"": ""blue"", ""lemon"": ""yellow""}","[""water bottle above lemon""]","[""MIST""]","[""product photography"", ""marble surface"", ""bright lighting""]","Product photograph showing a blue aluminum water bottle resting on yellow lemon slices on a white marble surface; “MIST” label on the bottle; natural, bright lighting",0.9806,PASS,fr,0.8233407735824585
MB039,food_beverage,GLOW,"Photo de produit en « flat lay » montrant un pot de yaourt blanc posé à gauche de fraises rouges sur un fond rose pastel, avec l'inscription « GLOW » sur le pot, sous une douce lumière matinale","Product flat lay of a white yogurt container placed to the left of red strawberries on a pink pastel surface, GLOW on container, soft morning light","[""yogurt container"", ""strawberries""]","{""yogurt container"": ""white"", ""strawberries"": ""red""}","[""yogurt container left of strawberries""]","[""GLOW""]","[""flat lay"", ""pink background"", ""soft lighting""]","A ""flat lay"" product photo showing a white yogurt container placed to the left of red strawberries on a pastel pink background, with the word ""GLOW"" on the container, bathed in soft morning light",0.9473,PASS,fr,0.758676290512085
MB040,food_beverage,PETAL,"Photo de produit représentant une boîte à biscuits ronde et rouge, placée à droite d'un verre de lait blanc sur un plan de travail en bois, avec l'inscription « PETAL » sur le couvercle de la boîte, sous un éclairage chaleureux de cuisine","Product photography of a red round cookie tin placed to the right of a white glass of milk on a wooden kitchen surface, PETAL on tin lid, warm kitchen lighting","[""cookie tin"", ""glass of milk""]","{""cookie tin"": ""red"", ""glass of milk"": ""white""}","[""glass of milk left of cookie tin""]","[""PETAL""]","[""product photography"", ""kitchen setting"", ""warm lighting""]","Product photo showing a round, red cookie jar placed to the right of a glass of white milk on a wooden countertop, with the word “PETAL” written on the lid of the jar, under warm kitchen lighting",0.8651,PASS,fr,0.8268077373504639
MB041,food_beverage,QUENCH,"Photo de produit représentant une canette de soda bleue posée à gauche d'un seau à glace argenté sur le comptoir sombre d'un bar, avec le logo QUENCH sur le devant de la canette, dans une ambiance lumineuse et feutrée","Product photography of a blue soda can placed to the left of a silver ice bucket on a dark bar surface, QUENCH logo on can front, cool atmospheric lighting","[""soda can"", ""ice bucket""]","{""soda can"": ""blue"", ""ice bucket"": ""silver""}","[""soda can left of ice bucket""]","[""QUENCH""]","[""product photography"", ""dark background"", ""cool lighting""]","Product photo showing a blue soda can placed to the left of a silver ice bucket on a dark bar counter, with the QUENCH logo on the front of the can, in a bright yet subdued setting",0.9519,PASS,fr,0.8304919600486755
MB042,food_beverage,RIPPLE,Photo de produit représentant un pot de poudre protéinée noire placé à gauche d'un shaker blanc sur le sol d'une salle de sport ; inscription « RIPPLE » sur l'étiquette du pot ; éclairage spectaculaire de salle de sport,"Product photography of a black protein powder jar placed to the left of a white shaker bottle on a gym floor, RIPPLE on jar label, dramatic gym lighting","[""protein powder jar"", ""shaker bottle""]","{""protein powder jar"": ""black"", ""shaker bottle"": ""white""}","[""protein powder jar left of shaker bottle""]","[""RIPPLE""]","[""product photography"", ""gym setting"", ""dramatic lighting""]",Product photo showing a jar of black protein powder placed to the left of a white shaker on the floor of a gym; the word “RIPPLE” on the jar’s label; dramatic gym lighting,0.9181,PASS,fr,0.8484725952148438
MB043,food_beverage,SWAY,Photographie de produit représentant une grande bouteille d'huile d'olive en verre vert posée au-dessus d'une tête d'ail blanche sur une surface en marbre ; étiquette « SWAY » sur la bouteille ; lumière naturelle douce,"Product photography of a tall green glass olive oil bottle placed above a white garlic bulb on a marble surface, SWAY label on bottle, soft natural light","[""olive oil bottle"", ""garlic bulb""]","{""olive oil bottle"": ""green"", ""garlic bulb"": ""white""}","[""olive oil bottle above garlic bulb""]","[""SWAY""]","[""product photography"", ""marble surface"", ""soft lighting""]","Product photograph showing a large bottle of olive oil in a green glass bottle placed atop a white head of garlic on a marble surface; ""SWAY"" label on the bottle; soft natural light",0.9481,PASS,fr,0.8553223609924316
MB044,food_beverage,TEMPO,"Photo de produit en « flat lay » montrant une barre de granola emballée dans du papier kraft, placée à gauche d'une banane jaune mûre sur une surface blanche ; la mention « TEMPO » figure sur l'emballage ; éclairage de studio très lumineux.","Product flat lay of a brown paper-wrapped granola bar placed to the left of a ripe yellow banana on a white surface, TEMPO on wrapper, bright studio lighting","[""granola bar"", ""banana""]","{""granola bar"": ""brown"", ""banana"": ""yellow""}","[""granola bar left of banana""]","[""TEMPO""]","[""flat lay"", ""white background"", ""bright lighting""]","A ""flat lay"" product photo showing a granola bar wrapped in kraft paper, placed to the left of a ripe yellow banana on a white surface; the word ""TEMPO"" appears on the packaging; very bright studio lighting.",0.8966,PASS,fr,0.7690705060958862
MB045,food_beverage,UMBER,"Photographie de produit représentant une bouteille de café « cold brew » de couleur marron, placée à gauche d'une paille en métal argenté sur une surface en béton foncé ; étiquette « UMBER » sur la bouteille ; éclairage tamisé","Product photography of a brown cold brew coffee bottle placed to the left of a silver metal straw on a dark concrete surface, UMBER label on bottle, moody lighting","[""cold brew coffee bottle"", ""metal straw""]","{""cold brew coffee bottle"": ""brown"", ""metal straw"": ""silver""}","[""cold brew coffee bottle left of metal straw""]","[""UMBER""]","[""product photography"", ""dark background"", ""moody lighting""]","Product photograph showing a brown bottle of cold brew coffee, placed to the left of a silver metal straw on a dark concrete surface; “UMBER” label on the bottle; soft lighting",0.9703,PASS,fr,0.8497486710548401
MB046,food_beverage,VERDE,"Photographie de produit représentant une canette d'eau pétillante bleue placée à gauche d'un citron vert frais sur du marbre blanc, avec l'inscription « VERDE » sur la canette, sous un éclairage naturel et frais","Product photography of a blue sparkling water can placed to the left of a fresh green lime on white marble, VERDE on can, fresh natural lighting","[""sparkling water can"", ""lime""]","{""sparkling water can"": ""blue"", ""lime"": ""green""}","[""sparkling water can left of lime""]","[""VERDE""]","[""product photography"", ""marble surface"", ""natural lighting""]","Product photograph showing a blue can of sparkling water placed to the left of a fresh lime on white marble, with the word “VERDE” on the can, under natural, fresh lighting",0.911,PASS,fr,0.8443014621734619
MB047,food_beverage,WARM,"Photo de produit représentant un pot de miel ambré posé sur une tranche de pain grillé complet, sur une planche à petit-déjeuner en bois ; l'inscription « WARM » figure sur le couvercle du pot, dans une lumière chaleureuse de matinée","Product photography of an amber honey jar placed above a slice of brown toast on a wooden breakfast board, WARM on jar lid, cozy morning lighting","[""honey jar"", ""toast""]","{""honey jar"": ""amber"", ""toast"": ""brown""}","[""honey jar above toast""]","[""WARM""]","[""product photography"", ""wooden surface"", ""warm lighting""]","Product photo showing a jar of amber honey placed on a slice of whole-grain toast, on a wooden breakfast board; the word “WARM” appears on the jar’s lid, bathed in warm morning light",0.8873,PASS,fr,0.8063673973083496
MB048,food_beverage,XTRA,"Photo de produit représentant une bouteille de smoothie violette placée à gauche de baies rouges fraîches sur une surface blanche, avec l'étiquette « XTRA » sur la bouteille, sous un éclairage naturel éclatant","Product photography of a purple smoothie bottle placed to the left of fresh red berries on a white surface, XTRA label on bottle, vibrant natural lighting","[""smoothie bottle"", ""berries""]","{""smoothie bottle"": ""purple"", ""berries"": ""red""}","[""smoothie bottle left of berries""]","[""XTRA""]","[""product photography"", ""white background"", ""vibrant lighting""]","Product photo showing a purple smoothie bottle placed to the left of fresh red berries on a white surface, with the ""XTRA"" label on the bottle, under bright natural light",0.9669,PASS,fr,0.8535109162330627
MB049,food_beverage,YUMA,"Photographie de produit représentant une bouteille à thé en verre blanc placée à droite d'une tige de bambou verte sur une surface gris clair, avec l'étiquette « YUMA » sur la bouteille, dans une composition minimaliste d'inspiration zen","Product photography of a white glass tea bottle placed to the right of a green bamboo stalk on a light gray surface, YUMA label on bottle, minimal zen composition","[""tea bottle"", ""bamboo stalk""]","{""tea bottle"": ""white"", ""bamboo stalk"": ""green""}","[""tea bottle right of bamboo stalk""]","[""YUMA""]","[""product photography"", ""gray background"", ""minimal""]","Product photograph showing a white glass tea bottle placed to the right of a green bamboo stalk on a light gray surface, with the ""YUMA"" label on the bottle, in a minimalist, Zen-inspired composition",0.9676,PASS,fr,0.8571798801422119
MB050,food_beverage,ZEAL,"Photographie de produit représentant une tablette de chocolat brun foncé partiellement enveloppée dans une feuille d'or, posée sur une surface en marbre noir ; inscription « ZEAL » sur l'emballage ; éclairage de style éditorial haut de gamme","Product photography of a dark brown chocolate bar partially wrapped in a gold foil wrapper on a black marble surface, ZEAL on wrapper, luxury editorial lighting","[""chocolate bar"", ""wrapper""]","{""chocolate bar"": ""brown"", ""wrapper"": ""gold""}","[""chocolate bar above wrapper""]","[""ZEAL""]","[""product photography"", ""black marble"", ""luxury editorial""]","Product photograph showing a dark chocolate bar partially wrapped in gold leaf, resting on a black marble surface; “ZEAL” written on the packaging; high-end editorial-style lighting",0.9357,PASS,fr,0.8360047340393066
MB051,food_beverage,AMBER,"Photographie de produit représentant un sachet de jus d'orange posé à droite d'une paille en bois marron sur une surface blanche, avec l'inscription « AMBER » sur le sachet, sous un éclairage naturel et lumineux","Product photography of an orange juice pouch placed to the right of a brown wooden straw on a white surface, AMBER on pouch, natural bright lighting","[""juice pouch"", ""wooden straw""]","{""juice pouch"": ""orange"", ""wooden straw"": ""brown""}","[""juice pouch right of wooden straw""]","[""AMBER""]","[""product photography"", ""white background"", ""natural lighting""]","Product photograph showing a packet of orange juice placed to the right of a brown wooden straw on a white surface, with the word “AMBER” printed on the packet, under bright natural lighting",0.8088,REVIEW,fr,0.8516613245010376
MB052,food_beverage,BRISK,"Photo en « flat lay » d'un pot de beurre d'amande marron posé sur des tranches de pain blanc, sur un fond bleu clair ; inscription « BRISK » sur l'étiquette du pot ; éclairage évoquant un style de vie matinal","Flat lay of a brown almond butter jar placed above slices of white bread on a light blue surface, BRISK on jar label, morning lifestyle lighting","[""almond butter jar"", ""bread""]","{""almond butter jar"": ""brown"", ""bread"": ""white""}","[""almond butter jar above bread""]","[""BRISK""]","[""flat lay"", ""light blue background"", ""morning lighting""]","A ""flat lay"" photo of a jar of brown almond butter placed on slices of white bread against a light blue background; the word ""BRISK"" appears on the jar's label; the lighting evokes a morning lifestyle",0.9403,PASS,fr,0.7625805139541626
MB053,food_beverage,COVE,Photographie de produit représentant une bouteille de kombucha en verre brun posée à droite d'un morceau de racine de gingembre jaune sur une surface en bois foncé ; étiquette « COVE » sur la bouteille ; éclairage naturel aux tons chambrés,"Product photography of a brown glass kombucha bottle placed to the right of a yellow ginger root on a dark wooden surface, COVE label on bottle, moody natural lighting","[""kombucha bottle"", ""ginger root""]","{""kombucha bottle"": ""brown"", ""ginger root"": ""yellow""}","[""ginger root left of kombucha bottle""]","[""COVE""]","[""product photography"", ""dark wood surface"", ""moody lighting""]",Product photograph showing a brown glass bottle of kombucha placed to the right of a piece of yellow ginger root on a dark wooden surface; “COVE” label on the bottle; natural lighting with warm tones,0.92,PASS,fr,0.827549934387207
MB054,food_beverage,DRIP,"Photographie de produit représentant une bouteille d'eau bleue posée sur un bouquet de brins de menthe verte fraîche, sur une surface en marbre blanc ; l'étiquette « DRIP » est visible sur la bouteille ; éclairage vif et naturel.","Product photography of a blue water bottle placed above a bunch of fresh green mint sprigs on a white marble surface, DRIP label on bottle, fresh bright lighting","[""water bottle"", ""mint sprigs""]","{""water bottle"": ""blue"", ""mint sprigs"": ""green""}","[""water bottle above mint sprigs""]","[""DRIP""]","[""product photography"", ""marble surface"", ""bright lighting""]","Product photograph showing a blue water bottle resting on a bouquet of fresh green mint sprigs, on a white marble surface; the ""DRIP"" label is visible on the bottle; bright, natural lighting.",0.9288,PASS,fr,0.8553623557090759
MB055,food_beverage,ELIXIR,"Photographie de produit représentant une boîte de matcha verte placée à droite d'un fouet en bambou marron sur une surface en céramique blanche, avec l'inscription « ELIXIR » sur le couvercle de la boîte, dans une composition minimaliste d'inspiration japonaise","Product photography of a green matcha tin placed to the right of a brown bamboo whisk on a white ceramic surface, ELIXIR on tin lid, minimal Japanese-inspired composition","[""matcha tin"", ""bamboo whisk""]","{""matcha tin"": ""green"", ""bamboo whisk"": ""brown""}","[""matcha tin right of bamboo whisk""]","[""ELIXIR""]","[""product photography"", ""ceramic surface"", ""minimal""]","Product photograph showing a box of green matcha placed to the right of a brown bamboo whisk on a white ceramic surface, with the word “ELIXIR” written on the box lid, in a minimalist, Japanese-inspired composition",0.8816,PASS,fr,0.8342553973197937
MB056,food_beverage,FERN,"Photo de produit lifestyle représentant un carton de lait d'avoine blanc posé à droite d'un bol en céramique marron rempli de granola, sur une table en bois ; le mot « FERN » figure sur le devant du carton ; éclairage chaleureux d'un matin.","Lifestyle product shot of a white oat milk carton placed to the right of a brown ceramic bowl filled with granola on a wooden table, FERN on carton front, warm morning lighting","[""oat milk carton"", ""ceramic bowl""]","{""oat milk carton"": ""white"", ""ceramic bowl"": ""brown""}","[""oat milk carton right of ceramic bowl""]","[""FERN""]","[""lifestyle photography"", ""wooden surface"", ""warm lighting""]",Lifestyle product photo showing a carton of white oat milk placed to the right of a brown ceramic bowl filled with granola on a wooden table; the word “FERN” appears on the front of the carton; warm morning lighting.,0.9624,PASS,fr,0.8118104934692383
MB057,food_beverage,GUSTO,"Photo de produit représentant une canette d'eau de coco en aluminium blanc placée à droite d'une noix de coco brune sur une surface sablonneuse, avec l'inscription « GUSTO » sur la canette, sous un éclairage tropical éclatant","Product photography of a white aluminum coconut water can placed to the right of a brown coconut on a sandy surface, GUSTO on can, tropical bright lighting","[""coconut water can"", ""coconut""]","{""coconut water can"": ""white"", ""coconut"": ""brown""}","[""coconut water can right of coconut""]","[""GUSTO""]","[""product photography"", ""sandy surface"", ""tropical lighting""]","Product photo showing a white aluminum can of coconut water placed to the right of a brown coconut on a sandy surface, with the word “GUSTO” on the can, under bright tropical lighting",0.9443,PASS,fr,0.8606908917427063
MB058,food_beverage,HERBA,Photographie de produit représentant une petite bouteille en verre jaune posée au-dessus d'une racine de curcuma orange fraîche sur un fond blanc ; étiquette « HERBA » sur la bouteille ; éclairage de studio épuré,"Product photography of a small yellow glass shot bottle placed above a fresh orange turmeric root on a white surface, HERBA label on bottle, clean studio lighting","[""shot bottle"", ""turmeric root""]","{""shot bottle"": ""yellow"", ""turmeric root"": ""orange""}","[""shot bottle above turmeric root""]","[""HERBA""]","[""product photography"", ""white background"", ""studio lighting""]",Product photograph showing a small yellow glass bottle placed atop a fresh orange turmeric root against a white background; “HERBA” label on the bottle; minimalist studio lighting,0.9658,PASS,fr,0.8557904958724976
MB059,food_beverage,INFUSE,"Photographie de produit représentant une bouteille en verre violette de jus pétillant, placée à droite d'une grappe de raisin vert sur du marbre blanc ; étiquette « INFUSE » sur la bouteille ; éclairage raffiné","Product photography of a purple glass sparkling juice bottle placed to the right of a bunch of green grapes on white marble, INFUSE label on bottle, elegant lighting","[""sparkling juice bottle"", ""grapes""]","{""sparkling juice bottle"": ""purple"", ""grapes"": ""green""}","[""sparkling juice bottle right of grapes""]","[""INFUSE""]","[""product photography"", ""marble surface"", ""elegant lighting""]","Product photograph showing a purple glass bottle of sparkling juice, placed to the right of a bunch of green grapes on white marble; “INFUSE” label on the bottle; sophisticated lighting",0.9597,PASS,fr,0.8663302063941956
MB060,food_beverage,JUVO,Photographie de produit représentant une bouteille de jus vert pressé à froid posée sous des carottes orange fraîches sur une surface en bois blanc ; étiquette « JUVO » sur la bouteille ; éclairage naturel et lumineux,"Product photography of a green cold press juice bottle placed below fresh orange carrots on a white wooden surface, JUVO label on bottle, bright natural lighting","[""juice bottle"", ""carrots""]","{""juice bottle"": ""green"", ""carrots"": ""orange""}","[""juice bottle below carrots""]","[""JUVO""]","[""product photography"", ""white wood surface"", ""natural lighting""]","Product photograph showing a bottle of cold-pressed green juice placed beneath fresh orange carrots on a white wooden surface; “JUVO” label on the bottle; natural, bright lighting",0.9535,PASS,fr,0.8696290254592896
MB061,fashion_apparel,MODE,"Photo de produit représentant une basket blanche posée au-dessus de sa boîte à chaussures rouge sur une surface blanche immaculée, avec le logo MODE sur la languette de la chaussure, éclairage de studio","Product photography of a white sneaker placed above its red shoebox on a clean white surface, MODE logo on shoe tongue, studio lighting","[""sneaker"", ""shoebox""]","{""sneaker"": ""white"", ""shoebox"": ""red""}","[""sneaker above shoebox""]","[""MODE""]","[""product photography"", ""white background"", ""studio lighting""]","Product photo showing a white sneaker resting on top of its red shoe box on a pristine white surface, with the MODE logo on the shoe's tongue; studio lighting",0.9697,PASS,fr,0.8304240703582764
MB062,fashion_apparel,LUXE,"Photo de produit représentant une veste en cuir noir suspendue à un cintre en bois marron devant un mur blanc, avec l'étiquette « LUXE » sur la veste, sous un éclairage éditorial doux","Product photography of a black leather jacket hanging on a brown wooden hanger against a white wall, LUXE label on jacket, soft editorial lighting","[""leather jacket"", ""wooden hanger""]","{""leather jacket"": ""black"", ""wooden hanger"": ""brown""}","[""leather jacket above wooden hanger""]","[""LUXE""]","[""editorial photography"", ""white background"", ""soft lighting""]","Product photo showing a black leather jacket hanging on a brown wooden hanger in front of a white wall, with the ""LUXE"" label on the jacket, under soft editorial lighting",0.9633,PASS,fr,0.8502353429794312
MB063,fashion_apparel,FORM,"Photo de produit de mode représentant un sac à main en cuir beige placé à gauche d'une paire de lunettes de soleil noires sur une surface blanche, avec le logo FORM sur les ferrures du sac, dans un éclairage épuré de style éditorial","Fashion product shot of a tan leather handbag placed to the left of black sunglasses on a white surface, FORM logo on bag hardware, clean editorial lighting","[""handbag"", ""sunglasses""]","{""handbag"": ""tan"", ""sunglasses"": ""black""}","[""handbag left of sunglasses""]","[""FORM""]","[""editorial photography"", ""white background"", ""clean lighting""]","Fashion product photo showing a beige leather handbag placed to the left of a pair of black sunglasses on a white surface, with the FORM logo on the bag’s hardware, in clean, editorial-style lighting",0.9384,PASS,fr,0.8069770932197571
MB064,fashion_apparel,GRACE,"Photographie de produit représentant une montre-bracelet en or posée sur un coffret en cuir noir, sur une surface en marbre foncé ; logo GRACE sur le cadran ; éclairage de style éditorial de luxe","Product photography of a gold wristwatch placed above a black leather watch box on a dark marble surface, GRACE logo on watch face, luxury editorial lighting","[""wristwatch"", ""watch box""]","{""wristwatch"": ""gold"", ""watch box"": ""black""}","[""wristwatch above watch box""]","[""GRACE""]","[""luxury editorial"", ""dark marble"", ""dramatic lighting""]","Product photograph showing a gold wristwatch resting on a black leather box, set against a dark marble surface; GRACE logo on the dial; luxury editorial-style lighting",0.9618,PASS,fr,0.7935791015625
MB065,fashion_apparel,HAVEN,"Photo de produit représentant des lunettes de soleil à monture écaille marron posées sur un étui à lunettes en cuir noir, sur fond blanc ; inscription « HAVEN » sur l'étui ; prise de vue épurée en studio","Product photography of brown tortoiseshell sunglasses placed above a black leather glasses case on a white background, HAVEN on case, clean studio shot","[""sunglasses"", ""glasses case""]","{""sunglasses"": ""brown"", ""glasses case"": ""black""}","[""sunglasses above glasses case""]","[""HAVEN""]","[""product photography"", ""white background"", ""clean lighting""]","Product photo showing brown tortoiseshell-framed sunglasses resting on a black leather case, against a white background; the word “HAVEN” is printed on the case; minimalist studio shot",0.8766,PASS,fr,0.8123757839202881
MB066,fashion_apparel,INKE,"Photographie de produit représentant des chaussures de course bleues posées à gauche de chaussettes de sport blanches sur une surface en béton gris, avec le logo INKE sur le talon de la chaussure, dans un éclairage de style « lifestyle »","Product photography of blue running shoes placed to the left of white athletic socks on a gray concrete surface, INKE logo on shoe heel, lifestyle lighting","[""running shoes"", ""athletic socks""]","{""running shoes"": ""blue"", ""athletic socks"": ""white""}","[""running shoes left of athletic socks""]","[""INKE""]","[""lifestyle photography"", ""concrete surface"", ""natural lighting""]","Product photograph showing blue running shoes placed to the left of white athletic socks on a gray concrete surface, with the INKE logo on the heel of the shoe, in ""lifestyle"" lighting",0.9583,PASS,fr,0.8257194757461548
MB067,fashion_apparel,JOIE,"Photo « flat lay » d'une veste en jean bleue posée sur un sac fourre-tout en toile blanche, le tout sur une surface gris clair ; l'inscription « JOIE » figure sur le sac fourre-tout ; éclairage naturel","Flat lay of a blue denim jacket placed above a white canvas tote bag on a light gray surface, JOIE on tote bag, natural lighting","[""denim jacket"", ""tote bag""]","{""denim jacket"": ""blue"", ""tote bag"": ""white""}","[""denim jacket above tote bag""]","[""JOIE""]","[""flat lay"", ""gray background"", ""natural lighting""]","A ""flat lay"" photo of a blue denim jacket placed on a white canvas tote bag, all set on a light gray surface; the word ""JOIE"" is printed on the tote bag; natural lighting",0.9548,PASS,fr,0.7244670987129211
MB068,fashion_apparel,KEEN,Photographie de produit représentant un sac fourre-tout en cuir marron posé à gauche d'un foulard en soie rouge sur une surface en lin beige ; le mot « KEEN » est gravé sur le sac ; éclairage doux et chaleureux,"Product photography of a brown leather tote bag placed to the left of a red silk scarf on a beige linen surface, KEEN embossed on bag, soft warm lighting","[""leather tote bag"", ""silk scarf""]","{""leather tote bag"": ""brown"", ""silk scarf"": ""red""}","[""leather tote bag left of silk scarf""]","[""KEEN""]","[""product photography"", ""linen surface"", ""warm lighting""]","Product photograph showing a brown leather tote bag placed to the left of a red silk scarf on a beige linen surface; the word “KEEN” is engraved on the bag; soft, warm lighting",0.9675,PASS,fr,0.8449455499649048
MB069,fashion_apparel,LACE,"Photo de produit lifestyle représentant une basket en toile blanche posée au-dessus d'un skateboard rouge sur une surface en béton, avec le logo LACE sur le côté de la basket, éclairage naturel urbain","Lifestyle product shot of a white canvas sneaker placed above a red skateboard on a concrete surface, LACE logo on sneaker side, urban natural lighting","[""canvas sneaker"", ""skateboard""]","{""canvas sneaker"": ""white"", ""skateboard"": ""red""}","[""canvas sneaker above skateboard""]","[""LACE""]","[""lifestyle photography"", ""concrete surface"", ""urban lighting""]","Lifestyle product photo showing a white canvas sneaker placed on top of a red skateboard on a concrete surface, with the LACE logo on the side of the sneaker, in natural urban lighting",0.9551,PASS,fr,0.846461296081543
MB070,fashion_apparel,MAUVE,"Photo de produit en « flat lay » représentant une brassière de sport rose posée sur un tapis de yoga violet, sur un sol blanc ; étiquette « MAUVE » sur la languette de la brassière ; éclairage de studio intense","Flat lay product shot of a pink sports bra placed above a purple yoga mat on a white floor surface, MAUVE label on bra tag, bright studio lighting","[""sports bra"", ""yoga mat""]","{""sports bra"": ""pink"", ""yoga mat"": ""purple""}","[""sports bra above yoga mat""]","[""MAUVE""]","[""flat lay"", ""white background"", ""bright lighting""]","""Flat lay"" product photo showing a pink sports bra placed on a purple yoga mat on a white floor; ""MAUVE"" label on the bra's tag; intense studio lighting",0.9827,PASS,fr,0.7635027766227722
MB071,fashion_apparel,NOIR,"Photo de produit en « flat lay » représentant une casquette de baseball noire posée sur un t-shirt blanc, sur fond gris ; le mot « NOIR » est brodé sur le devant de la casquette ; photo épurée de style éditorial","Flat lay product shot of a black baseball cap placed above a white t-shirt on a gray background, NOIR embroidered on cap front, clean editorial shot","[""baseball cap"", ""t-shirt""]","{""baseball cap"": ""black"", ""t-shirt"": ""white""}","[""baseball cap above t-shirt""]","[""NOIR""]","[""flat lay"", ""gray background"", ""editorial""]","A ""flat lay"" product photo showing a black baseball cap placed on a white T-shirt against a gray background; the word ""NOIR"" is embroidered on the front of the cap; a minimalist, editorial-style photo",0.9457,PASS,fr,0.7766081094741821
MB072,fashion_apparel,ONYX,"Photographie de produit représentant des bottines Chelsea noires posées à gauche d'une ceinture en cuir marron sur une surface blanche, avec l'inscription « ONYX » sur la semelle de la bottine, sous un éclairage de studio épuré","Product photography of black Chelsea boots placed to the left of a brown leather belt on a white surface, ONYX on boot sole, clean studio lighting","[""Chelsea boots"", ""leather belt""]","{""Chelsea boots"": ""black"", ""leather belt"": ""brown""}","[""Chelsea boots left of leather belt""]","[""ONYX""]","[""product photography"", ""white background"", ""studio lighting""]","Product photograph showing black Chelsea boots placed to the left of a brown leather belt on a white surface, with the word “ONYX” on the sole of the boot, under minimalist studio lighting",0.8821,PASS,fr,0.8264837861061096
MB073,fashion_apparel,POISE,"Photo de produit lifestyle représentant un imperméable jaune suspendu au-dessus d'un parapluie noir devant un mur blanc, avec l'étiquette « POISE » sur l'imperméable, dans un éclairage épuré de style éditorial","Lifestyle product shot of a yellow raincoat hung above a black umbrella against a white wall, POISE label on raincoat, clean editorial lighting","[""raincoat"", ""umbrella""]","{""raincoat"": ""yellow"", ""umbrella"": ""black""}","[""raincoat above umbrella""]","[""POISE""]","[""lifestyle photography"", ""white wall"", ""editorial""]","Lifestyle product photo showing a yellow raincoat hanging above a black umbrella in front of a white wall, with the ""POISE"" label on the raincoat, in clean, editorial-style lighting",0.9561,PASS,fr,0.8107276558876038
MB074,fashion_apparel,RIVE,"Photo « flat lay » d'un pull en laine gris posé sur une écharpe en tricot blanche, sur une surface en bois clair ; l'étiquette « RIVE » est visible, sous un éclairage naturel et tamisé","Flat lay of a gray wool sweater placed above a white knit scarf on a light wooden surface, RIVE label visible, soft natural lighting","[""wool sweater"", ""knit scarf""]","{""wool sweater"": ""gray"", ""knit scarf"": ""white""}","[""wool sweater above knit scarf""]","[""RIVE""]","[""flat lay"", ""wooden surface"", ""soft lighting""]","A ""flat lay"" photo of a gray wool sweater placed on a white knitted scarf, on a light-colored wooden surface; the ""RIVE"" label is visible under soft, natural lighting",0.9564,PASS,fr,0.7338085770606995
MB075,fashion_apparel,SILK,Photo de produit en « flat lay » montrant un maillot de bain orange posé à gauche d'un flacon de crème solaire blanc sur une surface turquoise ; étiquette « SILK » sur le flacon ; éclairage estival et lumineux,"Product flat lay of an orange swimsuit placed to the left of a white sunscreen bottle on a turquoise surface, SILK label on bottle, bright summery lighting","[""swimsuit"", ""sunscreen bottle""]","{""swimsuit"": ""orange"", ""sunscreen bottle"": ""white""}","[""swimsuit left of sunscreen bottle""]","[""SILK""]","[""flat lay"", ""turquoise background"", ""bright lighting""]","""Flat lay"" product photo showing an orange swimsuit placed to the left of a white bottle of sunscreen on a turquoise surface; ""SILK"" label on the bottle; bright, summery lighting",0.9747,PASS,fr,0.7809326648712158
MB076,fashion_apparel,TONE,"Photo de produit représentant un sac à dos bleu marine placé à gauche d'une gourde argentée sur fond blanc, avec l'inscription « TONE » sur la poche avant du sac à dos ; cliché épuré pris en studio","Product photography of a navy blue backpack placed to the left of a silver water bottle on a white background, TONE on backpack front pocket, clean studio shot","[""backpack"", ""water bottle""]","{""backpack"": ""navy"", ""water bottle"": ""silver""}","[""backpack left of water bottle""]","[""TONE""]","[""product photography"", ""white background"", ""clean lighting""]","Product photo showing a navy blue backpack positioned to the left of a silver water bottle against a white background, with the word “TONE” on the backpack’s front pocket; a minimalist studio shot",0.9025,PASS,fr,0.806838870048523
MB077,fashion_apparel,ULAN,"Photo de mode en « flat lay » montrant un sweat à capuche gris posé sur un pantalon de jogging noir, sur une surface blanche ; l'étiquette « ULAN » est visible sur le sweat, éclairage épuré de style éditorial","Flat lay fashion shot of a gray hoodie placed above black jogger pants on a white surface, ULAN tag visible on hoodie, clean editorial lighting","[""hoodie"", ""jogger pants""]","{""hoodie"": ""gray"", ""jogger pants"": ""black""}","[""hoodie above jogger pants""]","[""ULAN""]","[""flat lay"", ""white background"", ""editorial""]","A ""flat lay"" fashion photo showing a gray hoodie placed on top of black sweatpants on a white surface; the ""ULAN"" label is visible on the hoodie, with minimalist, editorial-style lighting",0.9266,PASS,fr,0.7636243104934692
MB078,fashion_apparel,VIBE,"Photographie de produit représentant des chaussures de ville Oxford en cuir marron, placées à gauche d'une mallette en cuir beige sur un sol en marbre foncé ; inscription « VIBE » sur la semelle de la chaussure ; éclairage éditorial professionnel","Product photography of brown leather Oxford dress shoes placed to the left of a tan leather briefcase on a dark marble floor, VIBE on shoe sole, professional editorial lighting","[""dress shoes"", ""briefcase""]","{""dress shoes"": ""brown"", ""briefcase"": ""tan""}","[""dress shoes left of briefcase""]","[""VIBE""]","[""editorial photography"", ""dark marble"", ""professional lighting""]",Product photograph showing brown leather Oxford dress shoes placed to the left of a beige leather briefcase on a dark marble floor; the word “VIBE” is inscribed on the sole of the shoe; professional editorial lighting,0.938,PASS,fr,0.8444923758506775
MB079,fashion_apparel,WOVEN,"Photo de produit représentant une veste d'hiver rouge posée sous des gants en cuir noir sur fond blanc, étiquette « WOVEN » sur la fermeture éclair de la veste, éclairage chaleureux typique de l'hiver","Product photography of a red winter jacket placed below black leather gloves on a white background, WOVEN label on jacket zip, cozy winter lighting","[""winter jacket"", ""leather gloves""]","{""winter jacket"": ""red"", ""leather gloves"": ""black""}","[""winter jacket below leather gloves""]","[""WOVEN""]","[""product photography"", ""white background"", ""soft lighting""]","Product photo showing a red winter jacket placed beneath black leather gloves on a white background, with a ""WOVEN"" label on the jacket's zipper, and warm lighting typical of winter",0.9496,PASS,fr,0.8449689745903015
MB080,fashion_apparel,XARA,"Photo de produit en « flat lay » montrant un short de sport noir posé sous des baskets de course blanches sur un sol de salle de sport gris, avec le logo XARA sur la ceinture du short, sous un éclairage de studio intense","Flat lay product shot of black athletic shorts placed below white running sneakers on a gray gym floor, XARA logo on shorts waistband, bright studio lighting","[""athletic shorts"", ""sneakers""]","{""athletic shorts"": ""black"", ""sneakers"": ""white""}","[""athletic shorts below sneakers""]","[""XARA""]","[""flat lay"", ""gray background"", ""bright lighting""]","A ""flat lay"" product photo showing black athletic shorts placed beneath white running shoes on a gray gym floor, with the XARA logo on the waistband of the shorts, under intense studio lighting",0.9419,PASS,fr,0.7996046543121338
MB081,fashion_apparel,YARN,"Photo « flat lay » illustrant un style de vie : un sac fourre-tout en toile beige posé à gauche d'un livre de poche blanc sur une surface en bois, avec l'inscription « YARN » sur le côté du sac, sous un éclairage naturel et chaleureux","Lifestyle flat lay of a beige canvas tote bag placed to the left of a white paperback book on a wooden surface, YARN on tote side, warm natural lighting","[""canvas tote bag"", ""paperback book""]","{""canvas tote bag"": ""beige"", ""paperback book"": ""white""}","[""canvas tote bag left of paperback book""]","[""YARN""]","[""flat lay"", ""wooden surface"", ""warm lighting""]","A ""flat lay"" photo illustrating a lifestyle: a beige canvas tote bag placed to the left of a white paperback book on a wooden surface, with the word ""YARN"" written on the side of the bag, under warm, natural lighting",0.8883,PASS,fr,0.716509222984314
MB082,fashion_apparel,ZOLA,"Photo de produit pour un éditorial de mode : un trench-coat beige suspendu sous un parapluie noir devant un mur blanc, étiquette « ZOLA » sur le manteau, éclairage épuré de type éditorial","Fashion editorial product shot of a beige trench coat hung below a black umbrella against a white wall, ZOLA label on coat, clean editorial lighting","[""trench coat"", ""umbrella""]","{""trench coat"": ""beige"", ""umbrella"": ""black""}","[""trench coat below umbrella""]","[""ZOLA""]","[""editorial photography"", ""white wall"", ""clean lighting""]","Product photo for a fashion editorial: a beige trench coat hanging from a black umbrella in front of a white wall, with a “ZOLA” label on the coat, and minimalist editorial-style lighting",0.9346,PASS,fr,0.8129947185516357
MB083,fashion_apparel,AEON,"Photo de produit représentant un cuissard de cyclisme noir posé à droite d'un casque de cyclisme blanc sur une surface gris clair, avec le logo AEON sur le côté du casque ; prise de vue épurée en studio","Product photography of black cycling shorts placed to the right of a white cycling helmet on a light gray surface, AEON logo on helmet side, clean studio shot","[""cycling shorts"", ""cycling helmet""]","{""cycling shorts"": ""black"", ""cycling helmet"": ""white""}","[""cycling shorts right of cycling helmet""]","[""AEON""]","[""product photography"", ""gray background"", ""studio lighting""]","Product photo showing a pair of black cycling shorts placed to the right of a white cycling helmet on a light gray surface, with the AEON logo on the side of the helmet; minimalist studio shot",0.9397,PASS,fr,0.7605303525924683
MB084,fashion_apparel,BRIM,"Photographie de produit représentant un portefeuille en cuir noir posé sous des pièces d'argent sur une surface en marbre foncé, avec le logo « BRIM » gravé sur le devant du portefeuille, dans un éclairage de style éditorial haut de gamme","Product photography of a black leather wallet placed below silver coins on a dark marble surface, BRIM embossed on wallet front, luxury editorial lighting","[""leather wallet"", ""coins""]","{""leather wallet"": ""black"", ""coins"": ""silver""}","[""leather wallet below coins""]","[""BRIM""]","[""luxury editorial"", ""dark marble"", ""dramatic lighting""]","Product photograph showing a black leather wallet placed beneath silver coins on a dark marble surface, with the “BRIM” logo engraved on the front of the wallet, in high-end editorial-style lighting",0.9424,PASS,fr,0.8237459659576416
MB085,fashion_apparel,CORD,Photo de mode en « flat lay » montrant un bonnet en tricot gris posé sous une veste bleu marine sur une surface blanche ; étiquette « CORD » sur le bonnet ; éclairage naturel et épuré,"Flat lay fashion shot of a gray knit beanie hat placed below a navy jacket on a white surface, CORD tag on beanie, clean natural lighting","[""beanie hat"", ""jacket""]","{""beanie hat"": ""gray"", ""jacket"": ""navy""}","[""beanie hat below jacket""]","[""CORD""]","[""flat lay"", ""white background"", ""natural lighting""]","A ""flat lay"" fashion photo showing a gray knit beanie placed under a navy blue jacket on a white surface; ""CORD"" label on the beanie; natural, minimalist lighting",0.7943,REVIEW,fr,0.8161458969116211
MB086,fashion_apparel,DUSK,"Photographie de mode mettant en scène des escarpins à plateforme noirs posés à droite d'une pochette en cuir rouge sur une surface dorée, avec le logo DUSK sur le talon, dans un éclairage glamour de type éditorial","Fashion product photography of black platform heels placed to the right of a red leather clutch bag on a gold surface, DUSK logo on heel, glamorous editorial lighting","[""platform heels"", ""clutch bag""]","{""platform heels"": ""black"", ""clutch bag"": ""red""}","[""platform heels right of clutch bag""]","[""DUSK""]","[""editorial photography"", ""gold surface"", ""glamorous lighting""]","Fashion photograph featuring black platform pumps placed to the right of a red leather clutch on a gold surface, with the DUSK logo on the heel, in glamorous, editorial-style lighting",0.9216,PASS,fr,0.8194503784179688
MB087,fashion_apparel,ZYLO,"Photo de produit représentant un pantalon cargo vert posé sous des bottes en cuir marron sur fond blanc, avec l'étiquette ZYLO sur la ceinture du pantalon, sous un éclairage de studio épuré","Product photography of green cargo pants placed below brown leather boots on a white background, ZYLO label on pants waistband, clean studio lighting","[""cargo pants"", ""leather boots""]","{""cargo pants"": ""green"", ""leather boots"": ""brown""}","[""cargo pants below leather boots""]","[""ZYLO""]","[""product photography"", ""white background"", ""studio lighting""]","Product photo showing green cargo pants placed beneath brown leather boots on a white background, with the ZYLO label on the waistband, under minimalist studio lighting",0.9581,PASS,fr,0.8547857999801636
MB088,fashion_apparel,FINN,"Photo de produit en « flat lay » représentant une cravate en soie bleu marine posée sous une chemise blanche sur une surface grise, avec la mention « FINN » tissée sur l'étiquette de la cravate, éclairage éditorial professionnel","Flat lay product shot of a navy blue silk tie placed below a white dress shirt on a gray surface, FINN woven on tie label, professional editorial lighting","[""silk tie"", ""dress shirt""]","{""silk tie"": ""navy"", ""dress shirt"": ""white""}","[""silk tie below dress shirt""]","[""FINN""]","[""flat lay"", ""gray background"", ""professional lighting""]","""Flat lay"" product photo showing a navy blue silk tie placed beneath a white shirt on a gray surface, with the word ""FINN"" woven into the tie's label; professional editorial lighting",0.958,PASS,fr,0.7970550060272217
MB089,fashion_apparel,GILD,Photo de style « flat lay » illustrant un legging de sport violet posé à droite d'une paire de baskets blanches sur le sol impeccable d'une salle de sport ; logo GILD sur la ceinture du legging ; éclairage vif de studio.,"Lifestyle flat lay of purple gym leggings placed to the right of white sports shoes on a clean gym floor, GILD logo on leggings waistband, bright studio lighting","[""gym leggings"", ""sports shoes""]","{""gym leggings"": ""purple"", ""sports shoes"": ""white""}","[""gym leggings right of sports shoes""]","[""GILD""]","[""flat lay"", ""white background"", ""bright lighting""]","A ""flat lay"" photo showing a pair of purple workout leggings placed to the right of a pair of white sneakers on the spotless floor of a gym; the GILD logo on the waistband of the leggings; bright studio lighting.",0.9398,PASS,fr,0.739867627620697
MB090,fashion_apparel,HAZE,"Composition « flat lay » sur le thème de l'été : des sandales en cuir beige disposées à droite d'un chapeau de plage en paille blanche sur une surface sablonneuse, logo HAZE sur la bride de la sandale, éclairage naturel et lumineux","Summer lifestyle flat lay of tan leather sandals placed to the right of a white straw beach hat on a sandy surface, HAZE logo on sandal strap, bright natural lighting","[""leather sandals"", ""straw beach hat""]","{""leather sandals"": ""tan"", ""straw beach hat"": ""white""}","[""leather sandals right of straw beach hat""]","[""HAZE""]","[""flat lay"", ""sandy surface"", ""natural lighting""]","A ""flat lay"" composition with a summer theme: beige leather sandals placed to the right of a white straw beach hat on a sandy surface, with the HAZE logo on the sandal strap, and bright, natural lighting",0.9229,PASS,fr,0.7845855951309204
MB091,automotive,TORQ,"Photographie de produit automobile représentant une voiture de sport rouge placée à gauche d'un casque de course blanc sur le sol sombre d'un studio, avec le logo TORQ sur le capot et un éclairage de studio spectaculaire","Automotive product photography of a red sports car placed to the left of a white racing helmet on a dark studio floor, TORQ logo on car hood, dramatic studio lighting","[""sports car"", ""racing helmet""]","{""sports car"": ""red"", ""racing helmet"": ""white""}","[""sports car left of racing helmet""]","[""TORQ""]","[""product photography"", ""dark background"", ""dramatic lighting""]","Automotive product photograph featuring a red sports car positioned to the left of a white racing helmet on a dark studio floor, with the TORQ logo on the hood and dramatic studio lighting",0.9717,PASS,fr,0.8632028102874756
MB092,automotive,RUSH,Photo de produit représentant une voiture électrique blanche avec un câble de recharge vert placé à sa gauche sur le sol immaculé d'un studio ; logo RUSH sur la portière de la voiture ; fond blanc immaculé,"Product photography of a white electric car with a green charging cable placed to its left on a clean studio floor, RUSH logo on car door, clean white background","[""electric car"", ""charging cable""]","{""electric car"": ""white"", ""charging cable"": ""green""}","[""charging cable left of electric car""]","[""RUSH""]","[""product photography"", ""white background"", ""clean lighting""]",Product photo showing a white electric car with a green charging cable placed to its left on the pristine floor of a studio; RUSH logo on the car's door; pristine white background,0.9874,PASS,fr,0.8619211912155151
MB093,automotive,FORGE,"Photo de produit automobile représentant un SUV noir équipé d'une galerie de toit argentée, posé sur un sol de studio blanc, avec l'inscription « FORGE » sur le capot, sous un éclairage de studio spectaculaire","Automotive product shot of a black SUV with a silver roof rack mounted above on a white studio floor, FORGE on hood, dramatic studio lighting","[""SUV"", ""roof rack""]","{""SUV"": ""black"", ""roof rack"": ""silver""}","[""roof rack above SUV""]","[""FORGE""]","[""product photography"", ""white background"", ""dramatic lighting""]","Automotive product photo showing a black SUV equipped with a silver roof rack, set against a white studio floor, with the word “FORGE” on the hood, under dramatic studio lighting",0.8987,PASS,fr,0.7969688177108765
MB094,automotive,HELIX,"Photo de produit représentant une moto noire placée à gauche d'un casque intégral blanc sur le sol sombre d'un studio, avec le logo HELIX sur le réservoir de la moto, sous un éclairage de studio spectaculaire","Product photography of a black motorcycle placed to the left of a white full-face helmet on a dark studio floor, HELIX logo on motorcycle tank, dramatic studio lighting","[""motorcycle"", ""helmet""]","{""motorcycle"": ""black"", ""helmet"": ""white""}","[""motorcycle left of helmet""]","[""HELIX""]","[""product photography"", ""dark background"", ""dramatic lighting""]","Product photo showing a black motorcycle positioned to the left of a white full-face helmet on the dark floor of a studio, with the HELIX logo on the motorcycle's fuel tank, under dramatic studio lighting",0.9256,PASS,fr,0.8358986377716064
MB095,automotive,JOLT,Photo de produit automobile représentant une voiture de sport bleue avec un pneu noir posé en dessous sur le sol blanc d'un studio ; inscription « JOLT » sur le capot ; éclairage net et spectaculaire,"Automotive product shot of a blue sports car with a black tire placed below on a white studio floor, JOLT on car hood, clean dramatic lighting","[""sports car"", ""tire""]","{""sports car"": ""blue"", ""tire"": ""black""}","[""tire below sports car""]","[""JOLT""]","[""product photography"", ""white background"", ""dramatic lighting""]","Automotive product photo showing a blue sports car with a black tire placed beneath it on the white floor of a studio; the word “JOLT” on the hood; sharp, dramatic lighting",0.9402,PASS,fr,0.8488023281097412
MB096,automotive,KINETIC,"Photographie de produit représentant une camionnette orange placée à gauche d'une boîte à outils en métal noir sur une surface en béton, avec l'inscription « KINETIC » sur la portière de la camionnette, éclairage naturel en extérieur","Product photography of an orange pickup truck placed to the left of a black metal toolbox on a concrete surface, KINETIC on truck door, outdoor natural lighting","[""pickup truck"", ""toolbox""]","{""pickup truck"": ""orange"", ""toolbox"": ""black""}","[""pickup truck left of toolbox""]","[""KINETIC""]","[""product photography"", ""concrete surface"", ""outdoor lighting""]","Product photograph showing an orange pickup truck positioned to the left of a black metal toolbox on a concrete surface, with the word “KINETIC” on the truck’s door; natural outdoor lighting",0.9126,PASS,fr,0.845710277557373
MB097,automotive,LAUNCH,"Photographie de produit représentant une trottinette électrique blanche placée à gauche d'un casque de sécurité noir sur un trottoir urbain gris, avec l'inscription « LAUNCH » sur le plateau de la trottinette, sous un éclairage naturel et épuré","Product photography of a white electric scooter placed to the left of a black safety helmet on a gray urban sidewalk, LAUNCH on scooter deck, clean natural lighting","[""electric scooter"", ""safety helmet""]","{""electric scooter"": ""white"", ""safety helmet"": ""black""}","[""electric scooter left of safety helmet""]","[""LAUNCH""]","[""product photography"", ""urban setting"", ""natural lighting""]","Product photograph showing a white electric scooter placed to the left of a black safety helmet on a gray urban sidewalk, with the word “LAUNCH” on the scooter’s deck, under natural, minimalist lighting",0.9182,PASS,fr,0.8191467523574829
MB098,automotive,MOTION,"Photographie de produit représentant une citadine compacte argentée placée à gauche d'un panneau de stationnement blanc dans une rue de la ville, avec le logo MOTION sur le capot et un éclairage urbain intense","Product photography of a silver compact city car placed to the left of a white parking sign on a city street, MOTION logo on car hood, bright urban lighting","[""city car"", ""parking sign""]","{""city car"": ""silver"", ""parking sign"": ""white""}","[""city car left of parking sign""]","[""MOTION""]","[""product photography"", ""urban setting"", ""bright lighting""]","Product photograph showing a silver compact city car positioned to the left of a white parking sign on a city street, with the MOTION logo on the hood and bright streetlights in the background",0.9392,PASS,fr,0.8504734635353088
MB099,automotive,PULSE,"Photo de produit représentant une décapotable jaune posée au-dessus d'une clé de voiture argentée sur le sol sombre d'un showroom, avec l'inscription « PULSE » sur la portière, sous un éclairage spectaculaire de showroom","Product photography of a yellow convertible car placed above a silver car key on a dark showroom floor, PULSE on car door, dramatic showroom lighting","[""convertible car"", ""car key""]","{""convertible car"": ""yellow"", ""car key"": ""silver""}","[""convertible car above car key""]","[""PULSE""]","[""product photography"", ""dark showroom"", ""dramatic lighting""]","Product photo showing a yellow convertible resting on top of a silver car key on the dark floor of a showroom, with the word “PULSE” on the door, under dramatic showroom lighting",0.8735,PASS,fr,0.775591254234314
MB100,automotive,QUEST,"Photographie de produit représentant une voiture hybride verte placée à gauche d'un panneau solaire bleu marine sur un fond de studio épuré, avec l'inscription « QUEST » sur le capot, sur fond blanc épuré de studio","Product photography of a green hybrid car placed to the left of a navy solar panel on a clean studio surface, QUEST on car hood, clean white studio background","[""hybrid car"", ""solar panel""]","{""hybrid car"": ""green"", ""solar panel"": ""navy""}","[""hybrid car left of solar panel""]","[""QUEST""]","[""product photography"", ""white background"", ""clean lighting""]","Product photograph showing a green hybrid car positioned to the left of a navy blue solar panel against a minimalist studio background, with the word “QUEST” on the hood, against a minimalist white studio background",0.8893,PASS,fr,0.8266385793685913
MB101,automotive,RACER,"Photo de produit spectaculaire d'une voiture de course rouge placée à gauche d'un drapeau à damier noir et blanc sur un circuit automobile, avec le logo RACER sur le capot, dans un éclairage de course spectaculaire","Dramatic product shot of a red racing car placed to the left of a black and white checkered flag on a racing track, RACER logo on car hood, dramatic race lighting","[""racing car"", ""checkered flag""]","{""racing car"": ""red"", ""checkered flag"": ""black""}","[""racing car left of checkered flag""]","[""RACER""]","[""product photography"", ""race track"", ""dramatic lighting""]","Stunning product photo of a red race car positioned to the left of a black-and-white checkered flag on a racetrack, with the RACER logo on the hood, captured in dramatic race lighting",0.969,PASS,fr,0.8001809120178223
MB102,automotive,SPEED,"Photographie de produit représentant une moto de sport argentée posée au-dessus de gants de course en cuir noir sur un fond sombre de studio, avec l'inscription « SPEED » sur le carénage de la moto, sous un éclairage de studio spectaculaire","Product photography of a silver sports motorcycle placed above black leather racing gloves on a dark studio surface, SPEED on motorcycle fairing, dramatic studio lighting","[""sports motorcycle"", ""racing gloves""]","{""sports motorcycle"": ""silver"", ""racing gloves"": ""black""}","[""sports motorcycle above racing gloves""]","[""SPEED""]","[""product photography"", ""dark background"", ""dramatic lighting""]","Product photograph showing a silver sport motorcycle positioned above a pair of black leather racing gloves against a dark studio background, with the word “SPEED” on the motorcycle’s fairing, under dramatic studio lighting",0.9092,PASS,fr,0.8288882970809937
MB103,automotive,THRUST,Photo de produit représentant une berline familiale blanche avec un siège enfant noir placé à sa droite sur un fond de studio gris ; l'inscription « THRUST » figure sur la portière de la berline ; éclairage de studio épuré.,"Product photography of a white family sedan with a black child seat placed to its right on a gray studio surface, THRUST on sedan door, clean studio lighting","[""family sedan"", ""child seat""]","{""family sedan"": ""white"", ""child seat"": ""black""}","[""child seat right of family sedan""]","[""THRUST""]","[""product photography"", ""gray background"", ""clean lighting""]",Product photo showing a white family sedan with a black child seat on the right side against a gray studio background; the word “THRUST” appears on the sedan’s door; minimalist studio lighting.,0.9076,PASS,fr,0.8379861116409302
MB104,automotive,VEER,"Photo de produit représentant un véhicule tout-terrain marron placé à gauche d'une roue de secours noire, sur un sol accidenté en extérieur ; inscription « VEER » sur le capot ; éclairage naturel en extérieur","Product photography of a brown off-road vehicle placed to the left of a black spare tire on a rugged outdoor surface, VEER on hood, outdoor natural lighting","[""off-road vehicle"", ""spare tire""]","{""off-road vehicle"": ""brown"", ""spare tire"": ""black""}","[""off-road vehicle left of spare tire""]","[""VEER""]","[""product photography"", ""outdoor surface"", ""natural lighting""]","Product photo showing a brown all-terrain vehicle positioned to the left of a black spare tire on uneven outdoor terrain; ""VEER"" lettering on the hood; natural outdoor lighting",0.9616,PASS,fr,0.8490073680877686
MB105,automotive,WARP,"Photographie de produit haut de gamme représentant une berline noire posée au-dessus d'un porte-clés doré sur le sol en marbre foncé d'un showroom, avec l'inscription « WARP » sur le capot de la berline, dans un éclairage éditorial spectaculaire","Luxury product photography of a black sedan placed above a gold key fob on a dark marble showroom floor, WARP on sedan hood, dramatic editorial lighting","[""sedan"", ""key fob""]","{""sedan"": ""black"", ""key fob"": ""gold""}","[""sedan above key fob""]","[""WARP""]","[""luxury editorial"", ""dark marble"", ""dramatic lighting""]","High-end product photograph featuring a black sedan resting atop a gold keychain on the dark marble floor of a showroom, with the word “WARP” inscribed on the sedan’s hood, captured in spectacular editorial lighting",0.8127,REVIEW,fr,0.836618185043335
MB106,automotive,XCEL,"Photographie de produit représentant un vélo électrique blanc placé à gauche d'un câble de recharge noir, sur le sol blanc et immaculé d'un studio ; inscription « XCEL » sur le cadre du vélo ; éclairage de studio épuré","Product photography of a white electric bicycle placed to the left of a black charging cable on a clean white studio floor, XCEL on bicycle frame, clean studio lighting","[""electric bicycle"", ""charging cable""]","{""electric bicycle"": ""white"", ""charging cable"": ""black""}","[""electric bicycle left of charging cable""]","[""XCEL""]","[""product photography"", ""white background"", ""studio lighting""]","Product photograph showing a white electric bike positioned to the left of a black charging cable, on the pristine white floor of a studio; “XCEL” lettering on the bike’s frame; minimalist studio lighting",0.9276,PASS,fr,0.8481411933898926
MB107,automotive,YOKE,"Photo de produit glamour d'une voiture de course rouge placée à gauche d'un trophée doré sur le sol sombre d'un showroom, avec l'inscription « YOKE » sur le capot, dans une ambiance spectaculaire baignée d'une lumière dorée","Glamour product shot of a red racing car placed to the left of a gold trophy on a dark showroom floor, YOKE on car hood, dramatic gold-lit atmosphere","[""racing car"", ""trophy""]","{""racing car"": ""red"", ""trophy"": ""gold""}","[""racing car left of trophy""]","[""YOKE""]","[""product photography"", ""dark showroom"", ""glamorous lighting""]","Glamorous product photo of a red race car positioned to the left of a golden trophy on the dark floor of a showroom, with the word “YOKE” on the hood, in a spectacular setting bathed in golden light",0.8875,PASS,fr,0.8191084265708923
MB108,automotive,ZOOM,"Photo de produit montrant une camionnette de livraison blanche placée à gauche d'un carton marron sur une chaussée grise, ZOOM sur la portière de la camionnette, éclairage commercial net","Product photography of a white delivery van placed to the left of a brown cardboard box on a gray street surface, ZOOM on van door, clean commercial lighting","[""delivery van"", ""cardboard box""]","{""delivery van"": ""white"", ""cardboard box"": ""brown""}","[""delivery van left of cardboard box""]","[""ZOOM""]","[""product photography"", ""gray surface"", ""commercial lighting""]",Product photo showing a white delivery van positioned to the left of a brown cardboard box on a gray road; close-up of the van's door; crisp commercial lighting,0.9533,PASS,fr,0.804008960723877
MB109,automotive,ALPHA,"Photo de produit représentant un camping-car beige placé à gauche d'une tente de camping verte sur une pelouse, avec l'inscription « ALPHA » sur le côté du camping-car, dans la lumière de l'heure dorée","Product photography of a beige campervan placed to the left of a green camping tent on a grassy outdoor surface, ALPHA on van side, golden hour lighting","[""campervan"", ""camping tent""]","{""campervan"": ""beige"", ""camping tent"": ""green""}","[""campervan left of camping tent""]","[""ALPHA""]","[""product photography"", ""outdoor setting"", ""golden hour""]","Product photo showing a beige motorhome parked to the left of a green camping tent on a lawn, with the word “ALPHA” on the side of the motorhome, bathed in golden hour light",0.902,PASS,fr,0.817916750907898
MB110,automotive,BRAVO,"Photo de produit rétro montrant une voiture vintage bleue placée à gauche d'une pompe à essence argentée sur une surface en béton, avec l'inscription « BRAVO » sur le capot, sous un éclairage vintage chaleureux","Retro product shot of a blue vintage car placed to the left of a silver fuel pump on a concrete surface, BRAVO on car hood, warm vintage lighting","[""vintage car"", ""fuel pump""]","{""vintage car"": ""blue"", ""fuel pump"": ""silver""}","[""vintage car left of fuel pump""]","[""BRAVO""]","[""product photography"", ""concrete surface"", ""vintage lighting""]","Retro product photo showing a blue vintage car parked to the left of a silver gas pump on a concrete surface, with the word “BRAVO” written on the hood, under warm vintage lighting",0.911,PASS,fr,0.8459886312484741
MB111,automotive,TORVEX,"Photographie de produit représentant une voiture de sport noire à hayon, équipée d'une galerie de toit argentée, posée sur un sol de studio blanc, avec l'inscription « TORVEX » sur la portière, sous un éclairage de studio spectaculaire","Product photography of a black sports hatchback with a silver roof rack mounted above on a white studio floor, TORVEX on car door, dramatic studio lighting","[""sports hatchback"", ""roof rack""]","{""sports hatchback"": ""black"", ""roof rack"": ""silver""}","[""roof rack above sports hatchback""]","[""TORVEX""]","[""product photography"", ""white background"", ""dramatic lighting""]","Product photograph showing a black sports car with a hatchback, equipped with a silver roof rack, positioned on a white studio floor, with the word “TORVEX” on the door, under dramatic studio lighting",0.7907,REVIEW,fr,0.8074592351913452
MB112,automotive,DELTA,"Photographie de produit représentant une voiture de police blanche équipée d'un gyrophare rouge placé sur le toit, posée sur une surface grise, avec l'inscription « DELTA » sur la portière, dans un éclairage nocturne spectaculaire","Product photography of a white police car with a red siren light placed above on a gray surface, DELTA on car door, dramatic night lighting","[""police car"", ""siren light""]","{""police car"": ""white"", ""siren light"": ""red""}","[""siren light above police car""]","[""DELTA""]","[""product photography"", ""gray surface"", ""dramatic lighting""]","Product photograph showing a white police car equipped with a red rotating beacon on the roof, positioned on a gray surface, with the word “DELTA” on the door, in dramatic nighttime lighting",0.8082,REVIEW,fr,0.7839977145195007
MB113,automotive,EAGLE,"Photographie de produit représentant un bus scolaire jaune placé à droite d'un panneau « Stop » rouge sur une chaussée grise, avec l'inscription « EAGLE » sur le flanc du bus, sous un éclairage naturel éclatant","Product photography of a yellow school bus placed to the right of a red stop sign on a gray road surface, EAGLE on bus side, bright natural lighting","[""school bus"", ""stop sign""]","{""school bus"": ""yellow"", ""stop sign"": ""red""}","[""school bus right of stop sign""]","[""EAGLE""]","[""product photography"", ""gray road"", ""bright lighting""]","Product photograph showing a yellow school bus positioned to the right of a red ""Stop"" sign on a gray road, with the word ""EAGLE"" on the side of the bus, under bright natural light",0.9558,PASS,fr,0.8377092480659485
MB114,automotive,FOXTROT,"Photo de produit représentant un camion de pompiers rouge placé à droite d'une lance à incendie jaune enroulée, avec l'inscription « FOXTROT » sur la portière du camion, dans une ambiance spectaculaire baignée d'une lumière rouge.","Product photography of a red fire truck placed to the right of a yellow coiled fire hose on a concrete surface, FOXTROT on truck door, dramatic red-lit atmosphere","[""fire truck"", ""fire hose""]","{""fire truck"": ""red"", ""fire hose"": ""yellow""}","[""fire truck right of fire hose""]","[""FOXTROT""]","[""product photography"", ""concrete surface"", ""dramatic lighting""]","Product photo showing a red fire truck positioned to the right of a coiled yellow fire hose, with the word “FOXTROT” on the truck’s door, set against a dramatic backdrop bathed in red light.",0.9039,PASS,fr,0.7798432111740112
MB115,automotive,GRAND,"Photo de produit haut de gamme représentant une limousine noire garée sur un tapis rouge dans une rue sombre de la ville, avec l'inscription « GRAND » sur la portière de la limousine, dans un éclairage nocturne glamour","Luxury product shot of a black limousine placed above a red carpet on a dark city street, GRAND on limo door, glamorous night lighting","[""limousine"", ""red carpet""]","{""limousine"": ""black"", ""red carpet"": ""red""}","[""limousine above red carpet""]","[""GRAND""]","[""luxury editorial"", ""dark setting"", ""glamorous lighting""]","High-end product photo showing a black limousine parked on a red carpet on a dark city street, with the word “GRAND” on the limousine’s door, set against glamorous nighttime lighting",0.9046,PASS,fr,0.8349381685256958
MB116,automotive,HOUND,"Photo de produit représentant un véhicule tout-terrain gris placé à droite de chaînes à neige argentées sur une surface enneigée blanche, avec l'inscription « HOUND » sur la portière du véhicule, dans une ambiance lumineuse typique d'un hiver rigoureux","Product photography of a gray all-terrain vehicle placed to the right of silver snow chains on a white snowy surface, HOUND on vehicle door, cold winter lighting","[""all-terrain vehicle"", ""snow chains""]","{""all-terrain vehicle"": ""gray"", ""snow chains"": ""silver""}","[""all-terrain vehicle right of snow chains""]","[""HOUND""]","[""product photography"", ""snowy surface"", ""cold lighting""]","Product photo showing a gray all-terrain vehicle positioned to the right of silver snow chains on a white snow-covered surface, with the word “HOUND” on the vehicle’s door, set against a bright backdrop typical of a harsh winter",0.839,REVIEW,fr,0.8260374665260315
MB117,automotive,IRON,"Photographie de produit représentant une moto cruiser noire posée au-dessus de sacoches en cuir marron sur le sol sombre d'un studio, avec l'inscription « IRON » sur le réservoir de la moto, sous un éclairage de studio spectaculaire","Product photography of a black cruiser motorcycle placed above brown leather saddlebags on a dark studio floor, IRON on motorcycle tank, dramatic studio lighting","[""motorcycle"", ""saddlebags""]","{""motorcycle"": ""black"", ""saddlebags"": ""brown""}","[""motorcycle above saddlebags""]","[""IRON""]","[""product photography"", ""dark background"", ""dramatic lighting""]","Product photograph showing a black cruiser motorcycle resting atop brown leather saddlebags on a dark studio floor, with the word “IRON” on the motorcycle’s fuel tank, under dramatic studio lighting",0.8714,PASS,fr,0.8359571695327759
MB118,automotive,VANTIS,"Photo de produit représentant un SUV blindé vert, avec une antenne radio noire placée à sa droite sur une surface grise ; inscription « VANTIS » sur le capot ; éclairage de studio spectaculaire","Product photography of a green armored SUV with a black radio antenna placed to its right on a gray surface, VANTIS on hood, dramatic studio lighting","[""armored SUV"", ""radio antenna""]","{""armored SUV"": ""green"", ""radio antenna"": ""black""}","[""radio antenna right of armored SUV""]","[""VANTIS""]","[""product photography"", ""gray surface"", ""dramatic lighting""]","Product photo showing a green armored SUV with a black radio antenna on its right side, set against a gray background; the word “VANTIS” on the hood; dramatic studio lighting",0.9454,PASS,fr,0.8496273756027222
MB119,automotive,KILO,"Photographie de produit représentant une micro-voiture rouge placée à droite d'un plan de ville blanc plié, posée sur une surface urbaine grise ; inscription « KILO » sur la portière ; éclairage urbain vif","Product photography of a red micro car placed to the right of a white folded city map on a gray urban surface, KILO on car door, bright urban lighting","[""micro car"", ""city map""]","{""micro car"": ""red"", ""city map"": ""white""}","[""micro car right of city map""]","[""KILO""]","[""product photography"", ""urban setting"", ""bright lighting""]","Product photograph showing a red microcar positioned to the right of a folded white city map, set against a gray urban backdrop; the word “KILO” is written on the door; bright street lighting",0.8281,REVIEW,fr,0.8319876790046692
MB120,automotive,LANCE,"Photo de produit représentant une superbike orange placée à droite d'un cône de piste noir sur une surface de piste grise, avec l'inscription « LANCE » sur le carénage de la moto, sous un éclairage de course spectaculaire","Product photography of an orange superbike placed to the right of a black racing track cone on a gray track surface, LANCE on bike fairing, dramatic race lighting","[""superbike"", ""track cone""]","{""superbike"": ""orange"", ""track cone"": ""black""}","[""superbike right of track cone""]","[""LANCE""]","[""product photography"", ""race track"", ""dramatic lighting""]","Product photo showing an orange superbike positioned to the right of a black track cone on a gray track surface, with the word “LANCE” on the bike’s fairing, under spectacular race lighting",0.898,PASS,fr,0.788760244846344
MB121,lifestyle_wellness,ZENITH,Photo de produit représentant un tapis de yoga violet posé à gauche d'une bouteille d'eau en acier inoxydable argenté sur le sol blanc d'un studio ; l'inscription « ZENITH » figure sur le tapis ; éclairage vif et net,"Product photography of a purple yoga mat placed to the left of a silver stainless steel water bottle on a white studio floor, ZENITH on mat, bright clean lighting","[""yoga mat"", ""water bottle""]","{""yoga mat"": ""purple"", ""water bottle"": ""silver""}","[""yoga mat left of water bottle""]","[""ZENITH""]","[""product photography"", ""white background"", ""bright lighting""]","Product photo showing a purple yoga mat placed to the left of a silver stainless steel water bottle on the white floor of a studio; the word “ZENITH” appears on the mat; bright, crisp lighting",0.9514,PASS,fr,0.8486592769622803
MB122,lifestyle_wellness,REVIVE,Photographie de produit représentant un flacon blanc de compléments alimentaires avec des gélules orange disposées à sa droite sur une surface blanche immaculée ; inscription « REVIVE » sur l'étiquette du flacon ; éclairage de studio,"Product photography of a white supplement bottle with orange capsules placed to its right on a clean white surface, REVIVE on bottle label, studio lighting","[""supplement bottle"", ""capsules""]","{""supplement bottle"": ""white"", ""capsules"": ""orange""}","[""capsules right of supplement bottle""]","[""REVIVE""]","[""product photography"", ""white background"", ""studio lighting""]",Product photograph showing a white bottle of dietary supplements with orange capsules arranged to its right on a pristine white surface; the word “REVIVE” on the bottle’s label; studio lighting,0.9113,PASS,fr,0.8605120778083801
MB123,lifestyle_wellness,BOOST,Photo de produit lifestyle représentant un sac de sport noir posé à gauche d'une serviette blanche pliée sur le sol gris d'une salle de sport ; logo BOOST sur la sangle du sac ; éclairage vif de la salle de sport,"Lifestyle product shot of a black gym bag placed to the left of a white folded towel on a gray gym floor, BOOST logo on bag strap, bright gym lighting","[""gym bag"", ""towel""]","{""gym bag"": ""black"", ""towel"": ""white""}","[""gym bag left of towel""]","[""BOOST""]","[""lifestyle photography"", ""gym setting"", ""bright lighting""]",Lifestyle product photo showing a black gym bag placed to the left of a folded white towel on the gray floor of a gym; the BOOST logo on the bag's strap; bright lighting in the gym,0.9663,PASS,fr,0.855112612247467
MB124,lifestyle_wellness,AURA,"Photographie de produit de beauté représentant un pot de crème pour le visage blanc posé sur des fleurs roses, sur une surface en marbre ; l'inscription « AURA » figure sur le couvercle du pot ; éclairage naturel et doux","Beauty product photography of a white face cream jar placed above pink flowers on a marble surface, AURA on jar lid, soft natural lighting","[""face cream jar"", ""flowers""]","{""face cream jar"": ""white"", ""flowers"": ""pink""}","[""face cream jar above flowers""]","[""AURA""]","[""beauty photography"", ""marble surface"", ""soft lighting""]","A beauty product photograph showing a white jar of face cream resting on pink flowers on a marble surface; the word “AURA” appears on the lid of the jar; soft, natural lighting",0.8735,PASS,fr,0.8611240386962891
MB125,lifestyle_wellness,PEAK,Photo de produit représentant un shaker à protéines noir placé à gauche d'un haltère argenté sur un tapis de gym gris ; inscription « PEAK » sur le shaker ; éclairage de salle de sport spectaculaire,"Product photography of a black protein shaker bottle placed to the left of a silver dumbbell on a gray gym mat, PEAK on shaker, dramatic gym lighting","[""protein shaker"", ""dumbbell""]","{""protein shaker"": ""black"", ""dumbbell"": ""silver""}","[""protein shaker left of dumbbell""]","[""PEAK""]","[""product photography"", ""gym setting"", ""dramatic lighting""]",Product photo showing a black protein shaker placed to the left of a silver dumbbell on a gray gym mat; the word “PEAK” is printed on the shaker; dramatic gym lighting,0.9099,PASS,fr,0.8118221163749695
MB126,lifestyle_wellness,CALM,"Photo de produit lifestyle représentant un coussin de méditation violet placé à gauche d'une bougie blanche sur un sol en bambou, avec l'inscription « CALM » sur le côté du coussin, sous un éclairage d'ambiance tamisé","Lifestyle product shot of a purple meditation cushion placed to the left of a white candle on a bamboo wood floor, CALM on cushion side, soft ambient lighting","[""meditation cushion"", ""candle""]","{""meditation cushion"": ""purple"", ""candle"": ""white""}","[""meditation cushion left of candle""]","[""CALM""]","[""lifestyle photography"", ""bamboo surface"", ""soft lighting""]","Lifestyle product photo showing a purple meditation cushion placed to the left of a white candle on a bamboo floor, with the word “CALM” written on the side of the cushion, under soft, ambient lighting",0.9455,PASS,fr,0.8369802236557007
MB127,lifestyle_wellness,ALIGN,"Photo de produit en « flat lay » montrant un rouleau en mousse bleu posé sur un tapis de yoga violet, sur un sol blanc immaculé ; le mot « ALIGN » est gravé en relief sur le rouleau ; éclairage vif de studio.","Product flat lay of a blue foam roller placed above a purple yoga mat on a clean white floor, ALIGN embossed on roller, bright studio lighting","[""foam roller"", ""yoga mat""]","{""foam roller"": ""blue"", ""yoga mat"": ""purple""}","[""foam roller above yoga mat""]","[""ALIGN""]","[""flat lay"", ""white background"", ""bright lighting""]","A ""flat lay"" product photo showing a blue foam roller resting on a purple yoga mat, on a pristine white floor; the word ""ALIGN"" is embossed on the roller; bright studio lighting.",0.9417,PASS,fr,0.7709698677062988
MB128,lifestyle_wellness,TENZO,Photo de produit représentant des bandes de résistance rouges placées à gauche d'une bouteille d'eau noire sur le sol blanc d'une salle de sport ; inscription « TENZO » sur la bande ; éclairage vif de la salle de sport,"Product photography of red resistance bands placed to the left of a black water bottle on a white gym floor, TENZO on band, bright fitness studio lighting","[""resistance bands"", ""water bottle""]","{""resistance bands"": ""red"", ""water bottle"": ""black""}","[""resistance bands left of water bottle""]","[""TENZO""]","[""product photography"", ""white background"", ""bright lighting""]",Product photo showing red resistance bands placed to the left of a black water bottle on the white floor of a gym; the word “TENZO” is printed on the band; bright lighting in the gym,0.9272,PASS,fr,0.8403452634811401
MB129,lifestyle_wellness,TERRA,"Photo de produit lifestyle représentant un flacon d'huile essentielle en verre brun placé à gauche d'un diffuseur en céramique blanche sur une surface en bois, avec l'inscription « TERRA » sur le flacon, sous un éclairage ambré et chaleureux","Lifestyle product shot of a brown glass essential oil bottle placed to the left of a white ceramic diffuser on a wood surface, TERRA on bottle, warm amber lighting","[""essential oil bottle"", ""ceramic diffuser""]","{""essential oil bottle"": ""brown"", ""ceramic diffuser"": ""white""}","[""essential oil bottle left of ceramic diffuser""]","[""TERRA""]","[""lifestyle photography"", ""wood surface"", ""warm lighting""]","Lifestyle product photo showing a brown glass bottle of essential oil placed to the left of a white ceramic diffuser on a wooden surface, with the word “TERRA” on the bottle, under warm, amber lighting",0.9156,PASS,fr,0.8369073271751404
MB130,lifestyle_wellness,REST,"Photo « flat lay » illustrant un style de vie : un masque de sommeil en soie noire posé sur un oreiller blanc, sur un lit gris, avec l'inscription « REST » sur le masque, et un éclairage tamisé près de la tête de lit.","Lifestyle flat lay of a black silk sleep mask placed above a white pillow on a gray bed surface, REST on mask, soft bedside lighting","[""sleep mask"", ""pillow""]","{""sleep mask"": ""black"", ""pillow"": ""white""}","[""sleep mask above pillow""]","[""REST""]","[""flat lay"", ""gray surface"", ""soft lighting""]","A ""flat lay"" photo illustrating a lifestyle: a black silk sleep mask resting on a white pillow on a gray bed, with the word ""REST"" printed on the mask, and soft lighting near the headboard.",0.9232,PASS,fr,0.7560299634933472
MB131,lifestyle_wellness,RYNTH,Composition « flat lay » illustrant un style de vie : un carnet à couverture rigide blanche posé à gauche d'un stylo noir sur un bureau en marbre ; l'inscription « RYNTH » figure sur la couverture du carnet ; éclairage naturel et chaleureux,"Lifestyle flat lay of a white hardcover journal placed to the left of a black pen on a marble desk surface, RYNTH on journal cover, warm natural lighting","[""journal"", ""pen""]","{""journal"": ""white"", ""pen"": ""black""}","[""journal left of pen""]","[""RYNTH""]","[""flat lay"", ""marble surface"", ""natural lighting""]","A ""flat lay"" composition illustrating a lifestyle: a white hardcover notebook placed to the left of a black pen on a marble desk; the word ""RYNTH"" appears on the notebook's cover; warm, natural lighting",0.9011,PASS,fr,0.7574421763420105
MB132,lifestyle_wellness,TRACE,"Photo de produit lifestyle représentant une montre de sport noire posée à gauche d'un smartphone blanc sur une surface gris clair, avec l'inscription « TRACE » sur le cadran, éclairage de studio épuré","Lifestyle product shot of a black fitness watch placed to the left of a white smartphone on a light gray surface, TRACE on watch face, clean studio lighting","[""fitness watch"", ""smartphone""]","{""fitness watch"": ""black"", ""smartphone"": ""white""}","[""fitness watch left of smartphone""]","[""TRACE""]","[""lifestyle photography"", ""gray background"", ""studio lighting""]","Lifestyle product photo showing a black sports watch placed to the left of a white smartphone on a light gray surface, with the word “TRACE” on the dial, featuring minimalist studio lighting",0.9211,PASS,fr,0.8335211873054504
MB133,lifestyle_wellness,EASE,"Photo de produit représentant un pistolet de massage noir posé au-dessus de sa base de recharge blanche, sur une surface grise ; inscription « EASE » sur le corps de l'appareil ; éclairage de studio épuré","Product photography of a black massage gun placed above its white charging base on a gray surface, EASE on gun body, clean studio lighting","[""massage gun"", ""charging base""]","{""massage gun"": ""black"", ""charging base"": ""white""}","[""massage gun above charging base""]","[""EASE""]","[""product photography"", ""gray background"", ""clean lighting""]","Product photo showing a black massage gun resting on its white charging base, on a gray surface; the word “EASE” is printed on the body of the device; minimalist studio lighting",0.8702,PASS,fr,0.8448694944381714
MB134,lifestyle_wellness,RENEW,Photo de produit représentant un pot de poudre de collagène blanche posé à gauche d'un verre rose sur une surface en marbre ; l'inscription « RENEW » figure sur l'étiquette du pot ; éclairage net et lumineux,"Product photography of a white collagen powder jar placed to the left of a pink glass on a marble surface, RENEW on jar label, clean bright lighting","[""collagen powder jar"", ""glass""]","{""collagen powder jar"": ""white"", ""glass"": ""pink""}","[""collagen powder jar left of glass""]","[""RENEW""]","[""product photography"", ""marble surface"", ""bright lighting""]","Product photo showing a jar of white collagen powder placed to the left of a pink glass on a marble surface; the word “RENEW” appears on the jar’s label; crisp, bright lighting",0.9422,PASS,fr,0.8501211404800415
MB135,lifestyle_wellness,VOXA,"Photo de produit lifestyle représentant un thermos vert posé à gauche d'un sachet marron de mélange de fruits secs, sur une surface rocheuse en extérieur ; inscription « VOXA » sur le thermos ; éclairage naturel en extérieur","Lifestyle product shot of a green thermos placed to the left of a brown trail mix bag on a rocky outdoor surface, VOXA on thermos, outdoor natural lighting","[""thermos"", ""trail mix bag""]","{""thermos"": ""green"", ""trail mix bag"": ""brown""}","[""thermos left of trail mix bag""]","[""VOXA""]","[""lifestyle photography"", ""rocky surface"", ""outdoor lighting""]","Lifestyle product photo showing a green thermos placed to the left of a brown bag of mixed dried fruit, on a rocky outdoor surface; “VOXA” written on the thermos; natural outdoor lighting",0.882,PASS,fr,0.8102121353149414
MB136,lifestyle_wellness,VIVID,"Photo de produit prise en plongée montrant un bol à smoothie en céramique jaune posé au-dessus d'une cuillère argentée sur un plan de travail en marbre blanc, avec l'inscription « VIVID » sur le côté du bol, sous un éclairage naturel éclatant","Overhead product shot of a yellow ceramic smoothie bowl placed above a silver spoon on a white marble surface, VIVID on bowl side, bright natural lighting","[""smoothie bowl"", ""spoon""]","{""smoothie bowl"": ""yellow"", ""spoon"": ""silver""}","[""smoothie bowl above spoon""]","[""VIVID""]","[""overhead shot"", ""marble surface"", ""bright lighting""]","A top-down product photo showing a yellow ceramic smoothie bowl resting on a silver spoon on a white marble countertop, with the word “VIVID” inscribed on the side of the bowl, under bright natural light",0.8941,PASS,fr,0.8242363929748535
MB137,lifestyle_wellness,SHIELD,Photo de produit lifestyle représentant un flacon de crème solaire blanc posé à gauche d'une serviette de plage orange sur une surface sablonneuse ; inscription « SHIELD » sur le flacon ; éclairage estival éclatant,"Lifestyle product shot of a white sunscreen bottle placed to the left of an orange beach towel on a sandy surface, SHIELD on bottle, bright summer lighting","[""sunscreen bottle"", ""beach towel""]","{""sunscreen bottle"": ""white"", ""beach towel"": ""orange""}","[""sunscreen bottle left of beach towel""]","[""SHIELD""]","[""lifestyle photography"", ""sandy surface"", ""summer lighting""]","Lifestyle product photo showing a white bottle of sunscreen placed to the left of an orange beach towel on a sandy surface; the word “SHIELD” is printed on the bottle; bright, summery lighting",0.8738,PASS,fr,0.8556747436523438
MB138,lifestyle_wellness,VITAL,Photographie de produit représentant un flacon de vitamines orange placé à droite d'un emballage blister argenté sur une surface blanche ; la mention « VITAL » figure sur l'étiquette du flacon ; éclairage de studio intense,"Product photography of an orange vitamin bottle placed to the right of a silver blister pack on a white surface, VITAL on bottle label, bright studio lighting","[""vitamin bottle"", ""blister pack""]","{""vitamin bottle"": ""orange"", ""blister pack"": ""silver""}","[""blister pack left of vitamin bottle""]","[""VITAL""]","[""product photography"", ""white background"", ""bright lighting""]",Product photograph showing an orange vitamin bottle placed to the right of a silver blister pack on a white surface; the word “VITAL” appears on the bottle’s label; intense studio lighting,0.9181,PASS,fr,0.8496824502944946
MB139,lifestyle_wellness,CORE,"Photo de produit représentant une planche d'équilibre bleu sarcelle posée au-dessus de baskets de sport blanches sur le sol d'une salle de sport, avec l'inscription « CORE » sur la surface de la planche, sous l'éclairage vif de la salle de sport","Product photography of a teal balance board placed above white athletic sneakers on a gym floor, CORE on board surface, bright gym lighting","[""balance board"", ""sneakers""]","{""balance board"": ""teal"", ""sneakers"": ""white""}","[""balance board above sneakers""]","[""CORE""]","[""product photography"", ""gym setting"", ""bright lighting""]","Product photo showing a teal-blue balance board resting on top of white sneakers on the floor of a gym, with the word “CORE” written on the board’s surface, under the bright gym lighting",0.7781,REVIEW,fr,0.7426807880401611
MB140,lifestyle_wellness,CHILL,"Photographie de produit de beauté représentant un rouleau de glace blanc placé à gauche d'un flacon doré de sérum pour le visage, posé sur une surface en marbre blanc ; l'inscription « CHILL » figure sur le manche du rouleau ; éclairage frais et épuré","Beauty product photography of a white ice roller placed to the left of a gold face serum bottle on a white marble surface, CHILL on roller handle, cool clean lighting","[""ice roller"", ""face serum bottle""]","{""ice roller"": ""white"", ""face serum bottle"": ""gold""}","[""ice roller left of face serum bottle""]","[""CHILL""]","[""beauty photography"", ""marble surface"", ""clean lighting""]","A beauty product photograph showing a white ice roller placed to the left of a gold-colored bottle of facial serum, set on a white marble surface; the word “CHILL” appears on the roller’s handle; fresh, minimalist lighting",0.927,PASS,fr,0.8427525758743286
MB141,lifestyle_wellness,STEAM,"Photo de produit illustrant un style de vie « spa » : une serviette blanche pliée posée sur une bouteille d'eau noire, sur un banc de sauna en bois ; le mot « STEAM » est inscrit sur un coin de la serviette ; éclairage évoquant la vapeur chaude.","Spa lifestyle product shot of a white folded towel placed above a black water bottle on a wooden sauna bench, STEAM on towel corner, warm steam lighting","[""towel"", ""water bottle""]","{""towel"": ""white"", ""water bottle"": ""black""}","[""towel above water bottle""]","[""STEAM""]","[""lifestyle photography"", ""wooden surface"", ""warm lighting""]","Product photo illustrating a ""spa"" lifestyle: a folded white towel resting on a black water bottle, on a wooden sauna bench; the word ""STEAM"" is written in the corner of the towel; lighting that evokes hot steam.",0.8722,PASS,fr,0.8430246114730835
MB142,lifestyle_wellness,PRESS,"Photo de produit représentant un tapis d'acupression violet placé à droite d'un oreiller rectangulaire blanc sur un sol gris clair, avec la mention « PRESS » sur un coin du tapis, éclairage de studio épuré","Product photography of a purple acupressure mat placed to the right of a white rectangular pillow on a light gray floor, PRESS on mat corner, clean studio lighting","[""acupressure mat"", ""pillow""]","{""acupressure mat"": ""purple"", ""pillow"": ""white""}","[""acupressure mat right of pillow""]","[""PRESS""]","[""product photography"", ""gray background"", ""clean lighting""]","Product photo showing a purple acupressure mat placed to the right of a white rectangular pillow on a light gray floor, with the word “PRESS” in one corner of the mat, in minimalist studio lighting",0.9217,PASS,fr,0.8452777862548828
MB143,lifestyle_wellness,FUEL,Photographie de produit représentant l'emballage d'une barre nutritionnelle verte posée au-dessus d'une bouteille d'eau en acier inoxydable argenté sur un fond blanc de salle de sport ; la mention « FUEL » figure sur l'emballage ; éclairage sportif intense.,"Product photography of a green nutrition bar wrapper placed above a silver stainless steel water bottle on a white gym surface, FUEL on wrapper, bright athletic lighting","[""nutrition bar"", ""water bottle""]","{""nutrition bar"": ""green"", ""water bottle"": ""silver""}","[""nutrition bar above water bottle""]","[""FUEL""]","[""product photography"", ""white background"", ""bright lighting""]",Product photograph showing the packaging of a green nutrition bar placed on top of a silver stainless steel water bottle against a white gym background; the word “FUEL” appears on the packaging; intense gym lighting.,0.8984,PASS,fr,0.8344585299491882
MB144,lifestyle_wellness,MASS,Photo de produit montrant un grand sac noir de poudre protéinée placé à droite d'un shaker rouge sur le sol d'une salle de sport ; l'inscription « MASS » figure sur le devant du sac ; éclairage spectaculaire de salle de sport,"Product photography of a large black protein powder bag placed to the right of a red shaker bottle on a gym floor, MASS on bag front, dramatic gym lighting","[""protein powder bag"", ""shaker bottle""]","{""protein powder bag"": ""black"", ""shaker bottle"": ""red""}","[""protein powder bag right of shaker bottle""]","[""MASS""]","[""product photography"", ""gym setting"", ""dramatic lighting""]",Product photo showing a large black bag of protein powder placed to the right of a red shaker on the floor of a gym; the word “MASS” is printed on the front of the bag; dramatic gym lighting,0.8562,PASS,fr,0.8472102880477905
MB145,lifestyle_wellness,LUMI,Photographie de produit de beauté représentant un tube de crème pour les yeux blanc posé à droite d'un miroir à main doré sur une surface en marbre rose ; l'inscription « LUMI » figure sur le bouchon du tube ; éclairage doux et glamour.,"Beauty product photography of a white eye cream tube placed to the right of a gold handheld mirror on a pink marble surface, LUMI on tube cap, soft glamorous lighting","[""eye cream tube"", ""handheld mirror""]","{""eye cream tube"": ""white"", ""handheld mirror"": ""gold""}","[""eye cream tube right of handheld mirror""]","[""LUMI""]","[""beauty photography"", ""pink marble"", ""soft lighting""]","A beauty product photograph showing a white tube of eye cream placed to the right of a gold-colored hand mirror on a pink marble surface; the word “LUMI” appears on the tube’s cap; soft, glamorous lighting.",0.9397,PASS,fr,0.8527822494506836
MB146,lifestyle_wellness,EXTEND,Photo de produit en « flat lay » montrant une sangle d'étirement bleue posée sous un tapis de yoga violet sur le sol blanc d'un studio ; l'inscription « EXTEND » figure sur la sangle ; éclairage vif et net,"Product flat lay of a blue stretching strap placed below a purple yoga mat on a white studio floor, EXTEND on strap, bright clean lighting","[""stretching strap"", ""yoga mat""]","{""stretching strap"": ""blue"", ""yoga mat"": ""purple""}","[""stretching strap below yoga mat""]","[""EXTEND""]","[""flat lay"", ""white background"", ""bright lighting""]","A ""flat lay"" product photo showing a blue stretch strap placed under a purple yoga mat on the white floor of a studio; the word ""EXTEND"" is printed on the strap; bright, crisp lighting",0.947,PASS,fr,0.7462081909179688
MB147,lifestyle_wellness,DRIFT,"Photo de produit lifestyle représentant un flacon blanc de complément alimentaire pour le sommeil, placé à droite d'une lampe en forme de lune argentée sur une table de chevet sombre ; l'inscription « DRIFT » figure sur l'étiquette du flacon ; éclairage tamisé rappelant le clair de lune","Lifestyle product shot of a white sleep supplement bottle placed to the right of a silver moon lamp on a dark bedside table, DRIFT on bottle label, soft moonlit lighting","[""supplement bottle"", ""moon lamp""]","{""supplement bottle"": ""white"", ""moon lamp"": ""silver""}","[""supplement bottle right of moon lamp""]","[""DRIFT""]","[""lifestyle photography"", ""dark background"", ""soft lighting""]","Lifestyle product photo showing a white bottle of a sleep supplement, placed to the right of a silver moon-shaped lamp on a dark nightstand; the word “DRIFT” appears on the bottle’s label; soft lighting reminiscent of moonlight",0.926,PASS,fr,0.8333308696746826
MB148,lifestyle_wellness,PACE,Photographie de produit en extérieur représentant un gilet d'hydratation bleu posé sous des chaussures de trail orange sur une surface rocheuse ; inscription « PACE » sur le gilet ; éclairage extérieur vif,"Outdoor product photography of a blue hydration vest placed below orange trail running shoes on a rocky surface, PACE on vest, bright outdoor lighting","[""hydration vest"", ""trail running shoes""]","{""hydration vest"": ""blue"", ""trail running shoes"": ""orange""}","[""hydration vest below trail running shoes""]","[""PACE""]","[""product photography"", ""rocky surface"", ""outdoor lighting""]",Outdoor product photograph showing a blue hydration vest placed beneath orange trail running shoes on a rocky surface; the word “PACE” is printed on the vest; bright outdoor lighting,0.847,REVIEW,fr,0.8409699201583862
MB149,lifestyle_wellness,SERENE,"Photo de produit lifestyle représentant un porte-encens en céramique noire placé à droite d'un chapelet de méditation en bois brun, posé sur un support en bambou, avec l'inscription « SERENE » sur la base du porte-encens, sous un éclairage d'ambiance chaleureux","Lifestyle product shot of a black ceramic incense holder placed to the right of brown wooden meditation beads on a bamboo surface, SERENE on holder base, warm ambient lighting","[""incense holder"", ""meditation beads""]","{""incense holder"": ""black"", ""meditation beads"": ""brown""}","[""incense holder right of meditation beads""]","[""SERENE""]","[""lifestyle photography"", ""bamboo surface"", ""warm lighting""]","Lifestyle product photo showing a black ceramic incense holder placed to the right of a brown wooden meditation rosary, resting on a bamboo stand, with the word “SERENE” inscribed on the base of the incense holder, under warm, ambient lighting",0.876,PASS,fr,0.8243367671966553
MB150,lifestyle_wellness,POLAR,"Photo de produit représentant une baignoire de plongée froide blanche placée à droite d'une serviette bleue sur le sol propre d'une salle de bains, avec l'inscription « POLAR » sur le côté de la baignoire, sous un éclairage vif et net","Product photography of a white cold plunge tub placed to the right of a blue towel on a clean bathroom floor, POLAR on tub side, bright clean lighting","[""cold plunge tub"", ""towel""]","{""cold plunge tub"": ""white"", ""towel"": ""blue""}","[""cold plunge tub right of towel""]","[""POLAR""]","[""product photography"", ""white floor"", ""bright lighting""]","Product photo showing a white cold-water soaking tub placed to the right of a blue towel on the clean floor of a bathroom, with the word “POLAR” written on the side of the tub, under bright, crisp lighting",0.8945,PASS,fr,0.8465307950973511
