brief_id,industry,brand_name,prompt_text,prompt_text_en,required_objects,colour_attributes,spatial_constraints,required_text,style_descriptors,back_translated,cc_score,status,language,cometkiwi_score
MB001,tech_product,ZYRA,Fotografía de producto de un reloj inteligente plateado situado a la izquierda de un cargador inalámbrico negro sobre una superficie blanca y limpia; la palabra «ZYRA» aparece en la esfera del reloj; iluminación minimalista de estudio.,"Product photography of a silver smartwatch placed to the left of a black wireless charger on a clean white surface, ZYRA on watch face, minimalist studio lighting","[""smartwatch"", ""wireless charger""]","{""smartwatch"": ""silver"", ""wireless charger"": ""black""}","[""smartwatch left of wireless charger""]","[""ZYRA""]","[""product photography"", ""minimalist"", ""white background"", ""studio lighting""]",Product photograph of a silver smartwatch positioned to the left of a black wireless charger on a clean white surface; the word “ZYRA” appears on the watch face; minimalist studio lighting.,0.9623,PASS,es,0.8495113849639893
MB002,tech_product,KESTRA,Fotografía de producto tomada en estudio de un portátil negro con un ratón inalámbrico blanco a su derecha sobre un escritorio gris; el logotipo de KESTRA aparece en la tapa del portátil; iluminación cenital.,"Studio product shot of a black laptop with a white wireless mouse to its right on a gray desk, KESTRA logo on laptop lid, overhead lighting","[""laptop"", ""wireless mouse""]","{""laptop"": ""black"", ""wireless mouse"": ""white""}","[""wireless mouse right of laptop""]","[""KESTRA""]","[""studio lighting"", ""overhead shot"", ""gray background""]",Studio product photograph of a black laptop with a white wireless mouse to its right on a gray desk; the KESTRA logo appears on the laptop's lid; overhead lighting.,0.9727,PASS,es,0.8256926536560059
MB003,tech_product,APEX,Fotografía de producto nítida de unos auriculares inalámbricos blancos colocados sobre su estuche de carga negro sobre una superficie oscura; la palabra «APEX» grabada en el estuche; estilo minimalista.,"Clean product photography of white wireless earbuds placed above their black charging case on a dark surface, APEX engraved on case, minimal style","[""wireless earbuds"", ""charging case""]","{""wireless earbuds"": ""white"", ""charging case"": ""black""}","[""wireless earbuds above charging case""]","[""APEX""]","[""product photography"", ""dark background"", ""minimal""]",A sharp product photo of white wireless earbuds placed on their black charging case on a dark surface; the word “APEX” engraved on the case; minimalist style.,0.9596,PASS,es,0.8585036993026733
MB004,tech_product,VOLT,"Fotografía de producto de un smartphone negro colocado sobre un soporte metálico plateado, con la palabra «VOLT» impresa en la parte trasera del teléfono, iluminado con luces de estudio sobre un fondo azul","Product shot of a black smartphone mounted on a silver metal stand, VOLT printed on the back of the phone, studio lighting against a blue background","[""smartphone"", ""metal stand""]","{""smartphone"": ""black"", ""metal stand"": ""silver""}","[""smartphone above metal stand""]","[""VOLT""]","[""product photography"", ""studio lighting"", ""blue background""]","Product photo of a black smartphone placed on a silver metal stand, with the word “VOLT” printed on the back of the phone, lit by studio lights against a blue background",0.9086,PASS,es,0.8501620292663574
MB005,tech_product,PRISM,Fotografía de producto tomada desde arriba de una tableta blanca con un lápiz óptico dorado a su derecha sobre una superficie de mármol; la palabra «PRISM» aparece en el bisel de la tableta; composición limpia.,"Overhead product photography of a white tablet with a gold stylus pen to its right on a marble surface, PRISM on tablet bezel, clean composition","[""tablet"", ""stylus pen""]","{""tablet"": ""white"", ""stylus pen"": ""gold""}","[""stylus pen right of tablet""]","[""PRISM""]","[""overhead shot"", ""marble surface"", ""clean composition""]",Product photograph taken from above of a white tablet with a gold stylus to its right on a marble surface; the word “PRISM” appears on the tablet’s bezel; clean composition.,0.9174,PASS,es,0.8319053649902344
MB006,tech_product,SYNTH,Fotografía de producto de un teclado mecánico negro con un ratón inalámbrico rojo a su derecha sobre una alfombrilla de escritorio oscura; el logotipo de SYNTH aparece en la barra espaciadora del teclado; estética de videojuegos.,"Product photography of a black mechanical keyboard with a red wireless mouse to its right on a dark desk mat, SYNTH logo on keyboard space bar, gaming aesthetic","[""mechanical keyboard"", ""wireless mouse""]","{""mechanical keyboard"": ""black"", ""wireless mouse"": ""red""}","[""wireless mouse right of mechanical keyboard""]","[""SYNTH""]","[""product photography"", ""gaming aesthetic"", ""dark background""]",Product photo of a black mechanical keyboard with a red wireless mouse to its right on a dark desk mat; the SYNTH logo appears on the keyboard's space bar; video game aesthetic.,0.9789,PASS,es,0.8576290607452393
MB007,tech_product,NEXUS,Fotografía de producto de estilo de vida en la que aparece un altavoz Bluetooth azul con un smartphone negro apoyado a su derecha sobre una mesa de madera; la inscripción «NEXUS» en el cuerpo del altavoz; iluminación cálida.,"Lifestyle product shot of a blue Bluetooth speaker with a black smartphone leaning to its right on a wooden table, NEXUS on speaker body, warm lighting","[""bluetooth speaker"", ""smartphone""]","{""bluetooth speaker"": ""blue"", ""smartphone"": ""black""}","[""smartphone right of bluetooth speaker""]","[""NEXUS""]","[""lifestyle photography"", ""wooden surface"", ""warm lighting""]",A lifestyle product photograph featuring a blue Bluetooth speaker with a black smartphone resting to its right on a wooden table; the word “NEXUS” on the speaker’s body; warm lighting.,0.9432,PASS,es,0.8365002274513245
MB008,tech_product,KOVAL,Fotografía de producto de estudio de una cámara réflex digital negra con un objetivo plateado situado a su derecha sobre un pedestal blanco; la inscripción «KOVAL» grabada en el cuerpo del objetivo; iluminación profesional.,"Studio product photography of a black DSLR camera with a silver camera lens placed to its right on a white pedestal, KOVAL engraved on lens barrel, professional lighting","[""camera"", ""camera lens""]","{""camera"": ""black"", ""camera lens"": ""silver""}","[""camera lens right of camera""]","[""KOVAL""]","[""studio photography"", ""white background"", ""professional lighting""]",Studio product photograph of a black digital SLR camera with a silver lens positioned to its right on a white pedestal; the word “KOVAL” is engraved on the lens barrel; professional lighting.,0.9764,PASS,es,0.8476453423500061
MB009,tech_product,LUNEX,"Fotografía de producto de un mando de videojuegos blanco situado a la izquierda de unos auriculares de videojuegos negros sobre una superficie gris lisa; el logotipo de LUNEX aparece en el mando, con una iluminación lateral espectacular.","Product photography of a white gaming controller placed to the left of a black gaming headset on a clean gray surface, LUNEX logo on controller, dramatic side lighting","[""gaming controller"", ""gaming headset""]","{""gaming controller"": ""white"", ""gaming headset"": ""black""}","[""gaming controller left of gaming headset""]","[""LUNEX""]","[""product photography"", ""gray background"", ""dramatic lighting""]","Product photo of a white video game controller positioned to the left of a pair of black video game headphones on a smooth gray surface; the LUNEX logo appears on the controller, with dramatic side lighting.",0.9419,PASS,es,0.8570243120193481
MB010,tech_product,KORE,Fotografía nítida de un producto: una pantalla inteligente negra con un mando a distancia plateado colocado debajo de ella sobre una superficie blanca; en la pantalla se ve «KORE»; iluminación de estudio.,"Clean product shot of a black smart display with a silver remote control placed below it on a white surface, KORE on display screen, studio lighting","[""smart display"", ""remote control""]","{""smart display"": ""black"", ""remote control"": ""silver""}","[""remote control below smart display""]","[""KORE""]","[""product photography"", ""white background"", ""studio lighting""]",A sharp product photograph: a black smart screen with a silver remote control placed beneath it on a white surface; the screen displays “KORE”; studio lighting.,0.9559,PASS,es,0.8246346712112427
MB011,tech_product,LUMIX,"Fotografía minimalista de un cargador portátil rectangular blanco con un cable USB rojo enrollado debajo, sobre una superficie gris claro; la inscripción «LUMIX» aparece en el cargador; composición sencilla.","Minimalist product photography of a white rectangular power bank with a red USB cable coiled below it on a light gray surface, LUMIX on power bank, clean composition","[""power bank"", ""USB cable""]","{""power bank"": ""white"", ""USB cable"": ""red""}","[""USB cable below power bank""]","[""LUMIX""]","[""minimalist"", ""gray background"", ""clean composition""]","A minimalist photograph of a white, rectangular portable charger with a red USB cable coiled beneath it, on a light gray surface; the word “LUMIX” appears on the charger; simple composition.",0.9445,PASS,es,0.8385524749755859
MB012,tech_product,MIRAX,Fotografía de producto de estilo de vida en la que aparece un portátil plateado abierto con una taza de café de cerámica blanca a su derecha sobre un escritorio de madera oscura; el logotipo de MIRAX en la pantalla del portátil; luz matutina.,"Lifestyle product shot of an open silver laptop with a white ceramic coffee mug to its right on a dark wood desk, MIRAX logo on laptop screen, morning light","[""laptop"", ""coffee mug""]","{""laptop"": ""silver"", ""coffee mug"": ""white""}","[""coffee mug right of laptop""]","[""MIRAX""]","[""lifestyle photography"", ""dark wood surface"", ""morning light""]",Lifestyle product photograph featuring a silver laptop open with a white ceramic coffee mug to its right on a dark wooden desk; the MIRAX logo on the laptop screen; morning light.,0.9736,PASS,es,0.843192458152771
MB013,tech_product,NEURO,Fotografía de producto de unos auriculares inalámbricos blancos colocados sobre un smartphone negro sobre una superficie oscura; el logotipo de NEURO aparece en el estuche de los auriculares; iluminación de estudio.,"Product photography of white wireless earbuds placed above a black smartphone on a dark surface, NEURO logo on earbuds case, studio lighting","[""wireless earbuds"", ""smartphone""]","{""wireless earbuds"": ""white"", ""smartphone"": ""black""}","[""wireless earbuds above smartphone""]","[""NEURO""]","[""product photography"", ""dark background"", ""studio lighting""]",Product photograph of a pair of white wireless headphones placed on top of a black smartphone on a dark surface; the NEURO logo appears on the headphone case; studio lighting.,0.9261,PASS,es,0.8445092439651489
MB014,tech_product,OPUS,Fotografía de producto tomada en estudio de una cámara web negra colocada sobre un monitor blanco en un escritorio; el logotipo de OPUS aparece en el cuerpo de la cámara web; entorno de oficina ordenado.,"Studio product shot of a black webcam mounted above a white monitor on a desk, OPUS logo on webcam body, clean office setup","[""webcam"", ""monitor""]","{""webcam"": ""black"", ""monitor"": ""white""}","[""webcam above monitor""]","[""OPUS""]","[""product photography"", ""office setting"", ""clean composition""]",Studio product photo of a black webcam placed on a white monitor on a desk; the OPUS logo appears on the body of the webcam; a tidy office setting.,0.9803,PASS,es,0.8534120321273804
MB015,tech_product,PHASE,Fotografía de producto en acción de una cámara de acción naranja colocada a la izquierda de un casco de ciclista blanco sobre una superficie rocosa; la palabra «PHASE» aparece en el cuerpo de la cámara; iluminación exterior.,"Action product shot of an orange action camera placed to the left of a white cycling helmet on a rocky surface, PHASE on camera body, outdoor lighting","[""action camera"", ""cycling helmet""]","{""action camera"": ""orange"", ""cycling helmet"": ""white""}","[""action camera left of cycling helmet""]","[""PHASE""]","[""product photography"", ""outdoor setting"", ""natural lighting""]",Product shot of an orange action camera positioned to the left of a white bicycle helmet on a rocky surface; the word “PHASE” appears on the camera body; outdoor lighting.,0.9534,PASS,es,0.8151562213897705
MB016,tech_product,QUBIT,"Fotografía de estilo de vida en la que se ve un altavoz inteligente cilíndrico blanco situado a la izquierda de un reloj digital negro sobre una mesita de noche blanca; el logotipo de QUBIT aparece en la parte superior del altavoz, con una suave iluminación ambiental.","Lifestyle shot of a white cylindrical smart speaker placed to the left of a black digital clock on a white nightstand, QUBIT logo on speaker top, soft ambient lighting","[""smart speaker"", ""digital clock""]","{""smart speaker"": ""white"", ""digital clock"": ""black""}","[""smart speaker left of digital clock""]","[""QUBIT""]","[""lifestyle photography"", ""soft lighting"", ""white background""]","A lifestyle photograph showing a white cylindrical smart speaker positioned to the left of a black digital clock on a white nightstand; the QUBIT logo appears at the top of the speaker, with soft ambient lighting.",0.9446,PASS,es,0.8672454953193665
MB017,tech_product,RADIUS,Fotografía de producto de unas gafas de realidad virtual blancas colocadas sobre dos mandos de movimiento negros sobre una superficie oscura; el logotipo de RADIUS aparece en la visera de las gafas; iluminación de estudio espectacular.,"Product photography of a white VR headset placed above two black motion controllers on a dark surface, RADIUS logo on headset visor, dramatic studio lighting","[""VR headset"", ""motion controllers""]","{""VR headset"": ""white"", ""motion controllers"": ""black""}","[""VR headset above motion controllers""]","[""RADIUS""]","[""product photography"", ""dark background"", ""dramatic lighting""]",Product photograph of a pair of white virtual reality goggles placed on top of two black motion controllers on a dark surface; the RADIUS logo appears on the visor of the goggles; dramatic studio lighting.,0.8822,PASS,es,0.842435359954834
MB018,tech_product,SPARK,"Fotografía de producto en estudio de un monitor curvo negro con un teclado plateado colocado debajo de él sobre un escritorio de cristal; el logotipo de SPARK aparece en el bisel del monitor, con iluminación ambiental azul.","Studio product shot of a black curved monitor with a silver keyboard placed below it on a glass desk, SPARK logo on monitor bezel, blue ambient lighting","[""curved monitor"", ""keyboard""]","{""curved monitor"": ""black"", ""keyboard"": ""silver""}","[""keyboard below curved monitor""]","[""SPARK""]","[""product photography"", ""glass surface"", ""blue lighting""]","Studio product photograph of a black curved monitor with a silver keyboard placed beneath it on a glass desk; the SPARK logo appears on the monitor's bezel, with blue ambient lighting.",0.9611,PASS,es,0.8427537679672241
MB019,tech_product,VORTA,Fotografía de producto de un dron cuadricóptero negro situado a la izquierda de un mando a distancia gris sobre una superficie blanca; el logotipo de VORTA aparece en el cuerpo del dron; toma nítida de estudio.,"Product photography of a black quadcopter drone placed to the left of a gray remote control on a white surface, VORTA logo on drone body, clean studio shot","[""drone"", ""remote control""]","{""drone"": ""black"", ""remote control"": ""gray""}","[""drone left of remote control""]","[""VORTA""]","[""product photography"", ""white background"", ""studio lighting""]",Product photograph of a black quadcopter drone positioned to the left of a gray remote control on a white surface; the VORTA logo appears on the drone's body; a sharp studio shot.,0.9626,PASS,es,0.8368765711784363
MB020,tech_product,RIVOX,Fotografía de producto en plano horizontal de un lector electrónico blanco colocado a la izquierda de unas gafas de lectura negras sobre una superficie de lino beige; en la pantalla del lector electrónico se lee «RIVOX»; luz natural,"Flat lay product shot of a white e-reader placed to the left of black reading glasses on a beige linen surface, RIVOX on e-reader screen, natural light","[""e-reader"", ""reading glasses""]","{""e-reader"": ""white"", ""reading glasses"": ""black""}","[""e-reader left of reading glasses""]","[""RIVOX""]","[""flat lay"", ""linen surface"", ""natural lighting""]","Horizontal product photograph of a white e-reader placed to the left of a pair of black reading glasses on a beige linen surface; the e-reader's screen displays ""RIVOX""; natural light",0.9496,PASS,es,0.8255780935287476
MB021,tech_product,WAVE,Fotografía de producto de un concentrador USB gris situado a la izquierda de un portátil plateado sobre una superficie de escritorio blanca; con la palabra «WAVE» grabada en el concentrador; composición limpia y minimalista.,"Product photography of a gray USB hub placed to the left of a silver laptop on a white desk surface, WAVE engraved on hub, clean minimalist setup","[""USB hub"", ""laptop""]","{""USB hub"": ""gray"", ""laptop"": ""silver""}","[""USB hub left of laptop""]","[""WAVE""]","[""product photography"", ""white background"", ""minimalist""]","Product photo of a gray USB hub positioned to the left of a silver laptop on a white desk surface; the word “WAVE” is engraved on the hub; clean, minimalist composition.",0.9702,PASS,es,0.856766939163208
MB022,tech_product,XENON,"Fotografía de producto de unos auriculares para videojuegos negros colocados sobre un soporte blanco para auriculares sobre una superficie oscura, con el logotipo de XENON en el auricular y una iluminación lateral espectacular.","Product shot of a black gaming headset placed on a white headphone stand on a dark surface, XENON logo on ear cup, dramatic side lighting","[""gaming headset"", ""headphone stand""]","{""gaming headset"": ""black"", ""headphone stand"": ""white""}","[""gaming headset above headphone stand""]","[""XENON""]","[""product photography"", ""dark background"", ""side lighting""]","Product photo of black gaming headphones placed on a white headphone stand on a dark surface, featuring the XENON logo on the ear cup and dramatic side lighting.",0.9758,PASS,es,0.8370015621185303
MB023,tech_product,ZETA,Fotografía de producto de estilo de vida en la que aparece una pulsera de actividad negra situada a la izquierda de un smartphone blanco sobre una superficie de mármol; el logotipo de ZETA aparece en la pantalla de la pulsera; iluminación cenital.,"Lifestyle product shot of a black fitness tracker placed to the left of a white smartphone on a marble surface, ZETA logo on tracker display, overhead lighting","[""fitness tracker"", ""smartphone""]","{""fitness tracker"": ""black"", ""smartphone"": ""white""}","[""fitness tracker left of smartphone""]","[""ZETA""]","[""lifestyle photography"", ""marble surface"", ""overhead lighting""]",A lifestyle product photograph featuring a black fitness tracker positioned to the left of a white smartphone on a marble surface; the ZETA logo appears on the tracker's screen; overhead lighting.,0.9393,PASS,es,0.7790558338165283
MB024,tech_product,AXON,"Fotografía de producto de un proyector portátil blanco colocado sobre un mando a distancia negro, sobre una superficie de madera oscura; el logotipo de AXON aparece en el cuerpo del proyector; iluminación de estudio.","Product photography of a white portable projector placed above a black remote control on a dark wood surface, AXON logo on projector body, studio lighting","[""portable projector"", ""remote control""]","{""portable projector"": ""white"", ""remote control"": ""black""}","[""portable projector above remote control""]","[""AXON""]","[""product photography"", ""dark wood surface"", ""studio lighting""]","Product photograph of a white portable projector placed on top of a black remote control, on a dark wooden surface; the AXON logo appears on the projector's body; studio lighting.",0.9741,PASS,es,0.8419652581214905
MB025,tech_product,BREEZE,"Fotografía del producto en la que se muestran unas gafas inteligentes de oro rosa colocadas sobre un estuche negro para gafas sobre una superficie blanca; el logotipo de BREEZE aparece en la tapa del estuche, con una iluminación suave y natural.","Product shot of rose gold smart glasses placed above a black glasses case on a white surface, BREEZE logo on case lid, soft natural lighting","[""smart glasses"", ""glasses case""]","{""smart glasses"": ""rose gold"", ""glasses case"": ""black""}","[""smart glasses above glasses case""]","[""BREEZE""]","[""product photography"", ""white background"", ""soft lighting""]","Product photograph showing rose gold smart glasses placed on a black glasses case on a white surface; the BREEZE logo appears on the lid of the case, with soft, natural lighting.",0.9462,PASS,es,0.8584234118461609
MB026,tech_product,CREST,Fotografía nítida de un SSD portátil plateado con un cable USB azul situado a su derecha sobre una superficie blanca; la inscripción «CREST» en el cuerpo del SSD; estilo minimalista.,"Clean product photography of a silver portable SSD with a blue USB cable placed to its right on a white surface, CREST on SSD body, minimalist style","[""portable SSD"", ""USB cable""]","{""portable SSD"": ""silver"", ""USB cable"": ""blue""}","[""USB cable right of portable SSD""]","[""CREST""]","[""product photography"", ""white background"", ""minimalist""]",A sharp photograph of a silver portable SSD with a blue USB cable to its right on a white surface; the word “CREST” inscribed on the SSD’s body; minimalist style.,0.9435,PASS,es,0.8480399250984192
MB027,tech_product,DAWN,Fotografía de producto de una base de carga inalámbrica blanca con un smartphone negro colocado sobre ella en una mesita de noche de madera; el letrero «DAWN» sobre la base de carga; cálida luz matutina.,"Product photography of a white wireless charging pad with a black smartphone placed on top of it on a wooden nightstand, DAWN on charging pad, warm morning light","[""wireless charging pad"", ""smartphone""]","{""wireless charging pad"": ""white"", ""smartphone"": ""black""}","[""smartphone above wireless charging pad""]","[""DAWN""]","[""lifestyle photography"", ""wooden surface"", ""warm lighting""]",Product photo of a white wireless charging pad with a black smartphone placed on top of it on a wooden nightstand; the word “DAWN” on the charging pad; warm morning light.,0.9796,PASS,es,0.8295814990997314
MB028,tech_product,NYRIC,Fotografía de producto de una cerradura inteligente negra instalada sobre un pomo plateado en una puerta blanca; el logotipo de NYRIC aparece en la pantalla de la cerradura; toma editorial limpia.,"Product photography of a black smart lock device mounted above a silver door handle on a white door, NYRIC logo on lock display, clean editorial shot","[""smart lock"", ""door handle""]","{""smart lock"": ""black"", ""door handle"": ""silver""}","[""smart lock above door handle""]","[""NYRIC""]","[""product photography"", ""white door"", ""editorial""]",Product photograph of a black smart lock installed on a silver doorknob on a white door; the NYRIC logo appears on the lock's screen; clean editorial shot.,0.9619,PASS,es,0.7868983149528503
MB029,tech_product,FUSE,Fotografía de producto de un router WiFi blanco con un cable Ethernet amarillo colocado debajo de él sobre una superficie gris; la inscripción «FUSE» aparece en la parte superior del router; fotografía de estudio con un fondo limpio.,"Product photography of a white WiFi router with a yellow ethernet cable placed below it on a gray surface, FUSE on router top, clean studio shot","[""WiFi router"", ""ethernet cable""]","{""WiFi router"": ""white"", ""ethernet cable"": ""yellow""}","[""ethernet cable below WiFi router""]","[""FUSE""]","[""product photography"", ""gray background"", ""studio lighting""]",Product photo of a white Wi-Fi router with a yellow Ethernet cable placed beneath it on a gray surface; the word “FUSE” appears at the top of the router; studio photo with a clean background.,0.9421,PASS,es,0.8578057289123535
MB030,tech_product,GRID,"Fotografía de producto de un ratón para videojuegos negro con iluminación RGB colocado sobre una alfombrilla roja, con el logotipo de GRID en el ratón y una estética de escritorio para videojuegos en tonos oscuros.","Product photography of a black gaming mouse with RGB lighting placed on a red mousepad, GRID logo on mouse, dark gaming desk aesthetic","[""gaming mouse"", ""mousepad""]","{""gaming mouse"": ""black"", ""mousepad"": ""red""}","[""gaming mouse above mousepad""]","[""GRID""]","[""product photography"", ""dark background"", ""gaming aesthetic""]","Product photo of a black gaming mouse with RGB lighting placed on a red mouse pad, featuring the GRID logo on the mouse and a dark-toned gaming desktop aesthetic.",0.9662,PASS,es,0.8334347009658813
MB031,food_beverage,ZEST,Fotografía de producto de una botella de zumo de cristal naranja colocada a la izquierda de una taza de cerámica blanca sobre una superficie de mármol; la botella lleva la etiqueta «ZEST»; iluminación natural brillante.,"Product photography of an orange glass juice bottle placed to the left of a white ceramic cup on a marble surface, ZEST label on bottle, bright natural lighting","[""juice bottle"", ""ceramic cup""]","{""juice bottle"": ""orange"", ""ceramic cup"": ""white""}","[""juice bottle left of ceramic cup""]","[""ZEST""]","[""product photography"", ""marble surface"", ""natural lighting""]","Product photograph of an orange glass juice bottle placed to the left of a white ceramic mug on a marble surface; the bottle bears the ""ZEST"" label; bright natural lighting.",0.9752,PASS,es,0.8731006383895874
MB032,food_beverage,PURE,Fotografía en plano horizontal de una bolsa de café de papel kraft marrón colocada sobre una taza de café expreso negra sobre una mesa de madera; la palabra «PURE» en la parte delantera de la bolsa; cálida iluminación de cafetería.,"Flat lay of a brown kraft coffee bag placed above a black espresso cup on a wooden table, PURE on bag front, warm cafe lighting","[""coffee bag"", ""espresso cup""]","{""coffee bag"": ""brown"", ""espresso cup"": ""black""}","[""coffee bag above espresso cup""]","[""PURE""]","[""flat lay"", ""wooden surface"", ""warm lighting""]",A horizontal shot of a brown kraft paper coffee bag placed on top of a black espresso cup on a wooden table; the word “PURE” on the front of the bag; warm café lighting.,0.9079,PASS,es,0.7917327880859375
MB033,food_beverage,BLOOM,Fotografía de producto de una caja de cereales amarilla colocada a la izquierda de un cartón de leche blanco sobre la encimera de una cocina luminosa; la palabra «BLOOM» en la parte delantera de la caja; luz matutina.,"Product photography of a yellow cereal box placed to the left of a white milk carton on a bright kitchen counter, BLOOM on box front, morning light","[""cereal box"", ""milk carton""]","{""cereal box"": ""yellow"", ""milk carton"": ""white""}","[""cereal box left of milk carton""]","[""BLOOM""]","[""product photography"", ""kitchen setting"", ""morning light""]",Product photograph of a yellow cereal box placed to the left of a white milk carton on the countertop of a bright kitchen; the word “BLOOM” on the front of the box; morning light.,0.9562,PASS,es,0.8013874292373657
MB034,food_beverage,GROVE,Fotografía de producto de una botella de salsa picante roja situada a la derecha de una tabla de cortar de madera marrón sobre una mesa rústica; la botella lleva la etiqueta «GROVE»; iluminación natural y cálida.,"Product shot of a red hot sauce bottle placed to the right of a brown wooden cutting board on a rustic table, GROVE label on bottle, warm natural lighting","[""hot sauce bottle"", ""cutting board""]","{""hot sauce bottle"": ""red"", ""cutting board"": ""brown""}","[""cutting board left of hot sauce bottle""]","[""GROVE""]","[""product photography"", ""rustic style"", ""warm lighting""]","Product photograph of a bottle of red hot sauce placed to the right of a brown wooden cutting board on a rustic table; the bottle bears the ""GROVE"" label; warm, natural lighting.",0.9775,PASS,es,0.8581507205963135
MB035,food_beverage,FRESH,Fotografía de producto de una botella de vino verde colocada a la derecha de un racimo de uvas moradas sobre mármol blanco; la botella lleva la etiqueta «FRESH» y cuenta con una elegante iluminación natural.,"Product photography of a green wine bottle placed to the right of a bunch of purple grapes on white marble, FRESH label on bottle, elegant natural lighting","[""wine bottle"", ""grapes""]","{""wine bottle"": ""green"", ""grapes"": ""purple""}","[""wine bottle right of grapes""]","[""FRESH""]","[""product photography"", ""marble surface"", ""elegant lighting""]","Product photograph of a bottle of green wine placed to the right of a cluster of purple grapes on white marble; the bottle bears the ""FRESH"" label and is elegantly lit by natural light.",0.966,PASS,es,0.8759236931800842
MB036,food_beverage,CRISP,Fotografía en plano horizontal de una caja de té de color verde azulado colocada sobre una taza y un platillo de cerámica blanca sobre una superficie gris claro; la palabra «CRISP» aparece en la tapa de la caja; iluminación natural suave.,"Flat lay of a teal tea box placed above a white ceramic teacup and saucer on a light gray surface, CRISP on box lid, soft natural lighting","[""tea box"", ""teacup""]","{""tea box"": ""teal"", ""teacup"": ""white""}","[""tea box above teacup""]","[""CRISP""]","[""flat lay"", ""gray background"", ""soft lighting""]",A horizontal shot of a blue-green tea box placed on top of a white ceramic cup and saucer on a light gray surface; the word “CRISP” appears on the lid of the box; soft natural lighting.,0.8546,PASS,es,0.7925589680671692
MB037,food_beverage,BOLD,Fotografía de producto de una lata de aluminio negra de bebida energética colocada a la izquierda de una mancuerna plateada sobre el suelo oscuro de un gimnasio; la palabra «BOLD» en la parte delantera de la lata; iluminación dramática.,"Product shot of a black aluminum energy drink can placed to the left of a silver dumbbell on a dark gym surface, BOLD on can front, dramatic lighting","[""energy drink can"", ""dumbbell""]","{""energy drink can"": ""black"", ""dumbbell"": ""silver""}","[""energy drink can left of dumbbell""]","[""BOLD""]","[""product photography"", ""gym setting"", ""dramatic lighting""]",Product photograph of a black aluminum energy drink can placed to the left of a silver dumbbell on the dark floor of a gym; the word “BOLD” on the front of the can; dramatic lighting.,0.9567,PASS,es,0.7937313318252563
MB038,food_beverage,MIST,Fotografía de producto de una botella de agua de aluminio azul colocada sobre rodajas de limón amarillas sobre una superficie de mármol blanco; la botella lleva la etiqueta «MIST»; iluminación natural brillante.,"Product photography of a blue aluminum water bottle placed above yellow lemon slices on a white marble surface, MIST label on bottle, bright natural lighting","[""water bottle"", ""lemon""]","{""water bottle"": ""blue"", ""lemon"": ""yellow""}","[""water bottle above lemon""]","[""MIST""]","[""product photography"", ""marble surface"", ""bright lighting""]","Product photograph of a blue aluminum water bottle placed on yellow lemon slices on a white marble surface; the bottle bears the ""MIST"" label; bright natural lighting.",0.9864,PASS,es,0.8731157779693604
MB039,food_beverage,GLOW,"Fotografía de producto en plano horizontal de un envase de yogur blanco colocado a la izquierda de unas fresas rojas sobre una superficie rosa pastel; la palabra «GLOW» aparece en el envase, con una suave luz matutina.","Product flat lay of a white yogurt container placed to the left of red strawberries on a pink pastel surface, GLOW on container, soft morning light","[""yogurt container"", ""strawberries""]","{""yogurt container"": ""white"", ""strawberries"": ""red""}","[""yogurt container left of strawberries""]","[""GLOW""]","[""flat lay"", ""pink background"", ""soft lighting""]","A horizontal product photograph of a white yogurt container placed to the left of some red strawberries on a pastel pink surface; the word “GLOW” appears on the container, bathed in soft morning light.",0.9084,PASS,es,0.7545612454414368
MB040,food_beverage,PETAL,Fotografía de producto de una lata redonda de galletas de color rojo colocada a la derecha de un vaso blanco de leche sobre una encimera de madera; la palabra «PETAL» aparece en la tapa de la lata; iluminación cálida de cocina.,"Product photography of a red round cookie tin placed to the right of a white glass of milk on a wooden kitchen surface, PETAL on tin lid, warm kitchen lighting","[""cookie tin"", ""glass of milk""]","{""cookie tin"": ""red"", ""glass of milk"": ""white""}","[""glass of milk left of cookie tin""]","[""PETAL""]","[""product photography"", ""kitchen setting"", ""warm lighting""]","Product photograph of a round, red cookie tin placed to the right of a white glass of milk on a wooden countertop; the word “PETAL” appears on the lid of the tin; warm kitchen lighting.",0.9325,PASS,es,0.8120831251144409
MB041,food_beverage,QUENCH,Fotografía de producto de una lata de refresco azul colocada a la izquierda de una cubitera plateada sobre la encimera oscura de una barra; el logotipo de QUENCH aparece en la parte delantera de la lata; iluminación atmosférica y fresca.,"Product photography of a blue soda can placed to the left of a silver ice bucket on a dark bar surface, QUENCH logo on can front, cool atmospheric lighting","[""soda can"", ""ice bucket""]","{""soda can"": ""blue"", ""ice bucket"": ""silver""}","[""soda can left of ice bucket""]","[""QUENCH""]","[""product photography"", ""dark background"", ""cool lighting""]",Product photograph of a blue soda can placed to the left of a silver ice bucket on a dark bar countertop; the QUENCH logo appears on the front of the can; atmospheric and fresh lighting.,0.9561,PASS,es,0.7254875898361206
MB042,food_beverage,RIPPLE,Fotografía de producto de un bote negro de proteína en polvo situado a la izquierda de una botella mezcladora blanca sobre el suelo de un gimnasio; la palabra «RIPPLE» aparece en la etiqueta del bote; iluminación dramática de gimnasio.,"Product photography of a black protein powder jar placed to the left of a white shaker bottle on a gym floor, RIPPLE on jar label, dramatic gym lighting","[""protein powder jar"", ""shaker bottle""]","{""protein powder jar"": ""black"", ""shaker bottle"": ""white""}","[""protein powder jar left of shaker bottle""]","[""RIPPLE""]","[""product photography"", ""gym setting"", ""dramatic lighting""]",Product photograph of a black can of protein powder placed to the left of a white shaker bottle on the floor of a gym; the word “RIPPLE” appears on the can’s label; dramatic gym lighting.,0.8921,PASS,es,0.8177241683006287
MB043,food_beverage,SWAY,Fotografía de producto de una botella alta de aceite de oliva de cristal verde colocada sobre una cabeza de ajo blanca sobre una superficie de mármol; la botella lleva la etiqueta «SWAY» y está iluminada por una luz natural suave.,"Product photography of a tall green glass olive oil bottle placed above a white garlic bulb on a marble surface, SWAY label on bottle, soft natural light","[""olive oil bottle"", ""garlic bulb""]","{""olive oil bottle"": ""green"", ""garlic bulb"": ""white""}","[""olive oil bottle above garlic bulb""]","[""SWAY""]","[""product photography"", ""marble surface"", ""soft lighting""]","Product photograph of a tall green glass bottle of olive oil placed on top of a white head of garlic on a marble surface; the bottle bears the ""SWAY"" label and is illuminated by soft natural light.",0.9214,PASS,es,0.8005841374397278
MB044,food_beverage,TEMPO,"Fotografía de producto en plano horizontal de una barrita de muesli envuelta en papel marrón, colocada a la izquierda de un plátano maduro de color amarillo sobre una superficie blanca; en el envoltorio se lee «TEMPO»; iluminación brillante de estudio.","Product flat lay of a brown paper-wrapped granola bar placed to the left of a ripe yellow banana on a white surface, TEMPO on wrapper, bright studio lighting","[""granola bar"", ""banana""]","{""granola bar"": ""brown"", ""banana"": ""yellow""}","[""granola bar left of banana""]","[""TEMPO""]","[""flat lay"", ""white background"", ""bright lighting""]","A horizontal product photograph of a muesli bar wrapped in brown paper, placed to the left of a ripe yellow banana on a white surface; the packaging reads “TEMPO”; bright studio lighting.",0.9111,PASS,es,0.7424098253250122
MB045,food_beverage,UMBER,"Fotografía de producto de una botella de café «cold brew» de color marrón, colocada a la izquierda de una pajita metálica plateada sobre una superficie de hormigón oscuro; la botella lleva la etiqueta «UMBER» y la imagen presenta una iluminación atmosférica.","Product photography of a brown cold brew coffee bottle placed to the left of a silver metal straw on a dark concrete surface, UMBER label on bottle, moody lighting","[""cold brew coffee bottle"", ""metal straw""]","{""cold brew coffee bottle"": ""brown"", ""metal straw"": ""silver""}","[""cold brew coffee bottle left of metal straw""]","[""UMBER""]","[""product photography"", ""dark background"", ""moody lighting""]","Product photograph of a brown ""cold brew"" coffee bottle, positioned to the left of a silver metal straw on a dark concrete surface; the bottle bears the ""UMBER"" label, and the image features atmospheric lighting.",0.9582,PASS,es,0.7670702934265137
MB046,food_beverage,VERDE,Fotografía de producto de una lata de agua con gas azul colocada a la izquierda de una lima verde fresca sobre mármol blanco; la palabra «VERDE» aparece en la lata; iluminación natural y fresca.,"Product photography of a blue sparkling water can placed to the left of a fresh green lime on white marble, VERDE on can, fresh natural lighting","[""sparkling water can"", ""lime""]","{""sparkling water can"": ""blue"", ""lime"": ""green""}","[""sparkling water can left of lime""]","[""VERDE""]","[""product photography"", ""marble surface"", ""natural lighting""]","Product photograph of a blue can of sparkling water placed to the left of a fresh green lime on white marble; the word “GREEN” appears on the can; natural, fresh lighting.",0.9497,PASS,es,0.7925223112106323
MB047,food_beverage,WARM,Fotografía de producto de un tarro de miel ámbar colocado sobre una rebanada de pan tostado integral en una tabla de madera para el desayuno; la palabra «WARM» en la tapa del tarro; iluminación acogedora de primera hora de la mañana.,"Product photography of an amber honey jar placed above a slice of brown toast on a wooden breakfast board, WARM on jar lid, cozy morning lighting","[""honey jar"", ""toast""]","{""honey jar"": ""amber"", ""toast"": ""brown""}","[""honey jar above toast""]","[""WARM""]","[""product photography"", ""wooden surface"", ""warm lighting""]",Product photograph of a jar of amber honey placed on a slice of whole-grain toast on a wooden breakfast board; the word “WARM” on the jar’s lid; cozy early-morning lighting.,0.9463,PASS,es,0.8196725845336914
MB048,food_beverage,XTRA,Fotografía de producto de una botella de batido morada colocada a la izquierda de unas bayas rojas frescas sobre una superficie blanca; la botella lleva la etiqueta «XTRA» y cuenta con una iluminación natural muy viva.,"Product photography of a purple smoothie bottle placed to the left of fresh red berries on a white surface, XTRA label on bottle, vibrant natural lighting","[""smoothie bottle"", ""berries""]","{""smoothie bottle"": ""purple"", ""berries"": ""red""}","[""smoothie bottle left of berries""]","[""XTRA""]","[""product photography"", ""white background"", ""vibrant lighting""]","Product photograph of a purple smoothie bottle placed to the left of some fresh red berries on a white surface; the bottle bears the ""XTRA"" label and is bathed in very bright natural light.",0.9679,PASS,es,0.8618576526641846
MB049,food_beverage,YUMA,Fotografía de producto de una botella de té de cristal blanco colocada a la derecha de un tallo de bambú verde sobre una superficie gris claro; la botella lleva la etiqueta «YUMA»; composición minimalista de estilo zen.,"Product photography of a white glass tea bottle placed to the right of a green bamboo stalk on a light gray surface, YUMA label on bottle, minimal zen composition","[""tea bottle"", ""bamboo stalk""]","{""tea bottle"": ""white"", ""bamboo stalk"": ""green""}","[""tea bottle right of bamboo stalk""]","[""YUMA""]","[""product photography"", ""gray background"", ""minimal""]","Product photograph of a white glass tea bottle placed to the right of a green bamboo stalk on a light gray surface; the bottle bears the ""YUMA"" label; a minimalist, Zen-style composition.",0.9781,PASS,es,0.8672215342521667
MB050,food_beverage,ZEAL,Fotografía de producto de una tableta de chocolate marrón oscuro envuelta parcialmente en un envoltorio de papel de aluminio dorado sobre una superficie de mármol negro; la palabra «ZEAL» aparece en el envoltorio; iluminación editorial de lujo.,"Product photography of a dark brown chocolate bar partially wrapped in a gold foil wrapper on a black marble surface, ZEAL on wrapper, luxury editorial lighting","[""chocolate bar"", ""wrapper""]","{""chocolate bar"": ""brown"", ""wrapper"": ""gold""}","[""chocolate bar above wrapper""]","[""ZEAL""]","[""product photography"", ""black marble"", ""luxury editorial""]",Product photograph of a dark brown chocolate bar partially wrapped in gold foil on a black marble surface; the word “ZEAL” appears on the wrapper; luxurious editorial lighting.,0.9757,PASS,es,0.8561393022537231
MB051,food_beverage,AMBER,Fotografía de producto de una bolsita de zumo de naranja colocada a la derecha de una pajita de madera marrón sobre una superficie blanca; la palabra «AMBER» aparece en la bolsita; iluminación natural y brillante.,"Product photography of an orange juice pouch placed to the right of a brown wooden straw on a white surface, AMBER on pouch, natural bright lighting","[""juice pouch"", ""wooden straw""]","{""juice pouch"": ""orange"", ""wooden straw"": ""brown""}","[""juice pouch right of wooden straw""]","[""AMBER""]","[""product photography"", ""white background"", ""natural lighting""]","Product photograph of a small orange juice pouch placed to the right of a brown wooden straw on a white surface; the word “AMBER” appears on the pouch; bright, natural lighting.",0.9216,PASS,es,0.8505882024765015
MB052,food_beverage,BRISK,Fotografía en plano horizontal de un tarro marrón de mantequilla de almendra colocado sobre unas rebanadas de pan blanco sobre una superficie azul claro; la palabra «BRISK» en la etiqueta del tarro; iluminación típica de una mañana.,"Flat lay of a brown almond butter jar placed above slices of white bread on a light blue surface, BRISK on jar label, morning lifestyle lighting","[""almond butter jar"", ""bread""]","{""almond butter jar"": ""brown"", ""bread"": ""white""}","[""almond butter jar above bread""]","[""BRISK""]","[""flat lay"", ""light blue background"", ""morning lighting""]",A horizontal photograph of a brown jar of almond butter placed on top of slices of white bread on a light blue surface; the word “BRISK” on the jar’s label; typical morning lighting.,0.9231,PASS,es,0.729034423828125
MB053,food_beverage,COVE,Fotografía de producto de una botella de kombucha de cristal marrón colocada a la derecha de una raíz de jengibre amarilla sobre una superficie de madera oscura; la botella lleva la etiqueta «COVE» y cuenta con una iluminación natural de ambiente evocador.,"Product photography of a brown glass kombucha bottle placed to the right of a yellow ginger root on a dark wooden surface, COVE label on bottle, moody natural lighting","[""kombucha bottle"", ""ginger root""]","{""kombucha bottle"": ""brown"", ""ginger root"": ""yellow""}","[""ginger root left of kombucha bottle""]","[""COVE""]","[""product photography"", ""dark wood surface"", ""moody lighting""]",Product photograph of a brown glass bottle of kombucha placed to the right of a yellow ginger root on a dark wooden surface; the bottle bears the “COVE” label and is illuminated by natural light in an evocative setting.,0.9253,PASS,es,0.8446791768074036
MB054,food_beverage,DRIP,Fotografía de producto de una botella de agua azul colocada sobre un manojo de ramitas de menta fresca verde sobre una superficie de mármol blanco; la botella lleva la etiqueta «DRIP»; iluminación fresca y brillante.,"Product photography of a blue water bottle placed above a bunch of fresh green mint sprigs on a white marble surface, DRIP label on bottle, fresh bright lighting","[""water bottle"", ""mint sprigs""]","{""water bottle"": ""blue"", ""mint sprigs"": ""green""}","[""water bottle above mint sprigs""]","[""DRIP""]","[""product photography"", ""marble surface"", ""bright lighting""]","Product photograph of a blue water bottle placed on a bunch of fresh green mint sprigs on a white marble surface; the bottle bears the ""DRIP"" label; fresh, bright lighting.",0.9866,PASS,es,0.8140381574630737
MB055,food_beverage,ELIXIR,Fotografía de producto de una lata verde de matcha colocada a la derecha de un batidor de bambú marrón sobre una superficie de cerámica blanca; la palabra «ELIXIR» figura en la tapa de la lata; composición minimalista de inspiración japonesa.,"Product photography of a green matcha tin placed to the right of a brown bamboo whisk on a white ceramic surface, ELIXIR on tin lid, minimal Japanese-inspired composition","[""matcha tin"", ""bamboo whisk""]","{""matcha tin"": ""green"", ""bamboo whisk"": ""brown""}","[""matcha tin right of bamboo whisk""]","[""ELIXIR""]","[""product photography"", ""ceramic surface"", ""minimal""]","Product photograph of a green matcha can placed to the right of a brown bamboo whisk on a white ceramic surface; the word “ELIXIR” appears on the can’s lid; a minimalist, Japanese-inspired composition.",0.9122,PASS,es,0.851222574710846
MB056,food_beverage,FERN,Fotografía de producto de estilo de vida en la que aparece un cartón de leche de avena blanca situado a la derecha de un cuenco de cerámica marrón lleno de muesli sobre una mesa de madera; en la parte delantera del cartón se lee «FERN»; iluminación cálida de primera hora de la mañana.,"Lifestyle product shot of a white oat milk carton placed to the right of a brown ceramic bowl filled with granola on a wooden table, FERN on carton front, warm morning lighting","[""oat milk carton"", ""ceramic bowl""]","{""oat milk carton"": ""white"", ""ceramic bowl"": ""brown""}","[""oat milk carton right of ceramic bowl""]","[""FERN""]","[""lifestyle photography"", ""wooden surface"", ""warm lighting""]",A lifestyle product photograph featuring a carton of white oat milk placed to the right of a brown ceramic bowl filled with muesli on a wooden table; the front of the carton reads “FERN”; warm early-morning lighting.,0.9573,PASS,es,0.8325201869010925
MB057,food_beverage,GUSTO,Fotografía de producto de una lata de agua de coco de aluminio blanco colocada a la derecha de un coco marrón sobre una superficie arenosa; la palabra «GUSTO» aparece en la lata; iluminación tropical y brillante.,"Product photography of a white aluminum coconut water can placed to the right of a brown coconut on a sandy surface, GUSTO on can, tropical bright lighting","[""coconut water can"", ""coconut""]","{""coconut water can"": ""white"", ""coconut"": ""brown""}","[""coconut water can right of coconut""]","[""GUSTO""]","[""product photography"", ""sandy surface"", ""tropical lighting""]","Product photograph of a white aluminum can of coconut water placed to the right of a brown coconut on a sandy surface; the word “GUSTO” appears on the can; bright, tropical lighting.",0.9546,PASS,es,0.8192999362945557
MB058,food_beverage,HERBA,Fotografía de producto de una pequeña botella de chupito de cristal amarillo colocada sobre una raíz fresca de cúrcuma naranja sobre una superficie blanca; la botella lleva la etiqueta «HERBA» y cuenta con una iluminación de estudio nítida.,"Product photography of a small yellow glass shot bottle placed above a fresh orange turmeric root on a white surface, HERBA label on bottle, clean studio lighting","[""shot bottle"", ""turmeric root""]","{""shot bottle"": ""yellow"", ""turmeric root"": ""orange""}","[""shot bottle above turmeric root""]","[""HERBA""]","[""product photography"", ""white background"", ""studio lighting""]","Product photograph of a small yellow glass shot glass placed on a fresh orange turmeric root on a white surface; the glass bears the ""HERBA"" label and is illuminated by crisp studio lighting.",0.9338,PASS,es,0.7873959541320801
MB059,food_beverage,INFUSE,"Fotografía de producto de una botella de cristal morada de zumo con burbujas, colocada a la derecha de un racimo de uvas verdes sobre mármol blanco; la botella lleva la etiqueta «INFUSE» y cuenta con una iluminación elegante.","Product photography of a purple glass sparkling juice bottle placed to the right of a bunch of green grapes on white marble, INFUSE label on bottle, elegant lighting","[""sparkling juice bottle"", ""grapes""]","{""sparkling juice bottle"": ""purple"", ""grapes"": ""green""}","[""sparkling juice bottle right of grapes""]","[""INFUSE""]","[""product photography"", ""marble surface"", ""elegant lighting""]","Product photograph of a purple glass bottle of sparkling juice, placed to the right of a bunch of green grapes on white marble; the bottle bears the ""INFUSE"" label and is elegantly lit.",0.9739,PASS,es,0.8553574681282043
MB060,food_beverage,JUVO,Fotografía de producto de una botella de zumo verde prensado en frío colocada debajo de zanahorias naranjas frescas sobre una superficie de madera blanca; la botella lleva la etiqueta de JUVO y cuenta con una iluminación natural brillante.,"Product photography of a green cold press juice bottle placed below fresh orange carrots on a white wooden surface, JUVO label on bottle, bright natural lighting","[""juice bottle"", ""carrots""]","{""juice bottle"": ""green"", ""carrots"": ""orange""}","[""juice bottle below carrots""]","[""JUVO""]","[""product photography"", ""white wood surface"", ""natural lighting""]",Product photograph of a bottle of cold-pressed green juice placed beneath fresh orange carrots on a white wooden surface; the bottle bears the JUVO label and is bathed in bright natural light.,0.9359,PASS,es,0.8600192070007324
MB061,fashion_apparel,MODE,"Fotografía de producto de unas zapatillas blancas colocadas sobre su caja roja, sobre una superficie blanca y limpia; el logotipo de MODE aparece en la lengüeta de la zapatilla; iluminación de estudio.","Product photography of a white sneaker placed above its red shoebox on a clean white surface, MODE logo on shoe tongue, studio lighting","[""sneaker"", ""shoebox""]","{""sneaker"": ""white"", ""shoebox"": ""red""}","[""sneaker above shoebox""]","[""MODE""]","[""product photography"", ""white background"", ""studio lighting""]","Product photograph of a pair of white sneakers placed on their red box, on a clean white surface; the MODE logo appears on the tongue of the sneaker; studio lighting.",0.929,PASS,es,0.7884364128112793
MB062,fashion_apparel,LUXE,Fotografía de producto de una chaqueta de cuero negra colgada de una percha de madera marrón frente a una pared blanca; etiqueta «LUXE» en la chaqueta; iluminación editorial suave.,"Product photography of a black leather jacket hanging on a brown wooden hanger against a white wall, LUXE label on jacket, soft editorial lighting","[""leather jacket"", ""wooden hanger""]","{""leather jacket"": ""black"", ""wooden hanger"": ""brown""}","[""leather jacket above wooden hanger""]","[""LUXE""]","[""editorial photography"", ""white background"", ""soft lighting""]",Product photo of a black leather jacket hanging on a brown wooden hanger against a white wall; “LUXE” label on the jacket; soft editorial lighting.,0.9798,PASS,es,0.8542075157165527
MB063,fashion_apparel,FORM,Fotografía de producto de moda en la que aparece un bolso de piel de color tostado situado a la izquierda de unas gafas de sol negras sobre una superficie blanca; el logotipo de FORM figura en los herrajes del bolso; iluminación editorial limpia.,"Fashion product shot of a tan leather handbag placed to the left of black sunglasses on a white surface, FORM logo on bag hardware, clean editorial lighting","[""handbag"", ""sunglasses""]","{""handbag"": ""tan"", ""sunglasses"": ""black""}","[""handbag left of sunglasses""]","[""FORM""]","[""editorial photography"", ""white background"", ""clean lighting""]","Fashion product photograph featuring a tan-colored leather bag positioned to the left of a pair of black sunglasses on a white surface; the FORM logo appears on the bag’s hardware; clean, editorial lighting.",0.9035,PASS,es,0.8182847499847412
MB064,fashion_apparel,GRACE,"Fotografía de producto de un reloj de pulsera dorado colocado sobre un estuche de cuero negro para relojes, sobre una superficie de mármol oscuro; el logotipo de GRACE aparece en la esfera del reloj; iluminación editorial de lujo.","Product photography of a gold wristwatch placed above a black leather watch box on a dark marble surface, GRACE logo on watch face, luxury editorial lighting","[""wristwatch"", ""watch box""]","{""wristwatch"": ""gold"", ""watch box"": ""black""}","[""wristwatch above watch box""]","[""GRACE""]","[""luxury editorial"", ""dark marble"", ""dramatic lighting""]","Product photograph of a gold wristwatch placed on a black leather watch case, set on a dark marble surface; the GRACE logo appears on the watch face; luxury editorial lighting.",0.9812,PASS,es,0.8354982733726501
MB065,fashion_apparel,HAVEN,Fotografía de producto de unas gafas de sol de carey marrón colocadas sobre un estuche de cuero negro para gafas sobre un fondo blanco; en el estuche se lee «HAVEN»; fotografía de estudio nítida.,"Product photography of brown tortoiseshell sunglasses placed above a black leather glasses case on a white background, HAVEN on case, clean studio shot","[""sunglasses"", ""glasses case""]","{""sunglasses"": ""brown"", ""glasses case"": ""black""}","[""sunglasses above glasses case""]","[""HAVEN""]","[""product photography"", ""white background"", ""clean lighting""]",Product photograph of a pair of brown tortoiseshell sunglasses placed on a black leather case against a white background; the case reads “HAVEN”; sharp studio photograph.,0.9311,PASS,es,0.8121052384376526
MB066,fashion_apparel,INKE,Fotografía de producto de unas zapatillas de correr azules colocadas a la izquierda de unos calcetines deportivos blancos sobre una superficie de hormigón gris; el logotipo de INKE aparece en el talón de la zapatilla; iluminación de estilo de vida.,"Product photography of blue running shoes placed to the left of white athletic socks on a gray concrete surface, INKE logo on shoe heel, lifestyle lighting","[""running shoes"", ""athletic socks""]","{""running shoes"": ""blue"", ""athletic socks"": ""white""}","[""running shoes left of athletic socks""]","[""INKE""]","[""lifestyle photography"", ""concrete surface"", ""natural lighting""]",Product photograph of a pair of blue running shoes placed to the left of a pair of white athletic socks on a gray concrete surface; the INKE logo appears on the heel of the shoe; lifestyle lighting.,0.9267,PASS,es,0.8401904702186584
MB067,fashion_apparel,JOIE,Fotografía «flat lay» de una chaqueta vaquera azul colocada sobre un bolso de lona blanco sobre una superficie gris claro; la palabra «JOIE» aparece en el bolso; iluminación natural.,"Flat lay of a blue denim jacket placed above a white canvas tote bag on a light gray surface, JOIE on tote bag, natural lighting","[""denim jacket"", ""tote bag""]","{""denim jacket"": ""blue"", ""tote bag"": ""white""}","[""denim jacket above tote bag""]","[""JOIE""]","[""flat lay"", ""gray background"", ""natural lighting""]","A ""flat lay"" photograph of a blue denim jacket placed on top of a white canvas bag on a light gray surface; the word ""JOIE"" appears on the bag; natural lighting.",0.9441,PASS,es,0.7157444953918457
MB068,fashion_apparel,KEEN,Fotografía de producto de un bolso tote de piel marrón colocado a la izquierda de un pañuelo de seda rojo sobre una superficie de lino beige; la palabra «KEEN» grabada en relieve en el bolso; iluminación suave y cálida.,"Product photography of a brown leather tote bag placed to the left of a red silk scarf on a beige linen surface, KEEN embossed on bag, soft warm lighting","[""leather tote bag"", ""silk scarf""]","{""leather tote bag"": ""brown"", ""silk scarf"": ""red""}","[""leather tote bag left of silk scarf""]","[""KEEN""]","[""product photography"", ""linen surface"", ""warm lighting""]","Product photograph of a brown leather tote bag placed to the left of a red silk scarf on a beige linen surface; the word “KEEN” embossed on the bag; soft, warm lighting.",0.9744,PASS,es,0.8245487213134766
MB069,fashion_apparel,LACE,Fotografía de producto de estilo de vida en la que aparece una zapatilla de lona blanca colocada sobre una tabla de skate roja sobre una superficie de hormigón; el logotipo de LACE en el lateral de la zapatilla; iluminación natural urbana.,"Lifestyle product shot of a white canvas sneaker placed above a red skateboard on a concrete surface, LACE logo on sneaker side, urban natural lighting","[""canvas sneaker"", ""skateboard""]","{""canvas sneaker"": ""white"", ""skateboard"": ""red""}","[""canvas sneaker above skateboard""]","[""LACE""]","[""lifestyle photography"", ""concrete surface"", ""urban lighting""]",A lifestyle product photograph featuring a white canvas sneaker placed on a red skateboard resting on a concrete surface; the LACE logo on the side of the sneaker; natural urban lighting.,0.9552,PASS,es,0.8370614051818848
MB070,fashion_apparel,MAUVE,Fotografía de producto en plano horizontal de un sujetador deportivo rosa colocado sobre una esterilla de yoga morada sobre un suelo blanco; etiqueta «MAUVE» en la etiqueta del sujetador; iluminación brillante de estudio.,"Flat lay product shot of a pink sports bra placed above a purple yoga mat on a white floor surface, MAUVE label on bra tag, bright studio lighting","[""sports bra"", ""yoga mat""]","{""sports bra"": ""pink"", ""yoga mat"": ""purple""}","[""sports bra above yoga mat""]","[""MAUVE""]","[""flat lay"", ""white background"", ""bright lighting""]",Horizontal product photograph of a pink sports bra placed on a purple yoga mat on a white floor; “MAUVE” label on the bra; bright studio lighting.,0.9642,PASS,es,0.8059273958206177
MB071,fashion_apparel,NOIR,"Fotografía de producto en plano horizontal de una gorra de béisbol negra colocada sobre una camiseta blanca sobre un fondo gris, con la palabra «NOIR» bordada en la parte delantera de la gorra; fotografía editorial de estilo limpio.","Flat lay product shot of a black baseball cap placed above a white t-shirt on a gray background, NOIR embroidered on cap front, clean editorial shot","[""baseball cap"", ""t-shirt""]","{""baseball cap"": ""black"", ""t-shirt"": ""white""}","[""baseball cap above t-shirt""]","[""NOIR""]","[""flat lay"", ""gray background"", ""editorial""]","A horizontal product photograph of a black baseball cap placed on top of a white T-shirt against a gray background, with the word “NOIR” embroidered on the front of the cap; a clean-style editorial photograph.",0.8787,PASS,es,0.8194473385810852
MB072,fashion_apparel,ONYX,Fotografía de producto de unas botas Chelsea negras colocadas a la izquierda de un cinturón de cuero marrón sobre una superficie blanca; la palabra «ONYX» en la suela de la bota; iluminación de estudio nítida.,"Product photography of black Chelsea boots placed to the left of a brown leather belt on a white surface, ONYX on boot sole, clean studio lighting","[""Chelsea boots"", ""leather belt""]","{""Chelsea boots"": ""black"", ""leather belt"": ""brown""}","[""Chelsea boots left of leather belt""]","[""ONYX""]","[""product photography"", ""white background"", ""studio lighting""]",Product photograph of a pair of black Chelsea boots placed to the left of a brown leather belt on a white surface; the word “ONYX” on the sole of the boot; crisp studio lighting.,0.9408,PASS,es,0.8473079800605774
MB073,fashion_apparel,POISE,Fotografía de producto de estilo de vida en la que aparece un chubasquero amarillo colgado sobre un paraguas negro frente a una pared blanca; el chubasquero lleva la etiqueta «POISE» y la iluminación es nítida y de estilo editorial.,"Lifestyle product shot of a yellow raincoat hung above a black umbrella against a white wall, POISE label on raincoat, clean editorial lighting","[""raincoat"", ""umbrella""]","{""raincoat"": ""yellow"", ""umbrella"": ""black""}","[""raincoat above umbrella""]","[""POISE""]","[""lifestyle photography"", ""white wall"", ""editorial""]","A lifestyle product photograph featuring a yellow raincoat hanging over a black umbrella against a white wall; the raincoat bears the “POISE” label, and the lighting is crisp and editorial-style.",0.9294,PASS,es,0.8322504758834839
MB074,fashion_apparel,RIVE,Fotografía en plano horizontal de un jersey de lana gris colocado sobre una bufanda de punto blanca sobre una superficie de madera clara; se ve la etiqueta de RIVE; iluminación natural y suave.,"Flat lay of a gray wool sweater placed above a white knit scarf on a light wooden surface, RIVE label visible, soft natural lighting","[""wool sweater"", ""knit scarf""]","{""wool sweater"": ""gray"", ""knit scarf"": ""white""}","[""wool sweater above knit scarf""]","[""RIVE""]","[""flat lay"", ""wooden surface"", ""soft lighting""]","A horizontal shot of a gray wool sweater placed on top of a white knit scarf on a light-colored wooden surface; the RIVE label is visible; soft, natural lighting.",0.9567,PASS,es,0.7574544548988342
MB075,fashion_apparel,SILK,Fotografía de producto en plano horizontal de un bañador naranja colocado a la izquierda de un frasco blanco de crema solar sobre una superficie turquesa; la etiqueta «SILK» aparece en el frasco; iluminación brillante y veraniega.,"Product flat lay of an orange swimsuit placed to the left of a white sunscreen bottle on a turquoise surface, SILK label on bottle, bright summery lighting","[""swimsuit"", ""sunscreen bottle""]","{""swimsuit"": ""orange"", ""sunscreen bottle"": ""white""}","[""swimsuit left of sunscreen bottle""]","[""SILK""]","[""flat lay"", ""turquoise background"", ""bright lighting""]","A horizontal product photograph of an orange swimsuit placed to the left of a white bottle of sunscreen on a turquoise surface; the label “SILK” appears on the bottle; bright, summery lighting.",0.9301,PASS,es,0.7818868160247803
MB076,fashion_apparel,TONE,Fotografía de producto de una mochila azul marino colocada a la izquierda de una botella de agua plateada sobre un fondo blanco; con la inscripción «TONE» en el bolsillo delantero de la mochila; fotografía de estudio nítida.,"Product photography of a navy blue backpack placed to the left of a silver water bottle on a white background, TONE on backpack front pocket, clean studio shot","[""backpack"", ""water bottle""]","{""backpack"": ""navy"", ""water bottle"": ""silver""}","[""backpack left of water bottle""]","[""TONE""]","[""product photography"", ""white background"", ""clean lighting""]",Product photograph of a navy blue backpack placed to the left of a silver water bottle against a white background; with the word “TONE” on the front pocket of the backpack; a sharp studio photograph.,0.9418,PASS,es,0.8370227813720703
MB077,fashion_apparel,ULAN,Fotografía de moda en plano horizontal de una sudadera con capucha gris colocada sobre unos pantalones de chándal negros sobre una superficie blanca; se ve la etiqueta «ULAN» en la sudadera; iluminación editorial nítida.,"Flat lay fashion shot of a gray hoodie placed above black jogger pants on a white surface, ULAN tag visible on hoodie, clean editorial lighting","[""hoodie"", ""jogger pants""]","{""hoodie"": ""gray"", ""jogger pants"": ""black""}","[""hoodie above jogger pants""]","[""ULAN""]","[""flat lay"", ""white background"", ""editorial""]",A horizontal fashion photograph of a gray hoodie draped over black sweatpants on a white surface; the “ULAN” label is visible on the hoodie; crisp editorial lighting.,0.9229,PASS,es,0.8222726583480835
MB078,fashion_apparel,VIBE,Fotografía de producto de unos zapatos de vestir Oxford de cuero marrón colocados a la izquierda de un maletín de cuero color canela sobre un suelo de mármol oscuro; la palabra «VIBE» en la suela del zapato; iluminación editorial profesional.,"Product photography of brown leather Oxford dress shoes placed to the left of a tan leather briefcase on a dark marble floor, VIBE on shoe sole, professional editorial lighting","[""dress shoes"", ""briefcase""]","{""dress shoes"": ""brown"", ""briefcase"": ""tan""}","[""dress shoes left of briefcase""]","[""VIBE""]","[""editorial photography"", ""dark marble"", ""professional lighting""]",Product photograph of a pair of brown leather Oxford dress shoes placed to the left of a cinnamon-colored leather briefcase on a dark marble floor; the word “VIBE” on the sole of the shoe; professional editorial lighting.,0.9393,PASS,es,0.8474771976470947
MB079,fashion_apparel,WOVEN,Fotografía de producto de una chaqueta de invierno roja colocada debajo de unos guantes de cuero negros sobre un fondo blanco; etiqueta «WOVEN» en la cremallera de la chaqueta; iluminación acogedora de invierno.,"Product photography of a red winter jacket placed below black leather gloves on a white background, WOVEN label on jacket zip, cozy winter lighting","[""winter jacket"", ""leather gloves""]","{""winter jacket"": ""red"", ""leather gloves"": ""black""}","[""winter jacket below leather gloves""]","[""WOVEN""]","[""product photography"", ""white background"", ""soft lighting""]",Product photo of a red winter jacket placed beneath a pair of black leather gloves against a white background; “WOVEN” label on the jacket’s zipper; cozy winter lighting.,0.9312,PASS,es,0.8744020462036133
MB080,fashion_apparel,XARA,Fotografía de producto en plano horizontal de unos pantalones cortos deportivos negros colocados debajo de unas zapatillas blancas de running sobre el suelo gris de un gimnasio; el logotipo de XARA aparece en la cintura de los pantalones cortos; iluminación brillante de estudio.,"Flat lay product shot of black athletic shorts placed below white running sneakers on a gray gym floor, XARA logo on shorts waistband, bright studio lighting","[""athletic shorts"", ""sneakers""]","{""athletic shorts"": ""black"", ""sneakers"": ""white""}","[""athletic shorts below sneakers""]","[""XARA""]","[""flat lay"", ""gray background"", ""bright lighting""]",A horizontal product photograph of black athletic shorts placed beneath a pair of white running shoes on the gray floor of a gym; the XARA logo appears on the waistband of the shorts; bright studio lighting.,0.9225,PASS,es,0.8108949065208435
MB081,fashion_apparel,YARN,"Fotografía de estilo «flat lay» de estilo de vida en la que aparece una bolsa de lona beige colocada a la izquierda de un libro de bolsillo blanco sobre una superficie de madera; la palabra «YARN» aparece en el lateral de la bolsa, con una cálida iluminación natural.","Lifestyle flat lay of a beige canvas tote bag placed to the left of a white paperback book on a wooden surface, YARN on tote side, warm natural lighting","[""canvas tote bag"", ""paperback book""]","{""canvas tote bag"": ""beige"", ""paperback book"": ""white""}","[""canvas tote bag left of paperback book""]","[""YARN""]","[""flat lay"", ""wooden surface"", ""warm lighting""]","A ""flat lay"" lifestyle photograph featuring a beige canvas bag placed to the left of a white paperback book on a wooden surface; the word ""YARN"" appears on the side of the bag, bathed in warm natural light.",0.9103,PASS,es,0.7056055068969727
MB082,fashion_apparel,ZOLA,Fotografía editorial de moda de una gabardina beige colgada debajo de un paraguas negro frente a una pared blanca; la etiqueta «ZOLA» en la gabardina; iluminación editorial limpia.,"Fashion editorial product shot of a beige trench coat hung below a black umbrella against a white wall, ZOLA label on coat, clean editorial lighting","[""trench coat"", ""umbrella""]","{""trench coat"": ""beige"", ""umbrella"": ""black""}","[""trench coat below umbrella""]","[""ZOLA""]","[""editorial photography"", ""white wall"", ""clean lighting""]",Editorial fashion photograph of a beige trench coat hanging beneath a black umbrella in front of a white wall; the “ZOLA” label on the trench coat; clean editorial lighting.,0.9504,PASS,es,0.8467794060707092
MB083,fashion_apparel,AEON,Fotografía de producto de unos culotes de ciclismo negros colocados a la derecha de un casco de ciclismo blanco sobre una superficie gris claro; el logotipo de AEON aparece en el lateral del casco; fotografía de estudio nítida.,"Product photography of black cycling shorts placed to the right of a white cycling helmet on a light gray surface, AEON logo on helmet side, clean studio shot","[""cycling shorts"", ""cycling helmet""]","{""cycling shorts"": ""black"", ""cycling helmet"": ""white""}","[""cycling shorts right of cycling helmet""]","[""AEON""]","[""product photography"", ""gray background"", ""studio lighting""]",Product photograph of a pair of black cycling shorts placed to the right of a white cycling helmet on a light gray surface; the AEON logo appears on the side of the helmet; sharp studio photograph.,0.9511,PASS,es,0.8528866171836853
MB084,fashion_apparel,BRIM,Fotografía de producto de una cartera de piel negra colocada debajo de unas monedas de plata sobre una superficie de mármol oscuro; con la inscripción «BRIM» grabada en relieve en la parte delantera de la cartera; iluminación editorial de lujo.,"Product photography of a black leather wallet placed below silver coins on a dark marble surface, BRIM embossed on wallet front, luxury editorial lighting","[""leather wallet"", ""coins""]","{""leather wallet"": ""black"", ""coins"": ""silver""}","[""leather wallet below coins""]","[""BRIM""]","[""luxury editorial"", ""dark marble"", ""dramatic lighting""]",Product photograph of a black leather wallet placed beneath some silver coins on a dark marble surface; with the inscription “BRIM” embossed on the front of the wallet; luxury editorial lighting.,0.923,PASS,es,0.8498350381851196
MB085,fashion_apparel,CORD,Fotografía de moda en plano horizontal de un gorro de punto gris colocado debajo de una chaqueta azul marino sobre una superficie blanca; etiqueta «CORD» en el gorro; iluminación natural y nítida.,"Flat lay fashion shot of a gray knit beanie hat placed below a navy jacket on a white surface, CORD tag on beanie, clean natural lighting","[""beanie hat"", ""jacket""]","{""beanie hat"": ""gray"", ""jacket"": ""navy""}","[""beanie hat below jacket""]","[""CORD""]","[""flat lay"", ""white background"", ""natural lighting""]","A horizontal fashion photograph of a gray knit hat placed under a navy blue jacket on a white surface; the hat bears a ""CORD"" label; the lighting is natural and crisp.",0.8913,PASS,es,0.7496032118797302
MB086,fashion_apparel,DUSK,Fotografía de producto de moda en la que aparecen unos zapatos de tacón de plataforma negros situados a la derecha de un bolso de mano de piel roja sobre una superficie dorada; el logotipo de DUSK en el tacón; iluminación editorial glamurosa.,"Fashion product photography of black platform heels placed to the right of a red leather clutch bag on a gold surface, DUSK logo on heel, glamorous editorial lighting","[""platform heels"", ""clutch bag""]","{""platform heels"": ""black"", ""clutch bag"": ""red""}","[""platform heels right of clutch bag""]","[""DUSK""]","[""editorial photography"", ""gold surface"", ""glamorous lighting""]",Fashion product photograph featuring black platform heels placed to the right of a red leather clutch on a gold surface; the DUSK logo on the heel; glamorous editorial lighting.,0.9677,PASS,es,0.8508992195129395
MB087,fashion_apparel,ZYLO,Fotografía de producto de unos pantalones cargo verdes colocados debajo de unas botas de cuero marrones sobre un fondo blanco; etiqueta «ZYLO» en la cintura de los pantalones; iluminación limpia de estudio.,"Product photography of green cargo pants placed below brown leather boots on a white background, ZYLO label on pants waistband, clean studio lighting","[""cargo pants"", ""leather boots""]","{""cargo pants"": ""green"", ""leather boots"": ""brown""}","[""cargo pants below leather boots""]","[""ZYLO""]","[""product photography"", ""white background"", ""studio lighting""]",Product photo of green cargo pants worn with brown leather boots against a white background; “ZYLO” label on the waistband of the pants; clean studio lighting.,0.965,PASS,es,0.8615358471870422
MB088,fashion_apparel,FINN,Fotografía de producto en plano horizontal de una corbata de seda azul marino colocada debajo de una camisa blanca sobre una superficie gris; la palabra «FINN» tejida en la etiqueta de la corbata; iluminación editorial profesional.,"Flat lay product shot of a navy blue silk tie placed below a white dress shirt on a gray surface, FINN woven on tie label, professional editorial lighting","[""silk tie"", ""dress shirt""]","{""silk tie"": ""navy"", ""dress shirt"": ""white""}","[""silk tie below dress shirt""]","[""FINN""]","[""flat lay"", ""gray background"", ""professional lighting""]",A horizontal product photograph of a navy blue silk tie placed beneath a white shirt on a gray surface; the word “FINN” woven into the tie’s label; professional editorial lighting.,0.94,PASS,es,0.7961829304695129
MB089,fashion_apparel,GILD,Fotografía de estilo de vida en la que se muestran unas mallas de gimnasio moradas colocadas a la derecha de unas zapatillas deportivas blancas sobre el suelo limpio de un gimnasio; el logotipo de GILD aparece en la cintura de las mallas; iluminación brillante de estudio.,"Lifestyle flat lay of purple gym leggings placed to the right of white sports shoes on a clean gym floor, GILD logo on leggings waistband, bright studio lighting","[""gym leggings"", ""sports shoes""]","{""gym leggings"": ""purple"", ""sports shoes"": ""white""}","[""gym leggings right of sports shoes""]","[""GILD""]","[""flat lay"", ""white background"", ""bright lighting""]",A lifestyle photograph showing a pair of purple gym leggings placed to the right of a pair of white sneakers on the clean floor of a gym; the GILD logo appears on the waistband of the leggings; bright studio lighting.,0.9158,PASS,es,0.7448095083236694
MB090,fashion_apparel,HAZE,Composición «flat lay» de estilo veraniego en la que se muestran unas sandalias de cuero color tostado colocadas a la derecha de un sombrero de paja blanco de playa sobre una superficie arenosa; el logotipo de HAZE aparece en la correa de la sandalia; iluminación natural brillante.,"Summer lifestyle flat lay of tan leather sandals placed to the right of a white straw beach hat on a sandy surface, HAZE logo on sandal strap, bright natural lighting","[""leather sandals"", ""straw beach hat""]","{""leather sandals"": ""tan"", ""straw beach hat"": ""white""}","[""leather sandals right of straw beach hat""]","[""HAZE""]","[""flat lay"", ""sandy surface"", ""natural lighting""]",A summer-themed “flat lay” composition featuring tan leather sandals placed to the right of a white straw beach hat on a sandy surface; the HAZE logo appears on the sandal strap; bright natural lighting.,0.9096,PASS,es,0.7343441247940063
MB091,automotive,TORQ,"Fotografía de producto automovilístico de un coche deportivo rojo situado a la izquierda de un casco de carreras blanco sobre el suelo oscuro de un estudio; el logotipo de TORQ aparece en el capó del coche, con una iluminación de estudio espectacular.","Automotive product photography of a red sports car placed to the left of a white racing helmet on a dark studio floor, TORQ logo on car hood, dramatic studio lighting","[""sports car"", ""racing helmet""]","{""sports car"": ""red"", ""racing helmet"": ""white""}","[""sports car left of racing helmet""]","[""TORQ""]","[""product photography"", ""dark background"", ""dramatic lighting""]","Automotive product photograph of a red sports car positioned to the left of a white racing helmet on the dark floor of a studio; the TORQ logo appears on the car's hood, with dramatic studio lighting.",0.9705,PASS,es,0.8406578302383423
MB092,automotive,RUSH,"Fotografía de producto de un coche eléctrico blanco con un cable de recarga verde situado a su izquierda sobre el suelo limpio de un estudio; el logotipo de RUSH aparece en la puerta del coche, con un fondo blanco y limpio.","Product photography of a white electric car with a green charging cable placed to its left on a clean studio floor, RUSH logo on car door, clean white background","[""electric car"", ""charging cable""]","{""electric car"": ""white"", ""charging cable"": ""green""}","[""charging cable left of electric car""]","[""RUSH""]","[""product photography"", ""white background"", ""clean lighting""]","Product photograph of a white electric car with a green charging cable positioned to its left on the clean floor of a studio; the RUSH logo appears on the car's door, against a clean white background.",0.9581,PASS,es,0.8573656678199768
MB093,automotive,FORGE,"Fotografía de producto de un SUV negro con una baca plateada montada en el techo, sobre un suelo blanco de estudio; con la inscripción «FORGE» en el capó y una iluminación de estudio espectacular.","Automotive product shot of a black SUV with a silver roof rack mounted above on a white studio floor, FORGE on hood, dramatic studio lighting","[""SUV"", ""roof rack""]","{""SUV"": ""black"", ""roof rack"": ""silver""}","[""roof rack above SUV""]","[""FORGE""]","[""product photography"", ""white background"", ""dramatic lighting""]","Product photograph of a black SUV with a silver roof rack mounted on the roof, set against a white studio background; featuring the word “FORGE” on the hood and dramatic studio lighting.",0.9012,PASS,es,0.7745121717453003
MB094,automotive,HELIX,"Fotografía de producto de una motocicleta negra situada a la izquierda de un casco integral blanco sobre el suelo oscuro de un estudio; el logotipo de HELIX aparece en el depósito de la motocicleta, con una iluminación de estudio espectacular.","Product photography of a black motorcycle placed to the left of a white full-face helmet on a dark studio floor, HELIX logo on motorcycle tank, dramatic studio lighting","[""motorcycle"", ""helmet""]","{""motorcycle"": ""black"", ""helmet"": ""white""}","[""motorcycle left of helmet""]","[""HELIX""]","[""product photography"", ""dark background"", ""dramatic lighting""]","Product photograph of a black motorcycle positioned to the left of a white full-face helmet on the dark floor of a studio; the HELIX logo appears on the motorcycle's fuel tank, illuminated by dramatic studio lighting.",0.9308,PASS,es,0.8225568532943726
MB095,automotive,JOLT,Fotografía de producto de automoción de un coche deportivo azul con un neumático negro colocado debajo sobre el suelo blanco de un estudio; la inscripción «JOLT» en el capó; iluminación nítida y espectacular.,"Automotive product shot of a blue sports car with a black tire placed below on a white studio floor, JOLT on car hood, clean dramatic lighting","[""sports car"", ""tire""]","{""sports car"": ""blue"", ""tire"": ""black""}","[""tire below sports car""]","[""JOLT""]","[""product photography"", ""white background"", ""dramatic lighting""]",Automotive product photograph of a blue sports car with a black tire placed beneath it on the white floor of a studio; the word “JOLT” on the hood; crisp and dramatic lighting.,0.9593,PASS,es,0.8228297233581543
MB096,automotive,KINETIC,Fotografía de producto de una camioneta naranja situada a la izquierda de una caja de herramientas metálica negra sobre una superficie de hormigón; la palabra «KINETIC» aparece en la puerta de la camioneta; iluminación natural en exteriores.,"Product photography of an orange pickup truck placed to the left of a black metal toolbox on a concrete surface, KINETIC on truck door, outdoor natural lighting","[""pickup truck"", ""toolbox""]","{""pickup truck"": ""orange"", ""toolbox"": ""black""}","[""pickup truck left of toolbox""]","[""KINETIC""]","[""product photography"", ""concrete surface"", ""outdoor lighting""]",Product photograph of an orange pickup truck positioned to the left of a black metal toolbox on a concrete surface; the word “KINETIC” appears on the truck’s door; natural outdoor lighting.,0.9211,PASS,es,0.8256067037582397
MB097,automotive,LAUNCH,Fotografía de producto de un patinete eléctrico blanco situado a la izquierda de un casco de seguridad negro sobre una acera urbana gris; la palabra «LAUNCH» aparece en la plataforma del patinete; iluminación natural y nítida.,"Product photography of a white electric scooter placed to the left of a black safety helmet on a gray urban sidewalk, LAUNCH on scooter deck, clean natural lighting","[""electric scooter"", ""safety helmet""]","{""electric scooter"": ""white"", ""safety helmet"": ""black""}","[""electric scooter left of safety helmet""]","[""LAUNCH""]","[""product photography"", ""urban setting"", ""natural lighting""]","Product photograph of a white electric scooter positioned to the left of a black safety helmet on a gray city sidewalk; the word “LAUNCH” appears on the scooter’s deck; natural, crisp lighting.",0.935,PASS,es,0.7969192862510681
MB098,automotive,MOTION,"Fotografía de producto de un coche urbano compacto de color plateado situado a la izquierda de una señal de aparcamiento blanca en una calle de la ciudad; el logotipo de MOTION aparece en el capó del coche, con un intenso alumbrado urbano.","Product photography of a silver compact city car placed to the left of a white parking sign on a city street, MOTION logo on car hood, bright urban lighting","[""city car"", ""parking sign""]","{""city car"": ""silver"", ""parking sign"": ""white""}","[""city car left of parking sign""]","[""MOTION""]","[""product photography"", ""urban setting"", ""bright lighting""]","Product photograph of a silver compact city car positioned to the left of a white parking sign on a city street; the MOTION logo appears on the car's hood, with bright city lights in the background.",0.9501,PASS,es,0.8438644409179688
MB099,automotive,PULSE,Fotografía de producto de un descapotable amarillo situado sobre una llave de coche plateada en el suelo oscuro de una sala de exposición; la palabra «PULSE» en la puerta del coche; iluminación espectacular de la sala de exposición.,"Product photography of a yellow convertible car placed above a silver car key on a dark showroom floor, PULSE on car door, dramatic showroom lighting","[""convertible car"", ""car key""]","{""convertible car"": ""yellow"", ""car key"": ""silver""}","[""convertible car above car key""]","[""PULSE""]","[""product photography"", ""dark showroom"", ""dramatic lighting""]",Product photograph of a yellow convertible resting on a silver car key on the dark floor of a showroom; the word “PULSE” on the car door; dramatic lighting in the showroom.,0.9431,PASS,es,0.7579466700553894
MB100,automotive,QUEST,Fotografía de producto de un coche híbrido verde situado a la izquierda de un panel solar azul marino sobre una superficie limpia de estudio; la inscripción «QUEST» en el capó del coche; fondo blanco limpio de estudio.,"Product photography of a green hybrid car placed to the left of a navy solar panel on a clean studio surface, QUEST on car hood, clean white studio background","[""hybrid car"", ""solar panel""]","{""hybrid car"": ""green"", ""solar panel"": ""navy""}","[""hybrid car left of solar panel""]","[""QUEST""]","[""product photography"", ""white background"", ""clean lighting""]",Product photograph of a green hybrid car positioned to the left of a navy blue solar panel on a clean studio background; the word “QUEST” on the car’s hood; clean white studio background.,0.9508,PASS,es,0.8321794867515564
MB101,automotive,RACER,Imagen espectacular de un coche de carreras rojo situado a la izquierda de una bandera a cuadros en blanco y negro en un circuito de carreras; el logotipo de RACER en el capó del coche; iluminación espectacular propia de una carrera.,"Dramatic product shot of a red racing car placed to the left of a black and white checkered flag on a racing track, RACER logo on car hood, dramatic race lighting","[""racing car"", ""checkered flag""]","{""racing car"": ""red"", ""checkered flag"": ""black""}","[""racing car left of checkered flag""]","[""RACER""]","[""product photography"", ""race track"", ""dramatic lighting""]",A spectacular image of a red race car positioned to the left of a black-and-white checkered flag on a race track; the RACER logo on the hood of the car; spectacular lighting typical of a race.,0.9582,PASS,es,0.8459518551826477
MB102,automotive,SPEED,Fotografía de producto de una moto deportiva plateada colocada sobre unos guantes de competición de cuero negro sobre una superficie oscura de estudio; la palabra «SPEED» en el carenado de la moto; iluminación dramática de estudio.,"Product photography of a silver sports motorcycle placed above black leather racing gloves on a dark studio surface, SPEED on motorcycle fairing, dramatic studio lighting","[""sports motorcycle"", ""racing gloves""]","{""sports motorcycle"": ""silver"", ""racing gloves"": ""black""}","[""sports motorcycle above racing gloves""]","[""SPEED""]","[""product photography"", ""dark background"", ""dramatic lighting""]",Product photograph of a silver sports motorcycle placed on top of black leather racing gloves on a dark studio background; the word “SPEED” on the motorcycle’s fairing; dramatic studio lighting.,0.977,PASS,es,0.7919238209724426
MB103,automotive,THRUST,Fotografía de producto de un turismo familiar blanco con una silla infantil negra colocada a su derecha sobre una superficie gris de estudio; la palabra «THRUST» en la puerta del turismo; iluminación de estudio nítida.,"Product photography of a white family sedan with a black child seat placed to its right on a gray studio surface, THRUST on sedan door, clean studio lighting","[""family sedan"", ""child seat""]","{""family sedan"": ""white"", ""child seat"": ""black""}","[""child seat right of family sedan""]","[""THRUST""]","[""product photography"", ""gray background"", ""clean lighting""]",Product photograph of a white family sedan with a black child seat positioned to its right on a gray studio background; the word “THRUST” on the car’s door; crisp studio lighting.,0.9557,PASS,es,0.7818586826324463
MB104,automotive,VEER,Fotografía de producto de un todoterreno marrón situado a la izquierda de una rueda de repuesto negra sobre una superficie irregular al aire libre; con el logotipo de VEER en el capó; iluminación natural al aire libre.,"Product photography of a brown off-road vehicle placed to the left of a black spare tire on a rugged outdoor surface, VEER on hood, outdoor natural lighting","[""off-road vehicle"", ""spare tire""]","{""off-road vehicle"": ""brown"", ""spare tire"": ""black""}","[""off-road vehicle left of spare tire""]","[""VEER""]","[""product photography"", ""outdoor surface"", ""natural lighting""]",Product photograph of a brown SUV positioned to the left of a black spare tire on an uneven outdoor surface; featuring the VEER logo on the hood; natural outdoor lighting.,0.9416,PASS,es,0.8134008646011353
MB105,automotive,WARP,"Fotografía de producto de lujo de un sedán negro situado sobre un llavero dorado en el suelo de mármol oscuro de una sala de exposición, con la inscripción «WARP» en el capó del sedán y una iluminación editorial espectacular.","Luxury product photography of a black sedan placed above a gold key fob on a dark marble showroom floor, WARP on sedan hood, dramatic editorial lighting","[""sedan"", ""key fob""]","{""sedan"": ""black"", ""key fob"": ""gold""}","[""sedan above key fob""]","[""WARP""]","[""luxury editorial"", ""dark marble"", ""dramatic lighting""]","A luxury product photograph of a black sedan placed on a gold keychain on the dark marble floor of a showroom, with the word “WARP” inscribed on the hood of the sedan and dramatic editorial lighting.",0.9064,PASS,es,0.8246598243713379
MB106,automotive,XCEL,Fotografía de producto de una bicicleta eléctrica blanca situada a la izquierda de un cable de carga negro sobre el suelo blanco y limpio de un estudio; se lee «XCEL» en el cuadro de la bicicleta; iluminación limpia de estudio.,"Product photography of a white electric bicycle placed to the left of a black charging cable on a clean white studio floor, XCEL on bicycle frame, clean studio lighting","[""electric bicycle"", ""charging cable""]","{""electric bicycle"": ""white"", ""charging cable"": ""black""}","[""electric bicycle left of charging cable""]","[""XCEL""]","[""product photography"", ""white background"", ""studio lighting""]","Product photograph of a white electric bicycle positioned to the left of a black charging cable on the clean, white floor of a studio; the word “XCEL” is visible on the bicycle’s frame; clean studio lighting.",0.9468,PASS,es,0.8427488803863525
MB107,automotive,YOKE,Fotografía publicitaria de gran estilo de un coche de carreras rojo situado a la izquierda de un trofeo dorado sobre el suelo oscuro de una sala de exposición; la palabra «YOKE» en el capó del coche; atmósfera espectacular con iluminación dorada.,"Glamour product shot of a red racing car placed to the left of a gold trophy on a dark showroom floor, YOKE on car hood, dramatic gold-lit atmosphere","[""racing car"", ""trophy""]","{""racing car"": ""red"", ""trophy"": ""gold""}","[""racing car left of trophy""]","[""YOKE""]","[""product photography"", ""dark showroom"", ""glamorous lighting""]",A stylish advertising photograph of a red race car positioned to the left of a golden trophy on the dark floor of a showroom; the word “YOKE” on the car’s hood; a spectacular atmosphere with golden lighting.,0.8596,PASS,es,0.8295373916625977
MB108,automotive,ZOOM,Fotografía de producto de una furgoneta de reparto blanca situada a la izquierda de una caja de cartón marrón sobre el asfalto gris de una calle; primer plano de la puerta de la furgoneta; iluminación comercial nítida.,"Product photography of a white delivery van placed to the left of a brown cardboard box on a gray street surface, ZOOM on van door, clean commercial lighting","[""delivery van"", ""cardboard box""]","{""delivery van"": ""white"", ""cardboard box"": ""brown""}","[""delivery van left of cardboard box""]","[""ZOOM""]","[""product photography"", ""gray surface"", ""commercial lighting""]",Product photograph of a white delivery van positioned to the left of a brown cardboard box on the gray asphalt of a street; close-up of the van's door; crisp commercial lighting.,0.9603,PASS,es,0.7994647026062012
MB109,automotive,ALPHA,Fotografía de producto de una autocaravana de color beige situada a la izquierda de una tienda de campaña verde sobre una superficie exterior cubierta de césped; se lee «ALPHA» en el lateral de la autocaravana; iluminación de la hora dorada.,"Product photography of a beige campervan placed to the left of a green camping tent on a grassy outdoor surface, ALPHA on van side, golden hour lighting","[""campervan"", ""camping tent""]","{""campervan"": ""beige"", ""camping tent"": ""green""}","[""campervan left of camping tent""]","[""ALPHA""]","[""product photography"", ""outdoor setting"", ""golden hour""]",Product photograph of a beige motorhome positioned to the left of a green tent on a grassy outdoor area; the word “ALPHA” is visible on the side of the motorhome; shot during the golden hour.,0.8423,REVIEW,es,0.8235004544258118
MB110,automotive,BRAVO,Fotografía retro de un coche clásico azul situado a la izquierda de un surtidor de gasolina plateado sobre una superficie de hormigón; la palabra «BRAVO» en el capó; iluminación cálida de estilo vintage.,"Retro product shot of a blue vintage car placed to the left of a silver fuel pump on a concrete surface, BRAVO on car hood, warm vintage lighting","[""vintage car"", ""fuel pump""]","{""vintage car"": ""blue"", ""fuel pump"": ""silver""}","[""vintage car left of fuel pump""]","[""BRAVO""]","[""product photography"", ""concrete surface"", ""vintage lighting""]","A retro photograph of a blue classic car positioned to the left of a silver gas pump on a concrete surface; the word “BRAVO” on the hood; warm, vintage-style lighting.",0.9242,PASS,es,0.8504312634468079
MB111,automotive,TORVEX,"Fotografía de producto de un coche deportivo negro de tipo hatchback con una baca plateada montada en el techo, sobre un suelo blanco de estudio; la inscripción «TORVEX» en la puerta del coche; iluminación espectacular de estudio.","Product photography of a black sports hatchback with a silver roof rack mounted above on a white studio floor, TORVEX on car door, dramatic studio lighting","[""sports hatchback"", ""roof rack""]","{""sports hatchback"": ""black"", ""roof rack"": ""silver""}","[""roof rack above sports hatchback""]","[""TORVEX""]","[""product photography"", ""white background"", ""dramatic lighting""]","Product photograph of a black hatchback sports car with a silver roof rack mounted on the roof, set against a white studio background; the word “TORVEX” on the car door; dramatic studio lighting.",0.8847,PASS,es,0.7913725972175598
MB112,automotive,DELTA,Fotografía de producto de un coche de policía blanco con una luz roja de sirena situada en la parte superior sobre una superficie gris; la inscripción «DELTA» en la puerta del coche; iluminación nocturna espectacular.,"Product photography of a white police car with a red siren light placed above on a gray surface, DELTA on car door, dramatic night lighting","[""police car"", ""siren light""]","{""police car"": ""white"", ""siren light"": ""red""}","[""siren light above police car""]","[""DELTA""]","[""product photography"", ""gray surface"", ""dramatic lighting""]","Product photograph of a white police car with a red siren light mounted on top, set against a gray background; the word “DELTA” on the car’s door; dramatic nighttime lighting.",0.9177,PASS,es,0.8379618525505066
MB113,automotive,EAGLE,Fotografía de producto de un autobús escolar amarillo situado a la derecha de una señal de stop roja sobre el asfalto gris; la palabra «EAGLE» aparece en el lateral del autobús; iluminación natural brillante.,"Product photography of a yellow school bus placed to the right of a red stop sign on a gray road surface, EAGLE on bus side, bright natural lighting","[""school bus"", ""stop sign""]","{""school bus"": ""yellow"", ""stop sign"": ""red""}","[""school bus right of stop sign""]","[""EAGLE""]","[""product photography"", ""gray road"", ""bright lighting""]",Product photograph of a yellow school bus positioned to the right of a red stop sign on gray asphalt; the word “EAGLE” appears on the side of the bus; bright natural lighting.,0.9596,PASS,es,0.8247112035751343
MB114,automotive,FOXTROT,Fotografía de producto de un camión de bomberos rojo situado a la derecha de una manguera de bomberos amarilla enrollada sobre una superficie de hormigón; la inscripción «FOXTROT» en la puerta del camión; atmósfera dramática con iluminación roja.,"Product photography of a red fire truck placed to the right of a yellow coiled fire hose on a concrete surface, FOXTROT on truck door, dramatic red-lit atmosphere","[""fire truck"", ""fire hose""]","{""fire truck"": ""red"", ""fire hose"": ""yellow""}","[""fire truck right of fire hose""]","[""FOXTROT""]","[""product photography"", ""concrete surface"", ""dramatic lighting""]",Product photograph of a red fire truck positioned to the right of a yellow fire hose coiled on a concrete surface; the word “FOXTROT” on the truck’s door; dramatic atmosphere with red lighting.,0.8946,PASS,es,0.8357995748519897
MB115,automotive,GRAND,"Fotografía de producto de lujo de una limusina negra situada sobre una alfombra roja en una calle oscura de la ciudad, con la palabra «GRAND» en la puerta de la limusina y una glamurosa iluminación nocturna.","Luxury product shot of a black limousine placed above a red carpet on a dark city street, GRAND on limo door, glamorous night lighting","[""limousine"", ""red carpet""]","{""limousine"": ""black"", ""red carpet"": ""red""}","[""limousine above red carpet""]","[""GRAND""]","[""luxury editorial"", ""dark setting"", ""glamorous lighting""]","A luxury product photograph of a black limousine parked on a red carpet on a dark city street, with the word “GRAND” on the limousine’s door and glamorous nighttime lighting.",0.9424,PASS,es,0.8324234485626221
MB116,automotive,HOUND,Fotografía de producto de un vehículo todoterreno gris situado a la derecha de unas cadenas para la nieve plateadas sobre una superficie nevada blanca; la palabra «HOUND» en la puerta del vehículo; iluminación típica de un frío invierno.,"Product photography of a gray all-terrain vehicle placed to the right of silver snow chains on a white snowy surface, HOUND on vehicle door, cold winter lighting","[""all-terrain vehicle"", ""snow chains""]","{""all-terrain vehicle"": ""gray"", ""snow chains"": ""silver""}","[""all-terrain vehicle right of snow chains""]","[""HOUND""]","[""product photography"", ""snowy surface"", ""cold lighting""]",Product photograph of a gray SUV positioned to the right of silver snow chains on a white snowy surface; the word “HOUND” on the vehicle’s door; lighting typical of a cold winter.,0.9602,PASS,es,0.800376296043396
MB117,automotive,IRON,Fotografía de producto de una moto cruiser negra colocada sobre alforjas de cuero marrón sobre el suelo oscuro de un estudio; la palabra «IRON» en el depósito de la moto; iluminación dramática de estudio.,"Product photography of a black cruiser motorcycle placed above brown leather saddlebags on a dark studio floor, IRON on motorcycle tank, dramatic studio lighting","[""motorcycle"", ""saddlebags""]","{""motorcycle"": ""black"", ""saddlebags"": ""brown""}","[""motorcycle above saddlebags""]","[""IRON""]","[""product photography"", ""dark background"", ""dramatic lighting""]",Product photograph of a black cruiser motorcycle resting on brown leather saddlebags against the dark floor of a studio; the word “IRON” on the motorcycle’s gas tank; dramatic studio lighting.,0.9107,PASS,es,0.7758721113204956
MB118,automotive,VANTIS,Fotografía de producto de un todoterreno blindado de color verde con una antena de radio negra situada a su derecha sobre una superficie gris; el logotipo «VANTIS» en el capó; iluminación de estudio espectacular.,"Product photography of a green armored SUV with a black radio antenna placed to its right on a gray surface, VANTIS on hood, dramatic studio lighting","[""armored SUV"", ""radio antenna""]","{""armored SUV"": ""green"", ""radio antenna"": ""black""}","[""radio antenna right of armored SUV""]","[""VANTIS""]","[""product photography"", ""gray surface"", ""dramatic lighting""]","Product photograph of a green armored SUV with a black radio antenna on its right side, set against a gray background; the “VANTIS” logo on the hood; dramatic studio lighting.",0.9663,PASS,es,0.8365157246589661
MB119,automotive,KILO,Fotografía de producto de un microcoche rojo situado a la derecha de un mapa urbano blanco doblado sobre una superficie urbana gris; la inscripción «KILO» en la puerta del coche; iluminación urbana intensa.,"Product photography of a red micro car placed to the right of a white folded city map on a gray urban surface, KILO on car door, bright urban lighting","[""micro car"", ""city map""]","{""micro car"": ""red"", ""city map"": ""white""}","[""micro car right of city map""]","[""KILO""]","[""product photography"", ""urban setting"", ""bright lighting""]",Product photograph of a red microcar positioned to the right of a white city map folded on a gray urban surface; the word “KILO” on the car door; bright city lights.,0.9402,PASS,es,0.8476628065109253
MB120,automotive,LANCE,"Fotografía de producto de una superbike naranja situada a la derecha de un cono negro de circuito sobre una superficie gris, con la inscripción «LANCE» en el carenado de la moto y una iluminación espectacular propia de una carrera.","Product photography of an orange superbike placed to the right of a black racing track cone on a gray track surface, LANCE on bike fairing, dramatic race lighting","[""superbike"", ""track cone""]","{""superbike"": ""orange"", ""track cone"": ""black""}","[""superbike right of track cone""]","[""LANCE""]","[""product photography"", ""race track"", ""dramatic lighting""]","Product photograph of an orange superbike positioned to the right of a black racetrack cone on a gray surface, with the word “LANCE” on the bike’s fairing and dramatic lighting typical of a race.",0.9337,PASS,es,0.8036088943481445
MB121,lifestyle_wellness,ZENITH,Fotografía de producto de una esterilla de yoga morada colocada a la izquierda de una botella de agua de acero inoxidable plateada sobre el suelo blanco de un estudio; la palabra «ZENITH» aparece sobre la esterilla; iluminación brillante y nítida.,"Product photography of a purple yoga mat placed to the left of a silver stainless steel water bottle on a white studio floor, ZENITH on mat, bright clean lighting","[""yoga mat"", ""water bottle""]","{""yoga mat"": ""purple"", ""water bottle"": ""silver""}","[""yoga mat left of water bottle""]","[""ZENITH""]","[""product photography"", ""white background"", ""bright lighting""]","Product photograph of a purple yoga mat placed to the left of a silver stainless-steel water bottle on the white floor of a studio; the word “ZENITH” appears on the mat; bright, crisp lighting.",0.9652,PASS,es,0.8389212489128113
MB122,lifestyle_wellness,REVIVE,Fotografía de producto de un frasco blanco de suplementos con cápsulas naranjas colocadas a su derecha sobre una superficie blanca y limpia; la palabra «REVIVE» aparece en la etiqueta del frasco; iluminación de estudio.,"Product photography of a white supplement bottle with orange capsules placed to its right on a clean white surface, REVIVE on bottle label, studio lighting","[""supplement bottle"", ""capsules""]","{""supplement bottle"": ""white"", ""capsules"": ""orange""}","[""capsules right of supplement bottle""]","[""REVIVE""]","[""product photography"", ""white background"", ""studio lighting""]",Product photograph of a white supplement bottle with orange capsules placed to its right on a clean white surface; the word “REVIVE” appears on the bottle’s label; studio lighting.,0.9574,PASS,es,0.8517603874206543
MB123,lifestyle_wellness,BOOST,Fotografía de producto de estilo de vida en la que aparece una bolsa de gimnasio negra situada a la izquierda de una toalla blanca doblada sobre el suelo gris de un gimnasio; el logotipo de BOOST en la correa de la bolsa; iluminación intensa del gimnasio.,"Lifestyle product shot of a black gym bag placed to the left of a white folded towel on a gray gym floor, BOOST logo on bag strap, bright gym lighting","[""gym bag"", ""towel""]","{""gym bag"": ""black"", ""towel"": ""white""}","[""gym bag left of towel""]","[""BOOST""]","[""lifestyle photography"", ""gym setting"", ""bright lighting""]",A lifestyle product photograph featuring a black gym bag positioned to the left of a folded white towel on the gray floor of a gym; the BOOST logo on the bag's strap; bright lighting in the gym.,0.9462,PASS,es,0.8558555841445923
MB124,lifestyle_wellness,AURA,Fotografía de un producto de belleza: un tarro blanco de crema facial colocado sobre unas flores rosas sobre una superficie de mármol; la palabra «AURA» en la tapa del tarro; iluminación suave y natural.,"Beauty product photography of a white face cream jar placed above pink flowers on a marble surface, AURA on jar lid, soft natural lighting","[""face cream jar"", ""flowers""]","{""face cream jar"": ""white"", ""flowers"": ""pink""}","[""face cream jar above flowers""]","[""AURA""]","[""beauty photography"", ""marble surface"", ""soft lighting""]","Photograph of a beauty product: a white jar of face cream placed on top of pink flowers on a marble surface; the word “AURA” on the jar’s lid; soft, natural lighting.",0.8926,PASS,es,0.8714076280593872
MB125,lifestyle_wellness,PEAK,Fotografía de producto de una botella mezcladora de proteínas negra colocada a la izquierda de una mancuerna plateada sobre una colchoneta de gimnasio gris; la palabra «PEAK» aparece en la botella mezcladora; iluminación dramática de gimnasio.,"Product photography of a black protein shaker bottle placed to the left of a silver dumbbell on a gray gym mat, PEAK on shaker, dramatic gym lighting","[""protein shaker"", ""dumbbell""]","{""protein shaker"": ""black"", ""dumbbell"": ""silver""}","[""protein shaker left of dumbbell""]","[""PEAK""]","[""product photography"", ""gym setting"", ""dramatic lighting""]",Product photo of a black protein shaker bottle placed to the left of a silver dumbbell on a gray gym mat; the word “PEAK” appears on the shaker bottle; dramatic gym lighting.,0.954,PASS,es,0.7809840440750122
MB126,lifestyle_wellness,CALM,Fotografía de producto de estilo de vida en la que aparece un cojín de meditación morado situado a la izquierda de una vela blanca sobre un suelo de madera de bambú; la palabra «CALM» en el lateral del cojín; iluminación ambiental suave.,"Lifestyle product shot of a purple meditation cushion placed to the left of a white candle on a bamboo wood floor, CALM on cushion side, soft ambient lighting","[""meditation cushion"", ""candle""]","{""meditation cushion"": ""purple"", ""candle"": ""white""}","[""meditation cushion left of candle""]","[""CALM""]","[""lifestyle photography"", ""bamboo surface"", ""soft lighting""]",A lifestyle product photograph featuring a purple meditation cushion placed to the left of a white candle on a bamboo floor; the word “CALM” on the side of the cushion; soft ambient lighting.,0.9616,PASS,es,0.8477602005004883
MB127,lifestyle_wellness,ALIGN,Fotografía de producto en plano horizontal de un rodillo de espuma azul colocado sobre una esterilla de yoga morada en un suelo blanco y limpio; la palabra «ALIGN» está grabada en relieve en el rodillo; iluminación brillante de estudio.,"Product flat lay of a blue foam roller placed above a purple yoga mat on a clean white floor, ALIGN embossed on roller, bright studio lighting","[""foam roller"", ""yoga mat""]","{""foam roller"": ""blue"", ""yoga mat"": ""purple""}","[""foam roller above yoga mat""]","[""ALIGN""]","[""flat lay"", ""white background"", ""bright lighting""]",A horizontal product photograph of a blue foam roller placed on a purple yoga mat on a clean white floor; the word “ALIGN” is embossed on the roller; bright studio lighting.,0.9438,PASS,es,0.7800905704498291
MB128,lifestyle_wellness,TENZO,Fotografía de producto de unas bandas elásticas rojas colocadas a la izquierda de una botella de agua negra sobre el suelo blanco de un gimnasio; la palabra «TENZO» aparece en la banda; iluminación intensa propia de un gimnasio.,"Product photography of red resistance bands placed to the left of a black water bottle on a white gym floor, TENZO on band, bright fitness studio lighting","[""resistance bands"", ""water bottle""]","{""resistance bands"": ""red"", ""water bottle"": ""black""}","[""resistance bands left of water bottle""]","[""TENZO""]","[""product photography"", ""white background"", ""bright lighting""]",Product photograph of red resistance bands placed to the left of a black water bottle on the white floor of a gym; the word “TENZO” appears on the band; intense lighting typical of a gym.,0.9413,PASS,es,0.7882298827171326
MB129,lifestyle_wellness,TERRA,"Fotografía de producto de estilo de vida en la que aparece un frasco de cristal marrón para aceites esenciales situado a la izquierda de un difusor de cerámica blanca sobre una superficie de madera; la palabra «TERRA» figura en el frasco, con una iluminación cálida de color ámbar.","Lifestyle product shot of a brown glass essential oil bottle placed to the left of a white ceramic diffuser on a wood surface, TERRA on bottle, warm amber lighting","[""essential oil bottle"", ""ceramic diffuser""]","{""essential oil bottle"": ""brown"", ""ceramic diffuser"": ""white""}","[""essential oil bottle left of ceramic diffuser""]","[""TERRA""]","[""lifestyle photography"", ""wood surface"", ""warm lighting""]","A lifestyle product photograph featuring a brown glass bottle for essential oils placed to the left of a white ceramic diffuser on a wooden surface; the word “TERRA” appears on the bottle, bathed in warm, amber-colored lighting.",0.8812,PASS,es,0.846045970916748
MB130,lifestyle_wellness,REST,"Fotografía de estilo «flat lay» de un antifaz de dormir de seda negro colocado sobre una almohada blanca en una cama gris, con la palabra «REST» escrita en el antifaz y una suave iluminación junto a la cama.","Lifestyle flat lay of a black silk sleep mask placed above a white pillow on a gray bed surface, REST on mask, soft bedside lighting","[""sleep mask"", ""pillow""]","{""sleep mask"": ""black"", ""pillow"": ""white""}","[""sleep mask above pillow""]","[""REST""]","[""flat lay"", ""gray surface"", ""soft lighting""]","A ""flat lay"" photograph of a black silk sleep mask placed on a white pillow on a gray bed, with the word ""REST"" written on the mask and soft lighting next to the bed.",0.9159,PASS,es,0.7236288785934448
MB131,lifestyle_wellness,RYNTH,Fotografía de estilo «flat lay» de un diario de tapa dura blanca colocado a la izquierda de un bolígrafo negro sobre la superficie de un escritorio de mármol; en la portada del diario se lee «RYNTH»; iluminación natural y cálida.,"Lifestyle flat lay of a white hardcover journal placed to the left of a black pen on a marble desk surface, RYNTH on journal cover, warm natural lighting","[""journal"", ""pen""]","{""journal"": ""white"", ""pen"": ""black""}","[""journal left of pen""]","[""RYNTH""]","[""flat lay"", ""marble surface"", ""natural lighting""]","A ""flat lay"" photograph of a white hardcover journal placed to the left of a black pen on the surface of a marble desk; the journal's cover reads ""RYNTH""; warm, natural lighting.",0.9281,PASS,es,0.7554405927658081
MB132,lifestyle_wellness,TRACE,Fotografía de producto de estilo de vida en la que aparece un reloj deportivo negro situado a la izquierda de un smartphone blanco sobre una superficie gris claro; la palabra «TRACE» en la esfera del reloj; iluminación de estudio nítida.,"Lifestyle product shot of a black fitness watch placed to the left of a white smartphone on a light gray surface, TRACE on watch face, clean studio lighting","[""fitness watch"", ""smartphone""]","{""fitness watch"": ""black"", ""smartphone"": ""white""}","[""fitness watch left of smartphone""]","[""TRACE""]","[""lifestyle photography"", ""gray background"", ""studio lighting""]",A lifestyle product photograph featuring a black sports watch positioned to the left of a white smartphone on a light gray surface; the word “TRACE” on the watch face; crisp studio lighting.,0.9242,PASS,es,0.8292959928512573
MB133,lifestyle_wellness,EASE,"Fotografía de producto de una pistola de masaje negra colocada sobre su base de carga blanca, sobre una superficie gris; la inscripción «EASE» en el cuerpo de la pistola; iluminación de estudio nítida.","Product photography of a black massage gun placed above its white charging base on a gray surface, EASE on gun body, clean studio lighting","[""massage gun"", ""charging base""]","{""massage gun"": ""black"", ""charging base"": ""white""}","[""massage gun above charging base""]","[""EASE""]","[""product photography"", ""gray background"", ""clean lighting""]","Product photograph of a black massage gun placed on its white charging base, on a gray surface; the word “EASE” inscribed on the body of the gun; crisp studio lighting.",0.9386,PASS,es,0.8303663730621338
MB134,lifestyle_wellness,RENEW,Fotografía de producto de un frasco blanco de colágeno en polvo situado a la izquierda de un vaso rosa sobre una superficie de mármol; en la etiqueta del frasco se lee «RENEW»; iluminación limpia y brillante.,"Product photography of a white collagen powder jar placed to the left of a pink glass on a marble surface, RENEW on jar label, clean bright lighting","[""collagen powder jar"", ""glass""]","{""collagen powder jar"": ""white"", ""glass"": ""pink""}","[""collagen powder jar left of glass""]","[""RENEW""]","[""product photography"", ""marble surface"", ""bright lighting""]","Product photograph of a white jar of collagen powder placed to the left of a pink glass on a marble surface; the label on the jar reads “RENEW”; clean, bright lighting.",0.9782,PASS,es,0.8609620332717896
MB135,lifestyle_wellness,VOXA,"Fotografía de producto de estilo de vida en la que aparece un termo verde situado a la izquierda de una bolsa marrón de frutos secos, sobre una superficie rocosa al aire libre; la palabra «VOXA» figura en el termo; iluminación natural al aire libre.","Lifestyle product shot of a green thermos placed to the left of a brown trail mix bag on a rocky outdoor surface, VOXA on thermos, outdoor natural lighting","[""thermos"", ""trail mix bag""]","{""thermos"": ""green"", ""trail mix bag"": ""brown""}","[""thermos left of trail mix bag""]","[""VOXA""]","[""lifestyle photography"", ""rocky surface"", ""outdoor lighting""]","A lifestyle product photograph featuring a green thermos placed to the left of a brown bag of nuts, on a rocky surface outdoors; the word “VOXA” appears on the thermos; natural outdoor lighting.",0.9065,PASS,es,0.7635530233383179
MB136,lifestyle_wellness,VIVID,"Fotografía del producto tomada desde arriba: un cuenco de cerámica amarillo para batidos situado sobre una cuchara plateada, sobre una superficie de mármol blanco; la palabra «VIVID» aparece en el lateral del cuenco; iluminación natural brillante.","Overhead product shot of a yellow ceramic smoothie bowl placed above a silver spoon on a white marble surface, VIVID on bowl side, bright natural lighting","[""smoothie bowl"", ""spoon""]","{""smoothie bowl"": ""yellow"", ""spoon"": ""silver""}","[""smoothie bowl above spoon""]","[""VIVID""]","[""overhead shot"", ""marble surface"", ""bright lighting""]","Product photo taken from above: a yellow ceramic smoothie bowl resting on a silver spoon, set on a white marble surface; the word “VIVID” appears on the side of the bowl; bright natural lighting.",0.8874,PASS,es,0.8492120504379272
MB137,lifestyle_wellness,SHIELD,Fotografía de producto de estilo de vida en la que aparece un frasco blanco de protector solar situado a la izquierda de una toalla de playa naranja sobre una superficie arenosa; en el frasco se lee «SHIELD»; iluminación veraniega brillante.,"Lifestyle product shot of a white sunscreen bottle placed to the left of an orange beach towel on a sandy surface, SHIELD on bottle, bright summer lighting","[""sunscreen bottle"", ""beach towel""]","{""sunscreen bottle"": ""white"", ""beach towel"": ""orange""}","[""sunscreen bottle left of beach towel""]","[""SHIELD""]","[""lifestyle photography"", ""sandy surface"", ""summer lighting""]","A lifestyle product photograph featuring a white bottle of sunscreen placed to the left of an orange beach towel on a sandy surface; the bottle reads “SHIELD”; bright, summery lighting.",0.9487,PASS,es,0.8498870134353638
MB138,lifestyle_wellness,VITAL,Fotografía de producto de un frasco de vitaminas de color naranja colocado a la derecha de un blíster plateado sobre una superficie blanca; en la etiqueta del frasco se lee «VITAL»; iluminación brillante de estudio.,"Product photography of an orange vitamin bottle placed to the right of a silver blister pack on a white surface, VITAL on bottle label, bright studio lighting","[""vitamin bottle"", ""blister pack""]","{""vitamin bottle"": ""orange"", ""blister pack"": ""silver""}","[""blister pack left of vitamin bottle""]","[""VITAL""]","[""product photography"", ""white background"", ""bright lighting""]",Product photograph of an orange vitamin bottle placed to the right of a silver blister pack on a white surface; the label on the bottle reads “VITAL”; bright studio lighting.,0.9836,PASS,es,0.8556881546974182
MB139,lifestyle_wellness,CORE,Fotografía de producto de una tabla de equilibrio de color verde azulado colocada sobre unas zapatillas deportivas blancas en el suelo de un gimnasio; la palabra «CORE» aparece en la superficie de la tabla; iluminación intensa del gimnasio.,"Product photography of a teal balance board placed above white athletic sneakers on a gym floor, CORE on board surface, bright gym lighting","[""balance board"", ""sneakers""]","{""balance board"": ""teal"", ""sneakers"": ""white""}","[""balance board above sneakers""]","[""CORE""]","[""product photography"", ""gym setting"", ""bright lighting""]",Product photograph of a blue-green balance board placed on top of a pair of white sneakers on the floor of a gym; the word “CORE” appears on the surface of the board; bright lighting in the gym.,0.8234,REVIEW,es,0.8292568922042847
MB140,lifestyle_wellness,CHILL,Fotografía de un producto de belleza: un rodillo de hielo blanco situado a la izquierda de un frasco dorado de sérum facial sobre una superficie de mármol blanco; la palabra «CHILL» en el mango del rodillo; iluminación fresca y nítida.,"Beauty product photography of a white ice roller placed to the left of a gold face serum bottle on a white marble surface, CHILL on roller handle, cool clean lighting","[""ice roller"", ""face serum bottle""]","{""ice roller"": ""white"", ""face serum bottle"": ""gold""}","[""ice roller left of face serum bottle""]","[""CHILL""]","[""beauty photography"", ""marble surface"", ""clean lighting""]","Photograph of a beauty product: a white ice roller positioned to the left of a gold-colored bottle of facial serum on a white marble surface; the word “CHILL” on the roller’s handle; crisp, clean lighting.",0.9438,PASS,es,0.8380339741706848
MB141,lifestyle_wellness,STEAM,Fotografía de producto de estilo de vida de spa en la que aparece una toalla blanca doblada colocada sobre una botella de agua negra en un banco de madera de sauna; la palabra «STEAM» en una esquina de la toalla; iluminación que evoca el vapor cálido.,"Spa lifestyle product shot of a white folded towel placed above a black water bottle on a wooden sauna bench, STEAM on towel corner, warm steam lighting","[""towel"", ""water bottle""]","{""towel"": ""white"", ""water bottle"": ""black""}","[""towel above water bottle""]","[""STEAM""]","[""lifestyle photography"", ""wooden surface"", ""warm lighting""]",A spa-themed lifestyle product photograph featuring a folded white towel placed on top of a black water bottle on a wooden sauna bench; the word “STEAM” in one corner of the towel; lighting that evokes warm steam.,0.863,PASS,es,0.8255997896194458
MB142,lifestyle_wellness,PRESS,Fotografía de producto de una esterilla de acupresión morada colocada a la derecha de una almohada rectangular blanca sobre un suelo gris claro; la palabra «PRESS» aparece en una esquina de la esterilla; iluminación de estudio nítida.,"Product photography of a purple acupressure mat placed to the right of a white rectangular pillow on a light gray floor, PRESS on mat corner, clean studio lighting","[""acupressure mat"", ""pillow""]","{""acupressure mat"": ""purple"", ""pillow"": ""white""}","[""acupressure mat right of pillow""]","[""PRESS""]","[""product photography"", ""gray background"", ""clean lighting""]",Product photograph of a purple acupressure mat placed to the right of a white rectangular pillow on a light gray floor; the word “PRESS” appears in one corner of the mat; crisp studio lighting.,0.9448,PASS,es,0.8029341697692871
MB143,lifestyle_wellness,FUEL,Fotografía de producto de un envoltorio verde de una barrita nutricional colocado sobre una botella de agua de acero inoxidable plateado sobre una superficie blanca de gimnasio; en el envoltorio se lee «FUEL»; iluminación deportiva intensa.,"Product photography of a green nutrition bar wrapper placed above a silver stainless steel water bottle on a white gym surface, FUEL on wrapper, bright athletic lighting","[""nutrition bar"", ""water bottle""]","{""nutrition bar"": ""green"", ""water bottle"": ""silver""}","[""nutrition bar above water bottle""]","[""FUEL""]","[""product photography"", ""white background"", ""bright lighting""]",Product photograph of a green nutritional bar wrapper placed on top of a silver stainless steel water bottle on a white gym floor; the wrapper reads “FUEL”; intense sports lighting.,0.975,PASS,es,0.7547221183776855
MB144,lifestyle_wellness,MASS,Fotografía de producto de una bolsa grande negra de proteína en polvo colocada a la derecha de un shaker rojo en el suelo de un gimnasio; la palabra «MASS» en la parte delantera de la bolsa; iluminación dramática de gimnasio.,"Product photography of a large black protein powder bag placed to the right of a red shaker bottle on a gym floor, MASS on bag front, dramatic gym lighting","[""protein powder bag"", ""shaker bottle""]","{""protein powder bag"": ""black"", ""shaker bottle"": ""red""}","[""protein powder bag right of shaker bottle""]","[""MASS""]","[""product photography"", ""gym setting"", ""dramatic lighting""]",Product photo of a large black bag of protein powder placed to the right of a red shaker on the floor of a gym; the word “MASS” on the front of the bag; dramatic gym lighting.,0.9271,PASS,es,0.8002344369888306
MB145,lifestyle_wellness,LUMI,Fotografía de un producto de belleza: un tubo blanco de crema para los ojos colocado a la derecha de un espejo de mano dorado sobre una superficie de mármol rosa; la palabra «LUMI» en la tapa del tubo; iluminación suave y glamurosa.,"Beauty product photography of a white eye cream tube placed to the right of a gold handheld mirror on a pink marble surface, LUMI on tube cap, soft glamorous lighting","[""eye cream tube"", ""handheld mirror""]","{""eye cream tube"": ""white"", ""handheld mirror"": ""gold""}","[""eye cream tube right of handheld mirror""]","[""LUMI""]","[""beauty photography"", ""pink marble"", ""soft lighting""]","Photograph of a beauty product: a white tube of eye cream placed to the right of a gold hand mirror on a pink marble surface; the word “LUMI” on the tube’s cap; soft, glamorous lighting.",0.9595,PASS,es,0.8574005365371704
MB146,lifestyle_wellness,EXTEND,Fotografía de producto en plano horizontal de una cinta elástica azul colocada debajo de una esterilla de yoga morada sobre el suelo blanco de un estudio; la palabra «EXTEND» aparece en la cinta; iluminación brillante y nítida.,"Product flat lay of a blue stretching strap placed below a purple yoga mat on a white studio floor, EXTEND on strap, bright clean lighting","[""stretching strap"", ""yoga mat""]","{""stretching strap"": ""blue"", ""yoga mat"": ""purple""}","[""stretching strap below yoga mat""]","[""EXTEND""]","[""flat lay"", ""white background"", ""bright lighting""]","A horizontal product photograph of a blue elastic band placed beneath a purple yoga mat on the white floor of a studio; the word “EXTEND” appears on the band; bright, crisp lighting.",0.9148,PASS,es,0.742750883102417
MB147,lifestyle_wellness,DRIFT,Fotografía de producto de estilo de vida en la que aparece un frasco blanco de un suplemento para dormir situado a la derecha de una lámpara plateada con forma de luna sobre una mesita de noche oscura; la etiqueta del frasco lleva la inscripción «DRIFT»; iluminación suave a la luz de la luna.,"Lifestyle product shot of a white sleep supplement bottle placed to the right of a silver moon lamp on a dark bedside table, DRIFT on bottle label, soft moonlit lighting","[""supplement bottle"", ""moon lamp""]","{""supplement bottle"": ""white"", ""moon lamp"": ""silver""}","[""supplement bottle right of moon lamp""]","[""DRIFT""]","[""lifestyle photography"", ""dark background"", ""soft lighting""]","A lifestyle product photograph featuring a white bottle of a sleep supplement placed to the right of a silver, moon-shaped lamp on a dark nightstand; the bottle’s label reads “DRIFT”; soft, moonlit lighting.",0.954,PASS,es,0.8272329568862915
MB148,lifestyle_wellness,PACE,Fotografía de producto al aire libre de un chaleco de hidratación azul colocado debajo de unas zapatillas naranjas de trail running sobre una superficie rocosa; la palabra «PACE» aparece en el chaleco; iluminación exterior intensa.,"Outdoor product photography of a blue hydration vest placed below orange trail running shoes on a rocky surface, PACE on vest, bright outdoor lighting","[""hydration vest"", ""trail running shoes""]","{""hydration vest"": ""blue"", ""trail running shoes"": ""orange""}","[""hydration vest below trail running shoes""]","[""PACE""]","[""product photography"", ""rocky surface"", ""outdoor lighting""]",Outdoor product photo of a blue hydration vest placed beneath a pair of orange trail running shoes on a rocky surface; the word “PACE” appears on the vest; bright outdoor lighting.,0.8802,PASS,es,0.8332647681236267
MB149,lifestyle_wellness,SERENE,"Fotografía de producto de estilo de vida en la que aparece un portaincienso de cerámica negra situado a la derecha de un rosario de meditación de madera marrón sobre una superficie de bambú; la palabra «SERENE» figura en la base del portaincienso, con una iluminación ambiental cálida.","Lifestyle product shot of a black ceramic incense holder placed to the right of brown wooden meditation beads on a bamboo surface, SERENE on holder base, warm ambient lighting","[""incense holder"", ""meditation beads""]","{""incense holder"": ""black"", ""meditation beads"": ""brown""}","[""incense holder right of meditation beads""]","[""SERENE""]","[""lifestyle photography"", ""bamboo surface"", ""warm lighting""]","A lifestyle product photograph featuring a black ceramic incense holder positioned to the right of a brown wooden meditation rosary on a bamboo surface; the word “SERENE” appears on the base of the incense holder, with warm ambient lighting.",0.895,PASS,es,0.819990336894989
MB150,lifestyle_wellness,POLAR,Fotografía de producto de una bañera de inmersión en frío blanca situada a la derecha de una toalla azul sobre el suelo limpio de un cuarto de baño; la palabra «POLAR» aparece junto a la bañera; iluminación brillante y nítida.,"Product photography of a white cold plunge tub placed to the right of a blue towel on a clean bathroom floor, POLAR on tub side, bright clean lighting","[""cold plunge tub"", ""towel""]","{""cold plunge tub"": ""white"", ""towel"": ""blue""}","[""cold plunge tub right of towel""]","[""POLAR""]","[""product photography"", ""white floor"", ""bright lighting""]","Product photograph of a white cold-water immersion tub positioned to the right of a blue towel on the clean floor of a bathroom; the word “POLAR” appears next to the tub; bright, crisp lighting.",0.9407,PASS,es,0.8468232154846191
