brief_id,industry,brand_name,prompt_text,prompt_text_en,required_objects,colour_attributes,spatial_constraints,required_text,style_descriptors,back_translated,cc_score,status,language,cometkiwi_score
MB001,tech_product,ZYRA,"Produktfoto einer silbernen Smartwatch, die links neben einem schwarzen kabellosen Ladegerät auf einer sauberen weißen Fläche platziert ist; auf dem Zifferblatt steht „ZYRA“; minimalistische Studiobeleuchtung","Product photography of a silver smartwatch placed to the left of a black wireless charger on a clean white surface, ZYRA on watch face, minimalist studio lighting","[""smartwatch"", ""wireless charger""]","{""smartwatch"": ""silver"", ""wireless charger"": ""black""}","[""smartwatch left of wireless charger""]","[""ZYRA""]","[""product photography"", ""minimalist"", ""white background"", ""studio lighting""]",Product photo of a silver smartwatch placed to the left of a black wireless charger on a clean white surface; the watch face reads “ZYRA”; minimalist studio lighting,0.9851,PASS,de,0.830829381942749
MB002,tech_product,KESTRA,Studioaufnahme eines schwarzen Laptops mit einer weißen kabellosen Maus rechts davon auf einem grauen Schreibtisch; KESTRA-Logo auf dem Laptopdeckel; Deckenbeleuchtung,"Studio product shot of a black laptop with a white wireless mouse to its right on a gray desk, KESTRA logo on laptop lid, overhead lighting","[""laptop"", ""wireless mouse""]","{""laptop"": ""black"", ""wireless mouse"": ""white""}","[""wireless mouse right of laptop""]","[""KESTRA""]","[""studio lighting"", ""overhead shot"", ""gray background""]",Studio shot of a black laptop with a white wireless mouse to its right on a gray desk; KESTRA logo on the laptop lid; overhead lighting,0.9863,PASS,de,0.831243097782135
MB003,tech_product,APEX,"Klare Produktfotografie von weißen kabellosen Ohrhörern, die auf einer dunklen Oberfläche über ihrem schwarzen Ladecase platziert sind; auf dem Case ist „APEX“ eingraviert; minimalistischer Stil","Clean product photography of white wireless earbuds placed above their black charging case on a dark surface, APEX engraved on case, minimal style","[""wireless earbuds"", ""charging case""]","{""wireless earbuds"": ""white"", ""charging case"": ""black""}","[""wireless earbuds above charging case""]","[""APEX""]","[""product photography"", ""dark background"", ""minimal""]",Clear product photography of white wireless earbuds placed on a dark surface above their black charging case; the case is engraved with “APEX”; minimalist style,0.9857,PASS,de,0.8359992504119873
MB004,tech_product,VOLT,"Produktfoto eines schwarzen Smartphones, das auf einem silbernen Metallständer befestigt ist; auf der Rückseite des Telefons ist „VOLT“ aufgedruckt; Studiobeleuchtung vor blauem Hintergrund","Product shot of a black smartphone mounted on a silver metal stand, VOLT printed on the back of the phone, studio lighting against a blue background","[""smartphone"", ""metal stand""]","{""smartphone"": ""black"", ""metal stand"": ""silver""}","[""smartphone above metal stand""]","[""VOLT""]","[""product photography"", ""studio lighting"", ""blue background""]","Product photo of a black smartphone mounted on a silver metal stand; ""VOLT"" is printed on the back of the phone; studio lighting against a blue background",0.9777,PASS,de,0.8560952544212341
MB005,tech_product,PRISM,Produktfotografie aus der Vogelperspektive: eine weiße Tablette mit einem goldenen Stylus-Stift rechts davon auf einer Marmoroberfläche; „PRISM“ auf dem Tablet-Rahmen; klare Bildkomposition,"Overhead product photography of a white tablet with a gold stylus pen to its right on a marble surface, PRISM on tablet bezel, clean composition","[""tablet"", ""stylus pen""]","{""tablet"": ""white"", ""stylus pen"": ""gold""}","[""stylus pen right of tablet""]","[""PRISM""]","[""overhead shot"", ""marble surface"", ""clean composition""]","Bird's-eye view product photography: a white tablet with a gold stylus to its right on a marble surface; ""PRISM"" on the tablet's frame; clean image composition",0.9267,PASS,de,0.76557457447052
MB006,tech_product,SYNTH,"Produktfoto einer schwarzen mechanischen Tastatur, rechts davon eine rote kabellose Maus auf einer dunklen Schreibtischunterlage; SYNTH-Logo auf der Leertaste der Tastatur; Gaming-Optik","Product photography of a black mechanical keyboard with a red wireless mouse to its right on a dark desk mat, SYNTH logo on keyboard space bar, gaming aesthetic","[""mechanical keyboard"", ""wireless mouse""]","{""mechanical keyboard"": ""black"", ""wireless mouse"": ""red""}","[""wireless mouse right of mechanical keyboard""]","[""SYNTH""]","[""product photography"", ""gaming aesthetic"", ""dark background""]","Product photo of a black mechanical keyboard, with a red wireless mouse to its right on a dark desk mat; SYNTH logo on the spacebar of the keyboard; gaming-style design",0.9783,PASS,de,0.8290010690689087
MB007,tech_product,NEXUS,"Lifestyle-Produktfoto eines blauen Bluetooth-Lautsprechers, an dessen rechter Seite ein schwarzes Smartphone auf einem Holztisch lehnt; „NEXUS“ auf dem Lautsprechergehäuse; warme Beleuchtung","Lifestyle product shot of a blue Bluetooth speaker with a black smartphone leaning to its right on a wooden table, NEXUS on speaker body, warm lighting","[""bluetooth speaker"", ""smartphone""]","{""bluetooth speaker"": ""blue"", ""smartphone"": ""black""}","[""smartphone right of bluetooth speaker""]","[""NEXUS""]","[""lifestyle photography"", ""wooden surface"", ""warm lighting""]",Lifestyle product photo of a blue Bluetooth speaker with a black smartphone resting against its right side on a wooden table; “NEXUS” on the speaker enclosure; warm lighting,0.9549,PASS,de,0.8299801349639893
MB008,tech_product,KOVAL,"Studioaufnahme einer schwarzen DSLR-Kamera mit einem silbernen Kameraobjektiv, das rechts davon auf einem weißen Sockel platziert ist; auf dem Objektivtubus ist „KOVAL“ eingraviert; professionelle Beleuchtung","Studio product photography of a black DSLR camera with a silver camera lens placed to its right on a white pedestal, KOVAL engraved on lens barrel, professional lighting","[""camera"", ""camera lens""]","{""camera"": ""black"", ""camera lens"": ""silver""}","[""camera lens right of camera""]","[""KOVAL""]","[""studio photography"", ""white background"", ""professional lighting""]",Studio shot of a black DSLR camera with a silver lens placed to its right on a white stand; “KOVAL” is engraved on the lens barrel; professional lighting,0.9583,PASS,de,0.8352574110031128
MB009,tech_product,LUNEX,"Produktfoto eines weißen Gaming-Controllers, der links neben einem schwarzen Gaming-Headset auf einer schlichten grauen Unterlage platziert ist; LUNEX-Logo auf dem Controller; dramatische Seitenbeleuchtung","Product photography of a white gaming controller placed to the left of a black gaming headset on a clean gray surface, LUNEX logo on controller, dramatic side lighting","[""gaming controller"", ""gaming headset""]","{""gaming controller"": ""white"", ""gaming headset"": ""black""}","[""gaming controller left of gaming headset""]","[""LUNEX""]","[""product photography"", ""gray background"", ""dramatic lighting""]",Product photo of a white gaming controller placed to the left of a black gaming headset on a plain gray background; LUNEX logo on the controller; dramatic side lighting,0.9881,PASS,de,0.8458244204521179
MB010,tech_product,KORE,"Klares Produktfoto eines schwarzen Smart-Displays mit einer silbernen Fernbedienung, die darunter auf einer weißen Fläche liegt; auf dem Bildschirm ist „KORE“ zu sehen; Studiobeleuchtung","Clean product shot of a black smart display with a silver remote control placed below it on a white surface, KORE on display screen, studio lighting","[""smart display"", ""remote control""]","{""smart display"": ""black"", ""remote control"": ""silver""}","[""remote control below smart display""]","[""KORE""]","[""product photography"", ""white background"", ""studio lighting""]",A clear product photo of a black smart display with a silver remote control resting on a white surface below it; the screen displays “KORE”; studio lighting,0.983,PASS,de,0.8300436735153198
MB011,tech_product,LUMIX,"Minimalistische Produktfotografie einer weißen, rechteckigen Powerbank mit einem roten USB-Kabel, das darunter auf einer hellgrauen Unterlage aufgerollt ist; „LUMIX“-Schriftzug auf der Powerbank; klare Bildkomposition","Minimalist product photography of a white rectangular power bank with a red USB cable coiled below it on a light gray surface, LUMIX on power bank, clean composition","[""power bank"", ""USB cable""]","{""power bank"": ""white"", ""USB cable"": ""red""}","[""USB cable below power bank""]","[""LUMIX""]","[""minimalist"", ""gray background"", ""clean composition""]","Minimalist product photography of a white, rectangular power bank with a red USB cable coiled beneath it on a light gray surface; “LUMIX” lettering on the power bank; clean image composition",0.9348,PASS,de,0.824974000453949
MB012,tech_product,MIRAX,"Lifestyle-Produktfoto eines geöffneten silbernen Laptops, rechts davon eine weiße Keramik-Kaffeetasse auf einem Schreibtisch aus dunklem Holz; MIRAX-Logo auf dem Laptop-Bildschirm, Morgenlicht","Lifestyle product shot of an open silver laptop with a white ceramic coffee mug to its right on a dark wood desk, MIRAX logo on laptop screen, morning light","[""laptop"", ""coffee mug""]","{""laptop"": ""silver"", ""coffee mug"": ""white""}","[""coffee mug right of laptop""]","[""MIRAX""]","[""lifestyle photography"", ""dark wood surface"", ""morning light""]","Lifestyle product photo of an open silver laptop, with a white ceramic coffee mug to its right on a dark wooden desk; MIRAX logo on the laptop screen, morning light",0.9914,PASS,de,0.8376319408416748
MB013,tech_product,NEURO,"Produktfoto von weißen kabellosen Ohrhörern, die auf einer dunklen Oberfläche über einem schwarzen Smartphone platziert sind; NEURO-Logo auf dem Etui der Ohrhörer; Studiobeleuchtung","Product photography of white wireless earbuds placed above a black smartphone on a dark surface, NEURO logo on earbuds case, studio lighting","[""wireless earbuds"", ""smartphone""]","{""wireless earbuds"": ""white"", ""smartphone"": ""black""}","[""wireless earbuds above smartphone""]","[""NEURO""]","[""product photography"", ""dark background"", ""studio lighting""]",Product photo of white wireless earbuds placed on a dark surface above a black smartphone; NEURO logo on the earbud case; studio lighting,0.989,PASS,de,0.8555997610092163
MB014,tech_product,OPUS,"Studio-Produktfoto einer schwarzen Webcam, die über einem weißen Monitor auf einem Schreibtisch angebracht ist; OPUS-Logo auf dem Gehäuse der Webcam; aufgeräumte Büroeinrichtung","Studio product shot of a black webcam mounted above a white monitor on a desk, OPUS logo on webcam body, clean office setup","[""webcam"", ""monitor""]","{""webcam"": ""black"", ""monitor"": ""white""}","[""webcam above monitor""]","[""OPUS""]","[""product photography"", ""office setting"", ""clean composition""]",Studio product photo of a black webcam mounted on a desk above a white monitor; OPUS logo on the webcam's housing; tidy office furnishings,0.9807,PASS,de,0.8492135405540466
MB015,tech_product,PHASE,"Action-Produktfoto einer orangefarbenen Action-Kamera, die links neben einem weißen Fahrradhelm auf einem felsigen Untergrund platziert ist; Aufschrift „PHASE“ auf dem Kameragehäuse; Außenbeleuchtung","Action product shot of an orange action camera placed to the left of a white cycling helmet on a rocky surface, PHASE on camera body, outdoor lighting","[""action camera"", ""cycling helmet""]","{""action camera"": ""orange"", ""cycling helmet"": ""white""}","[""action camera left of cycling helmet""]","[""PHASE""]","[""product photography"", ""outdoor setting"", ""natural lighting""]",Action product photo of an orange action camera placed to the left of a white bicycle helmet on a rocky surface; “PHASE” written on the camera body; outdoor lighting,0.9456,PASS,de,0.8341754078865051
MB016,tech_product,QUBIT,"Lifestyle-Aufnahme eines weißen, zylinderförmigen Smart-Lautsprechers, der links neben einer schwarzen Digitaluhr auf einem weißen Nachttisch steht; QUBIT-Logo auf der Oberseite des Lautsprechers; sanfte Umgebungsbeleuchtung","Lifestyle shot of a white cylindrical smart speaker placed to the left of a black digital clock on a white nightstand, QUBIT logo on speaker top, soft ambient lighting","[""smart speaker"", ""digital clock""]","{""smart speaker"": ""white"", ""digital clock"": ""black""}","[""smart speaker left of digital clock""]","[""QUBIT""]","[""lifestyle photography"", ""soft lighting"", ""white background""]","Lifestyle shot of a white, cylindrical smart speaker sitting on a white nightstand to the left of a black digital clock; QUBIT logo on the top of the speaker; soft ambient lighting",0.9761,PASS,de,0.8301963210105896
MB017,tech_product,RADIUS,"Produktfoto eines weißen VR-Headsets, das über zwei schwarzen Motion-Controllern auf einer dunklen Oberfläche platziert ist; RADIUS-Logo auf dem Visier des Headsets; dramatische Studiobeleuchtung","Product photography of a white VR headset placed above two black motion controllers on a dark surface, RADIUS logo on headset visor, dramatic studio lighting","[""VR headset"", ""motion controllers""]","{""VR headset"": ""white"", ""motion controllers"": ""black""}","[""VR headset above motion controllers""]","[""RADIUS""]","[""product photography"", ""dark background"", ""dramatic lighting""]",Product photo of a white VR headset placed on a dark surface alongside two black motion controllers; RADIUS logo on the headset's visor; dramatic studio lighting,0.9922,PASS,de,0.8467464447021484
MB018,tech_product,SPARK,"Studio-Produktfoto eines schwarzen, gebogenen Monitors, unter dem auf einem Glastisch eine silberne Tastatur platziert ist; SPARK-Logo auf dem Monitorrahmen, blaue Umgebungsbeleuchtung","Studio product shot of a black curved monitor with a silver keyboard placed below it on a glass desk, SPARK logo on monitor bezel, blue ambient lighting","[""curved monitor"", ""keyboard""]","{""curved monitor"": ""black"", ""keyboard"": ""silver""}","[""keyboard below curved monitor""]","[""SPARK""]","[""product photography"", ""glass surface"", ""blue lighting""]","Studio product photo of a black, curved monitor with a silver keyboard placed beneath it on a glass table; SPARK logo on the monitor bezel, blue ambient lighting",0.9896,PASS,de,0.8427625894546509
MB019,tech_product,VORTA,"Produktfoto einer schwarzen Quadcopter-Drohne, die links neben einer grauen Fernbedienung auf einer weißen Unterlage platziert ist; VORTA-Logo auf dem Drohnenkörper; klares Studiofoto","Product photography of a black quadcopter drone placed to the left of a gray remote control on a white surface, VORTA logo on drone body, clean studio shot","[""drone"", ""remote control""]","{""drone"": ""black"", ""remote control"": ""gray""}","[""drone left of remote control""]","[""VORTA""]","[""product photography"", ""white background"", ""studio lighting""]",Product photo of a black quadcopter drone placed to the left of a gray remote control on a white background; VORTA logo on the drone's body; clear studio photo,0.98,PASS,de,0.846788763999939
MB020,tech_product,RIVOX,"Flat-Lay-Produktfoto eines weißen E-Readers, der links neben einer schwarzen Lesebrille auf einer beigen Leinenunterlage platziert ist; auf dem Bildschirm des E-Readers ist „RIVOX“ zu sehen; natürliches Licht","Flat lay product shot of a white e-reader placed to the left of black reading glasses on a beige linen surface, RIVOX on e-reader screen, natural light","[""e-reader"", ""reading glasses""]","{""e-reader"": ""white"", ""reading glasses"": ""black""}","[""e-reader left of reading glasses""]","[""RIVOX""]","[""flat lay"", ""linen surface"", ""natural lighting""]",Flat-lay product photo of a white e-reader placed to the left of a pair of black reading glasses on a beige linen background; “RIVOX” is visible on the e-reader’s screen; natural light,0.937,PASS,de,0.8141117691993713
MB021,tech_product,WAVE,"Produktfoto eines grauen USB-Hubs, der links neben einem silbernen Laptop auf einer weißen Schreibtischoberfläche platziert ist; auf dem Hub ist „WAVE“ eingraviert; klares, minimalistisches Arrangement","Product photography of a gray USB hub placed to the left of a silver laptop on a white desk surface, WAVE engraved on hub, clean minimalist setup","[""USB hub"", ""laptop""]","{""USB hub"": ""gray"", ""laptop"": ""silver""}","[""USB hub left of laptop""]","[""WAVE""]","[""product photography"", ""white background"", ""minimalist""]","Product photo of a gray USB hub placed to the left of a silver laptop on a white desk surface; the hub is engraved with “WAVE”; a clean, minimalist arrangement",0.9857,PASS,de,0.8510954976081848
MB022,tech_product,XENON,"Produktfoto eines schwarzen Gaming-Headsets, das auf einem weißen Kopfhörerständer auf einer dunklen Oberfläche platziert ist; XENON-Logo auf der Ohrmuschel, dramatische Seitenbeleuchtung","Product shot of a black gaming headset placed on a white headphone stand on a dark surface, XENON logo on ear cup, dramatic side lighting","[""gaming headset"", ""headphone stand""]","{""gaming headset"": ""black"", ""headphone stand"": ""white""}","[""gaming headset above headphone stand""]","[""XENON""]","[""product photography"", ""dark background"", ""side lighting""]","Product photo of a black gaming headset placed on a white headset stand on a dark surface; XENON logo on the ear cup, dramatic side lighting",0.9924,PASS,de,0.8446677923202515
MB023,tech_product,ZETA,"Lifestyle-Produktfoto eines schwarzen Fitness-Trackers, der links neben einem weißen Smartphone auf einer Marmoroberfläche platziert ist; ZETA-Logo auf dem Display des Trackers; Deckenbeleuchtung","Lifestyle product shot of a black fitness tracker placed to the left of a white smartphone on a marble surface, ZETA logo on tracker display, overhead lighting","[""fitness tracker"", ""smartphone""]","{""fitness tracker"": ""black"", ""smartphone"": ""white""}","[""fitness tracker left of smartphone""]","[""ZETA""]","[""lifestyle photography"", ""marble surface"", ""overhead lighting""]",Lifestyle product photo of a black fitness tracker placed to the left of a white smartphone on a marble surface; ZETA logo on the tracker's display; overhead lighting,0.9915,PASS,de,0.8435587882995605
MB024,tech_product,AXON,"Produktfoto eines weißen tragbaren Projektors, der über einer schwarzen Fernbedienung auf einer dunklen Holzoberfläche platziert ist; AXON-Logo auf dem Projektorgehäuse; Studiobeleuchtung","Product photography of a white portable projector placed above a black remote control on a dark wood surface, AXON logo on projector body, studio lighting","[""portable projector"", ""remote control""]","{""portable projector"": ""white"", ""remote control"": ""black""}","[""portable projector above remote control""]","[""AXON""]","[""product photography"", ""dark wood surface"", ""studio lighting""]",Product photo of a white portable projector placed on a dark wooden surface above a black remote control; AXON logo on the projector housing; studio lighting,0.9827,PASS,de,0.8497197031974792
MB025,tech_product,BREEZE,"Produktfoto einer roségoldenen Smart-Brille, die auf einer weißen Fläche über einem schwarzen Brillenetui platziert ist; BREEZE-Logo auf dem Etui-Deckel; sanftes, natürliches Licht","Product shot of rose gold smart glasses placed above a black glasses case on a white surface, BREEZE logo on case lid, soft natural lighting","[""smart glasses"", ""glasses case""]","{""smart glasses"": ""rose gold"", ""glasses case"": ""black""}","[""smart glasses above glasses case""]","[""BREEZE""]","[""product photography"", ""white background"", ""soft lighting""]","Product photo of a pair of rose gold smart glasses placed on a white surface above a black glasses case; BREEZE logo on the case lid; soft, natural light",0.9683,PASS,de,0.8418323993682861
MB026,tech_product,CREST,"Klare Produktfotografie einer silbernen tragbaren SSD mit einem blauen USB-Kabel, das rechts davon auf einer weißen Fläche platziert ist; „CREST“ auf dem SSD-Gehäuse; minimalistischer Stil","Clean product photography of a silver portable SSD with a blue USB cable placed to its right on a white surface, CREST on SSD body, minimalist style","[""portable SSD"", ""USB cable""]","{""portable SSD"": ""silver"", ""USB cable"": ""blue""}","[""USB cable right of portable SSD""]","[""CREST""]","[""product photography"", ""white background"", ""minimalist""]",Clear product photography of a silver portable SSD with a blue USB cable placed to the right of it on a white surface; “CREST” on the SSD casing; minimalist style,0.9843,PASS,de,0.8432609438896179
MB027,tech_product,DAWN,"Produktfoto eines weißen kabellosen Ladepads, auf dem ein schwarzes Smartphone auf einem Nachttisch aus Holz liegt; „DAWN“ auf dem Ladepad; warmes Morgenlicht","Product photography of a white wireless charging pad with a black smartphone placed on top of it on a wooden nightstand, DAWN on charging pad, warm morning light","[""wireless charging pad"", ""smartphone""]","{""wireless charging pad"": ""white"", ""smartphone"": ""black""}","[""smartphone above wireless charging pad""]","[""DAWN""]","[""lifestyle photography"", ""wooden surface"", ""warm lighting""]",Product photo of a white wireless charging pad with a black smartphone resting on a wooden nightstand; “DAWN” on the charging pad; warm morning light,0.968,PASS,de,0.8176895380020142
MB028,tech_product,NYRIC,"Produktfoto eines schwarzen Smart-Lock-Geräts, das über einem silbernen Türgriff an einer weißen Tür angebracht ist; NYRIC-Logo auf dem Display des Schlosses; klares, redaktionelles Foto","Product photography of a black smart lock device mounted above a silver door handle on a white door, NYRIC logo on lock display, clean editorial shot","[""smart lock"", ""door handle""]","{""smart lock"": ""black"", ""door handle"": ""silver""}","[""smart lock above door handle""]","[""NYRIC""]","[""product photography"", ""white door"", ""editorial""]","Product photo of a black smart lock mounted on a white door above a silver doorknob; NYRIC logo on the lock's display; clear, editorial photo",0.9705,PASS,de,0.8359640836715698
MB029,tech_product,FUSE,"Produktfoto eines weißen WLAN-Routers mit einem gelben Ethernet-Kabel, das darunter auf einer grauen Unterlage liegt; „FUSE“ auf der Oberseite des Routers; klares Studiofoto","Product photography of a white WiFi router with a yellow ethernet cable placed below it on a gray surface, FUSE on router top, clean studio shot","[""WiFi router"", ""ethernet cable""]","{""WiFi router"": ""white"", ""ethernet cable"": ""yellow""}","[""ethernet cable below WiFi router""]","[""FUSE""]","[""product photography"", ""gray background"", ""studio lighting""]",Product photo of a white Wi-Fi router with a yellow Ethernet cable lying beneath it on a gray background; “FUSE” on the top of the router; clear studio photo,0.9715,PASS,de,0.8389571905136108
MB030,tech_product,GRID,"Produktfoto einer schwarzen Gaming-Maus mit RGB-Beleuchtung auf einem roten Mauspad, GRID-Logo auf der Maus, dunkles Gaming-Schreibtisch-Design","Product photography of a black gaming mouse with RGB lighting placed on a red mousepad, GRID logo on mouse, dark gaming desk aesthetic","[""gaming mouse"", ""mousepad""]","{""gaming mouse"": ""black"", ""mousepad"": ""red""}","[""gaming mouse above mousepad""]","[""GRID""]","[""product photography"", ""dark background"", ""gaming aesthetic""]",Product photo of a black gaming mouse with RGB lighting on a red mouse pad; the GRID logo is on the mouse; dark gaming desk design,0.9825,PASS,de,0.8391370177268982
MB031,food_beverage,ZEST,"Produktfoto einer orangefarbenen Saftflasche aus Glas, die links neben einer weißen Keramiktasse auf einer Marmorfläche platziert ist; „ZEST“-Etikett auf der Flasche; helles Tageslicht","Product photography of an orange glass juice bottle placed to the left of a white ceramic cup on a marble surface, ZEST label on bottle, bright natural lighting","[""juice bottle"", ""ceramic cup""]","{""juice bottle"": ""orange"", ""ceramic cup"": ""white""}","[""juice bottle left of ceramic cup""]","[""ZEST""]","[""product photography"", ""marble surface"", ""natural lighting""]",Product photo of an orange glass juice bottle placed to the left of a white ceramic mug on a marble surface; “ZEST” label on the bottle; bright daylight,0.9634,PASS,de,0.8482170104980469
MB032,food_beverage,PURE,"Flat-Lay-Aufnahme eines braunen Kraftpapier-Kaffeebeutels, der über einer schwarzen Espressotasse auf einem Holztisch liegt; auf der Vorderseite des Beutels steht „PURE“; warme Café-Beleuchtung","Flat lay of a brown kraft coffee bag placed above a black espresso cup on a wooden table, PURE on bag front, warm cafe lighting","[""coffee bag"", ""espresso cup""]","{""coffee bag"": ""brown"", ""espresso cup"": ""black""}","[""coffee bag above espresso cup""]","[""PURE""]","[""flat lay"", ""wooden surface"", ""warm lighting""]",A flat-lay photo of a brown kraft paper coffee bag resting on a wooden table above a black espresso cup; the front of the bag reads “PURE”; warm café lighting,0.9455,PASS,de,0.7749683856964111
MB033,food_beverage,BLOOM,"Produktfoto einer gelben Müslipackung, die links neben einem weißen Milchkarton auf einer hellen Küchenarbeitsplatte steht; auf der Vorderseite der Packung steht „BLOOM“; Morgenlicht","Product photography of a yellow cereal box placed to the left of a white milk carton on a bright kitchen counter, BLOOM on box front, morning light","[""cereal box"", ""milk carton""]","{""cereal box"": ""yellow"", ""milk carton"": ""white""}","[""cereal box left of milk carton""]","[""BLOOM""]","[""product photography"", ""kitchen setting"", ""morning light""]",Product photo of a yellow cereal box sitting to the left of a white milk carton on a light-colored kitchen countertop; the front of the box reads “BLOOM”; morning light,0.9722,PASS,de,0.8148125410079956
MB034,food_beverage,GROVE,"Produktfoto einer Flasche mit roter scharfer Soße, die rechts neben einem braunen Holzschneidebrett auf einem rustikalen Tisch steht; auf der Flasche ist das GROVE-Etikett zu sehen; warmes, natürliches Licht","Product shot of a red hot sauce bottle placed to the right of a brown wooden cutting board on a rustic table, GROVE label on bottle, warm natural lighting","[""hot sauce bottle"", ""cutting board""]","{""hot sauce bottle"": ""red"", ""cutting board"": ""brown""}","[""cutting board left of hot sauce bottle""]","[""GROVE""]","[""product photography"", ""rustic style"", ""warm lighting""]","Product photo of a bottle of red hot sauce sitting to the right of a brown wooden cutting board on a rustic table; the GROVE label is visible on the bottle; warm, natural light",0.9712,PASS,de,0.8276581168174744
MB035,food_beverage,FRESH,"Produktfoto einer grünen Weinflasche, die rechts neben einer Traube aus violetten Trauben auf weißem Marmor platziert ist; „FRESH“-Etikett auf der Flasche; elegante natürliche Beleuchtung","Product photography of a green wine bottle placed to the right of a bunch of purple grapes on white marble, FRESH label on bottle, elegant natural lighting","[""wine bottle"", ""grapes""]","{""wine bottle"": ""green"", ""grapes"": ""purple""}","[""wine bottle right of grapes""]","[""FRESH""]","[""product photography"", ""marble surface"", ""elegant lighting""]",Product photo of a green wine bottle placed to the right of a cluster of purple grapes on white marble; “FRESH” label on the bottle; elegant natural lighting,0.9773,PASS,de,0.7701082229614258
MB036,food_beverage,CRISP,"Flat-Lay-Aufnahme einer blaugrünen Teedose, die auf einer hellgrauen Unterlage über einer weißen Keramik-Teetasse mit Untertasse platziert ist; Aufschrift „CRISP“ auf dem Deckel der Dose; sanftes, natürliches Licht","Flat lay of a teal tea box placed above a white ceramic teacup and saucer on a light gray surface, CRISP on box lid, soft natural lighting","[""tea box"", ""teacup""]","{""tea box"": ""teal"", ""teacup"": ""white""}","[""tea box above teacup""]","[""CRISP""]","[""flat lay"", ""gray background"", ""soft lighting""]","Flat-lay photograph of a blue-green tea canister placed on a light gray surface above a white ceramic teacup and saucer; the word “CRISP” is written on the lid of the canister; soft, natural light",0.813,REVIEW,de,0.7735706567764282
MB037,food_beverage,BOLD,"Produktfoto einer schwarzen Aluminiumdose für einen Energy-Drink, die links neben einer silbernen Hantel auf einem dunklen Fitnessstudio-Untergrund platziert ist; Schriftzug „BOLD“ auf der Vorderseite der Dose, dramatische Beleuchtung","Product shot of a black aluminum energy drink can placed to the left of a silver dumbbell on a dark gym surface, BOLD on can front, dramatic lighting","[""energy drink can"", ""dumbbell""]","{""energy drink can"": ""black"", ""dumbbell"": ""silver""}","[""energy drink can left of dumbbell""]","[""BOLD""]","[""product photography"", ""gym setting"", ""dramatic lighting""]","Product photo of a black aluminum can of an energy drink, placed to the left of a silver dumbbell on a dark gym floor; the word “BOLD” is printed on the front of the can, with dramatic lighting",0.9299,PASS,de,0.8028156757354736
MB038,food_beverage,MIST,"Produktfoto einer blauen Aluminium-Trinkflasche, die auf einer weißen Marmorfläche über gelben Zitronenscheiben platziert ist; MIST-Etikett auf der Flasche; helles Tageslicht","Product photography of a blue aluminum water bottle placed above yellow lemon slices on a white marble surface, MIST label on bottle, bright natural lighting","[""water bottle"", ""lemon""]","{""water bottle"": ""blue"", ""lemon"": ""yellow""}","[""water bottle above lemon""]","[""MIST""]","[""product photography"", ""marble surface"", ""bright lighting""]",Product photo of a blue aluminum water bottle placed on a white marble surface atop yellow lemon slices; MIST label on the bottle; bright natural light,0.9898,PASS,de,0.8497808575630188
MB039,food_beverage,GLOW,"Produkt-Flatlay eines weißen Joghurtbechers, der links neben roten Erdbeeren auf einer pastellrosa Unterlage platziert ist; die Aufschrift „GLOW“ auf dem Becher; sanftes Morgenlicht","Product flat lay of a white yogurt container placed to the left of red strawberries on a pink pastel surface, GLOW on container, soft morning light","[""yogurt container"", ""strawberries""]","{""yogurt container"": ""white"", ""strawberries"": ""red""}","[""yogurt container left of strawberries""]","[""GLOW""]","[""flat lay"", ""pink background"", ""soft lighting""]",Product flat lay of a white yogurt cup placed to the left of red strawberries on a pastel pink background; the word “GLOW” on the cup; soft morning light,0.9486,PASS,de,0.7980146408081055
MB040,food_beverage,PETAL,"Produktfoto einer roten, runden Keksdose, die rechts neben einem weißen Glas Milch auf einer Küchenarbeitsplatte aus Holz steht; auf dem Deckel steht „PETAL“; warme Küchenbeleuchtung","Product photography of a red round cookie tin placed to the right of a white glass of milk on a wooden kitchen surface, PETAL on tin lid, warm kitchen lighting","[""cookie tin"", ""glass of milk""]","{""cookie tin"": ""red"", ""glass of milk"": ""white""}","[""glass of milk left of cookie tin""]","[""PETAL""]","[""product photography"", ""kitchen setting"", ""warm lighting""]","Product photo of a red, round cookie jar sitting to the right of a white glass of milk on a wooden kitchen countertop; the lid reads “PETAL”; warm kitchen lighting",0.9515,PASS,de,0.8252873420715332
MB041,food_beverage,QUENCH,"Produktfoto einer blauen Getränkedose, die links neben einem silbernen Eiskübel auf einer dunklen Thekenoberfläche platziert ist; QUENCH-Logo auf der Vorderseite der Dose; coole, stimmungsvolle Beleuchtung","Product photography of a blue soda can placed to the left of a silver ice bucket on a dark bar surface, QUENCH logo on can front, cool atmospheric lighting","[""soda can"", ""ice bucket""]","{""soda can"": ""blue"", ""ice bucket"": ""silver""}","[""soda can left of ice bucket""]","[""QUENCH""]","[""product photography"", ""dark background"", ""cool lighting""]","Product photo of a blue beverage can placed to the left of a silver ice bucket on a dark countertop; QUENCH logo on the front of the can; cool, atmospheric lighting",0.9662,PASS,de,0.8237085342407227
MB042,food_beverage,RIPPLE,"Produktfoto eines schwarzen Proteinpulver-Behälters, der links neben einer weißen Shaker-Flasche auf dem Boden eines Fitnessstudios platziert ist; „RIPPLE“ auf dem Etikett des Behälters; dramatische Beleuchtung im Fitnessstudio","Product photography of a black protein powder jar placed to the left of a white shaker bottle on a gym floor, RIPPLE on jar label, dramatic gym lighting","[""protein powder jar"", ""shaker bottle""]","{""protein powder jar"": ""black"", ""shaker bottle"": ""white""}","[""protein powder jar left of shaker bottle""]","[""RIPPLE""]","[""product photography"", ""gym setting"", ""dramatic lighting""]",Product photo of a black protein powder container placed on the floor of a gym to the left of a white shaker bottle; “RIPPLE” on the container’s label; dramatic lighting in the gym,0.8701,PASS,de,0.8383232355117798
MB043,food_beverage,SWAY,"Produktfoto einer hohen, grünen Olivenölflasche aus Glas, die auf einer Marmorfläche über einer weißen Knoblauchknolle platziert ist; SWAY-Etikett auf der Flasche; sanftes, natürliches Licht","Product photography of a tall green glass olive oil bottle placed above a white garlic bulb on a marble surface, SWAY label on bottle, soft natural light","[""olive oil bottle"", ""garlic bulb""]","{""olive oil bottle"": ""green"", ""garlic bulb"": ""white""}","[""olive oil bottle above garlic bulb""]","[""SWAY""]","[""product photography"", ""marble surface"", ""soft lighting""]","Product photo of a tall, green glass olive oil bottle placed on a marble surface above a white head of garlic; SWAY label on the bottle; soft, natural light",0.978,PASS,de,0.846951961517334
MB044,food_beverage,TEMPO,"Produkt-Flatlay eines in braunes Papier eingewickelten Müsliriegels, der links neben einer reifen gelben Banane auf einer weißen Unterlage platziert ist; „TEMPO“ auf der Verpackung; helles Studio-Licht","Product flat lay of a brown paper-wrapped granola bar placed to the left of a ripe yellow banana on a white surface, TEMPO on wrapper, bright studio lighting","[""granola bar"", ""banana""]","{""granola bar"": ""brown"", ""banana"": ""yellow""}","[""granola bar left of banana""]","[""TEMPO""]","[""flat lay"", ""white background"", ""bright lighting""]","Product flat lay of a granola bar wrapped in brown paper, placed on a white background to the left of a ripe yellow banana; “TEMPO” on the packaging; bright studio lighting",0.9444,PASS,de,0.7968974709510803
MB045,food_beverage,UMBER,"Produktfoto einer braunen Cold-Brew-Kaffeflasche, die links neben einem silbernen Metallstrohhalm auf einer dunklen Betonfläche platziert ist; „UMBER“-Etikett auf der Flasche, stimmungsvolle Beleuchtung","Product photography of a brown cold brew coffee bottle placed to the left of a silver metal straw on a dark concrete surface, UMBER label on bottle, moody lighting","[""cold brew coffee bottle"", ""metal straw""]","{""cold brew coffee bottle"": ""brown"", ""metal straw"": ""silver""}","[""cold brew coffee bottle left of metal straw""]","[""UMBER""]","[""product photography"", ""dark background"", ""moody lighting""]","Product photo of a brown cold brew coffee bottle placed to the left of a silver metal straw on a dark concrete surface; “UMBER” label on the bottle, atmospheric lighting",0.9777,PASS,de,0.8422383069992065
MB046,food_beverage,VERDE,"Produktfoto einer blauen Sprudelwasser-Dose, die links neben einer frischen grünen Limette auf weißem Marmor platziert ist; Aufschrift „VERDE“ auf der Dose; frisches, natürliches Licht","Product photography of a blue sparkling water can placed to the left of a fresh green lime on white marble, VERDE on can, fresh natural lighting","[""sparkling water can"", ""lime""]","{""sparkling water can"": ""blue"", ""lime"": ""green""}","[""sparkling water can left of lime""]","[""VERDE""]","[""product photography"", ""marble surface"", ""natural lighting""]","Product photo of a blue sparkling water can placed to the left of a fresh green lime on white marble; the word “VERDE” is written on the can; fresh, natural light",0.9631,PASS,de,0.8250088691711426
MB047,food_beverage,WARM,"Produktfoto eines Glases mit bernsteinfarbenem Honig, das auf einem hölzernen Frühstücksbrett über einer Scheibe braunem Toast platziert ist; die Aufschrift „WARM“ auf dem Deckel, gemütliche Morgenbeleuchtung","Product photography of an amber honey jar placed above a slice of brown toast on a wooden breakfast board, WARM on jar lid, cozy morning lighting","[""honey jar"", ""toast""]","{""honey jar"": ""amber"", ""toast"": ""brown""}","[""honey jar above toast""]","[""WARM""]","[""product photography"", ""wooden surface"", ""warm lighting""]","Product photo of a jar of amber-colored honey placed on a wooden breakfast board atop a slice of brown toast; the word “WARM” on the lid, cozy morning lighting",0.9524,PASS,de,0.7993062734603882
MB048,food_beverage,XTRA,"Produktfoto einer violetten Smoothie-Flasche, die links neben frischen roten Beeren auf einer weißen Unterlage platziert ist; XTRA-Etikett auf der Flasche; lebendiges, natürliches Licht","Product photography of a purple smoothie bottle placed to the left of fresh red berries on a white surface, XTRA label on bottle, vibrant natural lighting","[""smoothie bottle"", ""berries""]","{""smoothie bottle"": ""purple"", ""berries"": ""red""}","[""smoothie bottle left of berries""]","[""XTRA""]","[""product photography"", ""white background"", ""vibrant lighting""]","Product photo of a purple smoothie bottle placed to the left of fresh red berries on a white background; XTRA label on the bottle; vibrant, natural light",0.9824,PASS,de,0.8489212989807129
MB049,food_beverage,YUMA,"Produktfoto einer weißen Teeflasche aus Glas, die rechts neben einem grünen Bambusstamm auf einer hellgrauen Unterlage platziert ist; YUMA-Etikett auf der Flasche; minimalistische Zen-Komposition","Product photography of a white glass tea bottle placed to the right of a green bamboo stalk on a light gray surface, YUMA label on bottle, minimal zen composition","[""tea bottle"", ""bamboo stalk""]","{""tea bottle"": ""white"", ""bamboo stalk"": ""green""}","[""tea bottle right of bamboo stalk""]","[""YUMA""]","[""product photography"", ""gray background"", ""minimal""]",Product photo of a white glass tea bottle placed to the right of a green bamboo stem on a light gray background; YUMA label on the bottle; minimalist Zen composition,0.9844,PASS,de,0.8463093042373657
MB050,food_beverage,ZEAL,"Produktfotografie einer dunkelbraunen Schokoladentafel, die teilweise in eine goldene Folie eingewickelt ist und auf einer schwarzen Marmoroberfläche liegt; Aufschrift „ZEAL“ auf der Verpackung; luxuriöse redaktionelle Beleuchtung","Product photography of a dark brown chocolate bar partially wrapped in a gold foil wrapper on a black marble surface, ZEAL on wrapper, luxury editorial lighting","[""chocolate bar"", ""wrapper""]","{""chocolate bar"": ""brown"", ""wrapper"": ""gold""}","[""chocolate bar above wrapper""]","[""ZEAL""]","[""product photography"", ""black marble"", ""luxury editorial""]","Product photograph of a dark brown chocolate bar, partially wrapped in gold foil and resting on a black marble surface; “ZEAL” written on the packaging; luxurious editorial lighting",0.9519,PASS,de,0.8279416561126709
MB051,food_beverage,AMBER,"Produktfoto eines Orangensaftbeutels, der rechts neben einem braunen Holzstrohhalm auf einer weißen Unterlage platziert ist; Aufschrift „AMBER“ auf dem Beutel; natürliche, helle Beleuchtung","Product photography of an orange juice pouch placed to the right of a brown wooden straw on a white surface, AMBER on pouch, natural bright lighting","[""juice pouch"", ""wooden straw""]","{""juice pouch"": ""orange"", ""wooden straw"": ""brown""}","[""juice pouch right of wooden straw""]","[""AMBER""]","[""product photography"", ""white background"", ""natural lighting""]","Product photo of an orange juice pouch placed on a white background to the right of a brown wooden straw; the word “AMBER” is printed on the pouch; natural, bright lighting",0.9122,PASS,de,0.8334383964538574
MB052,food_beverage,BRISK,"Flat-Lay-Aufnahme eines braunen Mandelbutterglases, das auf einer hellblauen Unterlage über Scheiben Weißbrot platziert ist; auf dem Etikett des Glases steht „BRISK“; morgendliche Lifestyle-Beleuchtung","Flat lay of a brown almond butter jar placed above slices of white bread on a light blue surface, BRISK on jar label, morning lifestyle lighting","[""almond butter jar"", ""bread""]","{""almond butter jar"": ""brown"", ""bread"": ""white""}","[""almond butter jar above bread""]","[""BRISK""]","[""flat lay"", ""light blue background"", ""morning lighting""]",Flat-lay photograph of a brown jar of almond butter placed on a light blue background atop slices of white bread; the label on the jar reads “BRISK”; morning lifestyle lighting,0.9424,PASS,de,0.7774099111557007
MB053,food_beverage,COVE,"Produktfoto einer braunen Kombucha-Glasflasche, die rechts neben einer gelben Ingwerwurzel auf einer dunklen Holzoberfläche platziert ist; COVE-Etikett auf der Flasche; stimmungsvolle natürliche Beleuchtung","Product photography of a brown glass kombucha bottle placed to the right of a yellow ginger root on a dark wooden surface, COVE label on bottle, moody natural lighting","[""kombucha bottle"", ""ginger root""]","{""kombucha bottle"": ""brown"", ""ginger root"": ""yellow""}","[""ginger root left of kombucha bottle""]","[""COVE""]","[""product photography"", ""dark wood surface"", ""moody lighting""]",Product photo of a brown glass kombucha bottle placed to the right of a yellow ginger root on a dark wooden surface; COVE label on the bottle; atmospheric natural lighting,0.9897,PASS,de,0.847249448299408
MB054,food_beverage,DRIP,"Produktfoto einer blauen Wasserflasche, die auf einer weißen Marmorfläche über einem Strauß frischer grüner Minzzweige platziert ist; DRIP-Etikett auf der Flasche; frische, helle Beleuchtung","Product photography of a blue water bottle placed above a bunch of fresh green mint sprigs on a white marble surface, DRIP label on bottle, fresh bright lighting","[""water bottle"", ""mint sprigs""]","{""water bottle"": ""blue"", ""mint sprigs"": ""green""}","[""water bottle above mint sprigs""]","[""DRIP""]","[""product photography"", ""marble surface"", ""bright lighting""]","Product photo of a blue water bottle placed on a white marble surface above a bouquet of fresh green mint sprigs; DRIP label on the bottle; fresh, bright lighting",0.9726,PASS,de,0.8503071665763855
MB055,food_beverage,ELIXIR,"Produktfoto einer grünen Matcha-Dose, die rechts neben einem braunen Bambus-Teebesen auf einer weißen Keramikfläche platziert ist; auf dem Deckel steht „ELIXIR“; minimalistische, japanisch inspirierte Komposition","Product photography of a green matcha tin placed to the right of a brown bamboo whisk on a white ceramic surface, ELIXIR on tin lid, minimal Japanese-inspired composition","[""matcha tin"", ""bamboo whisk""]","{""matcha tin"": ""green"", ""bamboo whisk"": ""brown""}","[""matcha tin right of bamboo whisk""]","[""ELIXIR""]","[""product photography"", ""ceramic surface"", ""minimal""]","Product photo of a green matcha can placed to the right of a brown bamboo tea whisk on a white ceramic surface; the lid reads “ELIXIR”; a minimalist, Japanese-inspired composition",0.9506,PASS,de,0.7939630746841431
MB056,food_beverage,FERN,"Lifestyle-Produktfoto eines weißen Hafermilchkartons, der rechts neben einer braunen Keramikschüssel mit Müsli auf einem Holztisch platziert ist; auf der Vorderseite des Kartons steht „FERN“; warme Morgenbeleuchtung","Lifestyle product shot of a white oat milk carton placed to the right of a brown ceramic bowl filled with granola on a wooden table, FERN on carton front, warm morning lighting","[""oat milk carton"", ""ceramic bowl""]","{""oat milk carton"": ""white"", ""ceramic bowl"": ""brown""}","[""oat milk carton right of ceramic bowl""]","[""FERN""]","[""lifestyle photography"", ""wooden surface"", ""warm lighting""]",Lifestyle product photo of a white carton of oat milk placed to the right of a brown ceramic bowl of granola on a wooden table; the front of the carton reads “FERN”; warm morning lighting,0.9853,PASS,de,0.8317983150482178
MB057,food_beverage,GUSTO,"Produktfoto einer weißen Aluminiumdose mit Kokosnusswasser, die rechts neben einer braunen Kokosnuss auf einem sandigen Untergrund platziert ist; Aufschrift „GUSTO“ auf der Dose; tropisch-helle Beleuchtung","Product photography of a white aluminum coconut water can placed to the right of a brown coconut on a sandy surface, GUSTO on can, tropical bright lighting","[""coconut water can"", ""coconut""]","{""coconut water can"": ""white"", ""coconut"": ""brown""}","[""coconut water can right of coconut""]","[""GUSTO""]","[""product photography"", ""sandy surface"", ""tropical lighting""]","Product photo of a white aluminum can of coconut water placed to the right of a brown coconut on a sandy background; the word “GUSTO” is printed on the can; bright, tropical lighting",0.9426,PASS,de,0.8189785480499268
MB058,food_beverage,HERBA,"Produktfoto einer kleinen gelben Schnapsflasche aus Glas, die auf einer weißen Unterlage über einer frischen orangefarbenen Kurkumawurzel platziert ist; HERBA-Etikett auf der Flasche; klare Studiobeleuchtung","Product photography of a small yellow glass shot bottle placed above a fresh orange turmeric root on a white surface, HERBA label on bottle, clean studio lighting","[""shot bottle"", ""turmeric root""]","{""shot bottle"": ""yellow"", ""turmeric root"": ""orange""}","[""shot bottle above turmeric root""]","[""HERBA""]","[""product photography"", ""white background"", ""studio lighting""]",Product photo of a small yellow glass liquor bottle placed on a white background atop a fresh orange turmeric root; HERBA label on the bottle; clear studio lighting,0.9708,PASS,de,0.8290960192680359
MB059,food_beverage,INFUSE,"Produktfoto einer violetten Glasflasche mit Sprudelgetränk, die rechts neben einer Traube auf weißem Marmor platziert ist; INFUSE-Etikett auf der Flasche, elegante Beleuchtung","Product photography of a purple glass sparkling juice bottle placed to the right of a bunch of green grapes on white marble, INFUSE label on bottle, elegant lighting","[""sparkling juice bottle"", ""grapes""]","{""sparkling juice bottle"": ""purple"", ""grapes"": ""green""}","[""sparkling juice bottle right of grapes""]","[""INFUSE""]","[""product photography"", ""marble surface"", ""elegant lighting""]","Product photo of a purple glass bottle containing a sparkling beverage, placed to the right of a bunch of grapes on white marble; INFUSE label on the bottle, elegant lighting",0.9473,PASS,de,0.8305157423019409
MB060,food_beverage,JUVO,"Produktfoto einer grünen Flasche mit kaltgepresstem Saft, die unter frischen orangefarbenen Möhren auf einer weißen Holzunterlage steht; JUVO-Etikett auf der Flasche; helles Tageslicht","Product photography of a green cold press juice bottle placed below fresh orange carrots on a white wooden surface, JUVO label on bottle, bright natural lighting","[""juice bottle"", ""carrots""]","{""juice bottle"": ""green"", ""carrots"": ""orange""}","[""juice bottle below carrots""]","[""JUVO""]","[""product photography"", ""white wood surface"", ""natural lighting""]",Product photo of a green bottle of cold-pressed juice sitting on a white wooden base among fresh orange carrots; JUVO label on the bottle; bright natural light,0.977,PASS,de,0.8426430225372314
MB061,fashion_apparel,MODE,"Produktfoto eines weißen Sneakers, der auf einer sauberen weißen Fläche über seinem roten Schuhkarton platziert ist; MODE-Logo auf der Schuhzunge; Studiobeleuchtung","Product photography of a white sneaker placed above its red shoebox on a clean white surface, MODE logo on shoe tongue, studio lighting","[""sneaker"", ""shoebox""]","{""sneaker"": ""white"", ""shoebox"": ""red""}","[""sneaker above shoebox""]","[""MODE""]","[""product photography"", ""white background"", ""studio lighting""]",Product photo of a white sneaker placed on a clean white surface above its red shoe box; MODE logo on the tongue; studio lighting,0.9876,PASS,de,0.7298617362976074
MB062,fashion_apparel,LUXE,"Produktfoto einer schwarzen Lederjacke, die an einem braunen Holzkleiderbügel vor einer weißen Wand hängt; LUXE-Etikett an der Jacke; sanfte, redaktionelle Beleuchtung","Product photography of a black leather jacket hanging on a brown wooden hanger against a white wall, LUXE label on jacket, soft editorial lighting","[""leather jacket"", ""wooden hanger""]","{""leather jacket"": ""black"", ""wooden hanger"": ""brown""}","[""leather jacket above wooden hanger""]","[""LUXE""]","[""editorial photography"", ""white background"", ""soft lighting""]","Product photo of a black leather jacket hanging on a brown wooden hanger in front of a white wall; LUXE label on the jacket; soft, editorial lighting",0.9861,PASS,de,0.8060808181762695
MB063,fashion_apparel,FORM,"Mode-Produktfoto einer hellbraunen Lederhandtasche, die links neben einer schwarzen Sonnenbrille auf einer weißen Fläche platziert ist; FORM-Logo auf den Metallbeschlägen der Tasche; klare, redaktionelle Beleuchtung","Fashion product shot of a tan leather handbag placed to the left of black sunglasses on a white surface, FORM logo on bag hardware, clean editorial lighting","[""handbag"", ""sunglasses""]","{""handbag"": ""tan"", ""sunglasses"": ""black""}","[""handbag left of sunglasses""]","[""FORM""]","[""editorial photography"", ""white background"", ""clean lighting""]","Fashion product photo of a light brown leather handbag placed to the left of a pair of black sunglasses on a white surface; FORM logo on the bag's metal hardware; crisp, editorial lighting",0.9395,PASS,de,0.8463510274887085
MB064,fashion_apparel,GRACE,"Produktfotografie einer goldenen Armbanduhr, die auf einer dunklen Marmorfläche über einer schwarzen Lederuhrenschatulle platziert ist; GRACE-Logo auf dem Zifferblatt; luxuriöse redaktionelle Beleuchtung","Product photography of a gold wristwatch placed above a black leather watch box on a dark marble surface, GRACE logo on watch face, luxury editorial lighting","[""wristwatch"", ""watch box""]","{""wristwatch"": ""gold"", ""watch box"": ""black""}","[""wristwatch above watch box""]","[""GRACE""]","[""luxury editorial"", ""dark marble"", ""dramatic lighting""]",Product photograph of a gold wristwatch placed on a dark marble surface above a black leather watch box; GRACE logo on the dial; luxurious editorial lighting,0.9712,PASS,de,0.8233506083488464
MB065,fashion_apparel,HAVEN,"Produktfoto einer braunen Sonnenbrille im Schildpatt-Look, die auf weißem Hintergrund über einem schwarzen Brillenetui aus Leder platziert ist; auf dem Etui steht „HAVEN“; klare Studioaufnahme","Product photography of brown tortoiseshell sunglasses placed above a black leather glasses case on a white background, HAVEN on case, clean studio shot","[""sunglasses"", ""glasses case""]","{""sunglasses"": ""brown"", ""glasses case"": ""black""}","[""sunglasses above glasses case""]","[""HAVEN""]","[""product photography"", ""white background"", ""clean lighting""]",Product photo of a pair of brown tortoiseshell-style sunglasses placed on a white background atop a black leather case; the case is labeled “HAVEN”; clear studio shot,0.9389,PASS,de,0.8199100494384766
MB066,fashion_apparel,INKE,"Produktfoto von blauen Laufschuhen, die links neben weißen Sportsocken auf einer grauen Betonfläche platziert sind; INKE-Logo an der Ferse des Schuhs; Lifestyle-Beleuchtung","Product photography of blue running shoes placed to the left of white athletic socks on a gray concrete surface, INKE logo on shoe heel, lifestyle lighting","[""running shoes"", ""athletic socks""]","{""running shoes"": ""blue"", ""athletic socks"": ""white""}","[""running shoes left of athletic socks""]","[""INKE""]","[""lifestyle photography"", ""concrete surface"", ""natural lighting""]",Product photo of blue running shoes placed to the left of white athletic socks on a gray concrete surface; INKE logo on the heel of the shoe; lifestyle lighting,0.9929,PASS,de,0.8257359266281128
MB067,fashion_apparel,JOIE,"Flat-Lay-Aufnahme einer blauen Jeansjacke, die auf einer hellgrauen Fläche über einer weißen Canvas-Tragetasche liegt; „JOIE“ auf der Tragetasche; natürliches Licht","Flat lay of a blue denim jacket placed above a white canvas tote bag on a light gray surface, JOIE on tote bag, natural lighting","[""denim jacket"", ""tote bag""]","{""denim jacket"": ""blue"", ""tote bag"": ""white""}","[""denim jacket above tote bag""]","[""JOIE""]","[""flat lay"", ""gray background"", ""natural lighting""]",Flat-lay photo of a blue denim jacket resting on a light gray surface atop a white canvas tote bag; “JOIE” on the tote bag; natural light,0.9603,PASS,de,0.7854182124137878
MB068,fashion_apparel,KEEN,"Produktfoto einer braunen Ledertasche, die links neben einem roten Seidenschal auf einer beigen Leinenunterlage platziert ist; auf der Tasche ist „KEEN“ eingeprägt; sanfte, warme Beleuchtung","Product photography of a brown leather tote bag placed to the left of a red silk scarf on a beige linen surface, KEEN embossed on bag, soft warm lighting","[""leather tote bag"", ""silk scarf""]","{""leather tote bag"": ""brown"", ""silk scarf"": ""red""}","[""leather tote bag left of silk scarf""]","[""KEEN""]","[""product photography"", ""linen surface"", ""warm lighting""]","Product photo of a brown leather bag placed to the left of a red silk scarf on a beige linen background; the bag is embossed with “KEEN”; soft, warm lighting",0.979,PASS,de,0.8415048122406006
MB069,fashion_apparel,LACE,"Lifestyle-Produktfoto eines weißen Sneakers aus Canvas, der auf einer Betonfläche über einem roten Skateboard platziert ist; LACE-Logo an der Seite des Sneakers; natürliche Beleuchtung im urbanen Umfeld","Lifestyle product shot of a white canvas sneaker placed above a red skateboard on a concrete surface, LACE logo on sneaker side, urban natural lighting","[""canvas sneaker"", ""skateboard""]","{""canvas sneaker"": ""white"", ""skateboard"": ""red""}","[""canvas sneaker above skateboard""]","[""LACE""]","[""lifestyle photography"", ""concrete surface"", ""urban lighting""]",Lifestyle product photo of a white canvas sneaker placed on a concrete surface above a red skateboard; LACE logo on the side of the sneaker; natural lighting in an urban setting,0.9573,PASS,de,0.8273760080337524
MB070,fashion_apparel,MAUVE,"Produktfoto im „Flat Lay“-Stil: Ein rosa Sport-BH liegt auf einer violetten Yogamatte auf einem weißen Boden, MAUVE-Etikett am BH-Etikett, helles Studio-Licht","Flat lay product shot of a pink sports bra placed above a purple yoga mat on a white floor surface, MAUVE label on bra tag, bright studio lighting","[""sports bra"", ""yoga mat""]","{""sports bra"": ""pink"", ""yoga mat"": ""purple""}","[""sports bra above yoga mat""]","[""MAUVE""]","[""flat lay"", ""white background"", ""bright lighting""]","""Flat lay"" product photo: A pink sports bra lies on a purple yoga mat on a white floor, with a MAUVE label attached to the bra's tag, under bright studio lighting",0.9687,PASS,de,0.8274677991867065
MB071,fashion_apparel,NOIR,"Flat-Lay-Produktfoto einer schwarzen Baseballkappe, die auf einem weißen T-Shirt vor grauem Hintergrund platziert ist; auf der Vorderseite der Kappe ist „NOIR“ aufgestickt; klares, redaktionelles Foto","Flat lay product shot of a black baseball cap placed above a white t-shirt on a gray background, NOIR embroidered on cap front, clean editorial shot","[""baseball cap"", ""t-shirt""]","{""baseball cap"": ""black"", ""t-shirt"": ""white""}","[""baseball cap above t-shirt""]","[""NOIR""]","[""flat lay"", ""gray background"", ""editorial""]","Flat-lay product photo of a black baseball cap placed on a white T-shirt against a gray background; the word “NOIR” is embroidered on the front of the cap; crisp, editorial-style photo",0.9506,PASS,de,0.8186427354812622
MB072,fashion_apparel,ONYX,"Produktfoto von schwarzen Chelsea-Stiefeln, die links neben einem braunen Ledergürtel auf einer weißen Fläche platziert sind; „ONYX“ auf der Stiefelsohle; klare Studiobeleuchtung","Product photography of black Chelsea boots placed to the left of a brown leather belt on a white surface, ONYX on boot sole, clean studio lighting","[""Chelsea boots"", ""leather belt""]","{""Chelsea boots"": ""black"", ""leather belt"": ""brown""}","[""Chelsea boots left of leather belt""]","[""ONYX""]","[""product photography"", ""white background"", ""studio lighting""]",Product photo of black Chelsea boots placed on a white surface to the left of a brown leather belt; “ONYX” on the sole of the boot; crisp studio lighting,0.9635,PASS,de,0.8411999940872192
MB073,fashion_apparel,POISE,"Lifestyle-Produktfoto eines gelben Regenmantels, der über einem schwarzen Regenschirm vor einer weißen Wand hängt; POISE-Label auf dem Regenmantel; klare, redaktionelle Beleuchtung","Lifestyle product shot of a yellow raincoat hung above a black umbrella against a white wall, POISE label on raincoat, clean editorial lighting","[""raincoat"", ""umbrella""]","{""raincoat"": ""yellow"", ""umbrella"": ""black""}","[""raincoat above umbrella""]","[""POISE""]","[""lifestyle photography"", ""white wall"", ""editorial""]","Lifestyle product photo of a yellow raincoat hanging over a black umbrella in front of a white wall; POISE label on the raincoat; crisp, editorial lighting",0.9842,PASS,de,0.8371412754058838
MB074,fashion_apparel,RIVE,"Flat-Lay-Aufnahme eines grauen Wollpullovers, der auf einer hellen Holzunterlage über einem weißen Strickschal liegt; das RIVE-Label ist zu sehen, weiches, natürliches Licht","Flat lay of a gray wool sweater placed above a white knit scarf on a light wooden surface, RIVE label visible, soft natural lighting","[""wool sweater"", ""knit scarf""]","{""wool sweater"": ""gray"", ""knit scarf"": ""white""}","[""wool sweater above knit scarf""]","[""RIVE""]","[""flat lay"", ""wooden surface"", ""soft lighting""]","A flat-lay photograph of a gray wool sweater resting on a light-colored wooden surface atop a white knitted scarf; the RIVE label is visible, soft, natural light",0.9347,PASS,de,0.7791354060173035
MB075,fashion_apparel,SILK,"Produkt-Flatlay eines orangefarbenen Badeanzugs, der links neben einer weißen Sonnencremeflasche auf einer türkisfarbenen Unterlage platziert ist; „SILK“-Etikett auf der Flasche; helles, sommerliches Licht","Product flat lay of an orange swimsuit placed to the left of a white sunscreen bottle on a turquoise surface, SILK label on bottle, bright summery lighting","[""swimsuit"", ""sunscreen bottle""]","{""swimsuit"": ""orange"", ""sunscreen bottle"": ""white""}","[""swimsuit left of sunscreen bottle""]","[""SILK""]","[""flat lay"", ""turquoise background"", ""bright lighting""]","Product flat lay of an orange swimsuit placed to the left of a white bottle of sunscreen on a turquoise background; “SILK” label on the bottle; bright, summery light",0.9598,PASS,de,0.8018159866333008
MB076,fashion_apparel,TONE,"Produktfoto eines marineblauen Rucksacks, der links neben einer silbernen Wasserflasche vor einem weißen Hintergrund platziert ist; der Schriftzug „TONE“ auf der Vordertasche des Rucksacks; klare Studioaufnahme","Product photography of a navy blue backpack placed to the left of a silver water bottle on a white background, TONE on backpack front pocket, clean studio shot","[""backpack"", ""water bottle""]","{""backpack"": ""navy"", ""water bottle"": ""silver""}","[""backpack left of water bottle""]","[""TONE""]","[""product photography"", ""white background"", ""clean lighting""]",Product photo of a navy blue backpack placed to the left of a silver water bottle against a white background; the word “TONE” on the front pocket of the backpack; clear studio shot,0.9493,PASS,de,0.8334665298461914
MB077,fashion_apparel,ULAN,"Flat-Lay-Modeaufnahme eines grauen Hoodies, der auf einer weißen Unterlage über einer schwarzen Jogginghose platziert ist; das ULAN-Label auf dem Hoodie ist sichtbar; klare redaktionelle Beleuchtung","Flat lay fashion shot of a gray hoodie placed above black jogger pants on a white surface, ULAN tag visible on hoodie, clean editorial lighting","[""hoodie"", ""jogger pants""]","{""hoodie"": ""gray"", ""jogger pants"": ""black""}","[""hoodie above jogger pants""]","[""ULAN""]","[""flat lay"", ""white background"", ""editorial""]","Flat-lay fashion shot of a gray hoodie placed on a white background over a pair of black sweatpants; the ULAN label on the hoodie is visible; clean, editorial lighting",0.9445,PASS,de,0.8047536015510559
MB078,fashion_apparel,VIBE,"Produktfoto von braunen Oxford-Anzugschuhen aus Leder, die links neben einer hellbraunen Lederaktentasche auf einem dunklen Marmorboden platziert sind; „VIBE“ auf der Schuhsohle; professionelle redaktionelle Beleuchtung","Product photography of brown leather Oxford dress shoes placed to the left of a tan leather briefcase on a dark marble floor, VIBE on shoe sole, professional editorial lighting","[""dress shoes"", ""briefcase""]","{""dress shoes"": ""brown"", ""briefcase"": ""tan""}","[""dress shoes left of briefcase""]","[""VIBE""]","[""editorial photography"", ""dark marble"", ""professional lighting""]",Product photo of brown leather Oxford dress shoes placed to the left of a light brown leather briefcase on a dark marble floor; “VIBE” on the sole of the shoe; professional editorial lighting,0.9724,PASS,de,0.8370266556739807
MB079,fashion_apparel,WOVEN,"Produktfoto einer roten Winterjacke, die unter schwarzen Lederhandschuhen vor einem weißen Hintergrund platziert ist; „WOVEN“-Etikett am Reißverschluss der Jacke; gemütliche Winterbeleuchtung","Product photography of a red winter jacket placed below black leather gloves on a white background, WOVEN label on jacket zip, cozy winter lighting","[""winter jacket"", ""leather gloves""]","{""winter jacket"": ""red"", ""leather gloves"": ""black""}","[""winter jacket below leather gloves""]","[""WOVEN""]","[""product photography"", ""white background"", ""soft lighting""]","Product photo of a red winter jacket placed in front of a white background, with black leather gloves; ""WOVEN"" label on the jacket's zipper; cozy winter lighting",0.9723,PASS,de,0.8481475710868835
MB080,fashion_apparel,XARA,"Produktfoto im „Flat Lay“-Stil: schwarze Sportshorts, die unter weißen Laufschuhen auf einem grauen Fitnessstudioboden liegen; XARA-Logo am Bund der Shorts; helles Studio-Licht","Flat lay product shot of black athletic shorts placed below white running sneakers on a gray gym floor, XARA logo on shorts waistband, bright studio lighting","[""athletic shorts"", ""sneakers""]","{""athletic shorts"": ""black"", ""sneakers"": ""white""}","[""athletic shorts below sneakers""]","[""XARA""]","[""flat lay"", ""gray background"", ""bright lighting""]","""Flat lay"" product photo: black athletic shorts lying beneath white running shoes on a gray gym floor; XARA logo on the waistband of the shorts; bright gym lighting",0.965,PASS,de,0.8315920233726501
MB081,fashion_apparel,YARN,"Lifestyle-„Flat Lay“-Aufnahme einer beigen Canvas-Tragetasche, die links neben einem weißen Taschenbuch auf einer Holzunterlage platziert ist; die Aufschrift „YARN“ ist an der Seite der Tragetasche zu sehen; warmes, natürliches Licht","Lifestyle flat lay of a beige canvas tote bag placed to the left of a white paperback book on a wooden surface, YARN on tote side, warm natural lighting","[""canvas tote bag"", ""paperback book""]","{""canvas tote bag"": ""beige"", ""paperback book"": ""white""}","[""canvas tote bag left of paperback book""]","[""YARN""]","[""flat lay"", ""wooden surface"", ""warm lighting""]","Lifestyle ""flat lay"" photo of a beige canvas tote bag placed to the left of a white paperback on a wooden surface; the word ""YARN"" is visible on the side of the tote bag; warm, natural light",0.9654,PASS,de,0.7252034544944763
MB082,fashion_apparel,ZOLA,"Mode-Editorial-Produktfoto eines beigen Trenchcoats, der unter einem schwarzen Regenschirm vor einer weißen Wand hängt; ZOLA-Label auf dem Mantel; klare Editorial-Beleuchtung","Fashion editorial product shot of a beige trench coat hung below a black umbrella against a white wall, ZOLA label on coat, clean editorial lighting","[""trench coat"", ""umbrella""]","{""trench coat"": ""beige"", ""umbrella"": ""black""}","[""trench coat below umbrella""]","[""ZOLA""]","[""editorial photography"", ""white wall"", ""clean lighting""]",Fashion editorial product photo of a beige trench coat hanging under a black umbrella in front of a white wall; ZOLA label on the coat; crisp editorial lighting,0.9872,PASS,de,0.8155946135520935
MB083,fashion_apparel,AEON,"Produktfoto einer schwarzen Radhose, die rechts neben einem weißen Fahrradhelm auf einem hellgrauen Untergrund platziert ist; AEON-Logo an der Seite des Helms; klares Studiofoto","Product photography of black cycling shorts placed to the right of a white cycling helmet on a light gray surface, AEON logo on helmet side, clean studio shot","[""cycling shorts"", ""cycling helmet""]","{""cycling shorts"": ""black"", ""cycling helmet"": ""white""}","[""cycling shorts right of cycling helmet""]","[""AEON""]","[""product photography"", ""gray background"", ""studio lighting""]",Product photo of black cycling shorts placed to the right of a white bicycle helmet on a light gray background; AEON logo on the side of the helmet; clear studio photo,0.9758,PASS,de,0.8409125804901123
MB084,fashion_apparel,BRIM,"Produktfotografie einer schwarzen Lederbrieftasche, die unter silbernen Münzen auf einer dunklen Marmoroberfläche platziert ist; auf der Vorderseite der Brieftasche ist „BRIM“ eingeprägt; luxuriöse redaktionelle Beleuchtung","Product photography of a black leather wallet placed below silver coins on a dark marble surface, BRIM embossed on wallet front, luxury editorial lighting","[""leather wallet"", ""coins""]","{""leather wallet"": ""black"", ""coins"": ""silver""}","[""leather wallet below coins""]","[""BRIM""]","[""luxury editorial"", ""dark marble"", ""dramatic lighting""]",Product photography of a black leather wallet placed among silver coins on a dark marble surface; “BRIM” is embossed on the front of the wallet; luxurious editorial lighting,0.9623,PASS,de,0.8340498208999634
MB085,fashion_apparel,CORD,"Flat-Lay-Modeaufnahme einer grauen Strickmütze, die unter einer marineblauen Jacke auf einer weißen Unterlage platziert ist; CORD-Etikett an der Mütze; klares, natürliches Licht","Flat lay fashion shot of a gray knit beanie hat placed below a navy jacket on a white surface, CORD tag on beanie, clean natural lighting","[""beanie hat"", ""jacket""]","{""beanie hat"": ""gray"", ""jacket"": ""navy""}","[""beanie hat below jacket""]","[""CORD""]","[""flat lay"", ""white background"", ""natural lighting""]","Flat-lay fashion shot of a gray knit beanie placed on a white background beneath a navy blue jacket; CORD label on the beanie; clear, natural light",0.8167,REVIEW,de,0.8148590922355652
MB086,fashion_apparel,DUSK,"Modefotografie von schwarzen Plateau-Pumps, die rechts neben einer roten Leder-Clutch auf einer goldenen Unterlage platziert sind; DUSK-Logo auf dem Absatz; glamouröse Editorial-Beleuchtung","Fashion product photography of black platform heels placed to the right of a red leather clutch bag on a gold surface, DUSK logo on heel, glamorous editorial lighting","[""platform heels"", ""clutch bag""]","{""platform heels"": ""black"", ""clutch bag"": ""red""}","[""platform heels right of clutch bag""]","[""DUSK""]","[""editorial photography"", ""gold surface"", ""glamorous lighting""]",Fashion photography of black platform pumps placed to the right of a red leather clutch on a gold background; DUSK logo on the heel; glamorous editorial lighting,0.9475,PASS,de,0.72286057472229
MB087,fashion_apparel,ZYLO,"Produktfoto einer grünen Cargohose, die vor einem weißen Hintergrund unter braunen Lederstiefeln platziert ist; ZYLO-Etikett am Hosenbund; klare Studiobeleuchtung","Product photography of green cargo pants placed below brown leather boots on a white background, ZYLO label on pants waistband, clean studio lighting","[""cargo pants"", ""leather boots""]","{""cargo pants"": ""green"", ""leather boots"": ""brown""}","[""cargo pants below leather boots""]","[""ZYLO""]","[""product photography"", ""white background"", ""studio lighting""]","Product photo of green cargo pants placed in front of a white background, with brown leather boots; ZYLO label on the waistband; bright studio lighting",0.9491,PASS,de,0.8391954898834229
MB088,fashion_apparel,FINN,"Flat-Lay-Produktfoto einer marineblauen Seidenkrawatte, die unter einem weißen Hemd auf einer grauen Unterlage platziert ist; auf dem Krawattenetikett steht „FINN“; professionelle redaktionelle Beleuchtung","Flat lay product shot of a navy blue silk tie placed below a white dress shirt on a gray surface, FINN woven on tie label, professional editorial lighting","[""silk tie"", ""dress shirt""]","{""silk tie"": ""navy"", ""dress shirt"": ""white""}","[""silk tie below dress shirt""]","[""FINN""]","[""flat lay"", ""gray background"", ""professional lighting""]",Flat-lay product photo of a navy blue silk tie placed on a gray background beneath a white shirt; the tie tag reads “FINN”; professional editorial lighting,0.9663,PASS,de,0.806037187576294
MB089,fashion_apparel,GILD,"Lifestyle-„Flat Lay“-Aufnahme von violetten Fitness-Leggings, die rechts neben weißen Sportschuhen auf einem sauberen Fitnessstudioboden platziert sind; GILD-Logo am Bund der Leggings; helles Studio-Licht","Lifestyle flat lay of purple gym leggings placed to the right of white sports shoes on a clean gym floor, GILD logo on leggings waistband, bright studio lighting","[""gym leggings"", ""sports shoes""]","{""gym leggings"": ""purple"", ""sports shoes"": ""white""}","[""gym leggings right of sports shoes""]","[""GILD""]","[""flat lay"", ""white background"", ""bright lighting""]","Lifestyle ""flat lay"" photo of purple fitness leggings placed to the right of white athletic shoes on a clean gym floor; GILD logo on the waistband of the leggings; bright gym lighting",0.98,PASS,de,0.7875776290893555
MB090,fashion_apparel,HAZE,"Sommerliches Lifestyle-Flat-Lay mit hellbraunen Ledersandalen, die rechts neben einem weißen Stroh-Strandhut auf sandigem Untergrund platziert sind; HAZE-Logo auf dem Sandalenriemen; helles Tageslicht","Summer lifestyle flat lay of tan leather sandals placed to the right of a white straw beach hat on a sandy surface, HAZE logo on sandal strap, bright natural lighting","[""leather sandals"", ""straw beach hat""]","{""leather sandals"": ""tan"", ""straw beach hat"": ""white""}","[""leather sandals right of straw beach hat""]","[""HAZE""]","[""flat lay"", ""sandy surface"", ""natural lighting""]",A summery lifestyle flat lay featuring light brown leather sandals placed to the right of a white straw beach hat on a sandy surface; HAZE logo on the sandal strap; bright natural light,0.9202,PASS,de,0.7722775936126709
MB091,automotive,TORQ,"Automobil-Produktfotografie eines roten Sportwagens, der links neben einem weißen Rennhelm auf einem dunklen Studioboden platziert ist; TORQ-Logo auf der Motorhaube; dramatische Studiobeleuchtung","Automotive product photography of a red sports car placed to the left of a white racing helmet on a dark studio floor, TORQ logo on car hood, dramatic studio lighting","[""sports car"", ""racing helmet""]","{""sports car"": ""red"", ""racing helmet"": ""white""}","[""sports car left of racing helmet""]","[""TORQ""]","[""product photography"", ""dark background"", ""dramatic lighting""]",Automotive product photography of a red sports car positioned to the left of a white racing helmet on a dark studio floor; TORQ logo on the hood; dramatic studio lighting,0.9949,PASS,de,0.8412446975708008
MB092,automotive,RUSH,"Produktfoto eines weißen Elektroautos mit einem grünen Ladekabel, das links davon auf einem sauberen Studioboden liegt; RUSH-Logo an der Autotür; sauberer weißer Hintergrund","Product photography of a white electric car with a green charging cable placed to its left on a clean studio floor, RUSH logo on car door, clean white background","[""electric car"", ""charging cable""]","{""electric car"": ""white"", ""charging cable"": ""green""}","[""charging cable left of electric car""]","[""RUSH""]","[""product photography"", ""white background"", ""clean lighting""]",Product photo of a white electric car with a green charging cable lying to its left on a clean studio floor; RUSH logo on the car door; clean white background,0.9895,PASS,de,0.8387700915336609
MB093,automotive,FORGE,"Produktfoto eines schwarzen SUV mit einem silbernen Dachgepäckträger auf weißem Studioboden, „FORGE“-Schriftzug auf der Motorhaube, dramatische Studiobeleuchtung","Automotive product shot of a black SUV with a silver roof rack mounted above on a white studio floor, FORGE on hood, dramatic studio lighting","[""SUV"", ""roof rack""]","{""SUV"": ""black"", ""roof rack"": ""silver""}","[""roof rack above SUV""]","[""FORGE""]","[""product photography"", ""white background"", ""dramatic lighting""]","Product photo of a black SUV with a silver roof rack on a white studio floor, “FORGE” lettering on the hood, dramatic studio lighting",0.9414,PASS,de,0.8128826022148132
MB094,automotive,HELIX,"Produktfoto eines schwarzen Motorrads, das links neben einem weißen Integralhelm auf einem dunklen Studioboden platziert ist; HELIX-Logo auf dem Tank des Motorrads; dramatische Studiobeleuchtung","Product photography of a black motorcycle placed to the left of a white full-face helmet on a dark studio floor, HELIX logo on motorcycle tank, dramatic studio lighting","[""motorcycle"", ""helmet""]","{""motorcycle"": ""black"", ""helmet"": ""white""}","[""motorcycle left of helmet""]","[""HELIX""]","[""product photography"", ""dark background"", ""dramatic lighting""]",Product photo of a black motorcycle placed to the left of a white full-face helmet on a dark studio floor; HELIX logo on the motorcycle's fuel tank; dramatic studio lighting,0.993,PASS,de,0.8349112272262573
MB095,automotive,JOLT,"Produktfoto eines blauen Sportwagens mit einem schwarzen Reifen, der darunter auf einem weißen Studioboden platziert ist; „JOLT“-Schriftzug auf der Motorhaube; klare, dramatische Beleuchtung","Automotive product shot of a blue sports car with a black tire placed below on a white studio floor, JOLT on car hood, clean dramatic lighting","[""sports car"", ""tire""]","{""sports car"": ""blue"", ""tire"": ""black""}","[""tire below sports car""]","[""JOLT""]","[""product photography"", ""white background"", ""dramatic lighting""]","Product photo of a blue sports car with a black tire placed beneath it on a white studio floor; “JOLT” lettering on the hood; crisp, dramatic lighting",0.9566,PASS,de,0.815022885799408
MB096,automotive,KINETIC,"Produktfoto eines orangefarbenen Pick-ups, der links neben einem schwarzen Metall-Werkzeugkasten auf einer Betonfläche steht; Aufschrift „KINETIC“ auf der Tür des Pick-ups; natürliches Außenlicht","Product photography of an orange pickup truck placed to the left of a black metal toolbox on a concrete surface, KINETIC on truck door, outdoor natural lighting","[""pickup truck"", ""toolbox""]","{""pickup truck"": ""orange"", ""toolbox"": ""black""}","[""pickup truck left of toolbox""]","[""KINETIC""]","[""product photography"", ""concrete surface"", ""outdoor lighting""]",Product photo of an orange pickup truck parked on a concrete surface to the left of a black metal toolbox; “KINETIC” written on the pickup truck’s door; natural outdoor light,0.9351,PASS,de,0.8335388898849487
MB097,automotive,LAUNCH,"Produktfoto eines weißen Elektrorollers, der links neben einem schwarzen Schutzhelm auf einem grauen städtischen Gehweg platziert ist; die Aufschrift „LAUNCH“ auf der Trittfläche des Rollers; klares, natürliches Licht","Product photography of a white electric scooter placed to the left of a black safety helmet on a gray urban sidewalk, LAUNCH on scooter deck, clean natural lighting","[""electric scooter"", ""safety helmet""]","{""electric scooter"": ""white"", ""safety helmet"": ""black""}","[""electric scooter left of safety helmet""]","[""LAUNCH""]","[""product photography"", ""urban setting"", ""natural lighting""]","Product photo of a white electric scooter placed to the left of a black helmet on a gray city sidewalk; the word “LAUNCH” on the scooter’s footboard; bright, natural light",0.9556,PASS,de,0.8002139329910278
MB098,automotive,MOTION,"Produktfoto eines silbernen Kleinwagens, der links neben einem weißen Parkschild auf einer Stadtstraße steht; MOTION-Logo auf der Motorhaube, helle Stadtbeleuchtung","Product photography of a silver compact city car placed to the left of a white parking sign on a city street, MOTION logo on car hood, bright urban lighting","[""city car"", ""parking sign""]","{""city car"": ""silver"", ""parking sign"": ""white""}","[""city car left of parking sign""]","[""MOTION""]","[""product photography"", ""urban setting"", ""bright lighting""]","Product photo of a silver compact car parked to the left of a white parking sign on a city street; MOTION logo on the hood, bright city lights",0.9639,PASS,de,0.8458966016769409
MB099,automotive,PULSE,"Produktfoto eines gelben Cabriolets, das über einem silbernen Autoschlüssel auf einem dunklen Ausstellungsraum-Boden platziert ist; die Aufschrift „PULSE“ auf der Autotür; dramatische Ausstellungsraum-Beleuchtung","Product photography of a yellow convertible car placed above a silver car key on a dark showroom floor, PULSE on car door, dramatic showroom lighting","[""convertible car"", ""car key""]","{""convertible car"": ""yellow"", ""car key"": ""silver""}","[""convertible car above car key""]","[""PULSE""]","[""product photography"", ""dark showroom"", ""dramatic lighting""]",Product photo of a yellow convertible placed on top of a silver car key on a dark showroom floor; the word “PULSE” on the car door; dramatic showroom lighting,0.9566,PASS,de,0.8094421625137329
MB100,automotive,QUEST,"Produktfoto eines grünen Hybridautos, das links neben einem marineblauen Solarpanel auf einem sauberen Studiohintergrund platziert ist; „QUEST“ auf der Motorhaube; sauberer weißer Studiohintergrund","Product photography of a green hybrid car placed to the left of a navy solar panel on a clean studio surface, QUEST on car hood, clean white studio background","[""hybrid car"", ""solar panel""]","{""hybrid car"": ""green"", ""solar panel"": ""navy""}","[""hybrid car left of solar panel""]","[""QUEST""]","[""product photography"", ""white background"", ""clean lighting""]",Product photo of a green hybrid car placed to the left of a navy blue solar panel against a clean studio background; “QUEST” on the hood; clean white studio background,0.9645,PASS,de,0.8309365510940552
MB101,automotive,RACER,"Dramatische Produktaufnahme eines roten Rennwagens, der links neben einer schwarz-weißen Zielflagge auf einer Rennstrecke positioniert ist; RACER-Logo auf der Motorhaube; dramatische Rennbeleuchtung","Dramatic product shot of a red racing car placed to the left of a black and white checkered flag on a racing track, RACER logo on car hood, dramatic race lighting","[""racing car"", ""checkered flag""]","{""racing car"": ""red"", ""checkered flag"": ""black""}","[""racing car left of checkered flag""]","[""RACER""]","[""product photography"", ""race track"", ""dramatic lighting""]",Dramatic product shot of a red race car positioned to the left of a black-and-white checkered flag on a racetrack; RACER logo on the hood; dramatic racing lighting,0.99,PASS,de,0.7865992784500122
MB102,automotive,SPEED,"Produktfotografie eines silbernen Sportmotorrads, das auf einem dunklen Studiohintergrund über schwarzen Leder-Rennhandschuhen platziert ist; die Aufschrift „SPEED“ auf der Motorradverkleidung; dramatische Studiobeleuchtung","Product photography of a silver sports motorcycle placed above black leather racing gloves on a dark studio surface, SPEED on motorcycle fairing, dramatic studio lighting","[""sports motorcycle"", ""racing gloves""]","{""sports motorcycle"": ""silver"", ""racing gloves"": ""black""}","[""sports motorcycle above racing gloves""]","[""SPEED""]","[""product photography"", ""dark background"", ""dramatic lighting""]",Product photograph of a silver sport motorcycle placed on a dark studio background atop a pair of black leather racing gloves; the word “SPEED” on the motorcycle’s fairing; dramatic studio lighting,0.948,PASS,de,0.8378021121025085
MB103,automotive,THRUST,"Produktfoto einer weißen Familienlimousine mit einem schwarzen Kindersitz, der rechts davon auf einem grauen Studiohintergrund platziert ist; die Aufschrift „THRUST“ auf der Limousinentür; klare Studiobeleuchtung","Product photography of a white family sedan with a black child seat placed to its right on a gray studio surface, THRUST on sedan door, clean studio lighting","[""family sedan"", ""child seat""]","{""family sedan"": ""white"", ""child seat"": ""black""}","[""child seat right of family sedan""]","[""THRUST""]","[""product photography"", ""gray background"", ""clean lighting""]",Product photo of a white family sedan with a black child seat placed to the right of it against a gray studio background; the word “THRUST” on the sedan’s door; clear studio lighting,0.9081,PASS,de,0.8278518319129944
MB104,automotive,VEER,"Produktfoto eines braunen Geländewagens, der links neben einem schwarzen Ersatzreifen auf einem unebenen Untergrund im Freien positioniert ist; „VEER“ auf der Motorhaube; natürliches Außenlicht","Product photography of a brown off-road vehicle placed to the left of a black spare tire on a rugged outdoor surface, VEER on hood, outdoor natural lighting","[""off-road vehicle"", ""spare tire""]","{""off-road vehicle"": ""brown"", ""spare tire"": ""black""}","[""off-road vehicle left of spare tire""]","[""VEER""]","[""product photography"", ""outdoor surface"", ""natural lighting""]","Product photo of a brown SUV positioned outdoors on uneven ground, to the left of a black spare tire; “VEER” on the hood; natural outdoor lighting",0.9554,PASS,de,0.8345235586166382
MB105,automotive,WARP,"Luxus-Produktfotografie einer schwarzen Limousine, die über einem goldenen Schlüsselanhänger auf dem dunklen Marmorboden eines Ausstellungsraums platziert ist; „WARP“-Schriftzug auf der Motorhaube der Limousine; dramatische redaktionelle Beleuchtung","Luxury product photography of a black sedan placed above a gold key fob on a dark marble showroom floor, WARP on sedan hood, dramatic editorial lighting","[""sedan"", ""key fob""]","{""sedan"": ""black"", ""key fob"": ""gold""}","[""sedan above key fob""]","[""WARP""]","[""luxury editorial"", ""dark marble"", ""dramatic lighting""]",Luxury product photography of a black sedan placed on top of a gold keychain on the dark marble floor of a showroom; “WARP” lettering on the sedan’s hood; dramatic editorial lighting,0.9157,PASS,de,0.8265488147735596
MB106,automotive,XCEL,"Produktfoto eines weißen E-Bikes, das links neben einem schwarzen Ladekabel auf einem sauberen, weißen Studioboden platziert ist; „XCEL“ auf dem Fahrradrahmen; klare Studiobeleuchtung","Product photography of a white electric bicycle placed to the left of a black charging cable on a clean white studio floor, XCEL on bicycle frame, clean studio lighting","[""electric bicycle"", ""charging cable""]","{""electric bicycle"": ""white"", ""charging cable"": ""black""}","[""electric bicycle left of charging cable""]","[""XCEL""]","[""product photography"", ""white background"", ""studio lighting""]","Product photo of a white e-bike placed to the left of a black charging cable on a clean, white studio floor; “XCEL” on the bike frame; bright studio lighting",0.9787,PASS,de,0.8380411863327026
MB107,automotive,YOKE,"Glamouröses Produktfoto eines roten Rennwagens, der links neben einer goldenen Trophäe auf einem dunklen Ausstellungsboden platziert ist; „YOKE“ auf der Motorhaube; dramatische, goldfarben beleuchtete Atmosphäre","Glamour product shot of a red racing car placed to the left of a gold trophy on a dark showroom floor, YOKE on car hood, dramatic gold-lit atmosphere","[""racing car"", ""trophy""]","{""racing car"": ""red"", ""trophy"": ""gold""}","[""racing car left of trophy""]","[""YOKE""]","[""product photography"", ""dark showroom"", ""glamorous lighting""]","Glamorous product photo of a red race car positioned to the left of a golden trophy on a dark display floor; “YOKE” on the hood; dramatic, gold-hued lighting",0.9526,PASS,de,0.8316217660903931
MB108,automotive,ZOOM,"Produktfoto eines weißen Lieferwagens, der links neben einem braunen Karton auf einer grauen Straßenoberfläche steht; Zoom auf die Tür des Lieferwagens; klare, gewerbliche Beleuchtung","Product photography of a white delivery van placed to the left of a brown cardboard box on a gray street surface, ZOOM on van door, clean commercial lighting","[""delivery van"", ""cardboard box""]","{""delivery van"": ""white"", ""cardboard box"": ""brown""}","[""delivery van left of cardboard box""]","[""ZOOM""]","[""product photography"", ""gray surface"", ""commercial lighting""]","Product photo of a white delivery van parked to the left of a brown cardboard box on a gray road surface; close-up of the van's door; bright, industrial lighting",0.9636,PASS,de,0.7956568002700806
MB109,automotive,ALPHA,"Produktfoto eines beigen Wohnmobils, das links neben einem grünen Campingzelt auf einer grasbewachsenen Fläche im Freien steht; „ALPHA“ auf der Seite des Wohnmobils; Beleuchtung zur „goldenen Stunde“","Product photography of a beige campervan placed to the left of a green camping tent on a grassy outdoor surface, ALPHA on van side, golden hour lighting","[""campervan"", ""camping tent""]","{""campervan"": ""beige"", ""camping tent"": ""green""}","[""campervan left of camping tent""]","[""ALPHA""]","[""product photography"", ""outdoor setting"", ""golden hour""]",Product photo of a beige RV parked to the left of a green camping tent on a grassy outdoor area; “ALPHA” on the side of the RV; lighting during the “golden hour”,0.9138,PASS,de,0.8148015737533569
MB110,automotive,BRAVO,"Retro-Produktfoto eines blauen Oldtimers, der links neben einer silbernen Zapfsäule auf einer Betonfläche steht; auf der Motorhaube steht „BRAVO“, warme Retro-Beleuchtung","Retro product shot of a blue vintage car placed to the left of a silver fuel pump on a concrete surface, BRAVO on car hood, warm vintage lighting","[""vintage car"", ""fuel pump""]","{""vintage car"": ""blue"", ""fuel pump"": ""silver""}","[""vintage car left of fuel pump""]","[""BRAVO""]","[""product photography"", ""concrete surface"", ""vintage lighting""]","Retro product photo of a blue classic car parked on a concrete surface to the left of a silver gas pump; the hood reads “BRAVO,” with warm retro lighting",0.9549,PASS,de,0.8291253447532654
MB111,automotive,TORVEX,"Produktfotografie eines schwarzen Sport-Fließheckmodells mit einem silbernen Dachgepäckträger auf weißem Studioboden, „TORVEX“-Schriftzug auf der Autotür, dramatische Studiobeleuchtung","Product photography of a black sports hatchback with a silver roof rack mounted above on a white studio floor, TORVEX on car door, dramatic studio lighting","[""sports hatchback"", ""roof rack""]","{""sports hatchback"": ""black"", ""roof rack"": ""silver""}","[""roof rack above sports hatchback""]","[""TORVEX""]","[""product photography"", ""white background"", ""dramatic lighting""]","Product photography of a black sports hatchback with a silver roof rack on a white studio floor, “TORVEX” lettering on the car door, dramatic studio lighting",0.9412,PASS,de,0.7968873381614685
MB112,automotive,DELTA,"Produktfoto eines weißen Polizeiautos mit einer roten Blaulichtleuchte oben auf einer grauen Fläche, „DELTA“ auf der Autotür, dramatische Nachtbeleuchtung","Product photography of a white police car with a red siren light placed above on a gray surface, DELTA on car door, dramatic night lighting","[""police car"", ""siren light""]","{""police car"": ""white"", ""siren light"": ""red""}","[""siren light above police car""]","[""DELTA""]","[""product photography"", ""gray surface"", ""dramatic lighting""]","Product photo of a white police car with a red flashing light on top, set against a gray background, with ""DELTA"" on the car door, dramatic nighttime lighting",0.9671,PASS,de,0.8207994699478149
MB113,automotive,EAGLE,"Produktfoto eines gelben Schulbusses, der rechts neben einem roten Stoppschild auf einer grauen Fahrbahn steht; an der Seite des Busses steht „EAGLE“; helles Tageslicht","Product photography of a yellow school bus placed to the right of a red stop sign on a gray road surface, EAGLE on bus side, bright natural lighting","[""school bus"", ""stop sign""]","{""school bus"": ""yellow"", ""stop sign"": ""red""}","[""school bus right of stop sign""]","[""EAGLE""]","[""product photography"", ""gray road"", ""bright lighting""]",Product photo of a yellow school bus parked to the right of a red stop sign on a gray road; the side of the bus reads “EAGLE”; bright daylight,0.9688,PASS,de,0.8263841271400452
MB114,automotive,FOXTROT,"Produktfoto eines roten Feuerwehrautos, das rechts neben einem gelben, aufgerollten Feuerwehrschlauch auf einer Betonfläche steht; „FOXTROT“ auf der Fahrzeugtür; dramatische, rot beleuchtete Atmosphäre","Product photography of a red fire truck placed to the right of a yellow coiled fire hose on a concrete surface, FOXTROT on truck door, dramatic red-lit atmosphere","[""fire truck"", ""fire hose""]","{""fire truck"": ""red"", ""fire hose"": ""yellow""}","[""fire truck right of fire hose""]","[""FOXTROT""]","[""product photography"", ""concrete surface"", ""dramatic lighting""]","Product photo of a red fire truck parked on a concrete surface to the right of a yellow, coiled fire hose; “FOXTROT” on the vehicle door; dramatic, red-lit atmosphere",0.9716,PASS,de,0.8363096714019775
MB115,automotive,GRAND,"Luxuriöse Produktfotografie einer schwarzen Limousine, die auf einem roten Teppich in einer dunklen Stadtstraße steht; die Aufschrift „GRAND“ auf der Limousinentür; glamouröse Nachtbeleuchtung","Luxury product shot of a black limousine placed above a red carpet on a dark city street, GRAND on limo door, glamorous night lighting","[""limousine"", ""red carpet""]","{""limousine"": ""black"", ""red carpet"": ""red""}","[""limousine above red carpet""]","[""GRAND""]","[""luxury editorial"", ""dark setting"", ""glamorous lighting""]",Luxurious product photography of a black limousine parked on a red carpet in a dark city street; the word “GRAND” on the limousine’s door; glamorous nighttime lighting,0.9202,PASS,de,0.8285636901855469
MB116,automotive,HOUND,"Produktfoto eines grauen Geländewagens, der rechts neben silbernen Schneeketten auf einer weißen, verschneiten Fläche steht; „HOUND“ auf der Fahrzeugtür; kalte Winterbeleuchtung","Product photography of a gray all-terrain vehicle placed to the right of silver snow chains on a white snowy surface, HOUND on vehicle door, cold winter lighting","[""all-terrain vehicle"", ""snow chains""]","{""all-terrain vehicle"": ""gray"", ""snow chains"": ""silver""}","[""all-terrain vehicle right of snow chains""]","[""HOUND""]","[""product photography"", ""snowy surface"", ""cold lighting""]","Product photo of a gray SUV standing to the right of silver snow chains on a white, snow-covered surface; “HOUND” on the car door; cold winter lighting",0.9295,PASS,de,0.8351066708564758
MB117,automotive,IRON,"Produktfotografie eines schwarzen Cruiser-Motorrads, das auf einem dunklen Studioboden über braunen Ledersatteltaschen positioniert ist; die Aufschrift „IRON“ auf dem Tank des Motorrads; dramatische Studiobeleuchtung","Product photography of a black cruiser motorcycle placed above brown leather saddlebags on a dark studio floor, IRON on motorcycle tank, dramatic studio lighting","[""motorcycle"", ""saddlebags""]","{""motorcycle"": ""black"", ""saddlebags"": ""brown""}","[""motorcycle above saddlebags""]","[""IRON""]","[""product photography"", ""dark background"", ""dramatic lighting""]",Product photography of a black cruiser motorcycle positioned on a dark studio floor above brown leather saddlebags; the word “IRON” on the motorcycle’s tank; dramatic studio lighting,0.9213,PASS,de,0.8315106630325317
MB118,automotive,VANTIS,"Produktfoto eines grünen, gepanzerten SUVs mit einer schwarzen Radioantenne rechts davon auf einer grauen Unterlage, „VANTIS“-Schriftzug auf der Motorhaube, dramatische Studiobeleuchtung","Product photography of a green armored SUV with a black radio antenna placed to its right on a gray surface, VANTIS on hood, dramatic studio lighting","[""armored SUV"", ""radio antenna""]","{""armored SUV"": ""green"", ""radio antenna"": ""black""}","[""radio antenna right of armored SUV""]","[""VANTIS""]","[""product photography"", ""gray surface"", ""dramatic lighting""]","Product photo of a green, armored SUV with a black radio antenna to its right, set against a gray background; “VANTIS” lettering on the hood; dramatic studio lighting",0.9358,PASS,de,0.8314529657363892
MB119,automotive,KILO,"Produktfoto eines roten Kleinstwagens, der rechts neben einer weißen, zusammengefalteten Stadtkarte auf einem grauen städtischen Untergrund platziert ist; „KILO“ auf der Autotür; helle Stadtbeleuchtung","Product photography of a red micro car placed to the right of a white folded city map on a gray urban surface, KILO on car door, bright urban lighting","[""micro car"", ""city map""]","{""micro car"": ""red"", ""city map"": ""white""}","[""micro car right of city map""]","[""KILO""]","[""product photography"", ""urban setting"", ""bright lighting""]","Product photo of a red microcar placed to the right of a white, folded city map on a gray urban background; “KILO” on the car door; bright city lights",0.9454,PASS,de,0.7876876592636108
MB120,automotive,LANCE,"Produktfoto eines orangefarbenen Superbikes, das rechts neben einem schwarzen Rennstrecken-Kegel auf grauem Asphalt platziert ist; „LANCE“ auf der Verkleidung des Motorrads; dramatische Rennbeleuchtung","Product photography of an orange superbike placed to the right of a black racing track cone on a gray track surface, LANCE on bike fairing, dramatic race lighting","[""superbike"", ""track cone""]","{""superbike"": ""orange"", ""track cone"": ""black""}","[""superbike right of track cone""]","[""LANCE""]","[""product photography"", ""race track"", ""dramatic lighting""]",Product photo of an orange superbike positioned to the right of a black track cone on gray asphalt; “LANCE” on the motorcycle’s fairing; dramatic racing lighting,0.9483,PASS,de,0.833193302154541
MB121,lifestyle_wellness,ZENITH,"Produktfoto einer violetten Yogamatte, die links neben einer silbernen Edelstahl-Wasserflasche auf einem weißen Studioboden platziert ist; „ZENITH“ auf der Matte; helles, klares Licht","Product photography of a purple yoga mat placed to the left of a silver stainless steel water bottle on a white studio floor, ZENITH on mat, bright clean lighting","[""yoga mat"", ""water bottle""]","{""yoga mat"": ""purple"", ""water bottle"": ""silver""}","[""yoga mat left of water bottle""]","[""ZENITH""]","[""product photography"", ""white background"", ""bright lighting""]","Product photo of a purple yoga mat placed to the left of a silver stainless-steel water bottle on a white studio floor; “ZENITH” on the mat; bright, clear light",0.9801,PASS,de,0.841996967792511
MB122,lifestyle_wellness,REVIVE,"Produktfoto einer weißen Nahrungsergänzungsmittelflasche mit orangefarbenen Kapseln, die rechts davon auf einer sauberen weißen Fläche platziert sind; „REVIVE“ auf dem Flaschenetikett; Studiobeleuchtung","Product photography of a white supplement bottle with orange capsules placed to its right on a clean white surface, REVIVE on bottle label, studio lighting","[""supplement bottle"", ""capsules""]","{""supplement bottle"": ""white"", ""capsules"": ""orange""}","[""capsules right of supplement bottle""]","[""REVIVE""]","[""product photography"", ""white background"", ""studio lighting""]",Product photo of a white dietary supplement bottle with orange capsules placed to the right of it on a clean white surface; “REVIVE” on the bottle label; studio lighting,0.9546,PASS,de,0.8486250042915344
MB123,lifestyle_wellness,BOOST,"Lifestyle-Produktfoto einer schwarzen Sporttasche, die links neben einem weißen, zusammengefalteten Handtuch auf einem grauen Sporthallenboden platziert ist; BOOST-Logo auf dem Trageriemen der Tasche; helles Sporthallenlicht","Lifestyle product shot of a black gym bag placed to the left of a white folded towel on a gray gym floor, BOOST logo on bag strap, bright gym lighting","[""gym bag"", ""towel""]","{""gym bag"": ""black"", ""towel"": ""white""}","[""gym bag left of towel""]","[""BOOST""]","[""lifestyle photography"", ""gym setting"", ""bright lighting""]","Lifestyle product photo of a black gym bag placed to the left of a white, folded towel on a gray gym floor; BOOST logo on the bag's shoulder strap; bright gym lighting",0.9644,PASS,de,0.8415384292602539
MB124,lifestyle_wellness,AURA,"Kosmetikfotografie: Ein weißer Gesichtscreme-Tiegel, der auf einer Marmoroberfläche über rosa Blumen platziert ist; die Aufschrift „AURA“ auf dem Deckel; sanftes, natürliches Licht","Beauty product photography of a white face cream jar placed above pink flowers on a marble surface, AURA on jar lid, soft natural lighting","[""face cream jar"", ""flowers""]","{""face cream jar"": ""white"", ""flowers"": ""pink""}","[""face cream jar above flowers""]","[""AURA""]","[""beauty photography"", ""marble surface"", ""soft lighting""]","Cosmetics Photography: A white jar of face cream placed on a marble surface above pink flowers; the word “AURA” on the lid; soft, natural light",0.8976,PASS,de,0.8220833539962769
MB125,lifestyle_wellness,PEAK,"Produktfoto einer schwarzen Protein-Shaker-Flasche, die links neben einer silbernen Hantel auf einer grauen Fitnessmatte platziert ist; „PEAK“-Schriftzug auf dem Shaker; dramatische Fitnessstudio-Beleuchtung","Product photography of a black protein shaker bottle placed to the left of a silver dumbbell on a gray gym mat, PEAK on shaker, dramatic gym lighting","[""protein shaker"", ""dumbbell""]","{""protein shaker"": ""black"", ""dumbbell"": ""silver""}","[""protein shaker left of dumbbell""]","[""PEAK""]","[""product photography"", ""gym setting"", ""dramatic lighting""]",Product photo of a black protein shaker bottle placed to the left of a silver dumbbell on a gray exercise mat; “PEAK” lettering on the shaker; dramatic gym lighting,0.9442,PASS,de,0.8265660405158997
MB126,lifestyle_wellness,CALM,"Lifestyle-Produktfoto eines violetten Meditationskissens, das links neben einer weißen Kerze auf einem Bambusboden platziert ist; die Aufschrift „CALM“ ist auf der Seite des Kissens zu sehen; sanfte Umgebungsbeleuchtung","Lifestyle product shot of a purple meditation cushion placed to the left of a white candle on a bamboo wood floor, CALM on cushion side, soft ambient lighting","[""meditation cushion"", ""candle""]","{""meditation cushion"": ""purple"", ""candle"": ""white""}","[""meditation cushion left of candle""]","[""CALM""]","[""lifestyle photography"", ""bamboo surface"", ""soft lighting""]",Lifestyle product photo of a purple meditation pillow placed to the left of a white candle on a bamboo floor; the word “CALM” is visible on the side of the pillow; soft ambient lighting,0.9507,PASS,de,0.8271409273147583
MB127,lifestyle_wellness,ALIGN,"Produkt-Flatlay einer blauen Schaumstoffrolle, die auf einer violetten Yogamatte auf einem sauberen weißen Boden liegt; auf der Rolle ist „ALIGN“ eingeprägt; helles Studio-Licht","Product flat lay of a blue foam roller placed above a purple yoga mat on a clean white floor, ALIGN embossed on roller, bright studio lighting","[""foam roller"", ""yoga mat""]","{""foam roller"": ""blue"", ""yoga mat"": ""purple""}","[""foam roller above yoga mat""]","[""ALIGN""]","[""flat lay"", ""white background"", ""bright lighting""]",Product flat lay of a blue foam roller resting on a purple yoga mat on a clean white floor; the word “ALIGN” is embossed on the roller; bright studio lighting,0.9667,PASS,de,0.8043140769004822
MB128,lifestyle_wellness,TENZO,"Produktfoto von roten Widerstandsbändern, die links neben einer schwarzen Wasserflasche auf einem weißen Fitnessstudioboden platziert sind; Aufschrift „TENZO“ auf dem Band; helle Beleuchtung im Fitnessstudio","Product photography of red resistance bands placed to the left of a black water bottle on a white gym floor, TENZO on band, bright fitness studio lighting","[""resistance bands"", ""water bottle""]","{""resistance bands"": ""red"", ""water bottle"": ""black""}","[""resistance bands left of water bottle""]","[""TENZO""]","[""product photography"", ""white background"", ""bright lighting""]","Product photo of red resistance bands placed to the left of a black water bottle on a white gym floor; ""TENZO"" written on the band; bright lighting in the gym",0.9759,PASS,de,0.8293813467025757
MB129,lifestyle_wellness,TERRA,"Lifestyle-Produktfoto einer braunen Glasflasche für ätherische Öle, die links neben einem weißen Keramik-Diffusor auf einer Holzunterlage platziert ist; Aufschrift „TERRA“ auf der Flasche; warme, bernsteinfarbene Beleuchtung","Lifestyle product shot of a brown glass essential oil bottle placed to the left of a white ceramic diffuser on a wood surface, TERRA on bottle, warm amber lighting","[""essential oil bottle"", ""ceramic diffuser""]","{""essential oil bottle"": ""brown"", ""ceramic diffuser"": ""white""}","[""essential oil bottle left of ceramic diffuser""]","[""TERRA""]","[""lifestyle photography"", ""wood surface"", ""warm lighting""]","Lifestyle product photo of a brown glass bottle for essential oils, placed to the left of a white ceramic diffuser on a wooden base; the word “TERRA” is printed on the bottle; warm, amber-colored lighting",0.93,PASS,de,0.8375262022018433
MB130,lifestyle_wellness,REST,"Lifestyle-„Flat Lay“-Aufnahme einer schwarzen Seiden-Schlafmaske, die auf einem weißen Kissen auf einer grauen Bettfläche liegt, mit der Aufschrift „REST“ auf der Maske, sanfte Beleuchtung am Bett","Lifestyle flat lay of a black silk sleep mask placed above a white pillow on a gray bed surface, REST on mask, soft bedside lighting","[""sleep mask"", ""pillow""]","{""sleep mask"": ""black"", ""pillow"": ""white""}","[""sleep mask above pillow""]","[""REST""]","[""flat lay"", ""gray surface"", ""soft lighting""]","Lifestyle ""flat lay"" photo of a black silk sleep mask resting on a white pillow on a gray bed, with the word ""REST"" printed on the mask, and soft lighting by the bed",0.9668,PASS,de,0.7527545094490051
MB131,lifestyle_wellness,RYNTH,"Lifestyle-„Flat Lay“-Aufnahme eines weißen Tagebuchs mit festem Einband, das links neben einem schwarzen Stift auf einer Marmor-Schreibtischplatte platziert ist; auf dem Einband steht „RYNTH“; warmes, natürliches Licht","Lifestyle flat lay of a white hardcover journal placed to the left of a black pen on a marble desk surface, RYNTH on journal cover, warm natural lighting","[""journal"", ""pen""]","{""journal"": ""white"", ""pen"": ""black""}","[""journal left of pen""]","[""RYNTH""]","[""flat lay"", ""marble surface"", ""natural lighting""]","Lifestyle ""flat lay"" photo of a white hardcover diary placed to the left of a black pen on a marble desk top; the cover reads ""RYNTH""; warm, natural light",0.9478,PASS,de,0.7379114627838135
MB132,lifestyle_wellness,TRACE,"Lifestyle-Produktfoto einer schwarzen Fitnessuhr, die links neben einem weißen Smartphone auf einer hellgrauen Unterlage platziert ist; auf dem Zifferblatt steht „TRACE“; klare Studiobeleuchtung","Lifestyle product shot of a black fitness watch placed to the left of a white smartphone on a light gray surface, TRACE on watch face, clean studio lighting","[""fitness watch"", ""smartphone""]","{""fitness watch"": ""black"", ""smartphone"": ""white""}","[""fitness watch left of smartphone""]","[""TRACE""]","[""lifestyle photography"", ""gray background"", ""studio lighting""]",Lifestyle product photo of a black fitness watch placed to the left of a white smartphone on a light gray background; the watch face reads “TRACE”; crisp studio lighting,0.9711,PASS,de,0.820695161819458
MB133,lifestyle_wellness,EASE,"Produktfoto einer schwarzen Massagepistole, die auf einer grauen Unterlage über ihrer weißen Ladestation platziert ist; „EASE“ auf dem Pistolenkörper; klare Studiobeleuchtung","Product photography of a black massage gun placed above its white charging base on a gray surface, EASE on gun body, clean studio lighting","[""massage gun"", ""charging base""]","{""massage gun"": ""black"", ""charging base"": ""white""}","[""massage gun above charging base""]","[""EASE""]","[""product photography"", ""gray background"", ""clean lighting""]",Product photo of a black massage gun placed on a gray surface above its white charging station; “EASE” on the gun’s body; crisp studio lighting,0.9516,PASS,de,0.832695722579956
MB134,lifestyle_wellness,RENEW,"Produktfoto eines weißen Tiegels mit Kollagenpulver, der links neben einem rosa Glas auf einer Marmorfläche platziert ist; auf dem Etikett des Tiegels steht „RENEW“; klare, helle Beleuchtung","Product photography of a white collagen powder jar placed to the left of a pink glass on a marble surface, RENEW on jar label, clean bright lighting","[""collagen powder jar"", ""glass""]","{""collagen powder jar"": ""white"", ""glass"": ""pink""}","[""collagen powder jar left of glass""]","[""RENEW""]","[""product photography"", ""marble surface"", ""bright lighting""]","Product photo of a white jar containing collagen powder, placed to the left of a pink glass jar on a marble surface; the jar’s label reads “RENEW”; clear, bright lighting",0.9662,PASS,de,0.8435122966766357
MB135,lifestyle_wellness,VOXA,"Lifestyle-Produktfoto einer grünen Thermoskanne, die links neben einem braunen Beutel mit Studentenfutter auf einem felsigen Untergrund im Freien platziert ist; „VOXA“ auf der Thermoskanne; natürliches Außenlicht","Lifestyle product shot of a green thermos placed to the left of a brown trail mix bag on a rocky outdoor surface, VOXA on thermos, outdoor natural lighting","[""thermos"", ""trail mix bag""]","{""thermos"": ""green"", ""trail mix bag"": ""brown""}","[""thermos left of trail mix bag""]","[""VOXA""]","[""lifestyle photography"", ""rocky surface"", ""outdoor lighting""]",Lifestyle product photo of a green thermos placed outdoors on a rocky surface to the left of a brown bag of trail mix; “VOXA” on the thermos; natural outdoor light,0.9709,PASS,de,0.7196216583251953
MB136,lifestyle_wellness,VIVID,"Produktfoto aus der Vogelperspektive: Eine gelbe Smoothie-Schale aus Keramik, die über einem silbernen Löffel auf einer weißen Marmorfläche platziert ist; die Aufschrift „VIVID“ ist an der Seite der Schale zu sehen; helles, natürliches Licht","Overhead product shot of a yellow ceramic smoothie bowl placed above a silver spoon on a white marble surface, VIVID on bowl side, bright natural lighting","[""smoothie bowl"", ""spoon""]","{""smoothie bowl"": ""yellow"", ""spoon"": ""silver""}","[""smoothie bowl above spoon""]","[""VIVID""]","[""overhead shot"", ""marble surface"", ""bright lighting""]","Bird's-eye view of the product: A yellow ceramic smoothie bowl placed on a white marble surface above a silver spoon; the word “VIVID” is visible on the side of the bowl; bright, natural light",0.884,PASS,de,0.8295750021934509
MB137,lifestyle_wellness,SHIELD,"Lifestyle-Produktfoto einer weißen Sonnencremeflasche, die links neben einem orangefarbenen Strandtuch auf sandigem Untergrund platziert ist; Aufschrift „SHIELD“ auf der Flasche; helles Sommerlicht","Lifestyle product shot of a white sunscreen bottle placed to the left of an orange beach towel on a sandy surface, SHIELD on bottle, bright summer lighting","[""sunscreen bottle"", ""beach towel""]","{""sunscreen bottle"": ""white"", ""beach towel"": ""orange""}","[""sunscreen bottle left of beach towel""]","[""SHIELD""]","[""lifestyle photography"", ""sandy surface"", ""summer lighting""]",Lifestyle product photo of a white sunscreen bottle placed on a sandy background to the left of an orange beach towel; the word “SHIELD” is printed on the bottle; bright summer light,0.9234,PASS,de,0.8396130204200745
MB138,lifestyle_wellness,VITAL,"Produktfoto einer orangefarbenen Vitaminflasche, die rechts neben einer silbernen Blisterverpackung auf einer weißen Unterlage platziert ist; auf dem Flaschenetikett steht „VITAL“; helles Studio-Licht","Product photography of an orange vitamin bottle placed to the right of a silver blister pack on a white surface, VITAL on bottle label, bright studio lighting","[""vitamin bottle"", ""blister pack""]","{""vitamin bottle"": ""orange"", ""blister pack"": ""silver""}","[""blister pack left of vitamin bottle""]","[""VITAL""]","[""product photography"", ""white background"", ""bright lighting""]",Product photo of an orange vitamin bottle placed to the right of a silver blister pack on a white background; the bottle label reads “VITAL”; bright studio lighting,0.9856,PASS,de,0.8485038876533508
MB139,lifestyle_wellness,CORE,"Produktfoto eines blaugrünen Balance-Boards, das auf dem Boden eines Fitnessstudios über weißen Sportschuhen platziert ist; auf der Oberfläche des Boards steht „CORE“; helle Beleuchtung im Fitnessstudio","Product photography of a teal balance board placed above white athletic sneakers on a gym floor, CORE on board surface, bright gym lighting","[""balance board"", ""sneakers""]","{""balance board"": ""teal"", ""sneakers"": ""white""}","[""balance board above sneakers""]","[""CORE""]","[""product photography"", ""gym setting"", ""bright lighting""]","Product photo of a blue-green balance board placed on the floor of a gym, resting on top of white athletic shoes; the word “CORE” is written on the surface of the board; bright lighting in the gym",0.7642,REVIEW,de,0.8307653665542603
MB140,lifestyle_wellness,CHILL,"Kosmetik-Produktfotografie: Ein weißer Eisroller, links neben einer goldenen Gesichtsserumflasche auf einer weißen Marmoroberfläche platziert; die Aufschrift „CHILL“ auf dem Griff des Rollers; kühle, klare Beleuchtung","Beauty product photography of a white ice roller placed to the left of a gold face serum bottle on a white marble surface, CHILL on roller handle, cool clean lighting","[""ice roller"", ""face serum bottle""]","{""ice roller"": ""white"", ""face serum bottle"": ""gold""}","[""ice roller left of face serum bottle""]","[""CHILL""]","[""beauty photography"", ""marble surface"", ""clean lighting""]","Cosmetics Product Photography: A white ice roller placed to the left of a golden facial serum bottle on a white marble surface; the word “CHILL” on the roller’s handle; cool, crisp lighting",0.9734,PASS,de,0.8270649909973145
MB141,lifestyle_wellness,STEAM,"Produktfoto im Spa-Lifestyle-Stil: ein weißes, gefaltetes Handtuch, das auf einer hölzernen Saunabank über einer schwarzen Wasserflasche liegt; der Schriftzug „STEAM“ an einer Ecke des Handtuchs; warme Dampfbeleuchtung","Spa lifestyle product shot of a white folded towel placed above a black water bottle on a wooden sauna bench, STEAM on towel corner, warm steam lighting","[""towel"", ""water bottle""]","{""towel"": ""white"", ""water bottle"": ""black""}","[""towel above water bottle""]","[""STEAM""]","[""lifestyle photography"", ""wooden surface"", ""warm lighting""]","Spa-lifestyle-style product photo: a white, folded towel resting on a wooden sauna bench above a black water bottle; the word “STEAM” written in one corner of the towel; warm, steamy lighting",0.9003,PASS,de,0.8376021385192871
MB142,lifestyle_wellness,PRESS,"Produktfoto einer violetten Akupressurmatte, die rechts neben einem weißen, rechteckigen Kissen auf einem hellgrauen Boden platziert ist; Aufschrift „PRESS“ an der Ecke der Matte; klare Studiobeleuchtung","Product photography of a purple acupressure mat placed to the right of a white rectangular pillow on a light gray floor, PRESS on mat corner, clean studio lighting","[""acupressure mat"", ""pillow""]","{""acupressure mat"": ""purple"", ""pillow"": ""white""}","[""acupressure mat right of pillow""]","[""PRESS""]","[""product photography"", ""gray background"", ""clean lighting""]","Product photo of a purple acupressure mat placed to the right of a white, rectangular pillow on a light gray floor; the word “PRESS” is written in the corner of the mat; clear studio lighting",0.9241,PASS,de,0.8325263857841492
MB143,lifestyle_wellness,FUEL,"Produktfoto einer grünen Verpackung für einen Energieriegel, die auf einer weißen Fitnessstudio-Fläche über einer silbernen Edelstahl-Wasserflasche platziert ist; auf der Verpackung steht „FUEL“, helle Sportbeleuchtung","Product photography of a green nutrition bar wrapper placed above a silver stainless steel water bottle on a white gym surface, FUEL on wrapper, bright athletic lighting","[""nutrition bar"", ""water bottle""]","{""nutrition bar"": ""green"", ""water bottle"": ""silver""}","[""nutrition bar above water bottle""]","[""FUEL""]","[""product photography"", ""white background"", ""bright lighting""]","Product photo of green packaging for an energy bar, placed on a white gym floor above a silver stainless-steel water bottle; the packaging reads “FUEL,” with bright sports lighting",0.926,PASS,de,0.8159098625183105
MB144,lifestyle_wellness,MASS,"Produktfoto eines großen schwarzen Beutels mit Proteinpulver, der rechts neben einer roten Shaker-Flasche auf dem Boden eines Fitnessstudios platziert ist; auf der Vorderseite des Beutels steht „MASS“, dramatische Beleuchtung im Fitnessstudio","Product photography of a large black protein powder bag placed to the right of a red shaker bottle on a gym floor, MASS on bag front, dramatic gym lighting","[""protein powder bag"", ""shaker bottle""]","{""protein powder bag"": ""black"", ""shaker bottle"": ""red""}","[""protein powder bag right of shaker bottle""]","[""MASS""]","[""product photography"", ""gym setting"", ""dramatic lighting""]","Product photo of a large black bag of protein powder placed on the floor of a gym to the right of a red shaker bottle; the front of the bag reads “MASS,” with dramatic lighting in the gym",0.8515,PASS,de,0.8353375196456909
MB145,lifestyle_wellness,LUMI,"Kosmetik-Produktfotografie einer weißen Augencreme-Tube, die rechts neben einem goldenen Handspiegel auf einer rosa Marmoroberfläche platziert ist; „LUMI“ auf der Tubenkappe; sanfte, glamouröse Beleuchtung","Beauty product photography of a white eye cream tube placed to the right of a gold handheld mirror on a pink marble surface, LUMI on tube cap, soft glamorous lighting","[""eye cream tube"", ""handheld mirror""]","{""eye cream tube"": ""white"", ""handheld mirror"": ""gold""}","[""eye cream tube right of handheld mirror""]","[""LUMI""]","[""beauty photography"", ""pink marble"", ""soft lighting""]","Cosmetics product photography of a white tube of eye cream placed to the right of a gold hand mirror on a pink marble surface; “LUMI” on the tube cap; soft, glamorous lighting",0.9729,PASS,de,0.8331676721572876
MB146,lifestyle_wellness,EXTEND,"Produkt-Flatlay-Aufnahme eines blauen Dehnungsbandes, das unter einer violetten Yogamatte auf einem weißen Studioboden liegt; die Aufschrift „EXTEND“ ist auf dem Band zu sehen; helle, klare Beleuchtung","Product flat lay of a blue stretching strap placed below a purple yoga mat on a white studio floor, EXTEND on strap, bright clean lighting","[""stretching strap"", ""yoga mat""]","{""stretching strap"": ""blue"", ""yoga mat"": ""purple""}","[""stretching strap below yoga mat""]","[""EXTEND""]","[""flat lay"", ""white background"", ""bright lighting""]","Product flat lay photo of a blue resistance band lying under a purple yoga mat on a white studio floor; the word “EXTEND” is visible on the band; bright, clear lighting",0.9538,PASS,de,0.7373828887939453
MB147,lifestyle_wellness,DRIFT,"Lifestyle-Produktfoto einer weißen Flasche mit Schlafmittel, die rechts neben einer silbernen Mondlampe auf einem dunklen Nachttisch platziert ist; „DRIFT“ auf dem Flaschenetikett; sanftes Mondlicht","Lifestyle product shot of a white sleep supplement bottle placed to the right of a silver moon lamp on a dark bedside table, DRIFT on bottle label, soft moonlit lighting","[""supplement bottle"", ""moon lamp""]","{""supplement bottle"": ""white"", ""moon lamp"": ""silver""}","[""supplement bottle right of moon lamp""]","[""DRIFT""]","[""lifestyle photography"", ""dark background"", ""soft lighting""]",Lifestyle product photo of a white bottle of sleep aid placed to the right of a silver moon lamp on a dark nightstand; “DRIFT” on the bottle label; soft moonlight,0.9696,PASS,de,0.832269549369812
MB148,lifestyle_wellness,PACE,"Produktfotografie im Freien: Eine blaue Trinkweste, die unter orangefarbenen Trail-Laufschuhen auf einem felsigen Untergrund platziert ist; auf der Weste steht „PACE“; helles Außenlicht","Outdoor product photography of a blue hydration vest placed below orange trail running shoes on a rocky surface, PACE on vest, bright outdoor lighting","[""hydration vest"", ""trail running shoes""]","{""hydration vest"": ""blue"", ""trail running shoes"": ""orange""}","[""hydration vest below trail running shoes""]","[""PACE""]","[""product photography"", ""rocky surface"", ""outdoor lighting""]",Outdoor product photography: A blue hydration vest placed on a rocky surface beneath orange trail running shoes; the vest reads “PACE”; bright natural light,0.9636,PASS,de,0.8417420387268066
MB149,lifestyle_wellness,SERENE,"Lifestyle-Produktfoto eines schwarzen Keramik-Räucherstäbchenhalters, der rechts neben braunen Meditationsperlen aus Holz auf einer Bambusunterlage platziert ist; die Aufschrift „SERENE“ auf dem Sockel des Halters; warme Umgebungsbeleuchtung","Lifestyle product shot of a black ceramic incense holder placed to the right of brown wooden meditation beads on a bamboo surface, SERENE on holder base, warm ambient lighting","[""incense holder"", ""meditation beads""]","{""incense holder"": ""black"", ""meditation beads"": ""brown""}","[""incense holder right of meditation beads""]","[""SERENE""]","[""lifestyle photography"", ""bamboo surface"", ""warm lighting""]",Lifestyle product photo of a black ceramic incense holder placed to the right of brown wooden meditation beads on a bamboo base; the word “SERENE” inscribed on the holder’s base; warm ambient lighting,0.956,PASS,de,0.8184877038002014
MB150,lifestyle_wellness,POLAR,"Produktfoto einer weißen Kaltwasserwanne, die rechts neben einem blauen Handtuch auf einem sauberen Badezimmerboden steht; „POLAR“ auf der Seite der Wanne; helle, klare Beleuchtung","Product photography of a white cold plunge tub placed to the right of a blue towel on a clean bathroom floor, POLAR on tub side, bright clean lighting","[""cold plunge tub"", ""towel""]","{""cold plunge tub"": ""white"", ""towel"": ""blue""}","[""cold plunge tub right of towel""]","[""POLAR""]","[""product photography"", ""white floor"", ""bright lighting""]","Product photo of a white cold-water tub standing to the right of a blue towel on a clean bathroom floor; “POLAR” on the side of the tub; bright, clear lighting",0.9721,PASS,de,0.8226900100708008
